[2025-09-02 15:20:44] ➕ Added 1 file(s).
[2025-09-02 15:20:47] 📄 Processing TA_Pokerstars (18).xlsx in calculation Mode...
[2025-09-02 15:20:50] ✔ Deposit sheets: ['Sheet2']
[2025-09-02 15:20:50] ✔ Cashout sheets: ['Sheet2']
[2025-09-02 15:20:50] ℹ️ Same sheet in both lists → will parse once as combined: ['Sheet2']
[2025-09-02 15:20:50] ✅ Detected header row at Excel row 1: ['Date', 'Type', 'TransId', 'Account Currency', 'Billing Currency', 'Billing Amount', 'GateWay', 'Descriptor', 'Original Trans']
[2025-09-02 15:20:50] 🧭 Columns: amount=5, currency=3, type=1, ref_date=0, conf_date=None, status=None
[2025-09-02 15:20:50] 🔎 Sample Type values (top 10 / first 200 rows): dep×181, red×19
[2025-09-02 15:20:50] r=2 → type_raw='Dep' | label=Deposit (defaulted; no _tx_label match for 'dep' → default to 'Deposit'); status_raw='' → norm='auto'; amount=10.0; currency=USD; date=2013-01-09 — KEEP
[2025-09-02 15:20:50] r=3 → type_raw='Dep' | label=Deposit (defaulted; no _tx_label match for 'dep' → default to 'Deposit'); status_raw='' → norm='auto'; amount=24.0; currency=USD; date=2013-03-13 — KEEP
[2025-09-02 15:20:50] r=4 → type_raw='Dep' | label=Deposit (defaulted; no _tx_label match for 'dep' → default to 'Deposit'); status_raw='' → norm='auto'; amount=10.0; currency=USD; date=2013-06-23 — KEEP
[2025-09-02 15:20:50] r=5 → type_raw='Dep' | label=Deposit (defaulted; no _tx_label match for 'dep' → default to 'Deposit'); status_raw='' → norm='auto'; amount=10.0; currency=USD; date=2013-06-29 — KEEP
[2025-09-02 15:20:50] r=6 → type_raw='Dep' | label=Deposit (defaulted; no _tx_label match for 'dep' → default to 'Deposit'); status_raw='' → norm='auto'; amount=15.0; currency=USD; date=2013-11-22 — KEEP
[2025-09-02 15:20:51] r=7 → type_raw='Dep' | label=Deposit (defaulted; no _tx_label match for 'dep' → default to 'Deposit'); status_raw='' → norm='auto'; amount=10.0; currency=USD; date=2013-11-25 — KEEP
[2025-09-02 15:20:51] r=8 → type_raw='Dep' | label=Deposit (defaulted; no _tx_label match for 'dep' → default to 'Deposit'); status_raw='' → norm='auto'; amount=10.0; currency=USD; date=2014-01-13 — KEEP
[2025-09-02 15:20:51] r=9 → type_raw='Dep' | label=Deposit (defaulted; no _tx_label match for 'dep' → default to 'Deposit'); status_raw='' → norm='auto'; amount=40.0; currency=USD; date=2014-02-05 — KEEP
[2025-09-02 15:20:51] r=10 → type_raw='Dep' | label=Deposit (defaulted; no _tx_label match for 'dep' → default to 'Deposit'); status_raw='' → norm='auto'; amount=10.0; currency=USD; date=2014-02-05 — KEEP
[2025-09-02 15:20:51] r=11 → type_raw='Dep' | label=Deposit (defaulted; no _tx_label match for 'dep' → default to 'Deposit'); status_raw='' → norm='auto'; amount=23.0; currency=USD; date=2014-02-28 — KEEP
[2025-09-02 15:20:51] r=12 → type_raw='Dep' | label=Deposit (defaulted; no _tx_label match for 'dep' → default to 'Deposit'); status_raw='' → norm='auto'; amount=15.0; currency=USD; date=2014-03-15 — KEEP
[2025-09-02 15:20:51] r=13 → type_raw='Red' | label=Deposit (defaulted; no _tx_label match for 'red' → default to 'Deposit'); status_raw='' → norm='auto'; amount=50.0; currency=USD; date=2014-04-13 — KEEP
[2025-09-02 15:20:51] r=14 → type_raw='Dep' | label=Deposit (defaulted; no _tx_label match for 'dep' → default to 'Deposit'); status_raw='' → norm='auto'; amount=69.43; currency=EUR; date=2014-04-13 — KEEP
[2025-09-02 15:20:51] r=15 → type_raw='Dep' | label=Deposit (defaulted; no _tx_label match for 'dep' → default to 'Deposit'); status_raw='' → norm='auto'; amount=28.0; currency=USD; date=2014-04-13 — KEEP
[2025-09-02 15:20:51] r=16 → type_raw='Dep' | label=Deposit (defaulted; no _tx_label match for 'dep' → default to 'Deposit'); status_raw='' → norm='auto'; amount=50.0; currency=USD; date=2014-04-22 — KEEP
[2025-09-02 15:20:51] r=17 → type_raw='Dep' | label=Deposit (defaulted; no _tx_label match for 'dep' → default to 'Deposit'); status_raw='' → norm='auto'; amount=10.0; currency=USD; date=2014-04-22 — KEEP
[2025-09-02 15:20:51] r=18 → type_raw='Dep' | label=Deposit (defaulted; no _tx_label match for 'dep' → default to 'Deposit'); status_raw='' → norm='auto'; amount=40.0; currency=USD; date=2014-04-22 — KEEP
[2025-09-02 15:20:51] r=19 → type_raw='Dep' | label=Deposit (defaulted; no _tx_label match for 'dep' → default to 'Deposit'); status_raw='' → norm='auto'; amount=40.0; currency=USD; date=2014-04-24 — KEEP
[2025-09-02 15:20:51] r=20 → type_raw='Dep' | label=Deposit (defaulted; no _tx_label match for 'dep' → default to 'Deposit'); status_raw='' → norm='auto'; amount=40.0; currency=USD; date=2014-05-24 — KEEP
[2025-09-02 15:20:51] r=21 → type_raw='Dep' | label=Deposit (defaulted; no _tx_label match for 'dep' → default to 'Deposit'); status_raw='' → norm='auto'; amount=10.0; currency=USD; date=2014-05-24 — KEEP
[2025-09-02 15:20:51] r=22 → type_raw='Dep' | label=Deposit (defaulted; no _tx_label match for 'dep' → default to 'Deposit'); status_raw='' → norm='auto'; amount=15.0; currency=USD; date=2014-05-28 — KEEP
[2025-09-02 15:20:51] r=23 → type_raw='Dep' | label=Deposit (defaulted; no _tx_label match for 'dep' → default to 'Deposit'); status_raw='' → norm='auto'; amount=26.0; currency=USD; date=2014-06-14 — KEEP
[2025-09-02 15:20:51] r=24 → type_raw='Dep' | label=Deposit (defaulted; no _tx_label match for 'dep' → default to 'Deposit'); status_raw='' → norm='auto'; amount=10.0; currency=USD; date=2014-09-04 — KEEP
[2025-09-02 15:20:51] r=25 → type_raw='Dep' | label=Deposit (defaulted; no _tx_label match for 'dep' → default to 'Deposit'); status_raw='' → norm='auto'; amount=20.0; currency=USD; date=2014-10-04 — KEEP
[2025-09-02 15:20:51] r=26 → type_raw='Dep' | label=Deposit (defaulted; no _tx_label match for 'dep' → default to 'Deposit'); status_raw='' → norm='auto'; amount=10.0; currency=USD; date=2014-10-04 — KEEP
[2025-09-02 15:20:51] r=27 → type_raw='Dep' | label=Deposit (defaulted; no _tx_label match for 'dep' → default to 'Deposit'); status_raw='' → norm='auto'; amount=25.0; currency=USD; date=2014-12-16 — KEEP
[2025-09-02 15:20:51] r=28 → type_raw='Dep' | label=Deposit (defaulted; no _tx_label match for 'dep' → default to 'Deposit'); status_raw='' → norm='auto'; amount=20.0; currency=USD; date=2014-12-16 — KEEP
[2025-09-02 15:20:51] r=29 → type_raw='Dep' | label=Deposit (defaulted; no _tx_label match for 'dep' → default to 'Deposit'); status_raw='' → norm='auto'; amount=10.0; currency=USD; date=2014-12-16 — KEEP
[2025-09-02 15:20:51] r=30 → type_raw='Dep' | label=Deposit (defaulted; no _tx_label match for 'dep' → default to 'Deposit'); status_raw='' → norm='auto'; amount=20.0; currency=USD; date=2014-12-17 — KEEP
[2025-09-02 15:20:51] r=31 → type_raw='Dep' | label=Deposit (defaulted; no _tx_label match for 'dep' → default to 'Deposit'); status_raw='' → norm='auto'; amount=20.0; currency=USD; date=2014-12-17 — KEEP
[2025-09-02 15:20:51] r=32 → type_raw='Dep' | label=Deposit (defaulted; no _tx_label match for 'dep' → default to 'Deposit'); status_raw='' → norm='auto'; amount=10.0; currency=USD; date=2014-12-17 — KEEP
[2025-09-02 15:20:51] r=33 → type_raw='Dep' | label=Deposit (defaulted; no _tx_label match for 'dep' → default to 'Deposit'); status_raw='' → norm='auto'; amount=10.0; currency=USD; date=2014-12-17 — KEEP
[2025-09-02 15:20:51] r=34 → type_raw='Dep' | label=Deposit (defaulted; no _tx_label match for 'dep' → default to 'Deposit'); status_raw='' → norm='auto'; amount=10.0; currency=USD; date=2014-12-17 — KEEP
[2025-09-02 15:20:51] r=35 → type_raw='Dep' | label=Deposit (defaulted; no _tx_label match for 'dep' → default to 'Deposit'); status_raw='' → norm='auto'; amount=20.0; currency=USD; date=2014-12-18 — KEEP
[2025-09-02 15:20:51] r=36 → type_raw='Dep' | label=Deposit (defaulted; no _tx_label match for 'dep' → default to 'Deposit'); status_raw='' → norm='auto'; amount=10.0; currency=USD; date=2014-12-18 — KEEP
[2025-09-02 15:20:51] r=37 → type_raw='Dep' | label=Deposit (defaulted; no _tx_label match for 'dep' → default to 'Deposit'); status_raw='' → norm='auto'; amount=10.0; currency=USD; date=2014-12-18 — KEEP
[2025-09-02 15:20:51] r=38 → type_raw='Dep' | label=Deposit (defaulted; no _tx_label match for 'dep' → default to 'Deposit'); status_raw='' → norm='auto'; amount=10.0; currency=USD; date=2014-12-18 — KEEP
[2025-09-02 15:20:51] r=39 → type_raw='Dep' | label=Deposit (defaulted; no _tx_label match for 'dep' → default to 'Deposit'); status_raw='' → norm='auto'; amount=25.0; currency=USD; date=2014-12-19 — KEEP
[2025-09-02 15:20:51] r=40 → type_raw='Red' | label=Deposit (defaulted; no _tx_label match for 'red' → default to 'Deposit'); status_raw='' → norm='auto'; amount=400.0; currency=USD; date=2014-12-19 — KEEP
[2025-09-02 15:20:51] r=41 → type_raw='Dep' | label=Deposit (defaulted; no _tx_label match for 'dep' → default to 'Deposit'); status_raw='' → norm='auto'; amount=491.3; currency=EUR; date=2014-12-19 — KEEP
[2025-09-02 15:20:51] r=42 → type_raw='Red' | label=Deposit (defaulted; no _tx_label match for 'red' → default to 'Deposit'); status_raw='' → norm='auto'; amount=140.0; currency=USD; date=2014-12-19 — KEEP
[2025-09-02 15:20:51] r=43 → type_raw='Dep' | label=Deposit (defaulted; no _tx_label match for 'dep' → default to 'Deposit'); status_raw='' → norm='auto'; amount=172.13; currency=EUR; date=2014-12-19 — KEEP
[2025-09-02 15:20:51] r=44 → type_raw='Dep' | label=Deposit (defaulted; no _tx_label match for 'dep' → default to 'Deposit'); status_raw='' → norm='auto'; amount=30.0; currency=USD; date=2014-12-19 — KEEP
[2025-09-02 15:20:51] r=45 → type_raw='Dep' | label=Deposit (defaulted; no _tx_label match for 'dep' → default to 'Deposit'); status_raw='' → norm='auto'; amount=25.0; currency=USD; date=2014-12-20 — KEEP
[2025-09-02 15:20:51] r=46 → type_raw='Dep' | label=Deposit (defaulted; no _tx_label match for 'dep' → default to 'Deposit'); status_raw='' → norm='auto'; amount=25.0; currency=USD; date=2014-12-21 — KEEP
[2025-09-02 15:20:51] r=47 → type_raw='Dep' | label=Deposit (defaulted; no _tx_label match for 'dep' → default to 'Deposit'); status_raw='' → norm='auto'; amount=20.0; currency=USD; date=2014-12-21 — KEEP
[2025-09-02 15:20:51] r=48 → type_raw='Dep' | label=Deposit (defaulted; no _tx_label match for 'dep' → default to 'Deposit'); status_raw='' → norm='auto'; amount=10.0; currency=USD; date=2014-12-21 — KEEP
[2025-09-02 15:20:51] r=49 → type_raw='Dep' | label=Deposit (defaulted; no _tx_label match for 'dep' → default to 'Deposit'); status_raw='' → norm='auto'; amount=10.0; currency=USD; date=2014-12-21 — KEEP
[2025-09-02 15:20:51] r=50 → type_raw='Dep' | label=Deposit (defaulted; no _tx_label match for 'dep' → default to 'Deposit'); status_raw='' → norm='auto'; amount=10.0; currency=USD; date=2014-12-21 — KEEP
[2025-09-02 15:20:51] r=51 → type_raw='Dep' | label=Deposit (defaulted; no _tx_label match for 'dep' → default to 'Deposit'); status_raw='' → norm='auto'; amount=10.0; currency=USD; date=2014-12-22 — KEEP
[2025-09-02 15:20:51] r=52 → type_raw='Dep' | label=Deposit (defaulted; no _tx_label match for 'dep' → default to 'Deposit'); status_raw='' → norm='auto'; amount=35.0; currency=USD; date=2014-12-22 — KEEP
[2025-09-02 15:20:51] r=53 → type_raw='Dep' | label=Deposit (defaulted; no _tx_label match for 'dep' → default to 'Deposit'); status_raw='' → norm='auto'; amount=20.0; currency=USD; date=2014-12-24 — KEEP
[2025-09-02 15:20:51] r=54 → type_raw='Dep' | label=Deposit (defaulted; no _tx_label match for 'dep' → default to 'Deposit'); status_raw='' → norm='auto'; amount=10.0; currency=USD; date=2014-12-25 — KEEP
[2025-09-02 15:20:51] r=55 → type_raw='Dep' | label=Deposit (defaulted; no _tx_label match for 'dep' → default to 'Deposit'); status_raw='' → norm='auto'; amount=10.0; currency=USD; date=2014-12-25 — KEEP
[2025-09-02 15:20:51] r=56 → type_raw='Dep' | label=Deposit (defaulted; no _tx_label match for 'dep' → default to 'Deposit'); status_raw='' → norm='auto'; amount=15.0; currency=USD; date=2014-12-27 — KEEP
[2025-09-02 15:20:51] r=57 → type_raw='Dep' | label=Deposit (defaulted; no _tx_label match for 'dep' → default to 'Deposit'); status_raw='' → norm='auto'; amount=42.3; currency=USD; date=2014-12-28 — KEEP
[2025-09-02 15:20:51] r=58 → type_raw='Dep' | label=Deposit (defaulted; no _tx_label match for 'dep' → default to 'Deposit'); status_raw='' → norm='auto'; amount=58.0; currency=USD; date=2014-12-28 — KEEP
[2025-09-02 15:20:51] r=59 → type_raw='Dep' | label=Deposit (defaulted; no _tx_label match for 'dep' → default to 'Deposit'); status_raw='' → norm='auto'; amount=100.0; currency=USD; date=2014-12-28 — KEEP
[2025-09-02 15:20:51] r=60 → type_raw='Dep' | label=Deposit (defaulted; no _tx_label match for 'dep' → default to 'Deposit'); status_raw='' → norm='auto'; amount=40.0; currency=USD; date=2014-12-28 — KEEP
[2025-09-02 15:20:51] r=61 → type_raw='Dep' | label=Deposit (defaulted; no _tx_label match for 'dep' → default to 'Deposit'); status_raw='' → norm='auto'; amount=20.0; currency=USD; date=2014-12-29 — KEEP
[2025-09-02 15:20:51] r=62 → type_raw='Dep' | label=Deposit (defaulted; no _tx_label match for 'dep' → default to 'Deposit'); status_raw='' → norm='auto'; amount=10.0; currency=USD; date=2014-12-30 — KEEP
[2025-09-02 15:20:51] r=63 → type_raw='Dep' | label=Deposit (defaulted; no _tx_label match for 'dep' → default to 'Deposit'); status_raw='' → norm='auto'; amount=25.0; currency=USD; date=2015-01-02 — KEEP
[2025-09-02 15:20:51] r=64 → type_raw='Dep' | label=Deposit (defaulted; no _tx_label match for 'dep' → default to 'Deposit'); status_raw='' → norm='auto'; amount=10.0; currency=USD; date=2015-01-13 — KEEP
[2025-09-02 15:20:51] r=65 → type_raw='Dep' | label=Deposit (defaulted; no _tx_label match for 'dep' → default to 'Deposit'); status_raw='' → norm='auto'; amount=25.0; currency=USD; date=2015-01-14 — KEEP
[2025-09-02 15:20:51] r=66 → type_raw='Dep' | label=Deposit (defaulted; no _tx_label match for 'dep' → default to 'Deposit'); status_raw='' → norm='auto'; amount=50.0; currency=USD; date=2015-01-16 — KEEP
[2025-09-02 15:20:51] r=67 → type_raw='Dep' | label=Deposit (defaulted; no _tx_label match for 'dep' → default to 'Deposit'); status_raw='' → norm='auto'; amount=30.0; currency=USD; date=2015-01-16 — KEEP
[2025-09-02 15:20:51] r=68 → type_raw='Dep' | label=Deposit (defaulted; no _tx_label match for 'dep' → default to 'Deposit'); status_raw='' → norm='auto'; amount=25.0; currency=USD; date=2015-01-17 — KEEP
[2025-09-02 15:20:51] r=69 → type_raw='Dep' | label=Deposit (defaulted; no _tx_label match for 'dep' → default to 'Deposit'); status_raw='' → norm='auto'; amount=30.0; currency=USD; date=2015-01-17 — KEEP
[2025-09-02 15:20:51] r=70 → type_raw='Dep' | label=Deposit (defaulted; no _tx_label match for 'dep' → default to 'Deposit'); status_raw='' → norm='auto'; amount=35.0; currency=USD; date=2015-01-17 — KEEP
[2025-09-02 15:20:51] r=71 → type_raw='Dep' | label=Deposit (defaulted; no _tx_label match for 'dep' → default to 'Deposit'); status_raw='' → norm='auto'; amount=40.0; currency=USD; date=2015-01-17 — KEEP
[2025-09-02 15:20:51] r=72 → type_raw='Dep' | label=Deposit (defaulted; no _tx_label match for 'dep' → default to 'Deposit'); status_raw='' → norm='auto'; amount=10.0; currency=USD; date=2015-01-17 — KEEP
[2025-09-02 15:20:51] r=73 → type_raw='Dep' | label=Deposit (defaulted; no _tx_label match for 'dep' → default to 'Deposit'); status_raw='' → norm='auto'; amount=20.0; currency=USD; date=2015-01-17 — KEEP
[2025-09-02 15:20:51] r=74 → type_raw='Dep' | label=Deposit (defaulted; no _tx_label match for 'dep' → default to 'Deposit'); status_raw='' → norm='auto'; amount=20.0; currency=USD; date=2015-01-18 — KEEP
[2025-09-02 15:20:51] r=75 → type_raw='Dep' | label=Deposit (defaulted; no _tx_label match for 'dep' → default to 'Deposit'); status_raw='' → norm='auto'; amount=25.0; currency=USD; date=2015-01-19 — KEEP
[2025-09-02 15:20:51] r=76 → type_raw='Dep' | label=Deposit (defaulted; no _tx_label match for 'dep' → default to 'Deposit'); status_raw='' → norm='auto'; amount=40.0; currency=USD; date=2015-01-19 — KEEP
[2025-09-02 15:20:51] r=77 → type_raw='Dep' | label=Deposit (defaulted; no _tx_label match for 'dep' → default to 'Deposit'); status_raw='' → norm='auto'; amount=10.0; currency=USD; date=2015-01-19 — KEEP
[2025-09-02 15:20:51] r=78 → type_raw='Dep' | label=Deposit (defaulted; no _tx_label match for 'dep' → default to 'Deposit'); status_raw='' → norm='auto'; amount=25.0; currency=USD; date=2015-01-20 — KEEP
[2025-09-02 15:20:51] r=79 → type_raw='Dep' | label=Deposit (defaulted; no _tx_label match for 'dep' → default to 'Deposit'); status_raw='' → norm='auto'; amount=25.0; currency=USD; date=2015-01-21 — KEEP
[2025-09-02 15:20:51] r=80 → type_raw='Dep' | label=Deposit (defaulted; no _tx_label match for 'dep' → default to 'Deposit'); status_raw='' → norm='auto'; amount=25.0; currency=USD; date=2015-01-21 — KEEP
[2025-09-02 15:20:51] r=81 → type_raw='Dep' | label=Deposit (defaulted; no _tx_label match for 'dep' → default to 'Deposit'); status_raw='' → norm='auto'; amount=25.0; currency=USD; date=2015-01-21 — KEEP
[2025-09-02 15:20:51] r=82 → type_raw='Dep' | label=Deposit (defaulted; no _tx_label match for 'dep' → default to 'Deposit'); status_raw='' → norm='auto'; amount=100.0; currency=USD; date=2015-01-24 — KEEP
[2025-09-02 15:20:51] r=83 → type_raw='Dep' | label=Deposit (defaulted; no _tx_label match for 'dep' → default to 'Deposit'); status_raw='' → norm='auto'; amount=46.0; currency=USD; date=2015-01-25 — KEEP
[2025-09-02 15:20:51] r=84 → type_raw='Dep' | label=Deposit (defaulted; no _tx_label match for 'dep' → default to 'Deposit'); status_raw='' → norm='auto'; amount=30.0; currency=USD; date=2015-01-25 — KEEP
[2025-09-02 15:20:51] r=85 → type_raw='Dep' | label=Deposit (defaulted; no _tx_label match for 'dep' → default to 'Deposit'); status_raw='' → norm='auto'; amount=49.0; currency=USD; date=2015-01-25 — KEEP
[2025-09-02 15:20:51] r=86 → type_raw='Dep' | label=Deposit (defaulted; no _tx_label match for 'dep' → default to 'Deposit'); status_raw='' → norm='auto'; amount=25.0; currency=USD; date=2015-01-26 — KEEP
[2025-09-02 15:20:51] r=87 → type_raw='Red' | label=Deposit (defaulted; no _tx_label match for 'red' → default to 'Deposit'); status_raw='' → norm='auto'; amount=750.0; currency=USD; date=2015-01-27 — KEEP
[2025-09-02 15:20:51] r=88 → type_raw='Dep' | label=Deposit (defaulted; no _tx_label match for 'dep' → default to 'Deposit'); status_raw='' → norm='auto'; amount=853.62; currency=EUR; date=2015-01-27 — KEEP
[2025-09-02 15:20:51] r=89 → type_raw='Dep' | label=Deposit (defaulted; no _tx_label match for 'dep' → default to 'Deposit'); status_raw='' → norm='auto'; amount=10.0; currency=USD; date=2015-01-27 — KEEP
[2025-09-02 15:20:51] r=90 → type_raw='Dep' | label=Deposit (defaulted; no _tx_label match for 'dep' → default to 'Deposit'); status_raw='' → norm='auto'; amount=25.0; currency=USD; date=2015-01-30 — KEEP
[2025-09-02 15:20:51] r=91 → type_raw='Dep' | label=Deposit (defaulted; no _tx_label match for 'dep' → default to 'Deposit'); status_raw='' → norm='auto'; amount=25.0; currency=USD; date=2015-01-30 — KEEP
[2025-09-02 15:20:51] r=92 → type_raw='Dep' | label=Deposit (defaulted; no _tx_label match for 'dep' → default to 'Deposit'); status_raw='' → norm='auto'; amount=25.0; currency=USD; date=2015-01-30 — KEEP
[2025-09-02 15:20:51] r=93 → type_raw='Dep' | label=Deposit (defaulted; no _tx_label match for 'dep' → default to 'Deposit'); status_raw='' → norm='auto'; amount=25.0; currency=USD; date=2015-01-30 — KEEP
[2025-09-02 15:20:51] r=94 → type_raw='Dep' | label=Deposit (defaulted; no _tx_label match for 'dep' → default to 'Deposit'); status_raw='' → norm='auto'; amount=25.0; currency=USD; date=2015-01-30 — KEEP
[2025-09-02 15:20:51] r=95 → type_raw='Dep' | label=Deposit (defaulted; no _tx_label match for 'dep' → default to 'Deposit'); status_raw='' → norm='auto'; amount=25.0; currency=USD; date=2015-01-30 — KEEP
[2025-09-02 15:20:51] r=96 → type_raw='Dep' | label=Deposit (defaulted; no _tx_label match for 'dep' → default to 'Deposit'); status_raw='' → norm='auto'; amount=25.0; currency=USD; date=2015-01-30 — KEEP
[2025-09-02 15:20:51] r=97 → type_raw='Dep' | label=Deposit (defaulted; no _tx_label match for 'dep' → default to 'Deposit'); status_raw='' → norm='auto'; amount=20.0; currency=USD; date=2015-01-30 — KEEP
[2025-09-02 15:20:51] r=98 → type_raw='Dep' | label=Deposit (defaulted; no _tx_label match for 'dep' → default to 'Deposit'); status_raw='' → norm='auto'; amount=15.0; currency=USD; date=2015-01-31 — KEEP
[2025-09-02 15:20:51] r=99 → type_raw='Red' | label=Deposit (defaulted; no _tx_label match for 'red' → default to 'Deposit'); status_raw='' → norm='auto'; amount=700.0; currency=USD; date=2015-02-01 — KEEP
[2025-09-02 15:20:51] r=100 → type_raw='Dep' | label=Deposit (defaulted; no _tx_label match for 'dep' → default to 'Deposit'); status_raw='' → norm='auto'; amount=842.97; currency=EUR; date=2015-02-01 — KEEP
[2025-09-02 15:20:51] r=101 → type_raw='Red' | label=Deposit (defaulted; no _tx_label match for 'red' → default to 'Deposit'); status_raw='' → norm='auto'; amount=23.73; currency=USD; date=2015-02-01 — KEEP
[2025-09-02 15:20:51] r=102 → type_raw='Dep' | label=Deposit (defaulted; no _tx_label match for 'dep' → default to 'Deposit'); status_raw='' → norm='auto'; amount=28.5; currency=EUR; date=2015-02-01 — KEEP
[2025-09-02 15:20:51] r=103 → type_raw='Red' | label=Deposit (defaulted; no _tx_label match for 'red' → default to 'Deposit'); status_raw='' → norm='auto'; amount=50.0; currency=USD; date=2015-02-01 — KEEP
[2025-09-02 15:20:51] r=104 → type_raw='Dep' | label=Deposit (defaulted; no _tx_label match for 'dep' → default to 'Deposit'); status_raw='' → norm='auto'; amount=60.03; currency=EUR; date=2015-02-01 — KEEP
[2025-09-02 15:20:51] r=105 → type_raw='Red' | label=Deposit (defaulted; no _tx_label match for 'red' → default to 'Deposit'); status_raw='' → norm='auto'; amount=46.0; currency=USD; date=2015-02-01 — KEEP
[2025-09-02 15:20:51] r=106 → type_raw='Dep' | label=Deposit (defaulted; no _tx_label match for 'dep' → default to 'Deposit'); status_raw='' → norm='auto'; amount=55.21; currency=EUR; date=2015-02-01 — KEEP
[2025-09-02 15:20:51] r=107 → type_raw='Dep' | label=Deposit (defaulted; no _tx_label match for 'dep' → default to 'Deposit'); status_raw='' → norm='auto'; amount=20.0; currency=USD; date=2015-02-01 — KEEP
[2025-09-02 15:20:51] r=108 → type_raw='Dep' | label=Deposit (defaulted; no _tx_label match for 'dep' → default to 'Deposit'); status_raw='' → norm='auto'; amount=20.0; currency=USD; date=2015-02-01 — KEEP
[2025-09-02 15:20:51] r=109 → type_raw='Dep' | label=Deposit (defaulted; no _tx_label match for 'dep' → default to 'Deposit'); status_raw='' → norm='auto'; amount=25.0; currency=USD; date=2015-02-02 — KEEP
[2025-09-02 15:20:51] r=110 → type_raw='Dep' | label=Deposit (defaulted; no _tx_label match for 'dep' → default to 'Deposit'); status_raw='' → norm='auto'; amount=25.0; currency=USD; date=2015-02-02 — KEEP
[2025-09-02 15:20:51] r=111 → type_raw='Dep' | label=Deposit (defaulted; no _tx_label match for 'dep' → default to 'Deposit'); status_raw='' → norm='auto'; amount=15.0; currency=USD; date=2015-02-02 — KEEP
[2025-09-02 15:20:51] r=112 → type_raw='Dep' | label=Deposit (defaulted; no _tx_label match for 'dep' → default to 'Deposit'); status_raw='' → norm='auto'; amount=15.0; currency=USD; date=2015-02-02 — KEEP
[2025-09-02 15:20:51] r=113 → type_raw='Dep' | label=Deposit (defaulted; no _tx_label match for 'dep' → default to 'Deposit'); status_raw='' → norm='auto'; amount=20.0; currency=USD; date=2015-02-04 — KEEP
[2025-09-02 15:20:51] r=114 → type_raw='Dep' | label=Deposit (defaulted; no _tx_label match for 'dep' → default to 'Deposit'); status_raw='' → norm='auto'; amount=25.0; currency=USD; date=2015-02-13 — KEEP
[2025-09-02 15:20:51] r=115 → type_raw='Dep' | label=Deposit (defaulted; no _tx_label match for 'dep' → default to 'Deposit'); status_raw='' → norm='auto'; amount=25.0; currency=USD; date=2015-02-13 — KEEP
[2025-09-02 15:20:51] r=116 → type_raw='Dep' | label=Deposit (defaulted; no _tx_label match for 'dep' → default to 'Deposit'); status_raw='' → norm='auto'; amount=35.0; currency=USD; date=2015-02-13 — KEEP
[2025-09-02 15:20:51] r=117 → type_raw='Dep' | label=Deposit (defaulted; no _tx_label match for 'dep' → default to 'Deposit'); status_raw='' → norm='auto'; amount=10.0; currency=USD; date=2015-02-13 — KEEP
[2025-09-02 15:20:51] r=118 → type_raw='Dep' | label=Deposit (defaulted; no _tx_label match for 'dep' → default to 'Deposit'); status_raw='' → norm='auto'; amount=10.0; currency=USD; date=2015-02-15 — KEEP
[2025-09-02 15:20:51] r=119 → type_raw='Dep' | label=Deposit (defaulted; no _tx_label match for 'dep' → default to 'Deposit'); status_raw='' → norm='auto'; amount=25.0; currency=USD; date=2015-02-16 — KEEP
[2025-09-02 15:20:51] r=120 → type_raw='Dep' | label=Deposit (defaulted; no _tx_label match for 'dep' → default to 'Deposit'); status_raw='' → norm='auto'; amount=10.0; currency=USD; date=2015-02-16 — KEEP
[2025-09-02 15:20:51] r=121 → type_raw='Dep' | label=Deposit (defaulted; no _tx_label match for 'dep' → default to 'Deposit'); status_raw='' → norm='auto'; amount=25.0; currency=USD; date=2015-02-17 — KEEP
[2025-09-02 15:20:51] r=122 → type_raw='Dep' | label=Deposit (defaulted; no _tx_label match for 'dep' → default to 'Deposit'); status_raw='' → norm='auto'; amount=25.0; currency=USD; date=2015-02-17 — KEEP
[2025-09-02 15:20:51] r=123 → type_raw='Dep' | label=Deposit (defaulted; no _tx_label match for 'dep' → default to 'Deposit'); status_raw='' → norm='auto'; amount=25.0; currency=USD; date=2015-02-18 — KEEP
[2025-09-02 15:20:51] r=124 → type_raw='Dep' | label=Deposit (defaulted; no _tx_label match for 'dep' → default to 'Deposit'); status_raw='' → norm='auto'; amount=25.0; currency=USD; date=2015-02-18 — KEEP
[2025-09-02 15:20:51] r=125 → type_raw='Dep' | label=Deposit (defaulted; no _tx_label match for 'dep' → default to 'Deposit'); status_raw='' → norm='auto'; amount=25.0; currency=USD; date=2015-02-18 — KEEP
[2025-09-02 15:20:51] r=126 → type_raw='Dep' | label=Deposit (defaulted; no _tx_label match for 'dep' → default to 'Deposit'); status_raw='' → norm='auto'; amount=25.0; currency=USD; date=2015-02-19 — KEEP
[2025-09-02 15:20:51] r=127 → type_raw='Dep' | label=Deposit (defaulted; no _tx_label match for 'dep' → default to 'Deposit'); status_raw='' → norm='auto'; amount=25.0; currency=USD; date=2015-02-20 — KEEP
[2025-09-02 15:20:51] r=128 → type_raw='Dep' | label=Deposit (defaulted; no _tx_label match for 'dep' → default to 'Deposit'); status_raw='' → norm='auto'; amount=25.0; currency=USD; date=2015-02-20 — KEEP
[2025-09-02 15:20:51] r=129 → type_raw='Dep' | label=Deposit (defaulted; no _tx_label match for 'dep' → default to 'Deposit'); status_raw='' → norm='auto'; amount=10.0; currency=USD; date=2015-02-22 — KEEP
[2025-09-02 15:20:51] r=130 → type_raw='Dep' | label=Deposit (defaulted; no _tx_label match for 'dep' → default to 'Deposit'); status_raw='' → norm='auto'; amount=10.0; currency=USD; date=2015-02-23 — KEEP
[2025-09-02 15:20:51] r=131 → type_raw='Dep' | label=Deposit (defaulted; no _tx_label match for 'dep' → default to 'Deposit'); status_raw='' → norm='auto'; amount=10.0; currency=USD; date=2015-02-24 — KEEP
[2025-09-02 15:20:51] r=132 → type_raw='Dep' | label=Deposit (defaulted; no _tx_label match for 'dep' → default to 'Deposit'); status_raw='' → norm='auto'; amount=10.0; currency=USD; date=2015-02-27 — KEEP
[2025-09-02 15:20:51] r=133 → type_raw='Dep' | label=Deposit (defaulted; no _tx_label match for 'dep' → default to 'Deposit'); status_raw='' → norm='auto'; amount=30.0; currency=USD; date=2015-03-01 — KEEP
[2025-09-02 15:20:51] r=134 → type_raw='Red' | label=Deposit (defaulted; no _tx_label match for 'red' → default to 'Deposit'); status_raw='' → norm='auto'; amount=536.64; currency=USD; date=2015-03-01 — KEEP
[2025-09-02 15:20:51] r=135 → type_raw='Dep' | label=Deposit (defaulted; no _tx_label match for 'dep' → default to 'Deposit'); status_raw='' → norm='auto'; amount=644.0; currency=EUR; date=2015-03-01 — KEEP
[2025-09-02 15:20:51] r=136 → type_raw='Red' | label=Deposit (defaulted; no _tx_label match for 'red' → default to 'Deposit'); status_raw='' → norm='auto'; amount=569.46; currency=EUR; date=2015-03-01 — KEEP
[2025-09-02 15:20:51] r=137 → type_raw='Dep' | label=Deposit (defaulted; no _tx_label match for 'dep' → default to 'Deposit'); status_raw='' → norm='auto'; amount=474.53; currency=USD; date=2015-03-01 — KEEP
[2025-09-02 15:20:51] r=138 → type_raw='Dep' | label=Deposit (defaulted; no _tx_label match for 'dep' → default to 'Deposit'); status_raw='' → norm='auto'; amount=25.0; currency=USD; date=2015-03-02 — KEEP
[2025-09-02 15:20:51] r=139 → type_raw='Dep' | label=Deposit (defaulted; no _tx_label match for 'dep' → default to 'Deposit'); status_raw='' → norm='auto'; amount=20.0; currency=USD; date=2015-03-02 — KEEP
[2025-09-02 15:20:51] r=140 → type_raw='Dep' | label=Deposit (defaulted; no _tx_label match for 'dep' → default to 'Deposit'); status_raw='' → norm='auto'; amount=25.0; currency=USD; date=2015-03-10 — KEEP
[2025-09-02 15:20:51] r=141 → type_raw='Dep' | label=Deposit (defaulted; no _tx_label match for 'dep' → default to 'Deposit'); status_raw='' → norm='auto'; amount=25.0; currency=USD; date=2015-03-10 — KEEP
[2025-09-02 15:20:51] r=142 → type_raw='Dep' | label=Deposit (defaulted; no _tx_label match for 'dep' → default to 'Deposit'); status_raw='' → norm='auto'; amount=10.0; currency=USD; date=2015-03-10 — KEEP
[2025-09-02 15:20:51] r=143 → type_raw='Dep' | label=Deposit (defaulted; no _tx_label match for 'dep' → default to 'Deposit'); status_raw='' → norm='auto'; amount=25.0; currency=USD; date=2015-03-18 — KEEP
[2025-09-02 15:20:51] r=144 → type_raw='Dep' | label=Deposit (defaulted; no _tx_label match for 'dep' → default to 'Deposit'); status_raw='' → norm='auto'; amount=25.0; currency=USD; date=2015-03-21 — KEEP
[2025-09-02 15:20:51] r=145 → type_raw='Dep' | label=Deposit (defaulted; no _tx_label match for 'dep' → default to 'Deposit'); status_raw='' → norm='auto'; amount=25.0; currency=USD; date=2015-03-22 — KEEP
[2025-09-02 15:20:51] r=146 → type_raw='Dep' | label=Deposit (defaulted; no _tx_label match for 'dep' → default to 'Deposit'); status_raw='' → norm='auto'; amount=30.0; currency=USD; date=2015-03-22 — KEEP
[2025-09-02 15:20:51] r=147 → type_raw='Dep' | label=Deposit (defaulted; no _tx_label match for 'dep' → default to 'Deposit'); status_raw='' → norm='auto'; amount=25.0; currency=USD; date=2015-03-26 — KEEP
[2025-09-02 15:20:51] r=148 → type_raw='Dep' | label=Deposit (defaulted; no _tx_label match for 'dep' → default to 'Deposit'); status_raw='' → norm='auto'; amount=25.0; currency=USD; date=2015-03-27 — KEEP
[2025-09-02 15:20:51] r=149 → type_raw='Dep' | label=Deposit (defaulted; no _tx_label match for 'dep' → default to 'Deposit'); status_raw='' → norm='auto'; amount=25.0; currency=USD; date=2015-03-27 — KEEP
[2025-09-02 15:20:51] r=150 → type_raw='Dep' | label=Deposit (defaulted; no _tx_label match for 'dep' → default to 'Deposit'); status_raw='' → norm='auto'; amount=25.0; currency=USD; date=2015-03-29 — KEEP
[2025-09-02 15:20:51] r=151 → type_raw='Dep' | label=Deposit (defaulted; no _tx_label match for 'dep' → default to 'Deposit'); status_raw='' → norm='auto'; amount=25.0; currency=USD; date=2015-03-31 — KEEP
[2025-09-02 15:20:51] r=152 → type_raw='Dep' | label=Deposit (defaulted; no _tx_label match for 'dep' → default to 'Deposit'); status_raw='' → norm='auto'; amount=25.0; currency=USD; date=2015-03-31 — KEEP
[2025-09-02 15:20:51] r=153 → type_raw='Dep' | label=Deposit (defaulted; no _tx_label match for 'dep' → default to 'Deposit'); status_raw='' → norm='auto'; amount=25.0; currency=USD; date=2015-03-31 — KEEP
[2025-09-02 15:20:51] r=154 → type_raw='Dep' | label=Deposit (defaulted; no _tx_label match for 'dep' → default to 'Deposit'); status_raw='' → norm='auto'; amount=15.0; currency=USD; date=2015-03-31 — KEEP
[2025-09-02 15:20:51] r=155 → type_raw='Dep' | label=Deposit (defaulted; no _tx_label match for 'dep' → default to 'Deposit'); status_raw='' → norm='auto'; amount=500.0; currency=EUR; date=2015-04-01 — KEEP
[2025-09-02 15:20:51] r=156 → type_raw='Red' | label=Deposit (defaulted; no _tx_label match for 'red' → default to 'Deposit'); status_raw='' → norm='auto'; amount=500.0; currency=USD; date=2015-04-01 — KEEP
[2025-09-02 15:20:51] r=157 → type_raw='Dep' | label=Deposit (defaulted; no _tx_label match for 'dep' → default to 'Deposit'); status_raw='' → norm='auto'; amount=600.1; currency=EUR; date=2015-04-01 — KEEP
[2025-09-02 15:20:51] r=158 → type_raw='Red' | label=Deposit (defaulted; no _tx_label match for 'red' → default to 'Deposit'); status_raw='' → norm='auto'; amount=540.35; currency=EUR; date=2015-04-01 — KEEP
[2025-09-02 15:20:51] r=159 → type_raw='Dep' | label=Deposit (defaulted; no _tx_label match for 'dep' → default to 'Deposit'); status_raw='' → norm='auto'; amount=450.21; currency=USD; date=2015-04-01 — KEEP
[2025-09-02 15:20:51] r=160 → type_raw='Red' | label=Deposit (defaulted; no _tx_label match for 'red' → default to 'Deposit'); status_raw='' → norm='auto'; amount=500.0; currency=USD; date=2015-04-01 — KEEP
[2025-09-02 15:20:51] r=161 → type_raw='Dep' | label=Deposit (defaulted; no _tx_label match for 'dep' → default to 'Deposit'); status_raw='' → norm='auto'; amount=600.12; currency=EUR; date=2015-04-01 — KEEP
[2025-09-02 15:20:51] r=162 → type_raw='Dep' | label=Deposit (defaulted; no _tx_label match for 'dep' → default to 'Deposit'); status_raw='' → norm='auto'; amount=25.0; currency=USD; date=2015-04-02 — KEEP
[2025-09-02 15:20:51] r=163 → type_raw='Dep' | label=Deposit (defaulted; no _tx_label match for 'dep' → default to 'Deposit'); status_raw='' → norm='auto'; amount=25.0; currency=USD; date=2015-04-04 — KEEP
[2025-09-02 15:20:51] r=164 → type_raw='Dep' | label=Deposit (defaulted; no _tx_label match for 'dep' → default to 'Deposit'); status_raw='' → norm='auto'; amount=25.0; currency=USD; date=2015-04-04 — KEEP
[2025-09-02 15:20:51] r=165 → type_raw='Dep' | label=Deposit (defaulted; no _tx_label match for 'dep' → default to 'Deposit'); status_raw='' → norm='auto'; amount=10.0; currency=USD; date=2015-04-08 — KEEP
[2025-09-02 15:20:51] r=166 → type_raw='Dep' | label=Deposit (defaulted; no _tx_label match for 'dep' → default to 'Deposit'); status_raw='' → norm='auto'; amount=60.0; currency=USD; date=2015-04-10 — KEEP
[2025-09-02 15:20:51] r=167 → type_raw='Dep' | label=Deposit (defaulted; no _tx_label match for 'dep' → default to 'Deposit'); status_raw='' → norm='auto'; amount=10.0; currency=USD; date=2015-04-10 — KEEP
[2025-09-02 15:20:51] r=168 → type_raw='Red' | label=Deposit (defaulted; no _tx_label match for 'red' → default to 'Deposit'); status_raw='' → norm='auto'; amount=1.0; currency=USD; date=2015-05-01 — KEEP
[2025-09-02 15:20:51] r=169 → type_raw='Red' | label=Deposit (defaulted; no _tx_label match for 'red' → default to 'Deposit'); status_raw='' → norm='auto'; amount=400.0; currency=USD; date=2015-05-01 — KEEP
[2025-09-02 15:20:51] r=170 → type_raw='Dep' | label=Deposit (defaulted; no _tx_label match for 'dep' → default to 'Deposit'); status_raw='' → norm='auto'; amount=478.53; currency=EUR; date=2015-05-01 — KEEP
[2025-09-02 15:20:51] r=171 → type_raw='Red' | label=Deposit (defaulted; no _tx_label match for 'red' → default to 'Deposit'); status_raw='' → norm='auto'; amount=200.0; currency=USD; date=2015-05-01 — KEEP
[2025-09-02 15:20:51] r=172 → type_raw='Dep' | label=Deposit (defaulted; no _tx_label match for 'dep' → default to 'Deposit'); status_raw='' → norm='auto'; amount=239.27; currency=EUR; date=2015-05-01 — KEEP
[2025-09-02 15:20:51] r=173 → type_raw='Red' | label=Deposit (defaulted; no _tx_label match for 'red' → default to 'Deposit'); status_raw='' → norm='auto'; amount=200.0; currency=USD; date=2015-05-01 — KEEP
[2025-09-02 15:20:51] r=174 → type_raw='Dep' | label=Deposit (defaulted; no _tx_label match for 'dep' → default to 'Deposit'); status_raw='' → norm='auto'; amount=239.27; currency=EUR; date=2015-05-01 — KEEP
[2025-09-02 15:20:51] r=175 → type_raw='Red' | label=Deposit (defaulted; no _tx_label match for 'red' → default to 'Deposit'); status_raw='' → norm='auto'; amount=15.0; currency=EUR; date=2015-05-01 — KEEP
[2025-09-02 15:20:51] r=176 → type_raw='Dep' | label=Deposit (defaulted; no _tx_label match for 'dep' → default to 'Deposit'); status_raw='' → norm='auto'; amount=45.0; currency=USD; date=2015-05-01 — KEEP
[2025-09-02 15:20:52] r=177 → type_raw='Dep' | label=Deposit (defaulted; no _tx_label match for 'dep' → default to 'Deposit'); status_raw='' → norm='auto'; amount=100.0; currency=USD; date=2015-05-01 — KEEP
[2025-09-02 15:20:52] r=178 → type_raw='Dep' | label=Deposit (defaulted; no _tx_label match for 'dep' → default to 'Deposit'); status_raw='' → norm='auto'; amount=90.0; currency=USD; date=2015-05-01 — KEEP
[2025-09-02 15:20:52] r=179 → type_raw='Dep' | label=Deposit (defaulted; no _tx_label match for 'dep' → default to 'Deposit'); status_raw='' → norm='auto'; amount=25.0; currency=USD; date=2015-05-02 — KEEP
[2025-09-02 15:20:52] r=180 → type_raw='Dep' | label=Deposit (defaulted; no _tx_label match for 'dep' → default to 'Deposit'); status_raw='' → norm='auto'; amount=10.0; currency=USD; date=2015-05-02 — KEEP
[2025-09-02 15:20:52] r=181 → type_raw='Dep' | label=Deposit (defaulted; no _tx_label match for 'dep' → default to 'Deposit'); status_raw='' → norm='auto'; amount=25.0; currency=USD; date=2015-05-03 — KEEP
[2025-09-02 15:20:52] r=182 → type_raw='Dep' | label=Deposit (defaulted; no _tx_label match for 'dep' → default to 'Deposit'); status_raw='' → norm='auto'; amount=25.0; currency=USD; date=2015-05-03 — KEEP
[2025-09-02 15:20:52] r=183 → type_raw='Dep' | label=Deposit (defaulted; no _tx_label match for 'dep' → default to 'Deposit'); status_raw='' → norm='auto'; amount=25.0; currency=USD; date=2015-05-03 — KEEP
[2025-09-02 15:20:52] r=184 → type_raw='Dep' | label=Deposit (defaulted; no _tx_label match for 'dep' → default to 'Deposit'); status_raw='' → norm='auto'; amount=25.0; currency=USD; date=2015-05-10 — KEEP
[2025-09-02 15:20:52] r=185 → type_raw='Dep' | label=Deposit (defaulted; no _tx_label match for 'dep' → default to 'Deposit'); status_raw='' → norm='auto'; amount=18.0; currency=USD; date=2015-05-12 — KEEP
[2025-09-02 15:20:52] r=186 → type_raw='Dep' | label=Deposit (defaulted; no _tx_label match for 'dep' → default to 'Deposit'); status_raw='' → norm='auto'; amount=25.0; currency=USD; date=2015-05-12 — KEEP
[2025-09-02 15:20:52] r=187 → type_raw='Dep' | label=Deposit (defaulted; no _tx_label match for 'dep' → default to 'Deposit'); status_raw='' → norm='auto'; amount=10.0; currency=USD; date=2015-05-19 — KEEP
[2025-09-02 15:20:52] r=188 → type_raw='Dep' | label=Deposit (defaulted; no _tx_label match for 'dep' → default to 'Deposit'); status_raw='' → norm='auto'; amount=15.0; currency=USD; date=2015-05-28 — KEEP
[2025-09-02 15:20:52] r=189 → type_raw='Dep' | label=Deposit (defaulted; no _tx_label match for 'dep' → default to 'Deposit'); status_raw='' → norm='auto'; amount=25.0; currency=USD; date=2015-05-31 — KEEP
[2025-09-02 15:20:52] r=190 → type_raw='Red' | label=Deposit (defaulted; no _tx_label match for 'red' → default to 'Deposit'); status_raw='' → norm='auto'; amount=100.0; currency=USD; date=2015-05-31 — KEEP
[2025-09-02 15:20:52] r=191 → type_raw='Dep' | label=Deposit (defaulted; no _tx_label match for 'dep' → default to 'Deposit'); status_raw='' → norm='auto'; amount=109.93; currency=EUR; date=2015-05-31 — KEEP
[2025-09-02 15:20:52] r=192 → type_raw='Dep' | label=Deposit (defaulted; no _tx_label match for 'dep' → default to 'Deposit'); status_raw='' → norm='auto'; amount=50.0; currency=USD; date=2015-05-31 — KEEP
[2025-09-02 15:20:52] r=193 → type_raw='Dep' | label=Deposit (defaulted; no _tx_label match for 'dep' → default to 'Deposit'); status_raw='' → norm='auto'; amount=25.0; currency=USD; date=2015-06-01 — KEEP
[2025-09-02 15:20:52] r=194 → type_raw='Dep' | label=Deposit (defaulted; no _tx_label match for 'dep' → default to 'Deposit'); status_raw='' → norm='auto'; amount=25.0; currency=USD; date=2015-06-02 — KEEP
[2025-09-02 15:20:52] r=195 → type_raw='Dep' | label=Deposit (defaulted; no _tx_label match for 'dep' → default to 'Deposit'); status_raw='' → norm='auto'; amount=25.0; currency=USD; date=2015-06-02 — KEEP
[2025-09-02 15:20:52] r=196 → type_raw='Dep' | label=Deposit (defaulted; no _tx_label match for 'dep' → default to 'Deposit'); status_raw='' → norm='auto'; amount=25.0; currency=USD; date=2015-06-02 — KEEP
[2025-09-02 15:20:52] r=197 → type_raw='Dep' | label=Deposit (defaulted; no _tx_label match for 'dep' → default to 'Deposit'); status_raw='' → norm='auto'; amount=25.0; currency=USD; date=2015-06-02 — KEEP
[2025-09-02 15:20:52] r=198 → type_raw='Dep' | label=Deposit (defaulted; no _tx_label match for 'dep' → default to 'Deposit'); status_raw='' → norm='auto'; amount=25.0; currency=USD; date=2015-06-02 — KEEP
[2025-09-02 15:20:52] r=199 → type_raw='Dep' | label=Deposit (defaulted; no _tx_label match for 'dep' → default to 'Deposit'); status_raw='' → norm='auto'; amount=25.0; currency=USD; date=2015-06-02 — KEEP
[2025-09-02 15:20:52] r=200 → type_raw='Dep' | label=Deposit (defaulted; no _tx_label match for 'dep' → default to 'Deposit'); status_raw='' → norm='auto'; amount=25.0; currency=USD; date=2015-06-02 — KEEP
[2025-09-02 15:20:52] r=201 → type_raw='Dep' | label=Deposit (defaulted; no _tx_label match for 'dep' → default to 'Deposit'); status_raw='' → norm='auto'; amount=25.0; currency=USD; date=2015-06-02 — KEEP
[2025-09-02 15:20:52] r=202 → type_raw='Dep' | label=Deposit (defaulted; no _tx_label match for 'dep' → default to 'Deposit'); status_raw='' → norm='auto'; amount=25.0; currency=USD; date=2015-06-02 — KEEP
[2025-09-02 15:20:52] r=203 → type_raw='Dep' | label=Deposit (defaulted; no _tx_label match for 'dep' → default to 'Deposit'); status_raw='' → norm='auto'; amount=25.0; currency=USD; date=2015-06-02 — KEEP
[2025-09-02 15:20:52] r=204 → type_raw='Dep' | label=Deposit (defaulted; no _tx_label match for 'dep' → default to 'Deposit'); status_raw='' → norm='auto'; amount=20.0; currency=USD; date=2015-06-02 — KEEP
[2025-09-02 15:20:52] r=205 → type_raw='Dep' | label=Deposit (defaulted; no _tx_label match for 'dep' → default to 'Deposit'); status_raw='' → norm='auto'; amount=10.0; currency=USD; date=2015-06-02 — KEEP
[2025-09-02 15:20:52] r=206 → type_raw='Dep' | label=Deposit (defaulted; no _tx_label match for 'dep' → default to 'Deposit'); status_raw='' → norm='auto'; amount=10.0; currency=USD; date=2015-06-04 — KEEP
[2025-09-02 15:20:52] r=207 → type_raw='Dep' | label=Deposit (defaulted; no _tx_label match for 'dep' → default to 'Deposit'); status_raw='' → norm='auto'; amount=10.0; currency=USD; date=2015-06-10 — KEEP
[2025-09-02 15:20:52] r=208 → type_raw='Dep' | label=Deposit (defaulted; no _tx_label match for 'dep' → default to 'Deposit'); status_raw='' → norm='auto'; amount=10.0; currency=USD; date=2015-06-11 — KEEP
[2025-09-02 15:20:52] r=209 → type_raw='Dep' | label=Deposit (defaulted; no _tx_label match for 'dep' → default to 'Deposit'); status_raw='' → norm='auto'; amount=25.0; currency=USD; date=2015-06-16 — KEEP
[2025-09-02 15:20:52] r=210 → type_raw='Dep' | label=Deposit (defaulted; no _tx_label match for 'dep' → default to 'Deposit'); status_raw='' → norm='auto'; amount=25.0; currency=USD; date=2015-06-17 — KEEP
[2025-09-02 15:20:52] r=211 → type_raw='Red' | label=Deposit (defaulted; no _tx_label match for 'red' → default to 'Deposit'); status_raw='' → norm='auto'; amount=51.37; currency=EUR; date=2015-06-20 — KEEP
[2025-09-02 15:20:52] r=212 → type_raw='Dep' | label=Deposit (defaulted; no _tx_label match for 'dep' → default to 'Deposit'); status_raw='' → norm='auto'; amount=45.24; currency=USD; date=2015-06-20 — KEEP
[2025-09-02 15:20:52] r=213 → type_raw='Dep' | label=Deposit (defaulted; no _tx_label match for 'dep' → default to 'Deposit'); status_raw='' → norm='auto'; amount=460.0; currency=USD; date=2015-06-20 — KEEP
[2025-09-02 15:20:52] r=214 → type_raw='Dep' | label=Deposit (defaulted; no _tx_label match for 'dep' → default to 'Deposit'); status_raw='' → norm='auto'; amount=452.0; currency=USD; date=2015-06-21 — KEEP
[2025-09-02 15:20:52] r=215 → type_raw='Dep' | label=Deposit (defaulted; no _tx_label match for 'dep' → default to 'Deposit'); status_raw='' → norm='auto'; amount=20.0; currency=USD; date=2015-06-30 — KEEP
[2025-09-02 15:20:52] r=216 → type_raw='Dep' | label=Deposit (defaulted; no _tx_label match for 'dep' → default to 'Deposit'); status_raw='' → norm='auto'; amount=20.0; currency=USD; date=2015-07-01 — KEEP
[2025-09-02 15:20:52] r=217 → type_raw='Dep' | label=Deposit (defaulted; no _tx_label match for 'dep' → default to 'Deposit'); status_raw='' → norm='auto'; amount=25.0; currency=USD; date=2015-07-02 — KEEP
[2025-09-02 15:20:52] r=218 → type_raw='Dep' | label=Deposit (defaulted; no _tx_label match for 'dep' → default to 'Deposit'); status_raw='' → norm='auto'; amount=25.0; currency=USD; date=2015-07-02 — KEEP
[2025-09-02 15:20:52] r=219 → type_raw='Dep' | label=Deposit (defaulted; no _tx_label match for 'dep' → default to 'Deposit'); status_raw='' → norm='auto'; amount=25.0; currency=USD; date=2015-07-02 — KEEP
[2025-09-02 15:20:52] r=220 → type_raw='Dep' | label=Deposit (defaulted; no _tx_label match for 'dep' → default to 'Deposit'); status_raw='' → norm='auto'; amount=30.0; currency=USD; date=2015-07-02 — KEEP
[2025-09-02 15:20:52] r=221 → type_raw='Dep' | label=Deposit (defaulted; no _tx_label match for 'dep' → default to 'Deposit'); status_raw='' → norm='auto'; amount=25.0; currency=USD; date=2015-07-13 — KEEP
[2025-09-02 15:20:52] r=222 → type_raw='Dep' | label=Deposit (defaulted; no _tx_label match for 'dep' → default to 'Deposit'); status_raw='' → norm='auto'; amount=20.0; currency=USD; date=2015-07-23 — KEEP
[2025-09-02 15:20:52] r=223 → type_raw='Dep' | label=Deposit (defaulted; no _tx_label match for 'dep' → default to 'Deposit'); status_raw='' → norm='auto'; amount=20.55; currency=USD; date=2015-07-26 — KEEP
[2025-09-02 15:20:52] r=224 → type_raw='Dep' | label=Deposit (defaulted; no _tx_label match for 'dep' → default to 'Deposit'); status_raw='' → norm='auto'; amount=150.0; currency=USD; date=2015-08-01 — KEEP
[2025-09-02 15:20:52] r=225 → type_raw='Dep' | label=Deposit (defaulted; no _tx_label match for 'dep' → default to 'Deposit'); status_raw='' → norm='auto'; amount=150.0; currency=USD; date=2015-08-01 — KEEP
[2025-09-02 15:20:52] r=226 → type_raw='Dep' | label=Deposit (defaulted; no _tx_label match for 'dep' → default to 'Deposit'); status_raw='' → norm='auto'; amount=150.0; currency=USD; date=2015-08-01 — KEEP
[2025-09-02 15:20:52] r=227 → type_raw='Dep' | label=Deposit (defaulted; no _tx_label match for 'dep' → default to 'Deposit'); status_raw='' → norm='auto'; amount=150.0; currency=USD; date=2015-08-01 — KEEP
[2025-09-02 15:20:52] r=228 → type_raw='Dep' | label=Deposit (defaulted; no _tx_label match for 'dep' → default to 'Deposit'); status_raw='' → norm='auto'; amount=150.0; currency=USD; date=2015-08-01 — KEEP
[2025-09-02 15:20:52] r=229 → type_raw='Dep' | label=Deposit (defaulted; no _tx_label match for 'dep' → default to 'Deposit'); status_raw='' → norm='auto'; amount=10.0; currency=USD; date=2015-08-10 — KEEP
[2025-09-02 15:20:52] r=230 → type_raw='Dep' | label=Deposit (defaulted; no _tx_label match for 'dep' → default to 'Deposit'); status_raw='' → norm='auto'; amount=10.0; currency=USD; date=2015-08-11 — KEEP
[2025-09-02 15:20:52] r=231 → type_raw='Dep' | label=Deposit (defaulted; no _tx_label match for 'dep' → default to 'Deposit'); status_raw='' → norm='auto'; amount=25.0; currency=USD; date=2015-08-11 — KEEP
[2025-09-02 15:20:52] r=232 → type_raw='Dep' | label=Deposit (defaulted; no _tx_label match for 'dep' → default to 'Deposit'); status_raw='' → norm='auto'; amount=25.0; currency=USD; date=2015-08-11 — KEEP
[2025-09-02 15:20:52] r=233 → type_raw='Dep' | label=Deposit (defaulted; no _tx_label match for 'dep' → default to 'Deposit'); status_raw='' → norm='auto'; amount=25.0; currency=USD; date=2015-08-11 — KEEP
[2025-09-02 15:20:52] r=234 → type_raw='Dep' | label=Deposit (defaulted; no _tx_label match for 'dep' → default to 'Deposit'); status_raw='' → norm='auto'; amount=25.0; currency=USD; date=2015-08-11 — KEEP
[2025-09-02 15:20:52] r=235 → type_raw='Dep' | label=Deposit (defaulted; no _tx_label match for 'dep' → default to 'Deposit'); status_raw='' → norm='auto'; amount=25.0; currency=USD; date=2015-08-11 — KEEP
[2025-09-02 15:20:52] r=236 → type_raw='Dep' | label=Deposit (defaulted; no _tx_label match for 'dep' → default to 'Deposit'); status_raw='' → norm='auto'; amount=25.0; currency=USD; date=2015-08-13 — KEEP
[2025-09-02 15:20:52] r=237 → type_raw='Dep' | label=Deposit (defaulted; no _tx_label match for 'dep' → default to 'Deposit'); status_raw='' → norm='auto'; amount=10.0; currency=USD; date=2015-08-15 — KEEP
[2025-09-02 15:20:52] r=238 → type_raw='Dep' | label=Deposit (defaulted; no _tx_label match for 'dep' → default to 'Deposit'); status_raw='' → norm='auto'; amount=25.0; currency=USD; date=2015-08-17 — KEEP
[2025-09-02 15:20:52] r=239 → type_raw='Dep' | label=Deposit (defaulted; no _tx_label match for 'dep' → default to 'Deposit'); status_raw='' → norm='auto'; amount=10.0; currency=USD; date=2015-08-25 — KEEP
[2025-09-02 15:20:52] r=240 → type_raw='Dep' | label=Deposit (defaulted; no _tx_label match for 'dep' → default to 'Deposit'); status_raw='' → norm='auto'; amount=25.0; currency=USD; date=2015-08-30 — KEEP
[2025-09-02 15:20:52] r=241 → type_raw='Dep' | label=Deposit (defaulted; no _tx_label match for 'dep' → default to 'Deposit'); status_raw='' → norm='auto'; amount=10.0; currency=USD; date=2015-08-30 — KEEP
[2025-09-02 15:20:52] r=242 → type_raw='Dep' | label=Deposit (defaulted; no _tx_label match for 'dep' → default to 'Deposit'); status_raw='' → norm='auto'; amount=25.0; currency=USD; date=2015-08-31 — KEEP
[2025-09-02 15:20:52] r=243 → type_raw='Dep' | label=Deposit (defaulted; no _tx_label match for 'dep' → default to 'Deposit'); status_raw='' → norm='auto'; amount=15.0; currency=USD; date=2015-09-02 — KEEP
[2025-09-02 15:20:52] r=244 → type_raw='Dep' | label=Deposit (defaulted; no _tx_label match for 'dep' → default to 'Deposit'); status_raw='' → norm='auto'; amount=25.0; currency=USD; date=2015-09-11 — KEEP
[2025-09-02 15:20:52] r=245 → type_raw='Dep' | label=Deposit (defaulted; no _tx_label match for 'dep' → default to 'Deposit'); status_raw='' → norm='auto'; amount=25.0; currency=USD; date=2015-09-11 — KEEP
[2025-09-02 15:20:52] r=246 → type_raw='Dep' | label=Deposit (defaulted; no _tx_label match for 'dep' → default to 'Deposit'); status_raw='' → norm='auto'; amount=25.0; currency=USD; date=2015-09-11 — KEEP
[2025-09-02 15:20:52] r=247 → type_raw='Dep' | label=Deposit (defaulted; no _tx_label match for 'dep' → default to 'Deposit'); status_raw='' → norm='auto'; amount=15.0; currency=USD; date=2015-09-13 — KEEP
[2025-09-02 15:20:52] r=248 → type_raw='Dep' | label=Deposit (defaulted; no _tx_label match for 'dep' → default to 'Deposit'); status_raw='' → norm='auto'; amount=10.0; currency=USD; date=2015-09-13 — KEEP
[2025-09-02 15:20:52] r=249 → type_raw='Dep' | label=Deposit (defaulted; no _tx_label match for 'dep' → default to 'Deposit'); status_raw='' → norm='auto'; amount=5.0; currency=USD; date=2015-09-14 — KEEP
[2025-09-02 15:20:52] r=250 → type_raw='Dep' | label=Deposit (defaulted; no _tx_label match for 'dep' → default to 'Deposit'); status_raw='' → norm='auto'; amount=5.0; currency=USD; date=2015-09-14 — KEEP
[2025-09-02 15:20:52] r=251 → type_raw='Dep' | label=Deposit (defaulted; no _tx_label match for 'dep' → default to 'Deposit'); status_raw='' → norm='auto'; amount=25.0; currency=USD; date=2015-09-14 — KEEP
[2025-09-02 15:20:52] r=252 → type_raw='Dep' | label=Deposit (defaulted; no _tx_label match for 'dep' → default to 'Deposit'); status_raw='' → norm='auto'; amount=25.0; currency=USD; date=2015-09-14 — KEEP
[2025-09-02 15:20:52] r=253 → type_raw='Dep' | label=Deposit (defaulted; no _tx_label match for 'dep' → default to 'Deposit'); status_raw='' → norm='auto'; amount=25.0; currency=USD; date=2015-09-14 — KEEP
[2025-09-02 15:20:52] r=254 → type_raw='Dep' | label=Deposit (defaulted; no _tx_label match for 'dep' → default to 'Deposit'); status_raw='' → norm='auto'; amount=25.0; currency=USD; date=2015-09-14 — KEEP
[2025-09-02 15:20:52] r=255 → type_raw='Dep' | label=Deposit (defaulted; no _tx_label match for 'dep' → default to 'Deposit'); status_raw='' → norm='auto'; amount=10.0; currency=USD; date=2015-09-15 — KEEP
[2025-09-02 15:20:52] r=256 → type_raw='Dep' | label=Deposit (defaulted; no _tx_label match for 'dep' → default to 'Deposit'); status_raw='' → norm='auto'; amount=25.0; currency=USD; date=2015-09-16 — KEEP
[2025-09-02 15:20:52] r=257 → type_raw='Dep' | label=Deposit (defaulted; no _tx_label match for 'dep' → default to 'Deposit'); status_raw='' → norm='auto'; amount=19.0; currency=USD; date=2015-09-17 — KEEP
[2025-09-02 15:20:52] r=258 → type_raw='Dep' | label=Deposit (defaulted; no _tx_label match for 'dep' → default to 'Deposit'); status_raw='' → norm='auto'; amount=10.0; currency=USD; date=2015-09-19 — KEEP
[2025-09-02 15:20:52] r=259 → type_raw='Dep' | label=Deposit (defaulted; no _tx_label match for 'dep' → default to 'Deposit'); status_raw='' → norm='auto'; amount=10.0; currency=USD; date=2015-09-23 — KEEP
[2025-09-02 15:20:52] r=260 → type_raw='Dep' | label=Deposit (defaulted; no _tx_label match for 'dep' → default to 'Deposit'); status_raw='' → norm='auto'; amount=10.0; currency=USD; date=2015-09-26 — KEEP
[2025-09-02 15:20:52] r=261 → type_raw='Dep' | label=Deposit (defaulted; no _tx_label match for 'dep' → default to 'Deposit'); status_raw='' → norm='auto'; amount=10.0; currency=USD; date=2015-09-28 — KEEP
[2025-09-02 15:20:52] r=262 → type_raw='Dep' | label=Deposit (defaulted; no _tx_label match for 'dep' → default to 'Deposit'); status_raw='' → norm='auto'; amount=10.0; currency=USD; date=2015-09-29 — KEEP
[2025-09-02 15:20:52] r=263 → type_raw='Dep' | label=Deposit (defaulted; no _tx_label match for 'dep' → default to 'Deposit'); status_raw='' → norm='auto'; amount=35.0; currency=USD; date=2015-10-01 — KEEP
[2025-09-02 15:20:52] r=264 → type_raw='Dep' | label=Deposit (defaulted; no _tx_label match for 'dep' → default to 'Deposit'); status_raw='' → norm='auto'; amount=35.0; currency=EUR; date=2015-10-01 — KEEP
[2025-09-02 15:20:52] r=265 → type_raw='Dep' | label=Deposit (defaulted; no _tx_label match for 'dep' → default to 'Deposit'); status_raw='' → norm='auto'; amount=25.0; currency=USD; date=2015-10-01 — KEEP
[2025-09-02 15:20:52] r=266 → type_raw='Dep' | label=Deposit (defaulted; no _tx_label match for 'dep' → default to 'Deposit'); status_raw='' → norm='auto'; amount=10.0; currency=USD; date=2015-10-04 — KEEP
[2025-09-02 15:20:52] r=267 → type_raw='Dep' | label=Deposit (defaulted; no _tx_label match for 'dep' → default to 'Deposit'); status_raw='' → norm='auto'; amount=100.0; currency=USD; date=2015-10-10 — KEEP
[2025-09-02 15:20:52] r=268 → type_raw='Dep' | label=Deposit (defaulted; no _tx_label match for 'dep' → default to 'Deposit'); status_raw='' → norm='auto'; amount=25.0; currency=USD; date=2015-10-11 — KEEP
[2025-09-02 15:20:52] r=269 → type_raw='Dep' | label=Deposit (defaulted; no _tx_label match for 'dep' → default to 'Deposit'); status_raw='' → norm='auto'; amount=25.0; currency=USD; date=2015-10-11 — KEEP
[2025-09-02 15:20:52] r=270 → type_raw='Dep' | label=Deposit (defaulted; no _tx_label match for 'dep' → default to 'Deposit'); status_raw='' → norm='auto'; amount=10.0; currency=USD; date=2015-10-11 — KEEP
[2025-09-02 15:20:52] r=271 → type_raw='Dep' | label=Deposit (defaulted; no _tx_label match for 'dep' → default to 'Deposit'); status_raw='' → norm='auto'; amount=50.0; currency=USD; date=2015-10-12 — KEEP
[2025-09-02 15:20:52] r=272 → type_raw='Dep' | label=Deposit (defaulted; no _tx_label match for 'dep' → default to 'Deposit'); status_raw='' → norm='auto'; amount=10.0; currency=USD; date=2015-10-18 — KEEP
[2025-09-02 15:20:52] r=273 → type_raw='Dep' | label=Deposit (defaulted; no _tx_label match for 'dep' → default to 'Deposit'); status_raw='' → norm='auto'; amount=18.0; currency=USD; date=2015-11-01 — KEEP
[2025-09-02 15:20:52] r=274 → type_raw='Dep' | label=Deposit (defaulted; no _tx_label match for 'dep' → default to 'Deposit'); status_raw='' → norm='auto'; amount=105.0; currency=USD; date=2015-11-01 — KEEP
[2025-09-02 15:20:52] r=275 → type_raw='Dep' | label=Deposit (defaulted; no _tx_label match for 'dep' → default to 'Deposit'); status_raw='' → norm='auto'; amount=50.0; currency=USD; date=2015-11-01 — KEEP
[2025-09-02 15:20:52] r=276 → type_raw='Dep' | label=Deposit (defaulted; no _tx_label match for 'dep' → default to 'Deposit'); status_raw='' → norm='auto'; amount=10.0; currency=USD; date=2015-11-10 — KEEP
[2025-09-02 15:20:52] r=277 → type_raw='Dep' | label=Deposit (defaulted; no _tx_label match for 'dep' → default to 'Deposit'); status_raw='' → norm='auto'; amount=25.0; currency=USD; date=2015-11-11 — KEEP
[2025-09-02 15:20:52] r=278 → type_raw='Dep' | label=Deposit (defaulted; no _tx_label match for 'dep' → default to 'Deposit'); status_raw='' → norm='auto'; amount=15.0; currency=USD; date=2015-11-22 — KEEP
[2025-09-02 15:20:52] r=279 → type_raw='Dep' | label=Deposit (defaulted; no _tx_label match for 'dep' → default to 'Deposit'); status_raw='' → norm='auto'; amount=25.0; currency=USD; date=2015-12-02 — KEEP
[2025-09-02 15:20:52] r=280 → type_raw='Dep' | label=Deposit (defaulted; no _tx_label match for 'dep' → default to 'Deposit'); status_raw='' → norm='auto'; amount=25.0; currency=USD; date=2015-12-02 — KEEP
[2025-09-02 15:20:52] r=281 → type_raw='Dep' | label=Deposit (defaulted; no _tx_label match for 'dep' → default to 'Deposit'); status_raw='' → norm='auto'; amount=25.0; currency=USD; date=2015-12-02 — KEEP
[2025-09-02 15:20:52] r=282 → type_raw='Dep' | label=Deposit (defaulted; no _tx_label match for 'dep' → default to 'Deposit'); status_raw='' → norm='auto'; amount=25.0; currency=USD; date=2015-12-02 — KEEP
[2025-09-02 15:20:52] r=283 → type_raw='Dep' | label=Deposit (defaulted; no _tx_label match for 'dep' → default to 'Deposit'); status_raw='' → norm='auto'; amount=10.0; currency=USD; date=2015-12-07 — KEEP
[2025-09-02 15:20:52] r=284 → type_raw='Dep' | label=Deposit (defaulted; no _tx_label match for 'dep' → default to 'Deposit'); status_raw='' → norm='auto'; amount=20.0; currency=USD; date=2015-12-18 — KEEP
[2025-09-02 15:20:52] r=285 → type_raw='Dep' | label=Deposit (defaulted; no _tx_label match for 'dep' → default to 'Deposit'); status_raw='' → norm='auto'; amount=15.91; currency=USD; date=2015-12-21 — KEEP
[2025-09-02 15:20:52] r=286 → type_raw='Red' | label=Deposit (defaulted; no _tx_label match for 'red' → default to 'Deposit'); status_raw='' → norm='auto'; amount=10.91; currency=EUR; date=2015-12-21 — KEEP
[2025-09-02 15:20:52] r=287 → type_raw='Dep' | label=Deposit (defaulted; no _tx_label match for 'dep' → default to 'Deposit'); status_raw='' → norm='auto'; amount=10.0; currency=USD; date=2015-12-21 — KEEP
[2025-09-02 15:20:52] r=288 → type_raw='Dep' | label=Deposit (defaulted; no _tx_label match for 'dep' → default to 'Deposit'); status_raw='' → norm='auto'; amount=25.0; currency=USD; date=2015-12-21 — KEEP
[2025-09-02 15:20:52] r=289 → type_raw='Dep' | label=Deposit (defaulted; no _tx_label match for 'dep' → default to 'Deposit'); status_raw='' → norm='auto'; amount=28.25; currency=USD; date=2015-12-21 — KEEP
[2025-09-02 15:20:52] r=290 → type_raw='Dep' | label=Deposit (defaulted; no _tx_label match for 'dep' → default to 'Deposit'); status_raw='' → norm='auto'; amount=25.0; currency=USD; date=2015-12-21 — KEEP
[2025-09-02 15:20:52] r=291 → type_raw='Dep' | label=Deposit (defaulted; no _tx_label match for 'dep' → default to 'Deposit'); status_raw='' → norm='auto'; amount=15.0; currency=USD; date=2015-12-21 — KEEP
[2025-09-02 15:20:52] r=292 → type_raw='Dep' | label=Deposit (defaulted; no _tx_label match for 'dep' → default to 'Deposit'); status_raw='' → norm='auto'; amount=10.0; currency=EUR; date=2015-12-21 — KEEP
[2025-09-02 15:20:52] r=293 → type_raw='Dep' | label=Deposit (defaulted; no _tx_label match for 'dep' → default to 'Deposit'); status_raw='' → norm='auto'; amount=50.0; currency=USD; date=2016-01-06 — KEEP
[2025-09-02 15:20:52] r=294 → type_raw='Dep' | label=Deposit (defaulted; no _tx_label match for 'dep' → default to 'Deposit'); status_raw='' → norm='auto'; amount=50.0; currency=USD; date=2016-01-06 — KEEP
[2025-09-02 15:20:52] r=295 → type_raw='Dep' | label=Deposit (defaulted; no _tx_label match for 'dep' → default to 'Deposit'); status_raw='' → norm='auto'; amount=50.0; currency=USD; date=2016-01-06 — KEEP
[2025-09-02 15:20:52] r=296 → type_raw='Dep' | label=Deposit (defaulted; no _tx_label match for 'dep' → default to 'Deposit'); status_raw='' → norm='auto'; amount=25.0; currency=USD; date=2016-01-09 — KEEP
[2025-09-02 15:20:52] r=297 → type_raw='Dep' | label=Deposit (defaulted; no _tx_label match for 'dep' → default to 'Deposit'); status_raw='' → norm='auto'; amount=25.0; currency=USD; date=2016-01-12 — KEEP
[2025-09-02 15:20:52] r=298 → type_raw='Dep' | label=Deposit (defaulted; no _tx_label match for 'dep' → default to 'Deposit'); status_raw='' → norm='auto'; amount=25.0; currency=USD; date=2016-01-16 — KEEP
[2025-09-02 15:20:52] r=299 → type_raw='Dep' | label=Deposit (defaulted; no _tx_label match for 'dep' → default to 'Deposit'); status_raw='' → norm='auto'; amount=28.5; currency=USD; date=2016-01-18 — KEEP
[2025-09-02 15:20:52] r=300 → type_raw='Dep' | label=Deposit (defaulted; no _tx_label match for 'dep' → default to 'Deposit'); status_raw='' → norm='auto'; amount=25.0; currency=USD; date=2016-01-27 — KEEP
[2025-09-02 15:20:52] r=301 → type_raw='Dep' | label=Deposit (defaulted; no _tx_label match for 'dep' → default to 'Deposit'); status_raw='' → norm='auto'; amount=25.0; currency=USD; date=2016-01-28 — KEEP
[2025-09-02 15:20:52] r=302 → type_raw='Dep' | label=Deposit (defaulted; no _tx_label match for 'dep' → default to 'Deposit'); status_raw='' → norm='auto'; amount=14.0; currency=USD; date=2016-01-29 — KEEP
[2025-09-02 15:20:52] r=303 → type_raw='Dep' | label=Deposit (defaulted; no _tx_label match for 'dep' → default to 'Deposit'); status_raw='' → norm='auto'; amount=20.0; currency=USD; date=2016-01-29 — KEEP
[2025-09-02 15:20:52] r=304 → type_raw='Dep' | label=Deposit (defaulted; no _tx_label match for 'dep' → default to 'Deposit'); status_raw='' → norm='auto'; amount=18.22; currency=USD; date=2016-01-31 — KEEP
[2025-09-02 15:20:52] r=305 → type_raw='Dep' | label=Deposit (defaulted; no _tx_label match for 'dep' → default to 'Deposit'); status_raw='' → norm='auto'; amount=20.0; currency=USD; date=2016-02-04 — KEEP
[2025-09-02 15:20:52] r=306 → type_raw='Dep' | label=Deposit (defaulted; no _tx_label match for 'dep' → default to 'Deposit'); status_raw='' → norm='auto'; amount=50.0; currency=USD; date=2016-02-06 — KEEP
[2025-09-02 15:20:52] r=307 → type_raw='Dep' | label=Deposit (defaulted; no _tx_label match for 'dep' → default to 'Deposit'); status_raw='' → norm='auto'; amount=50.0; currency=USD; date=2016-02-06 — KEEP
[2025-09-02 15:20:52] r=308 → type_raw='Red' | label=Deposit (defaulted; no _tx_label match for 'red' → default to 'Deposit'); status_raw='' → norm='auto'; amount=21.85; currency=USD; date=2016-02-13 — KEEP
[2025-09-02 15:20:52] r=309 → type_raw='Dep' | label=Deposit (defaulted; no _tx_label match for 'dep' → default to 'Deposit'); status_raw='' → norm='auto'; amount=24.6; currency=EUR; date=2016-02-13 — KEEP
[2025-09-02 15:20:52] r=310 → type_raw='Red' | label=Deposit (defaulted; no _tx_label match for 'red' → default to 'Deposit'); status_raw='' → norm='auto'; amount=5.1; currency=EUR; date=2016-02-13 — KEEP
[2025-09-02 15:20:52] r=311 → type_raw='Red' | label=Deposit (defaulted; no _tx_label match for 'red' → default to 'Deposit'); status_raw='' → norm='auto'; amount=594.72; currency=USD; date=2016-02-15 — KEEP
[2025-09-02 15:20:52] r=312 → type_raw='Dep' | label=Deposit (defaulted; no _tx_label match for 'dep' → default to 'Deposit'); status_raw='' → norm='auto'; amount=666.16; currency=EUR; date=2016-02-15 — KEEP
[2025-09-02 15:20:52] r=313 → type_raw='Dep' | label=Deposit (defaulted; no _tx_label match for 'dep' → default to 'Deposit'); status_raw='' → norm='auto'; amount=10.0; currency=USD; date=2016-02-18 — KEEP
[2025-09-02 15:20:52] r=314 → type_raw='Dep' | label=Deposit (defaulted; no _tx_label match for 'dep' → default to 'Deposit'); status_raw='' → norm='auto'; amount=10.0; currency=USD; date=2016-02-23 — KEEP
[2025-09-02 15:20:52] r=315 → type_raw='Dep' | label=Deposit (defaulted; no _tx_label match for 'dep' → default to 'Deposit'); status_raw='' → norm='auto'; amount=15.0; currency=USD; date=2016-02-28 — KEEP
[2025-09-02 15:20:52] r=316 → type_raw='Dep' | label=Deposit (defaulted; no _tx_label match for 'dep' → default to 'Deposit'); status_raw='' → norm='auto'; amount=25.0; currency=USD; date=2016-03-02 — KEEP
[2025-09-02 15:20:52] r=317 → type_raw='Dep' | label=Deposit (defaulted; no _tx_label match for 'dep' → default to 'Deposit'); status_raw='' → norm='auto'; amount=15.0; currency=USD; date=2016-03-02 — KEEP
[2025-09-02 15:20:52] r=318 → type_raw='Dep' | label=Deposit (defaulted; no _tx_label match for 'dep' → default to 'Deposit'); status_raw='' → norm='auto'; amount=10.0; currency=USD; date=2016-03-02 — KEEP
[2025-09-02 15:20:52] r=319 → type_raw='Dep' | label=Deposit (defaulted; no _tx_label match for 'dep' → default to 'Deposit'); status_raw='' → norm='auto'; amount=10.0; currency=USD; date=2016-03-02 — KEEP
[2025-09-02 15:20:52] r=320 → type_raw='Dep' | label=Deposit (defaulted; no _tx_label match for 'dep' → default to 'Deposit'); status_raw='' → norm='auto'; amount=10.0; currency=USD; date=2016-03-03 — KEEP
[2025-09-02 15:20:52] r=321 → type_raw='Dep' | label=Deposit (defaulted; no _tx_label match for 'dep' → default to 'Deposit'); status_raw='' → norm='auto'; amount=50.0; currency=USD; date=2016-03-06 — KEEP
[2025-09-02 15:20:52] r=322 → type_raw='Dep' | label=Deposit (defaulted; no _tx_label match for 'dep' → default to 'Deposit'); status_raw='' → norm='auto'; amount=50.0; currency=USD; date=2016-03-06 — KEEP
[2025-09-02 15:20:52] r=323 → type_raw='Dep' | label=Deposit (defaulted; no _tx_label match for 'dep' → default to 'Deposit'); status_raw='' → norm='auto'; amount=20.0; currency=USD; date=2016-03-17 — KEEP
[2025-09-02 15:20:52] r=324 → type_raw='Dep' | label=Deposit (defaulted; no _tx_label match for 'dep' → default to 'Deposit'); status_raw='' → norm='auto'; amount=20.0; currency=USD; date=2016-03-18 — KEEP
[2025-09-02 15:20:52] r=325 → type_raw='Dep' | label=Deposit (defaulted; no _tx_label match for 'dep' → default to 'Deposit'); status_raw='' → norm='auto'; amount=10.0; currency=USD; date=2016-03-18 — KEEP
[2025-09-02 15:20:52] r=326 → type_raw='Dep' | label=Deposit (defaulted; no _tx_label match for 'dep' → default to 'Deposit'); status_raw='' → norm='auto'; amount=20.0; currency=USD; date=2016-03-19 — KEEP
[2025-09-02 15:20:52] r=327 → type_raw='Dep' | label=Deposit (defaulted; no _tx_label match for 'dep' → default to 'Deposit'); status_raw='' → norm='auto'; amount=200.0; currency=USD; date=2016-03-20 — KEEP
[2025-09-02 15:20:52] r=328 → type_raw='Dep' | label=Deposit (defaulted; no _tx_label match for 'dep' → default to 'Deposit'); status_raw='' → norm='auto'; amount=25.0; currency=USD; date=2016-03-21 — KEEP
[2025-09-02 15:20:52] r=329 → type_raw='Dep' | label=Deposit (defaulted; no _tx_label match for 'dep' → default to 'Deposit'); status_raw='' → norm='auto'; amount=25.0; currency=USD; date=2016-03-24 — KEEP
[2025-09-02 15:20:52] r=330 → type_raw='Dep' | label=Deposit (defaulted; no _tx_label match for 'dep' → default to 'Deposit'); status_raw='' → norm='auto'; amount=20.0; currency=USD; date=2016-03-24 — KEEP
[2025-09-02 15:20:52] r=331 → type_raw='Dep' | label=Deposit (defaulted; no _tx_label match for 'dep' → default to 'Deposit'); status_raw='' → norm='auto'; amount=25.0; currency=USD; date=2016-03-24 — KEEP
[2025-09-02 15:20:52] r=332 → type_raw='Dep' | label=Deposit (defaulted; no _tx_label match for 'dep' → default to 'Deposit'); status_raw='' → norm='auto'; amount=25.0; currency=USD; date=2016-03-24 — KEEP
[2025-09-02 15:20:52] r=333 → type_raw='Dep' | label=Deposit (defaulted; no _tx_label match for 'dep' → default to 'Deposit'); status_raw='' → norm='auto'; amount=25.0; currency=USD; date=2016-03-24 — KEEP
[2025-09-02 15:20:52] r=334 → type_raw='Dep' | label=Deposit (defaulted; no _tx_label match for 'dep' → default to 'Deposit'); status_raw='' → norm='auto'; amount=37.0; currency=USD; date=2016-03-25 — KEEP
[2025-09-02 15:20:52] r=335 → type_raw='Dep' | label=Deposit (defaulted; no _tx_label match for 'dep' → default to 'Deposit'); status_raw='' → norm='auto'; amount=30.0; currency=USD; date=2016-03-25 — KEEP
[2025-09-02 15:20:53] r=336 → type_raw='Dep' | label=Deposit (defaulted; no _tx_label match for 'dep' → default to 'Deposit'); status_raw='' → norm='auto'; amount=25.0; currency=USD; date=2016-03-26 — KEEP
[2025-09-02 15:20:53] r=337 → type_raw='Dep' | label=Deposit (defaulted; no _tx_label match for 'dep' → default to 'Deposit'); status_raw='' → norm='auto'; amount=25.0; currency=USD; date=2016-03-26 — KEEP
[2025-09-02 15:20:53] r=338 → type_raw='Dep' | label=Deposit (defaulted; no _tx_label match for 'dep' → default to 'Deposit'); status_raw='' → norm='auto'; amount=10.0; currency=USD; date=2016-03-27 — KEEP
[2025-09-02 15:20:53] r=339 → type_raw='Dep' | label=Deposit (defaulted; no _tx_label match for 'dep' → default to 'Deposit'); status_raw='' → norm='auto'; amount=15.0; currency=USD; date=2016-03-27 — KEEP
[2025-09-02 15:20:53] r=340 → type_raw='Dep' | label=Deposit (defaulted; no _tx_label match for 'dep' → default to 'Deposit'); status_raw='' → norm='auto'; amount=25.0; currency=USD; date=2016-03-30 — KEEP
[2025-09-02 15:20:53] r=341 → type_raw='Dep' | label=Deposit (defaulted; no _tx_label match for 'dep' → default to 'Deposit'); status_raw='' → norm='auto'; amount=25.0; currency=USD; date=2016-04-03 — KEEP
[2025-09-02 15:20:53] r=342 → type_raw='Red' | label=Deposit (defaulted; no _tx_label match for 'red' → default to 'Deposit'); status_raw='' → norm='auto'; amount=3.41; currency=EUR; date=2016-04-15 — KEEP
[2025-09-02 15:20:53] r=343 → type_raw='Dep' | label=Deposit (defaulted; no _tx_label match for 'dep' → default to 'Deposit'); status_raw='' → norm='auto'; amount=10.0; currency=USD; date=2016-04-17 — KEEP
[2025-09-02 15:20:53] r=344 → type_raw='Dep' | label=Deposit (defaulted; no _tx_label match for 'dep' → default to 'Deposit'); status_raw='' → norm='auto'; amount=20.0; currency=USD; date=2016-04-18 — KEEP
[2025-09-02 15:20:53] r=345 → type_raw='Dep' | label=Deposit (defaulted; no _tx_label match for 'dep' → default to 'Deposit'); status_raw='' → norm='auto'; amount=15.0; currency=USD; date=2016-04-18 — KEEP
[2025-09-02 15:20:53] r=346 → type_raw='Dep' | label=Deposit (defaulted; no _tx_label match for 'dep' → default to 'Deposit'); status_raw='' → norm='auto'; amount=25.0; currency=USD; date=2016-04-19 — KEEP
[2025-09-02 15:20:53] r=347 → type_raw='Dep' | label=Deposit (defaulted; no _tx_label match for 'dep' → default to 'Deposit'); status_raw='' → norm='auto'; amount=20.0; currency=USD; date=2016-04-19 — KEEP
[2025-09-02 15:20:53] r=348 → type_raw='Dep' | label=Deposit (defaulted; no _tx_label match for 'dep' → default to 'Deposit'); status_raw='' → norm='auto'; amount=10.0; currency=USD; date=2016-04-19 — KEEP
[2025-09-02 15:20:53] r=349 → type_raw='Dep' | label=Deposit (defaulted; no _tx_label match for 'dep' → default to 'Deposit'); status_raw='' → norm='auto'; amount=25.0; currency=USD; date=2016-04-19 — KEEP
[2025-09-02 15:20:53] r=350 → type_raw='Dep' | label=Deposit (defaulted; no _tx_label match for 'dep' → default to 'Deposit'); status_raw='' → norm='auto'; amount=25.0; currency=USD; date=2016-04-19 — KEEP
[2025-09-02 15:20:53] r=351 → type_raw='Dep' | label=Deposit (defaulted; no _tx_label match for 'dep' → default to 'Deposit'); status_raw='' → norm='auto'; amount=10.0; currency=USD; date=2016-04-25 — KEEP
[2025-09-02 15:20:53] r=352 → type_raw='Dep' | label=Deposit (defaulted; no _tx_label match for 'dep' → default to 'Deposit'); status_raw='' → norm='auto'; amount=675.0; currency=USD; date=2016-05-02 — KEEP
[2025-09-02 15:20:53] r=353 → type_raw='Red' | label=Deposit (defaulted; no _tx_label match for 'red' → default to 'Deposit'); status_raw='' → norm='auto'; amount=498.33; currency=USD; date=2016-05-02 — KEEP
[2025-09-02 15:20:53] r=354 → type_raw='Dep' | label=Deposit (defaulted; no _tx_label match for 'dep' → default to 'Deposit'); status_raw='' → norm='auto'; amount=555.0; currency=EUR; date=2016-05-02 — KEEP
[2025-09-02 15:20:53] r=355 → type_raw='Red' | label=Deposit (defaulted; no _tx_label match for 'red' → default to 'Deposit'); status_raw='' → norm='auto'; amount=107.82; currency=USD; date=2016-05-02 — KEEP
[2025-09-02 15:20:53] r=356 → type_raw='Dep' | label=Deposit (defaulted; no _tx_label match for 'dep' → default to 'Deposit'); status_raw='' → norm='auto'; amount=120.0; currency=EUR; date=2016-05-02 — KEEP
[2025-09-02 15:20:53] r=357 → type_raw='Red' | label=Deposit (defaulted; no _tx_label match for 'red' → default to 'Deposit'); status_raw='' → norm='auto'; amount=107.79; currency=USD; date=2016-05-02 — KEEP
[2025-09-02 15:20:53] r=358 → type_raw='Dep' | label=Deposit (defaulted; no _tx_label match for 'dep' → default to 'Deposit'); status_raw='' → norm='auto'; amount=120.08; currency=EUR; date=2016-05-02 — KEEP
[2025-09-02 15:20:53] r=359 → type_raw='Dep' | label=Deposit (defaulted; no _tx_label match for 'dep' → default to 'Deposit'); status_raw='' → norm='auto'; amount=25.0; currency=USD; date=2016-05-02 — KEEP
[2025-09-02 15:20:53] r=360 → type_raw='Dep' | label=Deposit (defaulted; no _tx_label match for 'dep' → default to 'Deposit'); status_raw='' → norm='auto'; amount=276.82; currency=USD; date=2016-05-02 — KEEP
[2025-09-02 15:20:53] r=361 → type_raw='Dep' | label=Deposit (defaulted; no _tx_label match for 'dep' → default to 'Deposit'); status_raw='' → norm='auto'; amount=10.0; currency=USD; date=2016-05-04 — KEEP
[2025-09-02 15:20:53] r=362 → type_raw='Dep' | label=Deposit (defaulted; no _tx_label match for 'dep' → default to 'Deposit'); status_raw='' → norm='auto'; amount=10.0; currency=USD; date=2016-05-04 — KEEP
[2025-09-02 15:20:53] r=363 → type_raw='Dep' | label=Deposit (defaulted; no _tx_label match for 'dep' → default to 'Deposit'); status_raw='' → norm='auto'; amount=25.0; currency=USD; date=2016-05-14 — KEEP
[2025-09-02 15:20:53] r=364 → type_raw='Dep' | label=Deposit (defaulted; no _tx_label match for 'dep' → default to 'Deposit'); status_raw='' → norm='auto'; amount=25.0; currency=USD; date=2016-05-14 — KEEP
[2025-09-02 15:20:53] r=365 → type_raw='Dep' | label=Deposit (defaulted; no _tx_label match for 'dep' → default to 'Deposit'); status_raw='' → norm='auto'; amount=15.0; currency=USD; date=2016-05-15 — KEEP
[2025-09-02 15:20:53] r=366 → type_raw='Dep' | label=Deposit (defaulted; no _tx_label match for 'dep' → default to 'Deposit'); status_raw='' → norm='auto'; amount=50.0; currency=USD; date=2016-05-15 — KEEP
[2025-09-02 15:20:53] r=367 → type_raw='Dep' | label=Deposit (defaulted; no _tx_label match for 'dep' → default to 'Deposit'); status_raw='' → norm='auto'; amount=25.0; currency=USD; date=2016-05-15 — KEEP
[2025-09-02 15:20:53] r=368 → type_raw='Dep' | label=Deposit (defaulted; no _tx_label match for 'dep' → default to 'Deposit'); status_raw='' → norm='auto'; amount=25.0; currency=USD; date=2016-05-15 — KEEP
[2025-09-02 15:20:53] r=369 → type_raw='Dep' | label=Deposit (defaulted; no _tx_label match for 'dep' → default to 'Deposit'); status_raw='' → norm='auto'; amount=25.0; currency=USD; date=2016-05-15 — KEEP
[2025-09-02 15:20:53] r=370 → type_raw='Dep' | label=Deposit (defaulted; no _tx_label match for 'dep' → default to 'Deposit'); status_raw='' → norm='auto'; amount=25.0; currency=USD; date=2016-05-15 — KEEP
[2025-09-02 15:20:53] r=371 → type_raw='Dep' | label=Deposit (defaulted; no _tx_label match for 'dep' → default to 'Deposit'); status_raw='' → norm='auto'; amount=25.0; currency=USD; date=2016-05-15 — KEEP
[2025-09-02 15:20:53] r=372 → type_raw='Dep' | label=Deposit (defaulted; no _tx_label match for 'dep' → default to 'Deposit'); status_raw='' → norm='auto'; amount=100.0; currency=USD; date=2016-05-17 — KEEP
[2025-09-02 15:20:53] r=373 → type_raw='Dep' | label=Deposit (defaulted; no _tx_label match for 'dep' → default to 'Deposit'); status_raw='' → norm='auto'; amount=25.0; currency=USD; date=2016-05-26 — KEEP
[2025-09-02 15:20:53] r=374 → type_raw='Dep' | label=Deposit (defaulted; no _tx_label match for 'dep' → default to 'Deposit'); status_raw='' → norm='auto'; amount=35.0; currency=USD; date=2016-05-27 — KEEP
[2025-09-02 15:20:53] r=375 → type_raw='Dep' | label=Deposit (defaulted; no _tx_label match for 'dep' → default to 'Deposit'); status_raw='' → norm='auto'; amount=50.0; currency=USD; date=2016-05-27 — KEEP
[2025-09-02 15:20:53] r=376 → type_raw='Dep' | label=Deposit (defaulted; no _tx_label match for 'dep' → default to 'Deposit'); status_raw='' → norm='auto'; amount=50.0; currency=USD; date=2016-05-28 — KEEP
[2025-09-02 15:20:53] r=377 → type_raw='Dep' | label=Deposit (defaulted; no _tx_label match for 'dep' → default to 'Deposit'); status_raw='' → norm='auto'; amount=50.0; currency=USD; date=2016-05-29 — KEEP
[2025-09-02 15:20:53] r=378 → type_raw='Dep' | label=Deposit (defaulted; no _tx_label match for 'dep' → default to 'Deposit'); status_raw='' → norm='auto'; amount=50.0; currency=USD; date=2016-05-30 — KEEP
[2025-09-02 15:20:53] r=379 → type_raw='Dep' | label=Deposit (defaulted; no _tx_label match for 'dep' → default to 'Deposit'); status_raw='' → norm='auto'; amount=50.0; currency=USD; date=2016-05-31 — KEEP
[2025-09-02 15:20:53] r=380 → type_raw='Dep' | label=Deposit (defaulted; no _tx_label match for 'dep' → default to 'Deposit'); status_raw='' → norm='auto'; amount=250.0; currency=USD; date=2016-05-31 — KEEP
[2025-09-02 15:20:53] r=381 → type_raw='Red' | label=Deposit (defaulted; no _tx_label match for 'red' → default to 'Deposit'); status_raw='' → norm='auto'; amount=30.0; currency=EUR; date=2016-06-02 — KEEP
[2025-09-02 15:20:53] r=382 → type_raw='Dep' | label=Deposit (defaulted; no _tx_label match for 'dep' → default to 'Deposit'); status_raw='' → norm='auto'; amount=26.89; currency=USD; date=2016-06-02 — KEEP
[2025-09-02 15:20:53] r=383 → type_raw='Red' | label=Deposit (defaulted; no _tx_label match for 'red' → default to 'Deposit'); status_raw='' → norm='auto'; amount=26.88; currency=USD; date=2016-06-02 — KEEP
[2025-09-02 15:20:53] r=384 → type_raw='Dep' | label=Deposit (defaulted; no _tx_label match for 'dep' → default to 'Deposit'); status_raw='' → norm='auto'; amount=30.0; currency=EUR; date=2016-06-02 — KEEP
[2025-09-02 15:20:53] r=385 → type_raw='Red' | label=Deposit (defaulted; no _tx_label match for 'red' → default to 'Deposit'); status_raw='' → norm='auto'; amount=53.48; currency=EUR; date=2016-06-02 — KEEP
[2025-09-02 15:20:53] r=386 → type_raw='Dep' | label=Deposit (defaulted; no _tx_label match for 'dep' → default to 'Deposit'); status_raw='' → norm='auto'; amount=47.93; currency=USD; date=2016-06-02 — KEEP
[2025-09-02 15:20:53] r=387 → type_raw='Red' | label=Deposit (defaulted; no _tx_label match for 'red' → default to 'Deposit'); status_raw='' → norm='auto'; amount=402.61; currency=USD; date=2016-06-02 — KEEP
[2025-09-02 15:20:53] r=388 → type_raw='Dep' | label=Deposit (defaulted; no _tx_label match for 'dep' → default to 'Deposit'); status_raw='' → norm='auto'; amount=449.3; currency=EUR; date=2016-06-02 — KEEP
[2025-09-02 15:20:53] r=389 → type_raw='Dep' | label=Deposit (defaulted; no _tx_label match for 'dep' → default to 'Deposit'); status_raw='' → norm='auto'; amount=25.0; currency=USD; date=2016-06-21 — KEEP
[2025-09-02 15:20:53] r=390 → type_raw='Dep' | label=Deposit (defaulted; no _tx_label match for 'dep' → default to 'Deposit'); status_raw='' → norm='auto'; amount=22.33; currency=USD; date=2016-07-07 — KEEP
[2025-09-02 15:20:53] r=391 → type_raw='Dep' | label=Deposit (defaulted; no _tx_label match for 'dep' → default to 'Deposit'); status_raw='' → norm='auto'; amount=1.0; currency=USD; date=2016-07-11 — KEEP
[2025-09-02 15:20:53] r=392 → type_raw='Dep' | label=Deposit (defaulted; no _tx_label match for 'dep' → default to 'Deposit'); status_raw='' → norm='auto'; amount=25.0; currency=USD; date=2016-07-11 — KEEP
[2025-09-02 15:20:53] r=393 → type_raw='Dep' | label=Deposit (defaulted; no _tx_label match for 'dep' → default to 'Deposit'); status_raw='' → norm='auto'; amount=25.0; currency=USD; date=2016-07-11 — KEEP
[2025-09-02 15:20:53] r=394 → type_raw='Dep' | label=Deposit (defaulted; no _tx_label match for 'dep' → default to 'Deposit'); status_raw='' → norm='auto'; amount=50.0; currency=USD; date=2016-07-22 — KEEP
[2025-09-02 15:20:53] r=395 → type_raw='Dep' | label=Deposit (defaulted; no _tx_label match for 'dep' → default to 'Deposit'); status_raw='' → norm='auto'; amount=30.0; currency=USD; date=2016-07-28 — KEEP
[2025-09-02 15:20:53] r=396 → type_raw='Dep' | label=Deposit (defaulted; no _tx_label match for 'dep' → default to 'Deposit'); status_raw='' → norm='auto'; amount=20.0; currency=USD; date=2016-08-03 — KEEP
[2025-09-02 15:20:53] r=397 → type_raw='Dep' | label=Deposit (defaulted; no _tx_label match for 'dep' → default to 'Deposit'); status_raw='' → norm='auto'; amount=10.0; currency=USD; date=2016-08-03 — KEEP
[2025-09-02 15:20:53] r=398 → type_raw='Dep' | label=Deposit (defaulted; no _tx_label match for 'dep' → default to 'Deposit'); status_raw='' → norm='auto'; amount=50.0; currency=USD; date=2016-08-06 — KEEP
[2025-09-02 15:20:53] r=399 → type_raw='Dep' | label=Deposit (defaulted; no _tx_label match for 'dep' → default to 'Deposit'); status_raw='' → norm='auto'; amount=50.0; currency=USD; date=2016-08-06 — KEEP
[2025-09-02 15:20:53] r=400 → type_raw='Dep' | label=Deposit (defaulted; no _tx_label match for 'dep' → default to 'Deposit'); status_raw='' → norm='auto'; amount=45.0; currency=USD; date=2016-08-08 — KEEP
[2025-09-02 15:20:53] r=401 → type_raw='Dep' | label=Deposit (defaulted; no _tx_label match for 'dep' → default to 'Deposit'); status_raw='' → norm='auto'; amount=50.0; currency=USD; date=2016-08-08 — KEEP
[2025-09-02 15:20:53] r=402 → type_raw='Red' | label=Deposit (defaulted; no _tx_label match for 'red' → default to 'Deposit'); status_raw='' → norm='auto'; amount=22.4; currency=EUR; date=2016-08-10 — KEEP
[2025-09-02 15:20:53] r=403 → type_raw='Dep' | label=Deposit (defaulted; no _tx_label match for 'dep' → default to 'Deposit'); status_raw='' → norm='auto'; amount=20.0; currency=USD; date=2016-08-10 — KEEP
[2025-09-02 15:20:53] r=404 → type_raw='Dep' | label=Deposit (defaulted; no _tx_label match for 'dep' → default to 'Deposit'); status_raw='' → norm='auto'; amount=25.0; currency=USD; date=2016-08-10 — KEEP
[2025-09-02 15:20:53] r=405 → type_raw='Dep' | label=Deposit (defaulted; no _tx_label match for 'dep' → default to 'Deposit'); status_raw='' → norm='auto'; amount=1.0; currency=USD; date=2016-08-11 — KEEP
[2025-09-02 15:20:53] r=406 → type_raw='Red' | label=Deposit (defaulted; no _tx_label match for 'red' → default to 'Deposit'); status_raw='' → norm='auto'; amount=2000.69; currency=USD; date=2016-08-11 — KEEP
[2025-09-02 15:20:53] r=407 → type_raw='Dep' | label=Deposit (defaulted; no _tx_label match for 'dep' → default to 'Deposit'); status_raw='' → norm='auto'; amount=2205.0; currency=EUR; date=2016-08-11 — KEEP
[2025-09-02 15:20:53] r=408 → type_raw='Dep' | label=Deposit (defaulted; no _tx_label match for 'dep' → default to 'Deposit'); status_raw='' → norm='auto'; amount=25.0; currency=USD; date=2016-08-11 — KEEP
[2025-09-02 15:20:53] r=409 → type_raw='Dep' | label=Deposit (defaulted; no _tx_label match for 'dep' → default to 'Deposit'); status_raw='' → norm='auto'; amount=25.0; currency=USD; date=2016-08-11 — KEEP
[2025-09-02 15:20:53] r=410 → type_raw='Dep' | label=Deposit (defaulted; no _tx_label match for 'dep' → default to 'Deposit'); status_raw='' → norm='auto'; amount=25.0; currency=USD; date=2016-08-11 — KEEP
[2025-09-02 15:20:53] r=411 → type_raw='Dep' | label=Deposit (defaulted; no _tx_label match for 'dep' → default to 'Deposit'); status_raw='' → norm='auto'; amount=25.0; currency=USD; date=2016-08-11 — KEEP
[2025-09-02 15:20:53] r=412 → type_raw='Dep' | label=Deposit (defaulted; no _tx_label match for 'dep' → default to 'Deposit'); status_raw='' → norm='auto'; amount=25.0; currency=USD; date=2016-08-11 — KEEP
[2025-09-02 15:20:53] r=413 → type_raw='Dep' | label=Deposit (defaulted; no _tx_label match for 'dep' → default to 'Deposit'); status_raw='' → norm='auto'; amount=50.0; currency=USD; date=2016-08-11 — KEEP
[2025-09-02 15:20:53] r=414 → type_raw='Dep' | label=Deposit (defaulted; no _tx_label match for 'dep' → default to 'Deposit'); status_raw='' → norm='auto'; amount=75.0; currency=USD; date=2016-08-11 — KEEP
[2025-09-02 15:20:53] r=415 → type_raw='Dep' | label=Deposit (defaulted; no _tx_label match for 'dep' → default to 'Deposit'); status_raw='' → norm='auto'; amount=50.0; currency=USD; date=2016-08-11 — KEEP
[2025-09-02 15:20:53] r=416 → type_raw='Dep' | label=Deposit (defaulted; no _tx_label match for 'dep' → default to 'Deposit'); status_raw='' → norm='auto'; amount=75.0; currency=USD; date=2016-08-11 — KEEP
[2025-09-02 15:20:53] r=417 → type_raw='Dep' | label=Deposit (defaulted; no _tx_label match for 'dep' → default to 'Deposit'); status_raw='' → norm='auto'; amount=25.0; currency=USD; date=2016-08-11 — KEEP
[2025-09-02 15:20:53] r=418 → type_raw='Dep' | label=Deposit (defaulted; no _tx_label match for 'dep' → default to 'Deposit'); status_raw='' → norm='auto'; amount=50.0; currency=USD; date=2016-08-11 — KEEP
[2025-09-02 15:20:53] r=419 → type_raw='Dep' | label=Deposit (defaulted; no _tx_label match for 'dep' → default to 'Deposit'); status_raw='' → norm='auto'; amount=25.0; currency=USD; date=2016-08-11 — KEEP
[2025-09-02 15:20:53] r=420 → type_raw='Dep' | label=Deposit (defaulted; no _tx_label match for 'dep' → default to 'Deposit'); status_raw='' → norm='auto'; amount=50.0; currency=USD; date=2016-08-22 — KEEP
[2025-09-02 15:20:53] r=421 → type_raw='Dep' | label=Deposit (defaulted; no _tx_label match for 'dep' → default to 'Deposit'); status_raw='' → norm='auto'; amount=50.14; currency=USD; date=2016-08-22 — KEEP
[2025-09-02 15:20:53] r=422 → type_raw='Dep' | label=Deposit (defaulted; no _tx_label match for 'dep' → default to 'Deposit'); status_raw='' → norm='auto'; amount=20.0; currency=USD; date=2016-08-25 — KEEP
[2025-09-02 15:20:53] r=423 → type_raw='Dep' | label=Deposit (defaulted; no _tx_label match for 'dep' → default to 'Deposit'); status_raw='' → norm='auto'; amount=20.0; currency=USD; date=2016-08-25 — KEEP
[2025-09-02 15:20:53] r=424 → type_raw='Dep' | label=Deposit (defaulted; no _tx_label match for 'dep' → default to 'Deposit'); status_raw='' → norm='auto'; amount=18.0; currency=USD; date=2016-08-25 — KEEP
[2025-09-02 15:20:53] r=425 → type_raw='Dep' | label=Deposit (defaulted; no _tx_label match for 'dep' → default to 'Deposit'); status_raw='' → norm='auto'; amount=16.0; currency=USD; date=2016-08-25 — KEEP
[2025-09-02 15:20:53] r=426 → type_raw='Dep' | label=Deposit (defaulted; no _tx_label match for 'dep' → default to 'Deposit'); status_raw='' → norm='auto'; amount=50.0; currency=USD; date=2016-08-25 — KEEP
[2025-09-02 15:20:53] r=427 → type_raw='Dep' | label=Deposit (defaulted; no _tx_label match for 'dep' → default to 'Deposit'); status_raw='' → norm='auto'; amount=25.0; currency=USD; date=2016-08-25 — KEEP
[2025-09-02 15:20:53] r=428 → type_raw='Dep' | label=Deposit (defaulted; no _tx_label match for 'dep' → default to 'Deposit'); status_raw='' → norm='auto'; amount=50.0; currency=USD; date=2016-08-25 — KEEP
[2025-09-02 15:20:53] r=429 → type_raw='Dep' | label=Deposit (defaulted; no _tx_label match for 'dep' → default to 'Deposit'); status_raw='' → norm='auto'; amount=25.0; currency=USD; date=2016-08-25 — KEEP
[2025-09-02 15:20:53] r=430 → type_raw='Dep' | label=Deposit (defaulted; no _tx_label match for 'dep' → default to 'Deposit'); status_raw='' → norm='auto'; amount=25.0; currency=USD; date=2016-08-25 — KEEP
[2025-09-02 15:20:53] r=431 → type_raw='Dep' | label=Deposit (defaulted; no _tx_label match for 'dep' → default to 'Deposit'); status_raw='' → norm='auto'; amount=25.0; currency=USD; date=2016-08-25 — KEEP
[2025-09-02 15:20:53] r=432 → type_raw='Dep' | label=Deposit (defaulted; no _tx_label match for 'dep' → default to 'Deposit'); status_raw='' → norm='auto'; amount=25.0; currency=USD; date=2016-08-25 — KEEP
[2025-09-02 15:20:53] r=433 → type_raw='Dep' | label=Deposit (defaulted; no _tx_label match for 'dep' → default to 'Deposit'); status_raw='' → norm='auto'; amount=23.42; currency=USD; date=2016-08-29 — KEEP
[2025-09-02 15:20:53] r=434 → type_raw='Dep' | label=Deposit (defaulted; no _tx_label match for 'dep' → default to 'Deposit'); status_raw='' → norm='auto'; amount=25.0; currency=USD; date=2016-08-31 — KEEP
[2025-09-02 15:20:53] r=435 → type_raw='Dep' | label=Deposit (defaulted; no _tx_label match for 'dep' → default to 'Deposit'); status_raw='' → norm='auto'; amount=20.0; currency=USD; date=2016-09-04 — KEEP
[2025-09-02 15:20:53] r=436 → type_raw='Dep' | label=Deposit (defaulted; no _tx_label match for 'dep' → default to 'Deposit'); status_raw='' → norm='auto'; amount=11.0; currency=USD; date=2016-09-04 — KEEP
[2025-09-02 15:20:53] r=437 → type_raw='Dep' | label=Deposit (defaulted; no _tx_label match for 'dep' → default to 'Deposit'); status_raw='' → norm='auto'; amount=1.0; currency=USD; date=2016-09-11 — KEEP
[2025-09-02 15:20:53] r=438 → type_raw='Dep' | label=Deposit (defaulted; no _tx_label match for 'dep' → default to 'Deposit'); status_raw='' → norm='auto'; amount=50.0; currency=USD; date=2016-09-11 — KEEP
[2025-09-02 15:20:53] r=439 → type_raw='Dep' | label=Deposit (defaulted; no _tx_label match for 'dep' → default to 'Deposit'); status_raw='' → norm='auto'; amount=25.0; currency=USD; date=2016-09-11 — KEEP
[2025-09-02 15:20:53] r=440 → type_raw='Dep' | label=Deposit (defaulted; no _tx_label match for 'dep' → default to 'Deposit'); status_raw='' → norm='auto'; amount=25.0; currency=USD; date=2016-09-11 — KEEP
[2025-09-02 15:20:53] r=441 → type_raw='Dep' | label=Deposit (defaulted; no _tx_label match for 'dep' → default to 'Deposit'); status_raw='' → norm='auto'; amount=121.0; currency=USD; date=2016-09-11 — KEEP
[2025-09-02 15:20:53] r=442 → type_raw='Dep' | label=Deposit (defaulted; no _tx_label match for 'dep' → default to 'Deposit'); status_raw='' → norm='auto'; amount=10.0; currency=USD; date=2016-10-04 — KEEP
[2025-09-02 15:20:53] r=443 → type_raw='Dep' | label=Deposit (defaulted; no _tx_label match for 'dep' → default to 'Deposit'); status_raw='' → norm='auto'; amount=25.0; currency=USD; date=2016-10-05 — KEEP
[2025-09-02 15:20:53] r=444 → type_raw='Dep' | label=Deposit (defaulted; no _tx_label match for 'dep' → default to 'Deposit'); status_raw='' → norm='auto'; amount=50.0; currency=USD; date=2016-10-11 — KEEP
[2025-09-02 15:20:53] r=445 → type_raw='Dep' | label=Deposit (defaulted; no _tx_label match for 'dep' → default to 'Deposit'); status_raw='' → norm='auto'; amount=25.0; currency=USD; date=2016-10-13 — KEEP
[2025-09-02 15:20:53] r=446 → type_raw='Dep' | label=Deposit (defaulted; no _tx_label match for 'dep' → default to 'Deposit'); status_raw='' → norm='auto'; amount=11.0; currency=USD; date=2016-10-20 — KEEP
[2025-09-02 15:20:53] r=447 → type_raw='Dep' | label=Deposit (defaulted; no _tx_label match for 'dep' → default to 'Deposit'); status_raw='' → norm='auto'; amount=25.0; currency=USD; date=2016-10-21 — KEEP
[2025-09-02 15:20:53] r=448 → type_raw='Dep' | label=Deposit (defaulted; no _tx_label match for 'dep' → default to 'Deposit'); status_raw='' → norm='auto'; amount=25.0; currency=USD; date=2016-10-31 — KEEP
[2025-09-02 15:20:53] r=449 → type_raw='Dep' | label=Deposit (defaulted; no _tx_label match for 'dep' → default to 'Deposit'); status_raw='' → norm='auto'; amount=10.0; currency=USD; date=2016-11-03 — KEEP
[2025-09-02 15:20:53] r=450 → type_raw='Dep' | label=Deposit (defaulted; no _tx_label match for 'dep' → default to 'Deposit'); status_raw='' → norm='auto'; amount=15.0; currency=USD; date=2016-11-03 — KEEP
[2025-09-02 15:20:53] r=451 → type_raw='Dep' | label=Deposit (defaulted; no _tx_label match for 'dep' → default to 'Deposit'); status_raw='' → norm='auto'; amount=25.0; currency=USD; date=2016-11-06 — KEEP
[2025-09-02 15:20:53] r=452 → type_raw='Dep' | label=Deposit (defaulted; no _tx_label match for 'dep' → default to 'Deposit'); status_raw='' → norm='auto'; amount=25.0; currency=USD; date=2016-11-06 — KEEP
[2025-09-02 15:20:53] r=453 → type_raw='Dep' | label=Deposit (defaulted; no _tx_label match for 'dep' → default to 'Deposit'); status_raw='' → norm='auto'; amount=20.0; currency=USD; date=2016-11-07 — KEEP
[2025-09-02 15:20:53] r=454 → type_raw='Dep' | label=Deposit (defaulted; no _tx_label match for 'dep' → default to 'Deposit'); status_raw='' → norm='auto'; amount=20.0; currency=USD; date=2016-11-07 — KEEP
[2025-09-02 15:20:53] r=455 → type_raw='Dep' | label=Deposit (defaulted; no _tx_label match for 'dep' → default to 'Deposit'); status_raw='' → norm='auto'; amount=690.0; currency=USD; date=2016-11-17 — KEEP
[2025-09-02 15:20:53] r=456 → type_raw='Dep' | label=Deposit (defaulted; no _tx_label match for 'dep' → default to 'Deposit'); status_raw='' → norm='auto'; amount=25.0; currency=USD; date=2016-11-26 — KEEP
[2025-09-02 15:20:53] r=457 → type_raw='Dep' | label=Deposit (defaulted; no _tx_label match for 'dep' → default to 'Deposit'); status_raw='' → norm='auto'; amount=250.0; currency=USD; date=2016-12-02 — KEEP
[2025-09-02 15:20:53] r=458 → type_raw='Red' | label=Deposit (defaulted; no _tx_label match for 'red' → default to 'Deposit'); status_raw='' → norm='auto'; amount=1555.4; currency=USD; date=2016-12-02 — KEEP
[2025-09-02 15:20:53] r=459 → type_raw='Dep' | label=Deposit (defaulted; no _tx_label match for 'dep' → default to 'Deposit'); status_raw='' → norm='auto'; amount=1750.31; currency=EUR; date=2016-12-02 — KEEP
[2025-09-02 15:20:53] r=460 → type_raw='Dep' | label=Deposit (defaulted; no _tx_label match for 'dep' → default to 'Deposit'); status_raw='' → norm='auto'; amount=10.0; currency=USD; date=2016-12-02 — KEEP
[2025-09-02 15:20:53] r=461 → type_raw='Dep' | label=Deposit (defaulted; no _tx_label match for 'dep' → default to 'Deposit'); status_raw='' → norm='auto'; amount=274.0; currency=USD; date=2016-12-02 — KEEP
[2025-09-02 15:20:53] r=462 → type_raw='Dep' | label=Deposit (defaulted; no _tx_label match for 'dep' → default to 'Deposit'); status_raw='' → norm='auto'; amount=10.0; currency=USD; date=2016-12-03 — KEEP
[2025-09-02 15:20:53] r=463 → type_raw='Dep' | label=Deposit (defaulted; no _tx_label match for 'dep' → default to 'Deposit'); status_raw='' → norm='auto'; amount=15.0; currency=USD; date=2016-12-03 — KEEP
[2025-09-02 15:20:53] r=464 → type_raw='Dep' | label=Deposit (defaulted; no _tx_label match for 'dep' → default to 'Deposit'); status_raw='' → norm='auto'; amount=10.0; currency=USD; date=2016-12-03 — KEEP
[2025-09-02 15:20:53] r=465 → type_raw='Dep' | label=Deposit (defaulted; no _tx_label match for 'dep' → default to 'Deposit'); status_raw='' → norm='auto'; amount=25.0; currency=USD; date=2016-12-05 — KEEP
[2025-09-02 15:20:53] r=466 → type_raw='Dep' | label=Deposit (defaulted; no _tx_label match for 'dep' → default to 'Deposit'); status_raw='' → norm='auto'; amount=25.0; currency=USD; date=2016-12-10 — KEEP
[2025-09-02 15:20:53] r=467 → type_raw='Dep' | label=Deposit (defaulted; no _tx_label match for 'dep' → default to 'Deposit'); status_raw='' → norm='auto'; amount=25.0; currency=USD; date=2017-01-25 — KEEP
[2025-09-02 15:20:53] r=468 → type_raw='Dep' | label=Deposit (defaulted; no _tx_label match for 'dep' → default to 'Deposit'); status_raw='' → norm='auto'; amount=25.0; currency=USD; date=2017-01-25 — KEEP
[2025-09-02 15:20:53] r=469 → type_raw='Dep' | label=Deposit (defaulted; no _tx_label match for 'dep' → default to 'Deposit'); status_raw='' → norm='auto'; amount=200.0; currency=USD; date=2017-01-25 — KEEP
[2025-09-02 15:20:53] r=470 → type_raw='Dep' | label=Deposit (defaulted; no _tx_label match for 'dep' → default to 'Deposit'); status_raw='' → norm='auto'; amount=30.0; currency=USD; date=2017-01-26 — KEEP
[2025-09-02 15:20:53] r=471 → type_raw='Dep' | label=Deposit (defaulted; no _tx_label match for 'dep' → default to 'Deposit'); status_raw='' → norm='auto'; amount=30.0; currency=USD; date=2017-01-26 — KEEP
[2025-09-02 15:20:53] r=472 → type_raw='Dep' | label=Deposit (defaulted; no _tx_label match for 'dep' → default to 'Deposit'); status_raw='' → norm='auto'; amount=80.0; currency=USD; date=2017-01-26 — KEEP
[2025-09-02 15:20:53] r=473 → type_raw='Red' | label=Deposit (defaulted; no _tx_label match for 'red' → default to 'Deposit'); status_raw='' → norm='auto'; amount=169.63; currency=USD; date=2017-01-28 — KEEP
[2025-09-02 15:20:53] r=474 → type_raw='Dep' | label=Deposit (defaulted; no _tx_label match for 'dep' → default to 'Deposit'); status_raw='' → norm='auto'; amount=181.47; currency=EUR; date=2017-01-28 — KEEP
[2025-09-02 15:20:53] r=475 → type_raw='Dep' | label=Deposit (defaulted; no _tx_label match for 'dep' → default to 'Deposit'); status_raw='' → norm='auto'; amount=26.0; currency=USD; date=2017-01-29 — KEEP
[2025-09-02 15:20:53] r=476 → type_raw='Dep' | label=Deposit (defaulted; no _tx_label match for 'dep' → default to 'Deposit'); status_raw='' → norm='auto'; amount=200.0; currency=USD; date=2017-02-04 — KEEP
[2025-09-02 15:20:53] r=477 → type_raw='Dep' | label=Deposit (defaulted; no _tx_label match for 'dep' → default to 'Deposit'); status_raw='' → norm='auto'; amount=15.0; currency=USD; date=2017-03-04 — KEEP
[2025-09-02 15:20:53] r=478 → type_raw='Dep' | label=Deposit (defaulted; no _tx_label match for 'dep' → default to 'Deposit'); status_raw='' → norm='auto'; amount=15.0; currency=USD; date=2017-03-04 — KEEP
[2025-09-02 15:20:53] r=479 → type_raw='Dep' | label=Deposit (defaulted; no _tx_label match for 'dep' → default to 'Deposit'); status_raw='' → norm='auto'; amount=15.0; currency=USD; date=2017-03-04 — KEEP
[2025-09-02 15:20:53] r=480 → type_raw='Dep' | label=Deposit (defaulted; no _tx_label match for 'dep' → default to 'Deposit'); status_raw='' → norm='auto'; amount=50.0; currency=USD; date=2017-03-05 — KEEP
[2025-09-02 15:20:53] r=481 → type_raw='Dep' | label=Deposit (defaulted; no _tx_label match for 'dep' → default to 'Deposit'); status_raw='' → norm='auto'; amount=25.0; currency=USD; date=2017-03-05 — KEEP
[2025-09-02 15:20:53] r=482 → type_raw='Dep' | label=Deposit (defaulted; no _tx_label match for 'dep' → default to 'Deposit'); status_raw='' → norm='auto'; amount=20.0; currency=USD; date=2017-03-17 — KEEP
[2025-09-02 15:20:53] r=483 → type_raw='Dep' | label=Deposit (defaulted; no _tx_label match for 'dep' → default to 'Deposit'); status_raw='' → norm='auto'; amount=21.0; currency=USD; date=2017-03-17 — KEEP
[2025-09-02 15:20:53] r=484 → type_raw='Dep' | label=Deposit (defaulted; no _tx_label match for 'dep' → default to 'Deposit'); status_raw='' → norm='auto'; amount=10.0; currency=USD; date=2017-03-17 — KEEP
[2025-09-02 15:20:53] r=485 → type_raw='Dep' | label=Deposit (defaulted; no _tx_label match for 'dep' → default to 'Deposit'); status_raw='' → norm='auto'; amount=10.0; currency=USD; date=2017-03-20 — KEEP
[2025-09-02 15:20:53] r=486 → type_raw='Dep' | label=Deposit (defaulted; no _tx_label match for 'dep' → default to 'Deposit'); status_raw='' → norm='auto'; amount=20.0; currency=USD; date=2017-04-04 — KEEP
[2025-09-02 15:20:53] r=487 → type_raw='Dep' | label=Deposit (defaulted; no _tx_label match for 'dep' → default to 'Deposit'); status_raw='' → norm='auto'; amount=11.0; currency=USD; date=2017-04-22 — KEEP
[2025-09-02 15:20:53] r=488 → type_raw='Dep' | label=Deposit (defaulted; no _tx_label match for 'dep' → default to 'Deposit'); status_raw='' → norm='auto'; amount=20.0; currency=USD; date=2017-04-22 — KEEP
[2025-09-02 15:20:53] r=489 → type_raw='Dep' | label=Deposit (defaulted; no _tx_label match for 'dep' → default to 'Deposit'); status_raw='' → norm='auto'; amount=18.0; currency=USD; date=2017-04-22 — KEEP
[2025-09-02 15:20:53] r=490 → type_raw='Dep' | label=Deposit (defaulted; no _tx_label match for 'dep' → default to 'Deposit'); status_raw='' → norm='auto'; amount=60.0; currency=USD; date=2017-04-24 — KEEP
[2025-09-02 15:20:53] r=491 → type_raw='Dep' | label=Deposit (defaulted; no _tx_label match for 'dep' → default to 'Deposit'); status_raw='' → norm='auto'; amount=50.0; currency=USD; date=2017-04-30 — KEEP
[2025-09-02 15:20:53] r=492 → type_raw='Dep' | label=Deposit (defaulted; no _tx_label match for 'dep' → default to 'Deposit'); status_raw='' → norm='auto'; amount=12.0; currency=USD; date=2017-05-02 — KEEP
[2025-09-02 15:20:53] r=493 → type_raw='Dep' | label=Deposit (defaulted; no _tx_label match for 'dep' → default to 'Deposit'); status_raw='' → norm='auto'; amount=22.0; currency=USD; date=2017-05-02 — KEEP
[2025-09-02 15:20:53] r=494 → type_raw='Dep' | label=Deposit (defaulted; no _tx_label match for 'dep' → default to 'Deposit'); status_raw='' → norm='auto'; amount=15.0; currency=USD; date=2017-05-02 — KEEP
[2025-09-02 15:20:53] r=495 → type_raw='Dep' | label=Deposit (defaulted; no _tx_label match for 'dep' → default to 'Deposit'); status_raw='' → norm='auto'; amount=15.0; currency=USD; date=2017-05-02 — KEEP
[2025-09-02 15:20:54] r=496 → type_raw='Dep' | label=Deposit (defaulted; no _tx_label match for 'dep' → default to 'Deposit'); status_raw='' → norm='auto'; amount=12.0; currency=USD; date=2017-05-02 — KEEP
[2025-09-02 15:20:54] r=497 → type_raw='Dep' | label=Deposit (defaulted; no _tx_label match for 'dep' → default to 'Deposit'); status_raw='' → norm='auto'; amount=12.0; currency=USD; date=2017-05-02 — KEEP
[2025-09-02 15:20:54] r=498 → type_raw='Dep' | label=Deposit (defaulted; no _tx_label match for 'dep' → default to 'Deposit'); status_raw='' → norm='auto'; amount=15.0; currency=USD; date=2017-05-03 — KEEP
[2025-09-02 15:20:54] r=499 → type_raw='Dep' | label=Deposit (defaulted; no _tx_label match for 'dep' → default to 'Deposit'); status_raw='' → norm='auto'; amount=10.0; currency=USD; date=2017-05-04 — KEEP
[2025-09-02 15:20:54] r=500 → type_raw='Dep' | label=Deposit (defaulted; no _tx_label match for 'dep' → default to 'Deposit'); status_raw='' → norm='auto'; amount=10.0; currency=USD; date=2017-05-04 — KEEP
[2025-09-02 15:20:54] r=501 → type_raw='Dep' | label=Deposit (defaulted; no _tx_label match for 'dep' → default to 'Deposit'); status_raw='' → norm='auto'; amount=10.0; currency=USD; date=2017-05-04 — KEEP
[2025-09-02 15:20:54] r=502 → type_raw='Dep' | label=Deposit (defaulted; no _tx_label match for 'dep' → default to 'Deposit'); status_raw='' → norm='auto'; amount=210.0; currency=USD; date=2017-05-04 — KEEP
[2025-09-02 15:20:54] r=503 → type_raw='Dep' | label=Deposit (defaulted; no _tx_label match for 'dep' → default to 'Deposit'); status_raw='' → norm='auto'; amount=22.0; currency=USD; date=2017-05-13 — KEEP
[2025-09-02 15:20:54] r=504 → type_raw='Dep' | label=Deposit (defaulted; no _tx_label match for 'dep' → default to 'Deposit'); status_raw='' → norm='auto'; amount=10.0; currency=USD; date=2017-05-13 — KEEP
[2025-09-02 15:20:54] r=505 → type_raw='Dep' | label=Deposit (defaulted; no _tx_label match for 'dep' → default to 'Deposit'); status_raw='' → norm='auto'; amount=11.0; currency=USD; date=2017-05-14 — KEEP
[2025-09-02 15:20:54] r=506 → type_raw='Dep' | label=Deposit (defaulted; no _tx_label match for 'dep' → default to 'Deposit'); status_raw='' → norm='auto'; amount=20.0; currency=USD; date=2017-05-14 — KEEP
[2025-09-02 15:20:54] r=507 → type_raw='Dep' | label=Deposit (defaulted; no _tx_label match for 'dep' → default to 'Deposit'); status_raw='' → norm='auto'; amount=15.0; currency=USD; date=2017-05-14 — KEEP
[2025-09-02 15:20:54] r=508 → type_raw='Dep' | label=Deposit (defaulted; no _tx_label match for 'dep' → default to 'Deposit'); status_raw='' → norm='auto'; amount=25.0; currency=USD; date=2017-05-15 — KEEP
[2025-09-02 15:20:54] r=509 → type_raw='Dep' | label=Deposit (defaulted; no _tx_label match for 'dep' → default to 'Deposit'); status_raw='' → norm='auto'; amount=25.0; currency=USD; date=2017-05-15 — KEEP
[2025-09-02 15:20:54] r=510 → type_raw='Dep' | label=Deposit (defaulted; no _tx_label match for 'dep' → default to 'Deposit'); status_raw='' → norm='auto'; amount=38.0; currency=USD; date=2017-05-15 — KEEP
[2025-09-02 15:20:54] r=511 → type_raw='Dep' | label=Deposit (defaulted; no _tx_label match for 'dep' → default to 'Deposit'); status_raw='' → norm='auto'; amount=40.0; currency=USD; date=2017-05-15 — KEEP
[2025-09-02 15:20:54] r=512 → type_raw='Dep' | label=Deposit (defaulted; no _tx_label match for 'dep' → default to 'Deposit'); status_raw='' → norm='auto'; amount=105.0; currency=USD; date=2017-05-15 — KEEP
[2025-09-02 15:20:54] r=513 → type_raw='Dep' | label=Deposit (defaulted; no _tx_label match for 'dep' → default to 'Deposit'); status_raw='' → norm='auto'; amount=105.0; currency=USD; date=2017-05-15 — KEEP
[2025-09-02 15:20:54] r=514 → type_raw='Dep' | label=Deposit (defaulted; no _tx_label match for 'dep' → default to 'Deposit'); status_raw='' → norm='auto'; amount=75.0; currency=USD; date=2017-05-15 — KEEP
[2025-09-02 15:20:54] r=515 → type_raw='Dep' | label=Deposit (defaulted; no _tx_label match for 'dep' → default to 'Deposit'); status_raw='' → norm='auto'; amount=10.0; currency=USD; date=2017-06-03 — KEEP
[2025-09-02 15:20:54] r=516 → type_raw='Dep' | label=Deposit (defaulted; no _tx_label match for 'dep' → default to 'Deposit'); status_raw='' → norm='auto'; amount=40.0; currency=USD; date=2017-06-04 — KEEP
[2025-09-02 15:20:54] r=517 → type_raw='Dep' | label=Deposit (defaulted; no _tx_label match for 'dep' → default to 'Deposit'); status_raw='' → norm='auto'; amount=32.0; currency=USD; date=2017-06-04 — KEEP
[2025-09-02 15:20:54] r=518 → type_raw='Dep' | label=Deposit (defaulted; no _tx_label match for 'dep' → default to 'Deposit'); status_raw='' → norm='auto'; amount=50.0; currency=USD; date=2017-06-04 — KEEP
[2025-09-02 15:20:54] r=519 → type_raw='Dep' | label=Deposit (defaulted; no _tx_label match for 'dep' → default to 'Deposit'); status_raw='' → norm='auto'; amount=10.0; currency=USD; date=2017-07-04 — KEEP
[2025-09-02 15:20:54] r=520 → type_raw='Dep' | label=Deposit (defaulted; no _tx_label match for 'dep' → default to 'Deposit'); status_raw='' → norm='auto'; amount=10.0; currency=USD; date=2017-07-04 — KEEP
[2025-09-02 15:20:54] r=521 → type_raw='Dep' | label=Deposit (defaulted; no _tx_label match for 'dep' → default to 'Deposit'); status_raw='' → norm='auto'; amount=30.0; currency=USD; date=2017-07-04 — KEEP
[2025-09-02 15:20:54] r=522 → type_raw='Dep' | label=Deposit (defaulted; no _tx_label match for 'dep' → default to 'Deposit'); status_raw='' → norm='auto'; amount=130.0; currency=USD; date=2017-07-04 — KEEP
[2025-09-02 15:20:54] r=523 → type_raw='Dep' | label=Deposit (defaulted; no _tx_label match for 'dep' → default to 'Deposit'); status_raw='' → norm='auto'; amount=60.0; currency=USD; date=2017-07-04 — KEEP
[2025-09-02 15:20:54] r=524 → type_raw='Dep' | label=Deposit (defaulted; no _tx_label match for 'dep' → default to 'Deposit'); status_raw='' → norm='auto'; amount=60.0; currency=USD; date=2017-07-04 — KEEP
[2025-09-02 15:20:54] r=525 → type_raw='Dep' | label=Deposit (defaulted; no _tx_label match for 'dep' → default to 'Deposit'); status_raw='' → norm='auto'; amount=26.0; currency=USD; date=2017-12-05 — KEEP
[2025-09-02 15:20:54] r=526 → type_raw='Dep' | label=Deposit (defaulted; no _tx_label match for 'dep' → default to 'Deposit'); status_raw='' → norm='auto'; amount=25.0; currency=USD; date=2017-12-05 — KEEP
[2025-09-02 15:20:54] r=527 → type_raw='Dep' | label=Deposit (defaulted; no _tx_label match for 'dep' → default to 'Deposit'); status_raw='' → norm='auto'; amount=25.0; currency=USD; date=2017-12-05 — KEEP
[2025-09-02 15:20:54] r=528 → type_raw='Dep' | label=Deposit (defaulted; no _tx_label match for 'dep' → default to 'Deposit'); status_raw='' → norm='auto'; amount=100.0; currency=USD; date=2018-02-08 — KEEP
[2025-09-02 15:20:54] r=529 → type_raw='Dep' | label=Deposit (defaulted; no _tx_label match for 'dep' → default to 'Deposit'); status_raw='' → norm='auto'; amount=100.0; currency=USD; date=2018-02-08 — KEEP
[2025-09-02 15:20:54] r=530 → type_raw='Dep' | label=Deposit (defaulted; no _tx_label match for 'dep' → default to 'Deposit'); status_raw='' → norm='auto'; amount=100.0; currency=USD; date=2018-02-11 — KEEP
[2025-09-02 15:20:54] r=531 → type_raw='Dep' | label=Deposit (defaulted; no _tx_label match for 'dep' → default to 'Deposit'); status_raw='' → norm='auto'; amount=20.0; currency=USD; date=2018-03-24 — KEEP
[2025-09-02 15:20:54] r=532 → type_raw='Dep' | label=Deposit (defaulted; no _tx_label match for 'dep' → default to 'Deposit'); status_raw='' → norm='auto'; amount=50.0; currency=USD; date=2018-03-24 — KEEP
[2025-09-02 15:20:54] r=533 → type_raw='Dep' | label=Deposit (defaulted; no _tx_label match for 'dep' → default to 'Deposit'); status_raw='' → norm='auto'; amount=40.0; currency=USD; date=2018-03-25 — KEEP
[2025-09-02 15:20:54] r=534 → type_raw='Dep' | label=Deposit (defaulted; no _tx_label match for 'dep' → default to 'Deposit'); status_raw='' → norm='auto'; amount=20.0; currency=USD; date=2018-04-18 — KEEP
[2025-09-02 15:20:54] r=535 → type_raw='Dep' | label=Deposit (defaulted; no _tx_label match for 'dep' → default to 'Deposit'); status_raw='' → norm='auto'; amount=50.0; currency=USD; date=2018-04-22 — KEEP
[2025-09-02 15:20:54] r=536 → type_raw='Dep' | label=Deposit (defaulted; no _tx_label match for 'dep' → default to 'Deposit'); status_raw='' → norm='auto'; amount=180.0; currency=USD; date=2018-04-22 — KEEP
[2025-09-02 15:20:54] r=537 → type_raw='Dep' | label=Deposit (defaulted; no _tx_label match for 'dep' → default to 'Deposit'); status_raw='' → norm='auto'; amount=180.0; currency=USD; date=2018-04-22 — KEEP
[2025-09-02 15:20:54] r=538 → type_raw='Dep' | label=Deposit (defaulted; no _tx_label match for 'dep' → default to 'Deposit'); status_raw='' → norm='auto'; amount=20.0; currency=USD; date=2018-04-22 — KEEP
[2025-09-02 15:20:54] r=539 → type_raw='Dep' | label=Deposit (defaulted; no _tx_label match for 'dep' → default to 'Deposit'); status_raw='' → norm='auto'; amount=200.0; currency=USD; date=2018-04-22 — KEEP
[2025-09-02 15:20:54] r=540 → type_raw='Dep' | label=Deposit (defaulted; no _tx_label match for 'dep' → default to 'Deposit'); status_raw='' → norm='auto'; amount=50.0; currency=USD; date=2018-04-23 — KEEP
[2025-09-02 15:20:54] r=541 → type_raw='Dep' | label=Deposit (defaulted; no _tx_label match for 'dep' → default to 'Deposit'); status_raw='' → norm='auto'; amount=32.0; currency=USD; date=2018-04-23 — KEEP
[2025-09-02 15:20:54] r=542 → type_raw='Dep' | label=Deposit (defaulted; no _tx_label match for 'dep' → default to 'Deposit'); status_raw='' → norm='auto'; amount=100.0; currency=USD; date=2018-04-23 — KEEP
[2025-09-02 15:20:54] r=543 → type_raw='Dep' | label=Deposit (defaulted; no _tx_label match for 'dep' → default to 'Deposit'); status_raw='' → norm='auto'; amount=30.0; currency=USD; date=2018-04-28 — KEEP
[2025-09-02 15:20:54] r=544 → type_raw='Dep' | label=Deposit (defaulted; no _tx_label match for 'dep' → default to 'Deposit'); status_raw='' → norm='auto'; amount=10.0; currency=USD; date=2018-05-13 — KEEP
[2025-09-02 15:20:54] r=545 → type_raw='Dep' | label=Deposit (defaulted; no _tx_label match for 'dep' → default to 'Deposit'); status_raw='' → norm='auto'; amount=11.0; currency=USD; date=2018-05-15 — KEEP
[2025-09-02 15:20:54] r=546 → type_raw='Dep' | label=Deposit (defaulted; no _tx_label match for 'dep' → default to 'Deposit'); status_raw='' → norm='auto'; amount=17.0; currency=USD; date=2018-05-17 — KEEP
[2025-09-02 15:20:54] r=547 → type_raw='Dep' | label=Deposit (defaulted; no _tx_label match for 'dep' → default to 'Deposit'); status_raw='' → norm='auto'; amount=10.0; currency=USD; date=2018-05-20 — KEEP
[2025-09-02 15:20:54] r=548 → type_raw='Dep' | label=Deposit (defaulted; no _tx_label match for 'dep' → default to 'Deposit'); status_raw='' → norm='auto'; amount=10.0; currency=USD; date=2018-05-20 — KEEP
[2025-09-02 15:20:54] r=549 → type_raw='Dep' | label=Deposit (defaulted; no _tx_label match for 'dep' → default to 'Deposit'); status_raw='' → norm='auto'; amount=20.0; currency=USD; date=2018-06-04 — KEEP
[2025-09-02 15:20:54] r=550 → type_raw='Dep' | label=Deposit (defaulted; no _tx_label match for 'dep' → default to 'Deposit'); status_raw='' → norm='auto'; amount=20.0; currency=USD; date=2018-06-04 — KEEP
[2025-09-02 15:20:54] r=551 → type_raw='Dep' | label=Deposit (defaulted; no _tx_label match for 'dep' → default to 'Deposit'); status_raw='' → norm='auto'; amount=15.0; currency=USD; date=2018-06-04 — KEEP
[2025-09-02 15:20:54] r=552 → type_raw='Dep' | label=Deposit (defaulted; no _tx_label match for 'dep' → default to 'Deposit'); status_raw='' → norm='auto'; amount=10.0; currency=USD; date=2018-06-05 — KEEP
[2025-09-02 15:20:54] r=553 → type_raw='Dep' | label=Deposit (defaulted; no _tx_label match for 'dep' → default to 'Deposit'); status_raw='' → norm='auto'; amount=30.0; currency=USD; date=2018-07-04 — KEEP
[2025-09-02 15:20:54] r=554 → type_raw='Dep' | label=Deposit (defaulted; no _tx_label match for 'dep' → default to 'Deposit'); status_raw='' → norm='auto'; amount=100.0; currency=USD; date=2018-07-04 — KEEP
[2025-09-02 15:20:54] r=555 → type_raw='Dep' | label=Deposit (defaulted; no _tx_label match for 'dep' → default to 'Deposit'); status_raw='' → norm='auto'; amount=122.0; currency=USD; date=2018-07-07 — KEEP
[2025-09-02 15:20:54] r=556 → type_raw='Dep' | label=Deposit (defaulted; no _tx_label match for 'dep' → default to 'Deposit'); status_raw='' → norm='auto'; amount=250.0; currency=USD; date=2018-07-22 — KEEP
[2025-09-02 15:20:54] r=557 → type_raw='Dep' | label=Deposit (defaulted; no _tx_label match for 'dep' → default to 'Deposit'); status_raw='' → norm='auto'; amount=10.0; currency=USD; date=2018-07-22 — KEEP
[2025-09-02 15:20:54] r=558 → type_raw='Dep' | label=Deposit (defaulted; no _tx_label match for 'dep' → default to 'Deposit'); status_raw='' → norm='auto'; amount=50.0; currency=USD; date=2018-07-29 — KEEP
[2025-09-02 15:20:54] r=559 → type_raw='Dep' | label=Deposit (defaulted; no _tx_label match for 'dep' → default to 'Deposit'); status_raw='' → norm='auto'; amount=25.0; currency=USD; date=2018-07-29 — KEEP
[2025-09-02 15:20:54] r=560 → type_raw='Dep' | label=Deposit (defaulted; no _tx_label match for 'dep' → default to 'Deposit'); status_raw='' → norm='auto'; amount=25.0; currency=USD; date=2018-08-04 — KEEP
[2025-09-02 15:20:54] r=561 → type_raw='Dep' | label=Deposit (defaulted; no _tx_label match for 'dep' → default to 'Deposit'); status_raw='' → norm='auto'; amount=20.0; currency=USD; date=2018-08-04 — KEEP
[2025-09-02 15:20:54] r=562 → type_raw='Dep' | label=Deposit (defaulted; no _tx_label match for 'dep' → default to 'Deposit'); status_raw='' → norm='auto'; amount=10.0; currency=USD; date=2018-08-04 — KEEP
[2025-09-02 15:20:54] r=563 → type_raw='Dep' | label=Deposit (defaulted; no _tx_label match for 'dep' → default to 'Deposit'); status_raw='' → norm='auto'; amount=100.0; currency=USD; date=2018-10-08 — KEEP
[2025-09-02 15:20:54] r=564 → type_raw='Dep' | label=Deposit (defaulted; no _tx_label match for 'dep' → default to 'Deposit'); status_raw='' → norm='auto'; amount=50.0; currency=USD; date=2018-11-12 — KEEP
[2025-09-02 15:20:54] r=565 → type_raw='Dep' | label=Deposit (defaulted; no _tx_label match for 'dep' → default to 'Deposit'); status_raw='' → norm='auto'; amount=150.0; currency=USD; date=2018-11-16 — KEEP
[2025-09-02 15:20:54] r=566 → type_raw='Dep' | label=Deposit (defaulted; no _tx_label match for 'dep' → default to 'Deposit'); status_raw='' → norm='auto'; amount=290.0; currency=USD; date=2018-11-23 — KEEP
[2025-09-02 15:20:54] r=567 → type_raw='Dep' | label=Deposit (defaulted; no _tx_label match for 'dep' → default to 'Deposit'); status_raw='' → norm='auto'; amount=100.0; currency=USD; date=2018-11-30 — KEEP
[2025-09-02 15:20:54] r=568 → type_raw='Dep' | label=Deposit (defaulted; no _tx_label match for 'dep' → default to 'Deposit'); status_raw='' → norm='auto'; amount=29.0; currency=USD; date=2018-12-05 — KEEP
[2025-09-02 15:20:54] r=569 → type_raw='Dep' | label=Deposit (defaulted; no _tx_label match for 'dep' → default to 'Deposit'); status_raw='' → norm='auto'; amount=50.0; currency=USD; date=2018-12-05 — KEEP
[2025-09-02 15:20:54] r=570 → type_raw='Dep' | label=Deposit (defaulted; no _tx_label match for 'dep' → default to 'Deposit'); status_raw='' → norm='auto'; amount=105.0; currency=USD; date=2018-12-05 — KEEP
[2025-09-02 15:20:54] r=571 → type_raw='Dep' | label=Deposit (defaulted; no _tx_label match for 'dep' → default to 'Deposit'); status_raw='' → norm='auto'; amount=200.0; currency=USD; date=2018-12-16 — KEEP
[2025-09-02 15:20:54] r=572 → type_raw='Dep' | label=Deposit (defaulted; no _tx_label match for 'dep' → default to 'Deposit'); status_raw='' → norm='auto'; amount=200.0; currency=USD; date=2018-12-16 — KEEP
[2025-09-02 15:20:54] r=573 → type_raw='Dep' | label=Deposit (defaulted; no _tx_label match for 'dep' → default to 'Deposit'); status_raw='' → norm='auto'; amount=200.0; currency=USD; date=2018-12-16 — KEEP
[2025-09-02 15:20:54] r=574 → type_raw='Dep' | label=Deposit (defaulted; no _tx_label match for 'dep' → default to 'Deposit'); status_raw='' → norm='auto'; amount=200.0; currency=USD; date=2018-12-16 — KEEP
[2025-09-02 15:20:54] r=575 → type_raw='Dep' | label=Deposit (defaulted; no _tx_label match for 'dep' → default to 'Deposit'); status_raw='' → norm='auto'; amount=200.0; currency=USD; date=2018-12-16 — KEEP
[2025-09-02 15:20:54] r=576 → type_raw='Dep' | label=Deposit (defaulted; no _tx_label match for 'dep' → default to 'Deposit'); status_raw='' → norm='auto'; amount=100.0; currency=USD; date=2018-12-28 — KEEP
[2025-09-02 15:20:54] r=577 → type_raw='Dep' | label=Deposit (defaulted; no _tx_label match for 'dep' → default to 'Deposit'); status_raw='' → norm='auto'; amount=200.0; currency=USD; date=2018-12-28 — KEEP
[2025-09-02 15:20:54] r=578 → type_raw='Dep' | label=Deposit (defaulted; no _tx_label match for 'dep' → default to 'Deposit'); status_raw='' → norm='auto'; amount=100.0; currency=USD; date=2018-12-30 — KEEP
[2025-09-02 15:20:54] r=579 → type_raw='Dep' | label=Deposit (defaulted; no _tx_label match for 'dep' → default to 'Deposit'); status_raw='' → norm='auto'; amount=100.0; currency=USD; date=2018-12-30 — KEEP
[2025-09-02 15:20:54] r=580 → type_raw='Dep' | label=Deposit (defaulted; no _tx_label match for 'dep' → default to 'Deposit'); status_raw='' → norm='auto'; amount=300.0; currency=USD; date=2019-01-01 — KEEP
[2025-09-02 15:20:54] r=581 → type_raw='Dep' | label=Deposit (defaulted; no _tx_label match for 'dep' → default to 'Deposit'); status_raw='' → norm='auto'; amount=700.0; currency=USD; date=2019-01-08 — KEEP
[2025-09-02 15:20:54] r=582 → type_raw='Dep' | label=Deposit (defaulted; no _tx_label match for 'dep' → default to 'Deposit'); status_raw='' → norm='auto'; amount=525.0; currency=USD; date=2019-01-08 — KEEP
[2025-09-02 15:20:54] r=583 → type_raw='Dep' | label=Deposit (defaulted; no _tx_label match for 'dep' → default to 'Deposit'); status_raw='' → norm='auto'; amount=10.0; currency=EUR; date=2019-01-08 — KEEP
[2025-09-02 15:20:54] r=584 → type_raw='Dep' | label=Deposit (defaulted; no _tx_label match for 'dep' → default to 'Deposit'); status_raw='' → norm='auto'; amount=150.0; currency=USD; date=2019-01-08 — KEEP
[2025-09-02 15:20:54] r=585 → type_raw='Dep' | label=Deposit (defaulted; no _tx_label match for 'dep' → default to 'Deposit'); status_raw='' → norm='auto'; amount=100.0; currency=USD; date=2019-01-08 — KEEP
[2025-09-02 15:20:54] r=586 → type_raw='Dep' | label=Deposit (defaulted; no _tx_label match for 'dep' → default to 'Deposit'); status_raw='' → norm='auto'; amount=200.0; currency=USD; date=2019-01-13 — KEEP
[2025-09-02 15:20:54] r=587 → type_raw='Dep' | label=Deposit (defaulted; no _tx_label match for 'dep' → default to 'Deposit'); status_raw='' → norm='auto'; amount=300.0; currency=USD; date=2019-01-24 — KEEP
[2025-09-02 15:20:54] r=588 → type_raw='Dep' | label=Deposit (defaulted; no _tx_label match for 'dep' → default to 'Deposit'); status_raw='' → norm='auto'; amount=200.0; currency=USD; date=2019-01-24 — KEEP
[2025-09-02 15:20:54] r=589 → type_raw='Dep' | label=Deposit (defaulted; no _tx_label match for 'dep' → default to 'Deposit'); status_raw='' → norm='auto'; amount=700.0; currency=USD; date=2019-01-24 — KEEP
[2025-09-02 15:20:54] r=590 → type_raw='Dep' | label=Deposit (defaulted; no _tx_label match for 'dep' → default to 'Deposit'); status_raw='' → norm='auto'; amount=100.0; currency=USD; date=2019-01-27 — KEEP
[2025-09-02 15:20:54] r=591 → type_raw='Dep' | label=Deposit (defaulted; no _tx_label match for 'dep' → default to 'Deposit'); status_raw='' → norm='auto'; amount=350.0; currency=USD; date=2019-01-28 — KEEP
[2025-09-02 15:20:54] r=592 → type_raw='Dep' | label=Deposit (defaulted; no _tx_label match for 'dep' → default to 'Deposit'); status_raw='' → norm='auto'; amount=500.0; currency=USD; date=2019-01-28 — KEEP
[2025-09-02 15:20:54] r=593 → type_raw='Dep' | label=Deposit (defaulted; no _tx_label match for 'dep' → default to 'Deposit'); status_raw='' → norm='auto'; amount=124.0; currency=USD; date=2019-01-28 — KEEP
[2025-09-02 15:20:54] r=594 → type_raw='Dep' | label=Deposit (defaulted; no _tx_label match for 'dep' → default to 'Deposit'); status_raw='' → norm='auto'; amount=300.0; currency=USD; date=2019-01-30 — KEEP
[2025-09-02 15:20:54] r=595 → type_raw='Dep' | label=Deposit (defaulted; no _tx_label match for 'dep' → default to 'Deposit'); status_raw='' → norm='auto'; amount=200.0; currency=USD; date=2019-02-02 — KEEP
[2025-09-02 15:20:54] r=596 → type_raw='Dep' | label=Deposit (defaulted; no _tx_label match for 'dep' → default to 'Deposit'); status_raw='' → norm='auto'; amount=800.0; currency=USD; date=2019-02-06 — KEEP
[2025-09-02 15:20:54] r=597 → type_raw='Dep' | label=Deposit (defaulted; no _tx_label match for 'dep' → default to 'Deposit'); status_raw='' → norm='auto'; amount=50.0; currency=USD; date=2019-02-07 — KEEP
[2025-09-02 15:20:54] r=598 → type_raw='Dep' | label=Deposit (defaulted; no _tx_label match for 'dep' → default to 'Deposit'); status_raw='' → norm='auto'; amount=10.0; currency=USD; date=2019-02-11 — KEEP
[2025-09-02 15:20:54] r=599 → type_raw='Dep' | label=Deposit (defaulted; no _tx_label match for 'dep' → default to 'Deposit'); status_raw='' → norm='auto'; amount=900.0; currency=EUR; date=2019-02-13 — KEEP
[2025-09-02 15:20:54] r=600 → type_raw='Dep' | label=Deposit (defaulted; no _tx_label match for 'dep' → default to 'Deposit'); status_raw='' → norm='auto'; amount=350.0; currency=USD; date=2019-02-13 — KEEP
[2025-09-02 15:20:54] r=601 → type_raw='Dep' | label=Deposit (defaulted; no _tx_label match for 'dep' → default to 'Deposit'); status_raw='' → norm='auto'; amount=200.0; currency=USD; date=2019-02-16 — KEEP
[2025-09-02 15:20:54] r=602 → type_raw='Dep' | label=Deposit (defaulted; no _tx_label match for 'dep' → default to 'Deposit'); status_raw='' → norm='auto'; amount=500.0; currency=USD; date=2019-02-16 — KEEP
[2025-09-02 15:20:54] r=603 → type_raw='Dep' | label=Deposit (defaulted; no _tx_label match for 'dep' → default to 'Deposit'); status_raw='' → norm='auto'; amount=500.0; currency=USD; date=2019-02-17 — KEEP
[2025-09-02 15:20:54] r=604 → type_raw='Dep' | label=Deposit (defaulted; no _tx_label match for 'dep' → default to 'Deposit'); status_raw='' → norm='auto'; amount=150.0; currency=USD; date=2019-02-17 — KEEP
[2025-09-02 15:20:54] r=605 → type_raw='Dep' | label=Deposit (defaulted; no _tx_label match for 'dep' → default to 'Deposit'); status_raw='' → norm='auto'; amount=890.0; currency=EUR; date=2019-02-17 — KEEP
[2025-09-02 15:20:54] r=606 → type_raw='Dep' | label=Deposit (defaulted; no _tx_label match for 'dep' → default to 'Deposit'); status_raw='' → norm='auto'; amount=100.0; currency=USD; date=2019-02-17 — KEEP
[2025-09-02 15:20:54] r=607 → type_raw='Dep' | label=Deposit (defaulted; no _tx_label match for 'dep' → default to 'Deposit'); status_raw='' → norm='auto'; amount=100.0; currency=USD; date=2019-02-24 — KEEP
[2025-09-02 15:20:54] r=608 → type_raw='Dep' | label=Deposit (defaulted; no _tx_label match for 'dep' → default to 'Deposit'); status_raw='' → norm='auto'; amount=100.0; currency=USD; date=2019-02-24 — KEEP
[2025-09-02 15:20:54] r=609 → type_raw='Dep' | label=Deposit (defaulted; no _tx_label match for 'dep' → default to 'Deposit'); status_raw='' → norm='auto'; amount=200.0; currency=USD; date=2019-03-02 — KEEP
[2025-09-02 15:20:54] r=610 → type_raw='Dep' | label=Deposit (defaulted; no _tx_label match for 'dep' → default to 'Deposit'); status_raw='' → norm='auto'; amount=700.0; currency=USD; date=2019-03-03 — KEEP
[2025-09-02 15:20:54] r=611 → type_raw='Dep' | label=Deposit (defaulted; no _tx_label match for 'dep' → default to 'Deposit'); status_raw='' → norm='auto'; amount=10.0; currency=EUR; date=2019-03-06 — KEEP
[2025-09-02 15:20:54] r=612 → type_raw='Dep' | label=Deposit (defaulted; no _tx_label match for 'dep' → default to 'Deposit'); status_raw='' → norm='auto'; amount=500.0; currency=USD; date=2019-03-06 — KEEP
[2025-09-02 15:20:54] r=613 → type_raw='Dep' | label=Deposit (defaulted; no _tx_label match for 'dep' → default to 'Deposit'); status_raw='' → norm='auto'; amount=750.0; currency=USD; date=2019-03-07 — KEEP
[2025-09-02 15:20:54] r=614 → type_raw='Dep' | label=Deposit (defaulted; no _tx_label match for 'dep' → default to 'Deposit'); status_raw='' → norm='auto'; amount=500.0; currency=USD; date=2019-03-07 — KEEP
[2025-09-02 15:20:54] r=615 → type_raw='Dep' | label=Deposit (defaulted; no _tx_label match for 'dep' → default to 'Deposit'); status_raw='' → norm='auto'; amount=500.0; currency=USD; date=2019-03-08 — KEEP
[2025-09-02 15:20:54] r=616 → type_raw='Dep' | label=Deposit (defaulted; no _tx_label match for 'dep' → default to 'Deposit'); status_raw='' → norm='auto'; amount=1500.0; currency=USD; date=2019-03-10 — KEEP
[2025-09-02 15:20:54] r=617 → type_raw='Dep' | label=Deposit (defaulted; no _tx_label match for 'dep' → default to 'Deposit'); status_raw='' → norm='auto'; amount=200.0; currency=USD; date=2019-04-02 — KEEP
[2025-09-02 15:20:54] r=618 → type_raw='Dep' | label=Deposit (defaulted; no _tx_label match for 'dep' → default to 'Deposit'); status_raw='' → norm='auto'; amount=200.0; currency=USD; date=2019-04-06 — KEEP
[2025-09-02 15:20:54] r=619 → type_raw='Dep' | label=Deposit (defaulted; no _tx_label match for 'dep' → default to 'Deposit'); status_raw='' → norm='auto'; amount=200.0; currency=USD; date=2019-04-06 — KEEP
[2025-09-02 15:20:54] r=620 → type_raw='Dep' | label=Deposit (defaulted; no _tx_label match for 'dep' → default to 'Deposit'); status_raw='' → norm='auto'; amount=700.0; currency=USD; date=2019-04-07 — KEEP
[2025-09-02 15:20:54] r=621 → type_raw='Dep' | label=Deposit (defaulted; no _tx_label match for 'dep' → default to 'Deposit'); status_raw='' → norm='auto'; amount=911.0; currency=USD; date=2019-04-07 — KEEP
[2025-09-02 15:20:54] r=622 → type_raw='Dep' | label=Deposit (defaulted; no _tx_label match for 'dep' → default to 'Deposit'); status_raw='' → norm='auto'; amount=800.0; currency=USD; date=2019-04-08 — KEEP
[2025-09-02 15:20:54] r=623 → type_raw='Dep' | label=Deposit (defaulted; no _tx_label match for 'dep' → default to 'Deposit'); status_raw='' → norm='auto'; amount=500.0; currency=USD; date=2019-04-08 — KEEP
[2025-09-02 15:20:54] r=624 → type_raw='Dep' | label=Deposit (defaulted; no _tx_label match for 'dep' → default to 'Deposit'); status_raw='' → norm='auto'; amount=60.0; currency=USD; date=2019-04-08 — KEEP
[2025-09-02 15:20:54] r=625 → type_raw='Dep' | label=Deposit (defaulted; no _tx_label match for 'dep' → default to 'Deposit'); status_raw='' → norm='auto'; amount=300.0; currency=USD; date=2019-04-08 — KEEP
[2025-09-02 15:20:54] r=626 → type_raw='Dep' | label=Deposit (defaulted; no _tx_label match for 'dep' → default to 'Deposit'); status_raw='' → norm='auto'; amount=200.0; currency=USD; date=2019-04-08 — KEEP
[2025-09-02 15:20:54] r=627 → type_raw='Dep' | label=Deposit (defaulted; no _tx_label match for 'dep' → default to 'Deposit'); status_raw='' → norm='auto'; amount=200.0; currency=USD; date=2019-04-08 — KEEP
[2025-09-02 15:20:54] r=628 → type_raw='Dep' | label=Deposit (defaulted; no _tx_label match for 'dep' → default to 'Deposit'); status_raw='' → norm='auto'; amount=1500.0; currency=USD; date=2019-04-10 — KEEP
[2025-09-02 15:20:54] r=629 → type_raw='Dep' | label=Deposit (defaulted; no _tx_label match for 'dep' → default to 'Deposit'); status_raw='' → norm='auto'; amount=840.0; currency=USD; date=2019-04-13 — KEEP
[2025-09-02 15:20:54] r=630 → type_raw='Dep' | label=Deposit (defaulted; no _tx_label match for 'dep' → default to 'Deposit'); status_raw='' → norm='auto'; amount=60.0; currency=USD; date=2019-04-13 — KEEP
[2025-09-02 15:20:54] r=631 → type_raw='Dep' | label=Deposit (defaulted; no _tx_label match for 'dep' → default to 'Deposit'); status_raw='' → norm='auto'; amount=400.0; currency=EUR; date=2019-04-13 — KEEP
[2025-09-02 15:20:54] r=632 → type_raw='Dep' | label=Deposit (defaulted; no _tx_label match for 'dep' → default to 'Deposit'); status_raw='' → norm='auto'; amount=490.0; currency=EUR; date=2019-04-13 — KEEP
[2025-09-02 15:20:54] r=633 → type_raw='Dep' | label=Deposit (defaulted; no _tx_label match for 'dep' → default to 'Deposit'); status_raw='' → norm='auto'; amount=0.2; currency=USD; date=2019-04-13 — KEEP
[2025-09-02 15:20:54] r=634 → type_raw='Dep' | label=Deposit (defaulted; no _tx_label match for 'dep' → default to 'Deposit'); status_raw='' → norm='auto'; amount=907.0; currency=USD; date=2019-04-13 — KEEP
[2025-09-02 15:20:54] r=635 → type_raw='Dep' | label=Deposit (defaulted; no _tx_label match for 'dep' → default to 'Deposit'); status_raw='' → norm='auto'; amount=550.0; currency=USD; date=2019-04-13 — KEEP
[2025-09-02 15:20:54] r=636 → type_raw='Dep' | label=Deposit (defaulted; no _tx_label match for 'dep' → default to 'Deposit'); status_raw='' → norm='auto'; amount=340.0; currency=USD; date=2019-04-14 — KEEP
[2025-09-02 15:20:54] r=637 → type_raw='Dep' | label=Deposit (defaulted; no _tx_label match for 'dep' → default to 'Deposit'); status_raw='' → norm='auto'; amount=906.0; currency=USD; date=2019-04-14 — KEEP
[2025-09-02 15:20:54] r=638 → type_raw='Dep' | label=Deposit (defaulted; no _tx_label match for 'dep' → default to 'Deposit'); status_raw='' → norm='auto'; amount=450.0; currency=USD; date=2019-04-14 — KEEP
[2025-09-02 15:20:54] r=639 → type_raw='Dep' | label=Deposit (defaulted; no _tx_label match for 'dep' → default to 'Deposit'); status_raw='' → norm='auto'; amount=70.0; currency=USD; date=2019-04-14 — KEEP
[2025-09-02 15:20:54] r=640 → type_raw='Dep' | label=Deposit (defaulted; no _tx_label match for 'dep' → default to 'Deposit'); status_raw='' → norm='auto'; amount=500.0; currency=USD; date=2019-04-14 — KEEP
[2025-09-02 15:20:54] r=641 → type_raw='Dep' | label=Deposit (defaulted; no _tx_label match for 'dep' → default to 'Deposit'); status_raw='' → norm='auto'; amount=100.0; currency=USD; date=2019-04-14 — KEEP
[2025-09-02 15:20:54] r=642 → type_raw='Dep' | label=Deposit (defaulted; no _tx_label match for 'dep' → default to 'Deposit'); status_raw='' → norm='auto'; amount=100.0; currency=USD; date=2019-04-14 — KEEP
[2025-09-02 15:20:54] r=643 → type_raw='Dep' | label=Deposit (defaulted; no _tx_label match for 'dep' → default to 'Deposit'); status_raw='' → norm='auto'; amount=353.0; currency=USD; date=2019-04-14 — KEEP
[2025-09-02 15:20:54] r=644 → type_raw='Dep' | label=Deposit (defaulted; no _tx_label match for 'dep' → default to 'Deposit'); status_raw='' → norm='auto'; amount=300.0; currency=USD; date=2019-04-15 — KEEP
[2025-09-02 15:20:54] r=645 → type_raw='Dep' | label=Deposit (defaulted; no _tx_label match for 'dep' → default to 'Deposit'); status_raw='' → norm='auto'; amount=900.0; currency=EUR; date=2019-04-15 — KEEP
[2025-09-02 15:20:54] r=646 → type_raw='Dep' | label=Deposit (defaulted; no _tx_label match for 'dep' → default to 'Deposit'); status_raw='' → norm='auto'; amount=600.0; currency=USD; date=2019-04-17 — KEEP
[2025-09-02 15:20:54] r=647 → type_raw='Dep' | label=Deposit (defaulted; no _tx_label match for 'dep' → default to 'Deposit'); status_raw='' → norm='auto'; amount=200.0; currency=USD; date=2019-04-17 — KEEP
[2025-09-02 15:20:54] r=648 → type_raw='Dep' | label=Deposit (defaulted; no _tx_label match for 'dep' → default to 'Deposit'); status_raw='' → norm='auto'; amount=200.0; currency=USD; date=2019-04-17 — KEEP
[2025-09-02 15:20:54] r=649 → type_raw='Dep' | label=Deposit (defaulted; no _tx_label match for 'dep' → default to 'Deposit'); status_raw='' → norm='auto'; amount=1200.0; currency=USD; date=2019-04-18 — KEEP
[2025-09-02 15:20:54] r=650 → type_raw='Dep' | label=Deposit (defaulted; no _tx_label match for 'dep' → default to 'Deposit'); status_raw='' → norm='auto'; amount=500.0; currency=USD; date=2019-04-18 — KEEP
[2025-09-02 15:20:54] r=651 → type_raw='Dep' | label=Deposit (defaulted; no _tx_label match for 'dep' → default to 'Deposit'); status_raw='' → norm='auto'; amount=394.0; currency=USD; date=2019-04-18 — KEEP
[2025-09-02 15:20:54] r=652 → type_raw='Dep' | label=Deposit (defaulted; no _tx_label match for 'dep' → default to 'Deposit'); status_raw='' → norm='auto'; amount=1250.0; currency=USD; date=2019-04-21 — KEEP
[2025-09-02 15:20:54] r=653 → type_raw='Dep' | label=Deposit (defaulted; no _tx_label match for 'dep' → default to 'Deposit'); status_raw='' → norm='auto'; amount=500.0; currency=USD; date=2019-04-21 — KEEP
[2025-09-02 15:20:54] r=654 → type_raw='Dep' | label=Deposit (defaulted; no _tx_label match for 'dep' → default to 'Deposit'); status_raw='' → norm='auto'; amount=1300.0; currency=USD; date=2019-04-23 — KEEP
[2025-09-02 15:20:54] r=655 → type_raw='Dep' | label=Deposit (defaulted; no _tx_label match for 'dep' → default to 'Deposit'); status_raw='' → norm='auto'; amount=400.0; currency=USD; date=2019-04-23 — KEEP
[2025-09-02 15:20:54] r=656 → type_raw='Dep' | label=Deposit (defaulted; no _tx_label match for 'dep' → default to 'Deposit'); status_raw='' → norm='auto'; amount=200.0; currency=USD; date=2019-05-02 — KEEP
[2025-09-02 15:20:55] r=657 → type_raw='Dep' | label=Deposit (defaulted; no _tx_label match for 'dep' → default to 'Deposit'); status_raw='' → norm='auto'; amount=75.0; currency=USD; date=2019-05-02 — KEEP
[2025-09-02 15:20:55] r=658 → type_raw='Dep' | label=Deposit (defaulted; no _tx_label match for 'dep' → default to 'Deposit'); status_raw='' → norm='auto'; amount=180.0; currency=USD; date=2019-05-02 — KEEP
[2025-09-02 15:20:55] r=659 → type_raw='Dep' | label=Deposit (defaulted; no _tx_label match for 'dep' → default to 'Deposit'); status_raw='' → norm='auto'; amount=50.0; currency=USD; date=2019-05-02 — KEEP
[2025-09-02 15:20:55] r=660 → type_raw='Dep' | label=Deposit (defaulted; no _tx_label match for 'dep' → default to 'Deposit'); status_raw='' → norm='auto'; amount=900.0; currency=EUR; date=2019-05-05 — KEEP
[2025-09-02 15:20:55] r=661 → type_raw='Dep' | label=Deposit (defaulted; no _tx_label match for 'dep' → default to 'Deposit'); status_raw='' → norm='auto'; amount=100.0; currency=USD; date=2019-05-05 — KEEP
[2025-09-02 15:20:55] r=662 → type_raw='Dep' | label=Deposit (defaulted; no _tx_label match for 'dep' → default to 'Deposit'); status_raw='' → norm='auto'; amount=915.0; currency=USD; date=2019-05-07 — KEEP
[2025-09-02 15:20:55] r=663 → type_raw='Dep' | label=Deposit (defaulted; no _tx_label match for 'dep' → default to 'Deposit'); status_raw='' → norm='auto'; amount=455.0; currency=USD; date=2019-05-07 — KEEP
[2025-09-02 15:20:55] r=664 → type_raw='Dep' | label=Deposit (defaulted; no _tx_label match for 'dep' → default to 'Deposit'); status_raw='' → norm='auto'; amount=100.0; currency=USD; date=2019-05-07 — KEEP
[2025-09-02 15:20:55] r=665 → type_raw='Dep' | label=Deposit (defaulted; no _tx_label match for 'dep' → default to 'Deposit'); status_raw='' → norm='auto'; amount=250.0; currency=USD; date=2019-05-07 — KEEP
[2025-09-02 15:20:55] r=666 → type_raw='Dep' | label=Deposit (defaulted; no _tx_label match for 'dep' → default to 'Deposit'); status_raw='' → norm='auto'; amount=250.0; currency=USD; date=2019-05-07 — KEEP
[2025-09-02 15:20:55] r=667 → type_raw='Dep' | label=Deposit (defaulted; no _tx_label match for 'dep' → default to 'Deposit'); status_raw='' → norm='auto'; amount=815.34; currency=USD; date=2019-05-09 — KEEP
[2025-09-02 15:20:55] r=668 → type_raw='Dep' | label=Deposit (defaulted; no _tx_label match for 'dep' → default to 'Deposit'); status_raw='' → norm='auto'; amount=900.0; currency=USD; date=2019-05-13 — KEEP
[2025-09-02 15:20:55] r=669 → type_raw='Dep' | label=Deposit (defaulted; no _tx_label match for 'dep' → default to 'Deposit'); status_raw='' → norm='auto'; amount=690.0; currency=USD; date=2019-05-13 — KEEP
[2025-09-02 15:20:55] r=670 → type_raw='Dep' | label=Deposit (defaulted; no _tx_label match for 'dep' → default to 'Deposit'); status_raw='' → norm='auto'; amount=200.0; currency=USD; date=2019-05-13 — KEEP
[2025-09-02 15:20:55] r=671 → type_raw='Dep' | label=Deposit (defaulted; no _tx_label match for 'dep' → default to 'Deposit'); status_raw='' → norm='auto'; amount=1300.0; currency=USD; date=2019-05-14 — KEEP
[2025-09-02 15:20:55] r=672 → type_raw='Dep' | label=Deposit (defaulted; no _tx_label match for 'dep' → default to 'Deposit'); status_raw='' → norm='auto'; amount=700.0; currency=USD; date=2019-05-14 — KEEP
[2025-09-02 15:20:55] r=673 → type_raw='Dep' | label=Deposit (defaulted; no _tx_label match for 'dep' → default to 'Deposit'); status_raw='' → norm='auto'; amount=230.0; currency=USD; date=2019-05-14 — KEEP
[2025-09-02 15:20:55] r=674 → type_raw='Dep' | label=Deposit (defaulted; no _tx_label match for 'dep' → default to 'Deposit'); status_raw='' → norm='auto'; amount=200.0; currency=EUR; date=2019-05-14 — KEEP
[2025-09-02 15:20:55] r=675 → type_raw='Dep' | label=Deposit (defaulted; no _tx_label match for 'dep' → default to 'Deposit'); status_raw='' → norm='auto'; amount=700.0; currency=EUR; date=2019-05-14 — KEEP
[2025-09-02 15:20:55] r=676 → type_raw='Dep' | label=Deposit (defaulted; no _tx_label match for 'dep' → default to 'Deposit'); status_raw='' → norm='auto'; amount=200.0; currency=USD; date=2019-05-14 — KEEP
[2025-09-02 15:20:55] r=677 → type_raw='Dep' | label=Deposit (defaulted; no _tx_label match for 'dep' → default to 'Deposit'); status_raw='' → norm='auto'; amount=200.0; currency=USD; date=2019-05-14 — KEEP
[2025-09-02 15:20:55] r=678 → type_raw='Dep' | label=Deposit (defaulted; no _tx_label match for 'dep' → default to 'Deposit'); status_raw='' → norm='auto'; amount=200.0; currency=USD; date=2019-05-14 — KEEP
[2025-09-02 15:20:55] r=679 → type_raw='Dep' | label=Deposit (defaulted; no _tx_label match for 'dep' → default to 'Deposit'); status_raw='' → norm='auto'; amount=200.0; currency=USD; date=2019-05-14 — KEEP
[2025-09-02 15:20:55] r=680 → type_raw='Dep' | label=Deposit (defaulted; no _tx_label match for 'dep' → default to 'Deposit'); status_raw='' → norm='auto'; amount=920.0; currency=USD; date=2019-05-15 — KEEP
[2025-09-02 15:20:55] r=681 → type_raw='Dep' | label=Deposit (defaulted; no _tx_label match for 'dep' → default to 'Deposit'); status_raw='' → norm='auto'; amount=200.0; currency=USD; date=2019-05-15 — KEEP
[2025-09-02 15:20:55] r=682 → type_raw='Dep' | label=Deposit (defaulted; no _tx_label match for 'dep' → default to 'Deposit'); status_raw='' → norm='auto'; amount=1260.0; currency=EUR; date=2019-05-15 — KEEP
[2025-09-02 15:20:55] r=683 → type_raw='Dep' | label=Deposit (defaulted; no _tx_label match for 'dep' → default to 'Deposit'); status_raw='' → norm='auto'; amount=917.0; currency=EUR; date=2019-05-15 — KEEP
[2025-09-02 15:20:55] r=684 → type_raw='Dep' | label=Deposit (defaulted; no _tx_label match for 'dep' → default to 'Deposit'); status_raw='' → norm='auto'; amount=200.0; currency=USD; date=2019-05-15 — KEEP
[2025-09-02 15:20:55] r=685 → type_raw='Dep' | label=Deposit (defaulted; no _tx_label match for 'dep' → default to 'Deposit'); status_raw='' → norm='auto'; amount=200.0; currency=USD; date=2019-05-15 — KEEP
[2025-09-02 15:20:55] r=686 → type_raw='Dep' | label=Deposit (defaulted; no _tx_label match for 'dep' → default to 'Deposit'); status_raw='' → norm='auto'; amount=200.0; currency=USD; date=2019-05-15 — KEEP
[2025-09-02 15:20:55] r=687 → type_raw='Dep' | label=Deposit (defaulted; no _tx_label match for 'dep' → default to 'Deposit'); status_raw='' → norm='auto'; amount=100.0; currency=USD; date=2019-05-15 — KEEP
[2025-09-02 15:20:55] r=688 → type_raw='Dep' | label=Deposit (defaulted; no _tx_label match for 'dep' → default to 'Deposit'); status_raw='' → norm='auto'; amount=87.0; currency=USD; date=2019-05-15 — KEEP
[2025-09-02 15:20:55] r=689 → type_raw='Dep' | label=Deposit (defaulted; no _tx_label match for 'dep' → default to 'Deposit'); status_raw='' → norm='auto'; amount=330.0; currency=EUR; date=2019-05-16 — KEEP
[2025-09-02 15:20:55] r=690 → type_raw='Dep' | label=Deposit (defaulted; no _tx_label match for 'dep' → default to 'Deposit'); status_raw='' → norm='auto'; amount=919.0; currency=USD; date=2019-05-16 — KEEP
[2025-09-02 15:20:55] r=691 → type_raw='Dep' | label=Deposit (defaulted; no _tx_label match for 'dep' → default to 'Deposit'); status_raw='' → norm='auto'; amount=100.0; currency=USD; date=2019-05-16 — KEEP
[2025-09-02 15:20:55] r=692 → type_raw='Dep' | label=Deposit (defaulted; no _tx_label match for 'dep' → default to 'Deposit'); status_raw='' → norm='auto'; amount=100.0; currency=USD; date=2019-05-16 — KEEP
[2025-09-02 15:20:55] r=693 → type_raw='Dep' | label=Deposit (defaulted; no _tx_label match for 'dep' → default to 'Deposit'); status_raw='' → norm='auto'; amount=100.0; currency=USD; date=2019-05-16 — KEEP
[2025-09-02 15:20:55] r=694 → type_raw='Dep' | label=Deposit (defaulted; no _tx_label match for 'dep' → default to 'Deposit'); status_raw='' → norm='auto'; amount=920.0; currency=USD; date=2019-05-21 — KEEP
[2025-09-02 15:20:55] r=695 → type_raw='Dep' | label=Deposit (defaulted; no _tx_label match for 'dep' → default to 'Deposit'); status_raw='' → norm='auto'; amount=700.0; currency=EUR; date=2019-05-23 — KEEP
[2025-09-02 15:20:55] r=696 → type_raw='Dep' | label=Deposit (defaulted; no _tx_label match for 'dep' → default to 'Deposit'); status_raw='' → norm='auto'; amount=900.0; currency=USD; date=2019-05-24 — KEEP
[2025-09-02 15:20:55] r=697 → type_raw='Dep' | label=Deposit (defaulted; no _tx_label match for 'dep' → default to 'Deposit'); status_raw='' → norm='auto'; amount=910.0; currency=EUR; date=2019-05-24 — KEEP
[2025-09-02 15:20:55] r=698 → type_raw='Dep' | label=Deposit (defaulted; no _tx_label match for 'dep' → default to 'Deposit'); status_raw='' → norm='auto'; amount=300.0; currency=EUR; date=2019-05-24 — KEEP
[2025-09-02 15:20:55] r=699 → type_raw='Dep' | label=Deposit (defaulted; no _tx_label match for 'dep' → default to 'Deposit'); status_raw='' → norm='auto'; amount=910.0; currency=USD; date=2019-05-24 — KEEP
[2025-09-02 15:20:55] r=700 → type_raw='Dep' | label=Deposit (defaulted; no _tx_label match for 'dep' → default to 'Deposit'); status_raw='' → norm='auto'; amount=500.0; currency=USD; date=2019-05-26 — KEEP
[2025-09-02 15:20:55] r=701 → type_raw='Dep' | label=Deposit (defaulted; no _tx_label match for 'dep' → default to 'Deposit'); status_raw='' → norm='auto'; amount=10.0; currency=USD; date=2019-05-26 — KEEP
[2025-09-02 15:20:55] r=702 → type_raw='Dep' | label=Deposit (defaulted; no _tx_label match for 'dep' → default to 'Deposit'); status_raw='' → norm='auto'; amount=900.0; currency=EUR; date=2019-06-02 — KEEP
[2025-09-02 15:20:55] r=703 → type_raw='Dep' | label=Deposit (defaulted; no _tx_label match for 'dep' → default to 'Deposit'); status_raw='' → norm='auto'; amount=500.0; currency=USD; date=2019-06-02 — KEEP
[2025-09-02 15:20:55] r=704 → type_raw='Dep' | label=Deposit (defaulted; no _tx_label match for 'dep' → default to 'Deposit'); status_raw='' → norm='auto'; amount=220.0; currency=USD; date=2019-06-08 — KEEP
[2025-09-02 15:20:55] r=705 → type_raw='Dep' | label=Deposit (defaulted; no _tx_label match for 'dep' → default to 'Deposit'); status_raw='' → norm='auto'; amount=200.0; currency=USD; date=2019-06-08 — KEEP
[2025-09-02 15:20:55] r=706 → type_raw='Dep' | label=Deposit (defaulted; no _tx_label match for 'dep' → default to 'Deposit'); status_raw='' → norm='auto'; amount=400.0; currency=USD; date=2019-06-08 — KEEP
[2025-09-02 15:20:55] r=707 → type_raw='Dep' | label=Deposit (defaulted; no _tx_label match for 'dep' → default to 'Deposit'); status_raw='' → norm='auto'; amount=400.0; currency=USD; date=2019-06-08 — KEEP
[2025-09-02 15:20:55] r=708 → type_raw='Dep' | label=Deposit (defaulted; no _tx_label match for 'dep' → default to 'Deposit'); status_raw='' → norm='auto'; amount=500.0; currency=USD; date=2019-06-09 — KEEP
[2025-09-02 15:20:55] r=709 → type_raw='Dep' | label=Deposit (defaulted; no _tx_label match for 'dep' → default to 'Deposit'); status_raw='' → norm='auto'; amount=500.0; currency=USD; date=2019-06-09 — KEEP
[2025-09-02 15:20:55] r=710 → type_raw='Dep' | label=Deposit (defaulted; no _tx_label match for 'dep' → default to 'Deposit'); status_raw='' → norm='auto'; amount=1000.0; currency=USD; date=2019-06-09 — KEEP
[2025-09-02 15:20:55] r=711 → type_raw='Dep' | label=Deposit (defaulted; no _tx_label match for 'dep' → default to 'Deposit'); status_raw='' → norm='auto'; amount=800.0; currency=USD; date=2019-06-13 — KEEP
[2025-09-02 15:20:55] r=712 → type_raw='Dep' | label=Deposit (defaulted; no _tx_label match for 'dep' → default to 'Deposit'); status_raw='' → norm='auto'; amount=300.0; currency=USD; date=2019-06-13 — KEEP
[2025-09-02 15:20:55] r=713 → type_raw='Dep' | label=Deposit (defaulted; no _tx_label match for 'dep' → default to 'Deposit'); status_raw='' → norm='auto'; amount=400.0; currency=USD; date=2019-06-13 — KEEP
[2025-09-02 15:20:55] r=714 → type_raw='Dep' | label=Deposit (defaulted; no _tx_label match for 'dep' → default to 'Deposit'); status_raw='' → norm='auto'; amount=500.0; currency=USD; date=2019-06-19 — KEEP
[2025-09-02 15:20:55] r=715 → type_raw='Dep' | label=Deposit (defaulted; no _tx_label match for 'dep' → default to 'Deposit'); status_raw='' → norm='auto'; amount=100.0; currency=USD; date=2019-06-19 — KEEP
[2025-09-02 15:20:55] r=716 → type_raw='Dep' | label=Deposit (defaulted; no _tx_label match for 'dep' → default to 'Deposit'); status_raw='' → norm='auto'; amount=500.0; currency=EUR; date=2019-06-20 — KEEP
[2025-09-02 15:20:55] r=717 → type_raw='Dep' | label=Deposit (defaulted; no _tx_label match for 'dep' → default to 'Deposit'); status_raw='' → norm='auto'; amount=1000.0; currency=USD; date=2019-06-24 — KEEP
[2025-09-02 15:20:55] r=718 → type_raw='Dep' | label=Deposit (defaulted; no _tx_label match for 'dep' → default to 'Deposit'); status_raw='' → norm='auto'; amount=1000.0; currency=USD; date=2019-06-24 — KEEP
[2025-09-02 15:20:55] r=719 → type_raw='Dep' | label=Deposit (defaulted; no _tx_label match for 'dep' → default to 'Deposit'); status_raw='' → norm='auto'; amount=500.0; currency=USD; date=2019-06-24 — KEEP
[2025-09-02 15:20:55] r=720 → type_raw='Dep' | label=Deposit (defaulted; no _tx_label match for 'dep' → default to 'Deposit'); status_raw='' → norm='auto'; amount=500.0; currency=USD; date=2019-06-24 — KEEP
[2025-09-02 15:20:55] r=721 → type_raw='Dep' | label=Deposit (defaulted; no _tx_label match for 'dep' → default to 'Deposit'); status_raw='' → norm='auto'; amount=500.0; currency=USD; date=2019-06-24 — KEEP
[2025-09-02 15:20:55] r=722 → type_raw='Dep' | label=Deposit (defaulted; no _tx_label match for 'dep' → default to 'Deposit'); status_raw='' → norm='auto'; amount=650.0; currency=USD; date=2019-06-25 — KEEP
[2025-09-02 15:20:55] r=723 → type_raw='Dep' | label=Deposit (defaulted; no _tx_label match for 'dep' → default to 'Deposit'); status_raw='' → norm='auto'; amount=500.0; currency=USD; date=2019-06-25 — KEEP
[2025-09-02 15:20:55] r=724 → type_raw='Dep' | label=Deposit (defaulted; no _tx_label match for 'dep' → default to 'Deposit'); status_raw='' → norm='auto'; amount=600.0; currency=USD; date=2019-06-25 — KEEP
[2025-09-02 15:20:55] r=725 → type_raw='Dep' | label=Deposit (defaulted; no _tx_label match for 'dep' → default to 'Deposit'); status_raw='' → norm='auto'; amount=500.0; currency=USD; date=2019-06-27 — KEEP
[2025-09-02 15:20:55] r=726 → type_raw='Dep' | label=Deposit (defaulted; no _tx_label match for 'dep' → default to 'Deposit'); status_raw='' → norm='auto'; amount=800.0; currency=USD; date=2019-06-27 — KEEP
[2025-09-02 15:20:55] r=727 → type_raw='Dep' | label=Deposit (defaulted; no _tx_label match for 'dep' → default to 'Deposit'); status_raw='' → norm='auto'; amount=500.0; currency=USD; date=2019-06-28 — KEEP
[2025-09-02 15:20:55] r=728 → type_raw='Dep' | label=Deposit (defaulted; no _tx_label match for 'dep' → default to 'Deposit'); status_raw='' → norm='auto'; amount=500.0; currency=USD; date=2019-06-28 — KEEP
[2025-09-02 15:20:55] r=729 → type_raw='Dep' | label=Deposit (defaulted; no _tx_label match for 'dep' → default to 'Deposit'); status_raw='' → norm='auto'; amount=950.0; currency=USD; date=2019-06-30 — KEEP
[2025-09-02 15:20:55] r=730 → type_raw='Red' | label=Deposit (defaulted; no _tx_label match for 'red' → default to 'Deposit'); status_raw='' → norm='auto'; amount=1446.0; currency=USD; date=2019-07-01 — KEEP
[2025-09-02 15:20:55] r=731 → type_raw='Red' | label=Deposit (defaulted; no _tx_label match for 'red' → default to 'Deposit'); status_raw='' → norm='auto'; amount=122.0; currency=USD; date=2019-07-01 — KEEP
[2025-09-02 15:20:55] r=732 → type_raw='Dep' | label=Deposit (defaulted; no _tx_label match for 'dep' → default to 'Deposit'); status_raw='' → norm='auto'; amount=400.0; currency=EUR; date=2019-07-05 — KEEP
[2025-09-02 15:20:55] r=733 → type_raw='Dep' | label=Deposit (defaulted; no _tx_label match for 'dep' → default to 'Deposit'); status_raw='' → norm='auto'; amount=100.0; currency=EUR; date=2019-07-05 — KEEP
[2025-09-02 15:20:55] r=734 → type_raw='Dep' | label=Deposit (defaulted; no _tx_label match for 'dep' → default to 'Deposit'); status_raw='' → norm='auto'; amount=200.0; currency=EUR; date=2019-07-05 — KEEP
[2025-09-02 15:20:55] r=735 → type_raw='Dep' | label=Deposit (defaulted; no _tx_label match for 'dep' → default to 'Deposit'); status_raw='' → norm='auto'; amount=900.0; currency=USD; date=2019-07-07 — KEEP
[2025-09-02 15:20:55] r=736 → type_raw='Dep' | label=Deposit (defaulted; no _tx_label match for 'dep' → default to 'Deposit'); status_raw='' → norm='auto'; amount=1000.0; currency=USD; date=2019-07-09 — KEEP
[2025-09-02 15:20:55] r=737 → type_raw='Dep' | label=Deposit (defaulted; no _tx_label match for 'dep' → default to 'Deposit'); status_raw='' → norm='auto'; amount=500.0; currency=USD; date=2019-07-13 — KEEP
[2025-09-02 15:20:55] r=738 → type_raw='Dep' | label=Deposit (defaulted; no _tx_label match for 'dep' → default to 'Deposit'); status_raw='' → norm='auto'; amount=1000.0; currency=EUR; date=2019-07-13 — KEEP
[2025-09-02 15:20:55] r=739 → type_raw='Dep' | label=Deposit (defaulted; no _tx_label match for 'dep' → default to 'Deposit'); status_raw='' → norm='auto'; amount=800.0; currency=USD; date=2019-07-13 — KEEP
[2025-09-02 15:20:55] r=740 → type_raw='Dep' | label=Deposit (defaulted; no _tx_label match for 'dep' → default to 'Deposit'); status_raw='' → norm='auto'; amount=100.0; currency=USD; date=2019-07-13 — KEEP
[2025-09-02 15:20:55] r=741 → type_raw='Dep' | label=Deposit (defaulted; no _tx_label match for 'dep' → default to 'Deposit'); status_raw='' → norm='auto'; amount=100.0; currency=USD; date=2019-07-13 — KEEP
[2025-09-02 15:20:55] r=742 → type_raw='Dep' | label=Deposit (defaulted; no _tx_label match for 'dep' → default to 'Deposit'); status_raw='' → norm='auto'; amount=900.0; currency=USD; date=2019-07-14 — KEEP
[2025-09-02 15:20:55] r=743 → type_raw='Dep' | label=Deposit (defaulted; no _tx_label match for 'dep' → default to 'Deposit'); status_raw='' → norm='auto'; amount=110.0; currency=USD; date=2019-07-14 — KEEP
[2025-09-02 15:20:55] r=744 → type_raw='Dep' | label=Deposit (defaulted; no _tx_label match for 'dep' → default to 'Deposit'); status_raw='' → norm='auto'; amount=374.0; currency=USD; date=2019-07-14 — KEEP
[2025-09-02 15:20:55] r=745 → type_raw='Dep' | label=Deposit (defaulted; no _tx_label match for 'dep' → default to 'Deposit'); status_raw='' → norm='auto'; amount=100.0; currency=USD; date=2019-07-14 — KEEP
[2025-09-02 15:20:55] r=746 → type_raw='Dep' | label=Deposit (defaulted; no _tx_label match for 'dep' → default to 'Deposit'); status_raw='' → norm='auto'; amount=100.0; currency=USD; date=2019-07-14 — KEEP
[2025-09-02 15:20:55] r=747 → type_raw='Dep' | label=Deposit (defaulted; no _tx_label match for 'dep' → default to 'Deposit'); status_raw='' → norm='auto'; amount=200.0; currency=USD; date=2019-07-17 — KEEP
[2025-09-02 15:20:55] r=748 → type_raw='Dep' | label=Deposit (defaulted; no _tx_label match for 'dep' → default to 'Deposit'); status_raw='' → norm='auto'; amount=300.0; currency=USD; date=2019-07-18 — KEEP
[2025-09-02 15:20:55] r=749 → type_raw='Dep' | label=Deposit (defaulted; no _tx_label match for 'dep' → default to 'Deposit'); status_raw='' → norm='auto'; amount=800.0; currency=USD; date=2019-07-18 — KEEP
[2025-09-02 15:20:55] r=750 → type_raw='Dep' | label=Deposit (defaulted; no _tx_label match for 'dep' → default to 'Deposit'); status_raw='' → norm='auto'; amount=933.32; currency=USD; date=2019-07-18 — KEEP
[2025-09-02 15:20:55] r=751 → type_raw='Dep' | label=Deposit (defaulted; no _tx_label match for 'dep' → default to 'Deposit'); status_raw='' → norm='auto'; amount=300.0; currency=EUR; date=2019-07-18 — KEEP
[2025-09-02 15:20:55] r=752 → type_raw='Dep' | label=Deposit (defaulted; no _tx_label match for 'dep' → default to 'Deposit'); status_raw='' → norm='auto'; amount=400.0; currency=USD; date=2019-07-19 — KEEP
[2025-09-02 15:20:55] r=753 → type_raw='Dep' | label=Deposit (defaulted; no _tx_label match for 'dep' → default to 'Deposit'); status_raw='' → norm='auto'; amount=400.0; currency=USD; date=2019-07-19 — KEEP
[2025-09-02 15:20:55] r=754 → type_raw='Dep' | label=Deposit (defaulted; no _tx_label match for 'dep' → default to 'Deposit'); status_raw='' → norm='auto'; amount=500.0; currency=USD; date=2019-07-20 — KEEP
[2025-09-02 15:20:55] r=755 → type_raw='Dep' | label=Deposit (defaulted; no _tx_label match for 'dep' → default to 'Deposit'); status_raw='' → norm='auto'; amount=700.0; currency=USD; date=2019-07-20 — KEEP
[2025-09-02 15:20:55] r=756 → type_raw='Dep' | label=Deposit (defaulted; no _tx_label match for 'dep' → default to 'Deposit'); status_raw='' → norm='auto'; amount=50.0; currency=USD; date=2019-07-20 — KEEP
[2025-09-02 15:20:55] r=757 → type_raw='Dep' | label=Deposit (defaulted; no _tx_label match for 'dep' → default to 'Deposit'); status_raw='' → norm='auto'; amount=200.0; currency=USD; date=2019-07-20 — KEEP
[2025-09-02 15:20:55] r=758 → type_raw='Dep' | label=Deposit (defaulted; no _tx_label match for 'dep' → default to 'Deposit'); status_raw='' → norm='auto'; amount=100.0; currency=USD; date=2019-07-20 — KEEP
[2025-09-02 15:20:55] r=759 → type_raw='Dep' | label=Deposit (defaulted; no _tx_label match for 'dep' → default to 'Deposit'); status_raw='' → norm='auto'; amount=100.0; currency=USD; date=2019-07-20 — KEEP
[2025-09-02 15:20:55] r=760 → type_raw='Dep' | label=Deposit (defaulted; no _tx_label match for 'dep' → default to 'Deposit'); status_raw='' → norm='auto'; amount=200.0; currency=USD; date=2019-07-21 — KEEP
[2025-09-02 15:20:55] r=761 → type_raw='Dep' | label=Deposit (defaulted; no _tx_label match for 'dep' → default to 'Deposit'); status_raw='' → norm='auto'; amount=200.0; currency=USD; date=2019-07-21 — KEEP
[2025-09-02 15:20:55] r=762 → type_raw='Dep' | label=Deposit (defaulted; no _tx_label match for 'dep' → default to 'Deposit'); status_raw='' → norm='auto'; amount=200.0; currency=USD; date=2019-07-21 — KEEP
[2025-09-02 15:20:55] r=763 → type_raw='Dep' | label=Deposit (defaulted; no _tx_label match for 'dep' → default to 'Deposit'); status_raw='' → norm='auto'; amount=100.0; currency=USD; date=2019-07-25 — KEEP
[2025-09-02 15:20:55] r=764 → type_raw='Dep' | label=Deposit (defaulted; no _tx_label match for 'dep' → default to 'Deposit'); status_raw='' → norm='auto'; amount=900.0; currency=USD; date=2019-07-25 — KEEP
[2025-09-02 15:20:55] r=765 → type_raw='Dep' | label=Deposit (defaulted; no _tx_label match for 'dep' → default to 'Deposit'); status_raw='' → norm='auto'; amount=500.0; currency=USD; date=2019-07-25 — KEEP
[2025-09-02 15:20:55] r=766 → type_raw='Dep' | label=Deposit (defaulted; no _tx_label match for 'dep' → default to 'Deposit'); status_raw='' → norm='auto'; amount=200.0; currency=USD; date=2019-07-25 — KEEP
[2025-09-02 15:20:55] r=767 → type_raw='Dep' | label=Deposit (defaulted; no _tx_label match for 'dep' → default to 'Deposit'); status_raw='' → norm='auto'; amount=100.0; currency=USD; date=2019-07-26 — KEEP
[2025-09-02 15:20:55] r=768 → type_raw='Dep' | label=Deposit (defaulted; no _tx_label match for 'dep' → default to 'Deposit'); status_raw='' → norm='auto'; amount=1200.0; currency=USD; date=2019-07-26 — KEEP
[2025-09-02 15:20:55] r=769 → type_raw='Dep' | label=Deposit (defaulted; no _tx_label match for 'dep' → default to 'Deposit'); status_raw='' → norm='auto'; amount=106.42; currency=USD; date=2019-07-27 — KEEP
[2025-09-02 15:20:55] r=770 → type_raw='Dep' | label=Deposit (defaulted; no _tx_label match for 'dep' → default to 'Deposit'); status_raw='' → norm='auto'; amount=50.0; currency=USD; date=2019-07-27 — KEEP
[2025-09-02 15:20:55] r=771 → type_raw='Dep' | label=Deposit (defaulted; no _tx_label match for 'dep' → default to 'Deposit'); status_raw='' → norm='auto'; amount=500.0; currency=USD; date=2019-07-27 — KEEP
[2025-09-02 15:20:55] r=772 → type_raw='Dep' | label=Deposit (defaulted; no _tx_label match for 'dep' → default to 'Deposit'); status_raw='' → norm='auto'; amount=500.0; currency=USD; date=2019-07-27 — KEEP
[2025-09-02 15:20:55] r=773 → type_raw='Dep' | label=Deposit (defaulted; no _tx_label match for 'dep' → default to 'Deposit'); status_raw='' → norm='auto'; amount=500.0; currency=USD; date=2019-07-27 — KEEP
[2025-09-02 15:20:55] r=774 → type_raw='Dep' | label=Deposit (defaulted; no _tx_label match for 'dep' → default to 'Deposit'); status_raw='' → norm='auto'; amount=500.0; currency=USD; date=2019-07-27 — KEEP
[2025-09-02 15:20:55] r=775 → type_raw='Dep' | label=Deposit (defaulted; no _tx_label match for 'dep' → default to 'Deposit'); status_raw='' → norm='auto'; amount=700.0; currency=USD; date=2019-07-28 — KEEP
[2025-09-02 15:20:55] r=776 → type_raw='Dep' | label=Deposit (defaulted; no _tx_label match for 'dep' → default to 'Deposit'); status_raw='' → norm='auto'; amount=700.0; currency=USD; date=2019-07-28 — KEEP
[2025-09-02 15:20:55] r=777 → type_raw='Dep' | label=Deposit (defaulted; no _tx_label match for 'dep' → default to 'Deposit'); status_raw='' → norm='auto'; amount=500.0; currency=USD; date=2019-07-28 — KEEP
[2025-09-02 15:20:55] r=778 → type_raw='Dep' | label=Deposit (defaulted; no _tx_label match for 'dep' → default to 'Deposit'); status_raw='' → norm='auto'; amount=140.0; currency=USD; date=2019-07-28 — KEEP
[2025-09-02 15:20:55] r=779 → type_raw='Dep' | label=Deposit (defaulted; no _tx_label match for 'dep' → default to 'Deposit'); status_raw='' → norm='auto'; amount=700.0; currency=EUR; date=2019-07-28 — KEEP
[2025-09-02 15:20:55] r=780 → type_raw='Dep' | label=Deposit (defaulted; no _tx_label match for 'dep' → default to 'Deposit'); status_raw='' → norm='auto'; amount=200.0; currency=USD; date=2019-07-28 — KEEP
[2025-09-02 15:20:55] r=781 → type_raw='Dep' | label=Deposit (defaulted; no _tx_label match for 'dep' → default to 'Deposit'); status_raw='' → norm='auto'; amount=100.0; currency=USD; date=2019-07-29 — KEEP
[2025-09-02 15:20:55] r=782 → type_raw='Dep' | label=Deposit (defaulted; no _tx_label match for 'dep' → default to 'Deposit'); status_raw='' → norm='auto'; amount=500.0; currency=USD; date=2019-07-31 — KEEP
[2025-09-02 15:20:55] r=783 → type_raw='Red' | label=Deposit (defaulted; no _tx_label match for 'red' → default to 'Deposit'); status_raw='' → norm='auto'; amount=6928.83; currency=USD; date=2019-08-01 — KEEP
[2025-09-02 15:20:55] r=784 → type_raw='Dep' | label=Deposit (defaulted; no _tx_label match for 'dep' → default to 'Deposit'); status_raw='' → norm='auto'; amount=300.0; currency=USD; date=2019-08-05 — KEEP
[2025-09-02 15:20:55] r=785 → type_raw='Dep' | label=Deposit (defaulted; no _tx_label match for 'dep' → default to 'Deposit'); status_raw='' → norm='auto'; amount=700.0; currency=USD; date=2019-08-07 — KEEP
[2025-09-02 15:20:55] r=786 → type_raw='Dep' | label=Deposit (defaulted; no _tx_label match for 'dep' → default to 'Deposit'); status_raw='' → norm='auto'; amount=600.0; currency=USD; date=2019-08-07 — KEEP
[2025-09-02 15:20:55] r=787 → type_raw='Dep' | label=Deposit (defaulted; no _tx_label match for 'dep' → default to 'Deposit'); status_raw='' → norm='auto'; amount=1000.0; currency=USD; date=2019-08-09 — KEEP
[2025-09-02 15:20:55] r=788 → type_raw='Dep' | label=Deposit (defaulted; no _tx_label match for 'dep' → default to 'Deposit'); status_raw='' → norm='auto'; amount=1000.0; currency=USD; date=2019-08-09 — KEEP
[2025-09-02 15:20:55] r=789 → type_raw='Dep' | label=Deposit (defaulted; no _tx_label match for 'dep' → default to 'Deposit'); status_raw='' → norm='auto'; amount=1000.0; currency=USD; date=2019-08-09 — KEEP
[2025-09-02 15:20:55] r=790 → type_raw='Dep' | label=Deposit (defaulted; no _tx_label match for 'dep' → default to 'Deposit'); status_raw='' → norm='auto'; amount=1000.0; currency=USD; date=2019-08-10 — KEEP
[2025-09-02 15:20:55] r=791 → type_raw='Dep' | label=Deposit (defaulted; no _tx_label match for 'dep' → default to 'Deposit'); status_raw='' → norm='auto'; amount=1000.0; currency=USD; date=2019-08-10 — KEEP
[2025-09-02 15:20:55] r=792 → type_raw='Dep' | label=Deposit (defaulted; no _tx_label match for 'dep' → default to 'Deposit'); status_raw='' → norm='auto'; amount=1000.0; currency=USD; date=2019-08-10 — KEEP
[2025-09-02 15:20:55] r=793 → type_raw='Dep' | label=Deposit (defaulted; no _tx_label match for 'dep' → default to 'Deposit'); status_raw='' → norm='auto'; amount=1000.0; currency=USD; date=2019-08-10 — KEEP
[2025-09-02 15:20:55] r=794 → type_raw='Dep' | label=Deposit (defaulted; no _tx_label match for 'dep' → default to 'Deposit'); status_raw='' → norm='auto'; amount=500.0; currency=USD; date=2019-08-10 — KEEP
[2025-09-02 15:20:55] r=795 → type_raw='Dep' | label=Deposit (defaulted; no _tx_label match for 'dep' → default to 'Deposit'); status_raw='' → norm='auto'; amount=2000.0; currency=USD; date=2019-08-12 — KEEP
[2025-09-02 15:20:55] r=796 → type_raw='Dep' | label=Deposit (defaulted; no _tx_label match for 'dep' → default to 'Deposit'); status_raw='' → norm='auto'; amount=300.0; currency=USD; date=2019-08-12 — KEEP
[2025-09-02 15:20:55] r=797 → type_raw='Dep' | label=Deposit (defaulted; no _tx_label match for 'dep' → default to 'Deposit'); status_raw='' → norm='auto'; amount=800.0; currency=USD; date=2019-08-26 — KEEP
[2025-09-02 15:20:55] r=798 → type_raw='Dep' | label=Deposit (defaulted; no _tx_label match for 'dep' → default to 'Deposit'); status_raw='' → norm='auto'; amount=1100.0; currency=USD; date=2019-08-26 — KEEP
[2025-09-02 15:20:55] r=799 → type_raw='Dep' | label=Deposit (defaulted; no _tx_label match for 'dep' → default to 'Deposit'); status_raw='' → norm='auto'; amount=1300.0; currency=USD; date=2019-08-27 — KEEP
[2025-09-02 15:20:55] r=800 → type_raw='Dep' | label=Deposit (defaulted; no _tx_label match for 'dep' → default to 'Deposit'); status_raw='' → norm='auto'; amount=1300.0; currency=USD; date=2019-08-27 — KEEP
[2025-09-02 15:20:55] r=801 → type_raw='Dep' | label=Deposit (defaulted; no _tx_label match for 'dep' → default to 'Deposit'); status_raw='' → norm='auto'; amount=900.0; currency=USD; date=2019-08-27 — KEEP
[2025-09-02 15:20:55] r=802 → type_raw='Dep' | label=Deposit (defaulted; no _tx_label match for 'dep' → default to 'Deposit'); status_raw='' → norm='auto'; amount=900.0; currency=USD; date=2019-08-27 — KEEP
[2025-09-02 15:20:55] r=803 → type_raw='Dep' | label=Deposit (defaulted; no _tx_label match for 'dep' → default to 'Deposit'); status_raw='' → norm='auto'; amount=480.0; currency=USD; date=2019-08-27 — KEEP
[2025-09-02 15:20:55] r=804 → type_raw='Dep' | label=Deposit (defaulted; no _tx_label match for 'dep' → default to 'Deposit'); status_raw='' → norm='auto'; amount=1300.0; currency=USD; date=2019-08-28 — KEEP
[2025-09-02 15:20:55] r=805 → type_raw='Dep' | label=Deposit (defaulted; no _tx_label match for 'dep' → default to 'Deposit'); status_raw='' → norm='auto'; amount=1300.0; currency=USD; date=2019-08-28 — KEEP
[2025-09-02 15:20:55] r=806 → type_raw='Dep' | label=Deposit (defaulted; no _tx_label match for 'dep' → default to 'Deposit'); status_raw='' → norm='auto'; amount=300.0; currency=USD; date=2019-08-28 — KEEP
[2025-09-02 15:20:55] r=807 → type_raw='Dep' | label=Deposit (defaulted; no _tx_label match for 'dep' → default to 'Deposit'); status_raw='' → norm='auto'; amount=500.0; currency=USD; date=2019-08-28 — KEEP
[2025-09-02 15:20:55] r=808 → type_raw='Dep' | label=Deposit (defaulted; no _tx_label match for 'dep' → default to 'Deposit'); status_raw='' → norm='auto'; amount=800.0; currency=USD; date=2019-08-28 — KEEP
[2025-09-02 15:20:55] r=809 → type_raw='Dep' | label=Deposit (defaulted; no _tx_label match for 'dep' → default to 'Deposit'); status_raw='' → norm='auto'; amount=590.0; currency=USD; date=2019-08-28 — KEEP
[2025-09-02 15:20:55] r=810 → type_raw='Dep' | label=Deposit (defaulted; no _tx_label match for 'dep' → default to 'Deposit'); status_raw='' → norm='auto'; amount=100.0; currency=USD; date=2019-08-28 — KEEP
[2025-09-02 15:20:55] r=811 → type_raw='Dep' | label=Deposit (defaulted; no _tx_label match for 'dep' → default to 'Deposit'); status_raw='' → norm='auto'; amount=600.0; currency=USD; date=2019-09-06 — KEEP
[2025-09-02 15:20:55] r=812 → type_raw='Dep' | label=Deposit (defaulted; no _tx_label match for 'dep' → default to 'Deposit'); status_raw='' → norm='auto'; amount=200.0; currency=USD; date=2019-09-06 — KEEP
[2025-09-02 15:20:55] r=813 → type_raw='Dep' | label=Deposit (defaulted; no _tx_label match for 'dep' → default to 'Deposit'); status_raw='' → norm='auto'; amount=200.0; currency=USD; date=2019-09-06 — KEEP
[2025-09-02 15:20:55] r=814 → type_raw='Dep' | label=Deposit (defaulted; no _tx_label match for 'dep' → default to 'Deposit'); status_raw='' → norm='auto'; amount=600.0; currency=USD; date=2019-09-07 — KEEP
[2025-09-02 15:20:55] r=815 → type_raw='Dep' | label=Deposit (defaulted; no _tx_label match for 'dep' → default to 'Deposit'); status_raw='' → norm='auto'; amount=700.0; currency=USD; date=2019-09-07 — KEEP
[2025-09-02 15:20:56] r=816 → type_raw='Dep' | label=Deposit (defaulted; no _tx_label match for 'dep' → default to 'Deposit'); status_raw='' → norm='auto'; amount=230.0; currency=USD; date=2019-09-07 — KEEP
[2025-09-02 15:20:56] r=817 → type_raw='Dep' | label=Deposit (defaulted; no _tx_label match for 'dep' → default to 'Deposit'); status_raw='' → norm='auto'; amount=500.0; currency=EUR; date=2019-09-07 — KEEP
[2025-09-02 15:20:56] r=818 → type_raw='Dep' | label=Deposit (defaulted; no _tx_label match for 'dep' → default to 'Deposit'); status_raw='' → norm='auto'; amount=94.0; currency=USD; date=2019-09-07 — KEEP
[2025-09-02 15:20:56] r=819 → type_raw='Dep' | label=Deposit (defaulted; no _tx_label match for 'dep' → default to 'Deposit'); status_raw='' → norm='auto'; amount=500.0; currency=USD; date=2019-09-15 — KEEP
[2025-09-02 15:20:56] r=820 → type_raw='Dep' | label=Deposit (defaulted; no _tx_label match for 'dep' → default to 'Deposit'); status_raw='' → norm='auto'; amount=900.0; currency=USD; date=2019-09-15 — KEEP
[2025-09-02 15:20:56] r=821 → type_raw='Dep' | label=Deposit (defaulted; no _tx_label match for 'dep' → default to 'Deposit'); status_raw='' → norm='auto'; amount=928.0; currency=USD; date=2019-09-15 — KEEP
[2025-09-02 15:20:56] r=822 → type_raw='Dep' | label=Deposit (defaulted; no _tx_label match for 'dep' → default to 'Deposit'); status_raw='' → norm='auto'; amount=460.0; currency=USD; date=2019-09-15 — KEEP
[2025-09-02 15:20:56] r=823 → type_raw='Dep' | label=Deposit (defaulted; no _tx_label match for 'dep' → default to 'Deposit'); status_raw='' → norm='auto'; amount=500.0; currency=USD; date=2019-09-16 — KEEP
[2025-09-02 15:20:56] r=824 → type_raw='Dep' | label=Deposit (defaulted; no _tx_label match for 'dep' → default to 'Deposit'); status_raw='' → norm='auto'; amount=1500.0; currency=USD; date=2019-09-17 — KEEP
[2025-09-02 15:20:56] r=825 → type_raw='Dep' | label=Deposit (defaulted; no _tx_label match for 'dep' → default to 'Deposit'); status_raw='' → norm='auto'; amount=600.0; currency=USD; date=2019-09-17 — KEEP
[2025-09-02 15:20:56] r=826 → type_raw='Dep' | label=Deposit (defaulted; no _tx_label match for 'dep' → default to 'Deposit'); status_raw='' → norm='auto'; amount=920.0; currency=USD; date=2019-09-17 — KEEP
[2025-09-02 15:20:56] r=827 → type_raw='Dep' | label=Deposit (defaulted; no _tx_label match for 'dep' → default to 'Deposit'); status_raw='' → norm='auto'; amount=300.0; currency=USD; date=2019-09-17 — KEEP
[2025-09-02 15:20:56] r=828 → type_raw='Dep' | label=Deposit (defaulted; no _tx_label match for 'dep' → default to 'Deposit'); status_raw='' → norm='auto'; amount=100.0; currency=USD; date=2019-09-17 — KEEP
[2025-09-02 15:20:56] r=829 → type_raw='Dep' | label=Deposit (defaulted; no _tx_label match for 'dep' → default to 'Deposit'); status_raw='' → norm='auto'; amount=1500.0; currency=USD; date=2019-09-18 — KEEP
[2025-09-02 15:20:56] r=830 → type_raw='Dep' | label=Deposit (defaulted; no _tx_label match for 'dep' → default to 'Deposit'); status_raw='' → norm='auto'; amount=926.0; currency=USD; date=2019-09-18 — KEEP
[2025-09-02 15:20:56] r=831 → type_raw='Dep' | label=Deposit (defaulted; no _tx_label match for 'dep' → default to 'Deposit'); status_raw='' → norm='auto'; amount=1500.0; currency=USD; date=2019-09-19 — KEEP
[2025-09-02 15:20:56] r=832 → type_raw='Dep' | label=Deposit (defaulted; no _tx_label match for 'dep' → default to 'Deposit'); status_raw='' → norm='auto'; amount=288.0; currency=USD; date=2019-09-19 — KEEP
[2025-09-02 15:20:56] r=833 → type_raw='Dep' | label=Deposit (defaulted; no _tx_label match for 'dep' → default to 'Deposit'); status_raw='' → norm='auto'; amount=900.0; currency=USD; date=2019-09-19 — KEEP
[2025-09-02 15:20:56] r=834 → type_raw='Dep' | label=Deposit (defaulted; no _tx_label match for 'dep' → default to 'Deposit'); status_raw='' → norm='auto'; amount=700.0; currency=USD; date=2019-09-19 — KEEP
[2025-09-02 15:20:56] r=835 → type_raw='Dep' | label=Deposit (defaulted; no _tx_label match for 'dep' → default to 'Deposit'); status_raw='' → norm='auto'; amount=100.0; currency=USD; date=2019-09-19 — KEEP
[2025-09-02 15:20:56] r=836 → type_raw='Dep' | label=Deposit (defaulted; no _tx_label match for 'dep' → default to 'Deposit'); status_raw='' → norm='auto'; amount=2700.0; currency=USD; date=2019-09-20 — KEEP
[2025-09-02 15:20:56] r=837 → type_raw='Dep' | label=Deposit (defaulted; no _tx_label match for 'dep' → default to 'Deposit'); status_raw='' → norm='auto'; amount=1000.0; currency=USD; date=2019-09-20 — KEEP
[2025-09-02 15:20:56] r=838 → type_raw='Dep' | label=Deposit (defaulted; no _tx_label match for 'dep' → default to 'Deposit'); status_raw='' → norm='auto'; amount=1500.0; currency=USD; date=2019-09-20 — KEEP
[2025-09-02 15:20:56] r=839 → type_raw='Dep' | label=Deposit (defaulted; no _tx_label match for 'dep' → default to 'Deposit'); status_raw='' → norm='auto'; amount=1500.0; currency=USD; date=2019-09-20 — KEEP
[2025-09-02 15:20:56] r=840 → type_raw='Dep' | label=Deposit (defaulted; no _tx_label match for 'dep' → default to 'Deposit'); status_raw='' → norm='auto'; amount=500.0; currency=USD; date=2019-09-20 — KEEP
[2025-09-02 15:20:56] r=841 → type_raw='Dep' | label=Deposit (defaulted; no _tx_label match for 'dep' → default to 'Deposit'); status_raw='' → norm='auto'; amount=1599.0; currency=USD; date=2019-09-22 — KEEP
[2025-09-02 15:20:56] r=842 → type_raw='Dep' | label=Deposit (defaulted; no _tx_label match for 'dep' → default to 'Deposit'); status_raw='' → norm='auto'; amount=3100.0; currency=USD; date=2019-09-22 — KEEP
[2025-09-02 15:20:56] r=843 → type_raw='Dep' | label=Deposit (defaulted; no _tx_label match for 'dep' → default to 'Deposit'); status_raw='' → norm='auto'; amount=2600.0; currency=USD; date=2019-09-22 — KEEP
[2025-09-02 15:20:56] r=844 → type_raw='Dep' | label=Deposit (defaulted; no _tx_label match for 'dep' → default to 'Deposit'); status_raw='' → norm='auto'; amount=500.0; currency=USD; date=2019-09-22 — KEEP
[2025-09-02 15:20:56] r=845 → type_raw='Dep' | label=Deposit (defaulted; no _tx_label match for 'dep' → default to 'Deposit'); status_raw='' → norm='auto'; amount=420.0; currency=USD; date=2019-09-22 — KEEP
[2025-09-02 15:20:56] r=846 → type_raw='Dep' | label=Deposit (defaulted; no _tx_label match for 'dep' → default to 'Deposit'); status_raw='' → norm='auto'; amount=400.0; currency=USD; date=2019-09-22 — KEEP
[2025-09-02 15:20:56] r=847 → type_raw='Dep' | label=Deposit (defaulted; no _tx_label match for 'dep' → default to 'Deposit'); status_raw='' → norm='auto'; amount=215.0; currency=USD; date=2019-09-22 — KEEP
[2025-09-02 15:20:56] r=848 → type_raw='Dep' | label=Deposit (defaulted; no _tx_label match for 'dep' → default to 'Deposit'); status_raw='' → norm='auto'; amount=100.0; currency=USD; date=2019-09-22 — KEEP
[2025-09-02 15:20:56] r=849 → type_raw='Dep' | label=Deposit (defaulted; no _tx_label match for 'dep' → default to 'Deposit'); status_raw='' → norm='auto'; amount=682.0; currency=USD; date=2019-09-23 — KEEP
[2025-09-02 15:20:56] r=850 → type_raw='Dep' | label=Deposit (defaulted; no _tx_label match for 'dep' → default to 'Deposit'); status_raw='' → norm='auto'; amount=500.0; currency=USD; date=2019-09-23 — KEEP
[2025-09-02 15:20:56] r=851 → type_raw='Dep' | label=Deposit (defaulted; no _tx_label match for 'dep' → default to 'Deposit'); status_raw='' → norm='auto'; amount=2485.0; currency=USD; date=2019-09-26 — KEEP
[2025-09-02 15:20:56] r=852 → type_raw='Dep' | label=Deposit (defaulted; no _tx_label match for 'dep' → default to 'Deposit'); status_raw='' → norm='auto'; amount=1630.0; currency=USD; date=2019-09-30 — KEEP
[2025-09-02 15:20:56] r=853 → type_raw='Dep' | label=Deposit (defaulted; no _tx_label match for 'dep' → default to 'Deposit'); status_raw='' → norm='auto'; amount=200.0; currency=USD; date=2019-09-30 — KEEP
[2025-09-02 15:20:56] r=854 → type_raw='Dep' | label=Deposit (defaulted; no _tx_label match for 'dep' → default to 'Deposit'); status_raw='' → norm='auto'; amount=900.0; currency=USD; date=2019-09-30 — KEEP
[2025-09-02 15:20:56] r=855 → type_raw='Dep' | label=Deposit (defaulted; no _tx_label match for 'dep' → default to 'Deposit'); status_raw='' → norm='auto'; amount=500.0; currency=USD; date=2019-10-02 — KEEP
[2025-09-02 15:20:56] r=856 → type_raw='Dep' | label=Deposit (defaulted; no _tx_label match for 'dep' → default to 'Deposit'); status_raw='' → norm='auto'; amount=100.0; currency=USD; date=2019-10-07 — KEEP
[2025-09-02 15:20:56] r=857 → type_raw='Dep' | label=Deposit (defaulted; no _tx_label match for 'dep' → default to 'Deposit'); status_raw='' → norm='auto'; amount=200.0; currency=USD; date=2019-10-07 — KEEP
[2025-09-02 15:20:56] r=858 → type_raw='Dep' | label=Deposit (defaulted; no _tx_label match for 'dep' → default to 'Deposit'); status_raw='' → norm='auto'; amount=200.0; currency=USD; date=2019-10-07 — KEEP
[2025-09-02 15:20:56] r=859 → type_raw='Dep' | label=Deposit (defaulted; no _tx_label match for 'dep' → default to 'Deposit'); status_raw='' → norm='auto'; amount=10000.0; currency=USD; date=2019-10-22 — KEEP
[2025-09-02 15:20:56] r=860 → type_raw='Dep' | label=Deposit (defaulted; no _tx_label match for 'dep' → default to 'Deposit'); status_raw='' → norm='auto'; amount=10000.0; currency=USD; date=2019-10-24 — KEEP
[2025-09-02 15:20:56] r=861 → type_raw='Dep' | label=Deposit (defaulted; no _tx_label match for 'dep' → default to 'Deposit'); status_raw='' → norm='auto'; amount=250.0; currency=USD; date=2019-11-05 — KEEP
[2025-09-02 15:20:56] r=862 → type_raw='Dep' | label=Deposit (defaulted; no _tx_label match for 'dep' → default to 'Deposit'); status_raw='' → norm='auto'; amount=400.0; currency=USD; date=2019-11-05 — KEEP
[2025-09-02 15:20:56] r=863 → type_raw='Dep' | label=Deposit (defaulted; no _tx_label match for 'dep' → default to 'Deposit'); status_raw='' → norm='auto'; amount=200.0; currency=USD; date=2019-11-05 — KEEP
[2025-09-02 15:20:56] r=864 → type_raw='Dep' | label=Deposit (defaulted; no _tx_label match for 'dep' → default to 'Deposit'); status_raw='' → norm='auto'; amount=700.0; currency=USD; date=2019-11-06 — KEEP
[2025-09-02 15:20:56] r=865 → type_raw='Dep' | label=Deposit (defaulted; no _tx_label match for 'dep' → default to 'Deposit'); status_raw='' → norm='auto'; amount=100.0; currency=USD; date=2019-11-06 — KEEP
[2025-09-02 15:20:56] r=866 → type_raw='Dep' | label=Deposit (defaulted; no _tx_label match for 'dep' → default to 'Deposit'); status_raw='' → norm='auto'; amount=53.7; currency=USD; date=2019-11-07 — KEEP
[2025-09-02 15:20:56] r=867 → type_raw='Dep' | label=Deposit (defaulted; no _tx_label match for 'dep' → default to 'Deposit'); status_raw='' → norm='auto'; amount=200.0; currency=USD; date=2019-11-07 — KEEP
[2025-09-02 15:20:56] r=868 → type_raw='Dep' | label=Deposit (defaulted; no _tx_label match for 'dep' → default to 'Deposit'); status_raw='' → norm='auto'; amount=500.0; currency=USD; date=2019-11-07 — KEEP
[2025-09-02 15:20:56] r=869 → type_raw='Dep' | label=Deposit (defaulted; no _tx_label match for 'dep' → default to 'Deposit'); status_raw='' → norm='auto'; amount=700.0; currency=EUR; date=2019-11-07 — KEEP
[2025-09-02 15:20:56] r=870 → type_raw='Dep' | label=Deposit (defaulted; no _tx_label match for 'dep' → default to 'Deposit'); status_raw='' → norm='auto'; amount=300.0; currency=EUR; date=2019-11-07 — KEEP
[2025-09-02 15:20:56] r=871 → type_raw='Dep' | label=Deposit (defaulted; no _tx_label match for 'dep' → default to 'Deposit'); status_raw='' → norm='auto'; amount=500.0; currency=EUR; date=2019-11-07 — KEEP
[2025-09-02 15:20:56] r=872 → type_raw='Dep' | label=Deposit (defaulted; no _tx_label match for 'dep' → default to 'Deposit'); status_raw='' → norm='auto'; amount=500.0; currency=EUR; date=2019-11-07 — KEEP
[2025-09-02 15:20:56] r=873 → type_raw='Dep' | label=Deposit (defaulted; no _tx_label match for 'dep' → default to 'Deposit'); status_raw='' → norm='auto'; amount=500.0; currency=USD; date=2019-11-09 — KEEP
[2025-09-02 15:20:56] r=874 → type_raw='Dep' | label=Deposit (defaulted; no _tx_label match for 'dep' → default to 'Deposit'); status_raw='' → norm='auto'; amount=940.0; currency=USD; date=2019-11-09 — KEEP
[2025-09-02 15:20:56] r=875 → type_raw='Dep' | label=Deposit (defaulted; no _tx_label match for 'dep' → default to 'Deposit'); status_raw='' → norm='auto'; amount=3000.0; currency=USD; date=2019-11-12 — KEEP
[2025-09-02 15:20:56] r=876 → type_raw='Dep' | label=Deposit (defaulted; no _tx_label match for 'dep' → default to 'Deposit'); status_raw='' → norm='auto'; amount=500.0; currency=USD; date=2019-12-05 — KEEP
[2025-09-02 15:20:56] r=877 → type_raw='Dep' | label=Deposit (defaulted; no _tx_label match for 'dep' → default to 'Deposit'); status_raw='' → norm='auto'; amount=100.0; currency=USD; date=2019-12-05 — KEEP
[2025-09-02 15:20:56] r=878 → type_raw='Dep' | label=Deposit (defaulted; no _tx_label match for 'dep' → default to 'Deposit'); status_raw='' → norm='auto'; amount=175.0; currency=EUR; date=2019-12-05 — KEEP
[2025-09-02 15:20:56] r=879 → type_raw='Dep' | label=Deposit (defaulted; no _tx_label match for 'dep' → default to 'Deposit'); status_raw='' → norm='auto'; amount=300.0; currency=USD; date=2019-12-07 — KEEP
[2025-09-02 15:20:56] r=880 → type_raw='Dep' | label=Deposit (defaulted; no _tx_label match for 'dep' → default to 'Deposit'); status_raw='' → norm='auto'; amount=5.0; currency=USD; date=2019-12-07 — KEEP
[2025-09-02 15:20:56] r=881 → type_raw='Dep' | label=Deposit (defaulted; no _tx_label match for 'dep' → default to 'Deposit'); status_raw='' → norm='auto'; amount=500.0; currency=USD; date=2019-12-07 — KEEP
[2025-09-02 15:20:56] r=882 → type_raw='Dep' | label=Deposit (defaulted; no _tx_label match for 'dep' → default to 'Deposit'); status_raw='' → norm='auto'; amount=2300.0; currency=USD; date=2019-12-10 — KEEP
[2025-09-02 15:20:56] r=883 → type_raw='Dep' | label=Deposit (defaulted; no _tx_label match for 'dep' → default to 'Deposit'); status_raw='' → norm='auto'; amount=2500.0; currency=USD; date=2019-12-10 — KEEP
[2025-09-02 15:20:56] r=884 → type_raw='Dep' | label=Deposit (defaulted; no _tx_label match for 'dep' → default to 'Deposit'); status_raw='' → norm='auto'; amount=5000.0; currency=USD; date=2019-12-12 — KEEP
[2025-09-02 15:20:56] r=885 → type_raw='Dep' | label=Deposit (defaulted; no _tx_label match for 'dep' → default to 'Deposit'); status_raw='' → norm='auto'; amount=5000.0; currency=USD; date=2019-12-13 — KEEP
[2025-09-02 15:20:56] r=886 → type_raw='Dep' | label=Deposit (defaulted; no _tx_label match for 'dep' → default to 'Deposit'); status_raw='' → norm='auto'; amount=5000.0; currency=USD; date=2019-12-13 — KEEP
[2025-09-02 15:20:56] r=887 → type_raw='Dep' | label=Deposit (defaulted; no _tx_label match for 'dep' → default to 'Deposit'); status_raw='' → norm='auto'; amount=7000.0; currency=USD; date=2019-12-13 — KEEP
[2025-09-02 15:20:56] r=888 → type_raw='Dep' | label=Deposit (defaulted; no _tx_label match for 'dep' → default to 'Deposit'); status_raw='' → norm='auto'; amount=2100.0; currency=USD; date=2019-12-13 — KEEP
[2025-09-02 15:20:56] r=889 → type_raw='Dep' | label=Deposit (defaulted; no _tx_label match for 'dep' → default to 'Deposit'); status_raw='' → norm='auto'; amount=400.0; currency=USD; date=2019-12-13 — KEEP
[2025-09-02 15:20:56] r=890 → type_raw='Dep' | label=Deposit (defaulted; no _tx_label match for 'dep' → default to 'Deposit'); status_raw='' → norm='auto'; amount=1000.0; currency=USD; date=2020-01-01 — KEEP
[2025-09-02 15:20:56] r=891 → type_raw='Dep' | label=Deposit (defaulted; no _tx_label match for 'dep' → default to 'Deposit'); status_raw='' → norm='auto'; amount=10000.0; currency=USD; date=2020-01-01 — KEEP
[2025-09-02 15:20:56] r=892 → type_raw='Dep' | label=Deposit (defaulted; no _tx_label match for 'dep' → default to 'Deposit'); status_raw='' → norm='auto'; amount=600.0; currency=USD; date=2020-01-03 — KEEP
[2025-09-02 15:20:56] r=893 → type_raw='Dep' | label=Deposit (defaulted; no _tx_label match for 'dep' → default to 'Deposit'); status_raw='' → norm='auto'; amount=1000.0; currency=USD; date=2020-01-09 — KEEP
[2025-09-02 15:20:56] r=894 → type_raw='Dep' | label=Deposit (defaulted; no _tx_label match for 'dep' → default to 'Deposit'); status_raw='' → norm='auto'; amount=900.0; currency=USD; date=2020-01-09 — KEEP
[2025-09-02 15:20:56] r=895 → type_raw='Dep' | label=Deposit (defaulted; no _tx_label match for 'dep' → default to 'Deposit'); status_raw='' → norm='auto'; amount=2000.0; currency=USD; date=2020-01-09 — KEEP
[2025-09-02 15:20:56] r=896 → type_raw='Dep' | label=Deposit (defaulted; no _tx_label match for 'dep' → default to 'Deposit'); status_raw='' → norm='auto'; amount=5000.0; currency=USD; date=2020-01-09 — KEEP
[2025-09-02 15:20:56] r=897 → type_raw='Dep' | label=Deposit (defaulted; no _tx_label match for 'dep' → default to 'Deposit'); status_raw='' → norm='auto'; amount=0.92; currency=USD; date=2020-01-18 — KEEP
[2025-09-02 15:20:56] r=898 → type_raw='Dep' | label=Deposit (defaulted; no _tx_label match for 'dep' → default to 'Deposit'); status_raw='' → norm='auto'; amount=74.0; currency=USD; date=2020-01-20 — KEEP
[2025-09-02 15:20:56] r=899 → type_raw='Dep' | label=Deposit (defaulted; no _tx_label match for 'dep' → default to 'Deposit'); status_raw='' → norm='auto'; amount=17.5; currency=USD; date=2020-01-21 — KEEP
[2025-09-02 15:20:56] r=900 → type_raw='Dep' | label=Deposit (defaulted; no _tx_label match for 'dep' → default to 'Deposit'); status_raw='' → norm='auto'; amount=900.0; currency=USD; date=2020-01-26 — KEEP
[2025-09-02 15:20:56] r=901 → type_raw='Dep' | label=Deposit (defaulted; no _tx_label match for 'dep' → default to 'Deposit'); status_raw='' → norm='auto'; amount=936.0; currency=USD; date=2020-01-29 — KEEP
[2025-09-02 15:20:56] r=902 → type_raw='Dep' | label=Deposit (defaulted; no _tx_label match for 'dep' → default to 'Deposit'); status_raw='' → norm='auto'; amount=1395.0; currency=USD; date=2020-02-02 — KEEP
[2025-09-02 15:20:56] r=903 → type_raw='Dep' | label=Deposit (defaulted; no _tx_label match for 'dep' → default to 'Deposit'); status_raw='' → norm='auto'; amount=1394.0; currency=USD; date=2020-02-02 — KEEP
[2025-09-02 15:20:56] r=904 → type_raw='Dep' | label=Deposit (defaulted; no _tx_label match for 'dep' → default to 'Deposit'); status_raw='' → norm='auto'; amount=700.0; currency=USD; date=2020-02-02 — KEEP
[2025-09-02 15:20:56] r=905 → type_raw='Dep' | label=Deposit (defaulted; no _tx_label match for 'dep' → default to 'Deposit'); status_raw='' → norm='auto'; amount=386.17; currency=USD; date=2020-02-03 — KEEP
[2025-09-02 15:20:56] r=906 → type_raw='Dep' | label=Deposit (defaulted; no _tx_label match for 'dep' → default to 'Deposit'); status_raw='' → norm='auto'; amount=228.83; currency=USD; date=2020-02-03 — KEEP
[2025-09-02 15:20:56] r=907 → type_raw='Dep' | label=Deposit (defaulted; no _tx_label match for 'dep' → default to 'Deposit'); status_raw='' → norm='auto'; amount=300.0; currency=USD; date=2020-02-08 — KEEP
[2025-09-02 15:20:56] r=908 → type_raw='Dep' | label=Deposit (defaulted; no _tx_label match for 'dep' → default to 'Deposit'); status_raw='' → norm='auto'; amount=5000.0; currency=USD; date=2020-02-08 — KEEP
[2025-09-02 15:20:56] r=909 → type_raw='Dep' | label=Deposit (defaulted; no _tx_label match for 'dep' → default to 'Deposit'); status_raw='' → norm='auto'; amount=500.0; currency=USD; date=2020-02-08 — KEEP
[2025-09-02 15:20:56] r=910 → type_raw='Dep' | label=Deposit (defaulted; no _tx_label match for 'dep' → default to 'Deposit'); status_raw='' → norm='auto'; amount=300.0; currency=USD; date=2020-02-08 — KEEP
[2025-09-02 15:20:56] r=911 → type_raw='Dep' | label=Deposit (defaulted; no _tx_label match for 'dep' → default to 'Deposit'); status_raw='' → norm='auto'; amount=269.0; currency=USD; date=2020-02-08 — KEEP
[2025-09-02 15:20:56] r=912 → type_raw='Dep' | label=Deposit (defaulted; no _tx_label match for 'dep' → default to 'Deposit'); status_raw='' → norm='auto'; amount=7000.0; currency=USD; date=2020-02-08 — KEEP
[2025-09-02 15:20:56] r=913 → type_raw='Dep' | label=Deposit (defaulted; no _tx_label match for 'dep' → default to 'Deposit'); status_raw='' → norm='auto'; amount=369.0; currency=USD; date=2020-02-08 — KEEP
[2025-09-02 15:20:56] r=914 → type_raw='Dep' | label=Deposit (defaulted; no _tx_label match for 'dep' → default to 'Deposit'); status_raw='' → norm='auto'; amount=1400.0; currency=USD; date=2020-02-13 — KEEP
[2025-09-02 15:20:56] r=915 → type_raw='Dep' | label=Deposit (defaulted; no _tx_label match for 'dep' → default to 'Deposit'); status_raw='' → norm='auto'; amount=500.0; currency=USD; date=2020-02-13 — KEEP
[2025-09-02 15:20:56] r=916 → type_raw='Dep' | label=Deposit (defaulted; no _tx_label match for 'dep' → default to 'Deposit'); status_raw='' → norm='auto'; amount=1400.0; currency=USD; date=2020-02-16 — KEEP
[2025-09-02 15:20:56] r=917 → type_raw='Dep' | label=Deposit (defaulted; no _tx_label match for 'dep' → default to 'Deposit'); status_raw='' → norm='auto'; amount=550.0; currency=USD; date=2020-02-16 — KEEP
[2025-09-02 15:20:56] r=918 → type_raw='Dep' | label=Deposit (defaulted; no _tx_label match for 'dep' → default to 'Deposit'); status_raw='' → norm='auto'; amount=900.0; currency=USD; date=2020-02-16 — KEEP
[2025-09-02 15:20:56] r=919 → type_raw='Dep' | label=Deposit (defaulted; no _tx_label match for 'dep' → default to 'Deposit'); status_raw='' → norm='auto'; amount=622.0; currency=USD; date=2020-02-20 — KEEP
[2025-09-02 15:20:56] r=920 → type_raw='Dep' | label=Deposit (defaulted; no _tx_label match for 'dep' → default to 'Deposit'); status_raw='' → norm='auto'; amount=210.0; currency=USD; date=2020-02-22 — KEEP
[2025-09-02 15:20:56] r=921 → type_raw='Dep' | label=Deposit (defaulted; no _tx_label match for 'dep' → default to 'Deposit'); status_raw='' → norm='auto'; amount=1800.0; currency=USD; date=2020-02-23 — KEEP
[2025-09-02 15:20:56] r=922 → type_raw='Dep' | label=Deposit (defaulted; no _tx_label match for 'dep' → default to 'Deposit'); status_raw='' → norm='auto'; amount=950.0; currency=USD; date=2020-02-23 — KEEP
[2025-09-02 15:20:56] r=923 → type_raw='Dep' | label=Deposit (defaulted; no _tx_label match for 'dep' → default to 'Deposit'); status_raw='' → norm='auto'; amount=600.0; currency=USD; date=2020-02-23 — KEEP
[2025-09-02 15:20:56] r=924 → type_raw='Dep' | label=Deposit (defaulted; no _tx_label match for 'dep' → default to 'Deposit'); status_raw='' → norm='auto'; amount=500.0; currency=USD; date=2020-02-23 — KEEP
[2025-09-02 15:20:56] r=925 → type_raw='Dep' | label=Deposit (defaulted; no _tx_label match for 'dep' → default to 'Deposit'); status_raw='' → norm='auto'; amount=1399.0; currency=USD; date=2020-02-24 — KEEP
[2025-09-02 15:20:56] r=926 → type_raw='Dep' | label=Deposit (defaulted; no _tx_label match for 'dep' → default to 'Deposit'); status_raw='' → norm='auto'; amount=222.0; currency=USD; date=2020-02-25 — KEEP
[2025-09-02 15:20:56] r=927 → type_raw='Dep' | label=Deposit (defaulted; no _tx_label match for 'dep' → default to 'Deposit'); status_raw='' → norm='auto'; amount=800.0; currency=USD; date=2020-02-25 — KEEP
[2025-09-02 15:20:56] r=928 → type_raw='Dep' | label=Deposit (defaulted; no _tx_label match for 'dep' → default to 'Deposit'); status_raw='' → norm='auto'; amount=2500.0; currency=USD; date=2020-03-05 — KEEP
[2025-09-02 15:20:56] r=929 → type_raw='Dep' | label=Deposit (defaulted; no _tx_label match for 'dep' → default to 'Deposit'); status_raw='' → norm='auto'; amount=1000.0; currency=USD; date=2020-03-05 — KEEP
[2025-09-02 15:20:56] r=930 → type_raw='Dep' | label=Deposit (defaulted; no _tx_label match for 'dep' → default to 'Deposit'); status_raw='' → norm='auto'; amount=790.0; currency=USD; date=2020-03-13 — KEEP
[2025-09-02 15:20:56] r=931 → type_raw='Dep' | label=Deposit (defaulted; no _tx_label match for 'dep' → default to 'Deposit'); status_raw='' → norm='auto'; amount=65.0; currency=USD; date=2020-03-18 — KEEP
[2025-09-02 15:20:56] r=932 → type_raw='Dep' | label=Deposit (defaulted; no _tx_label match for 'dep' → default to 'Deposit'); status_raw='' → norm='auto'; amount=118.42; currency=USD; date=2020-03-20 — KEEP
[2025-09-02 15:20:56] r=933 → type_raw='Dep' | label=Deposit (defaulted; no _tx_label match for 'dep' → default to 'Deposit'); status_raw='' → norm='auto'; amount=5300.0; currency=USD; date=2020-03-22 — KEEP
[2025-09-02 15:20:56] r=934 → type_raw='Dep' | label=Deposit (defaulted; no _tx_label match for 'dep' → default to 'Deposit'); status_raw='' → norm='auto'; amount=3000.0; currency=USD; date=2020-03-22 — KEEP
[2025-09-02 15:20:56] r=935 → type_raw='Dep' | label=Deposit (defaulted; no _tx_label match for 'dep' → default to 'Deposit'); status_raw='' → norm='auto'; amount=200.0; currency=USD; date=2020-03-22 — KEEP
[2025-09-02 15:20:56] r=936 → type_raw='Dep' | label=Deposit (defaulted; no _tx_label match for 'dep' → default to 'Deposit'); status_raw='' → norm='auto'; amount=800.0; currency=USD; date=2020-04-03 — KEEP
[2025-09-02 15:20:56] r=937 → type_raw='Dep' | label=Deposit (defaulted; no _tx_label match for 'dep' → default to 'Deposit'); status_raw='' → norm='auto'; amount=2000.0; currency=USD; date=2020-04-26 — KEEP
[2025-09-02 15:20:56] r=938 → type_raw='Dep' | label=Deposit (defaulted; no _tx_label match for 'dep' → default to 'Deposit'); status_raw='' → norm='auto'; amount=1500.0; currency=USD; date=2020-04-26 — KEEP
[2025-09-02 15:20:56] r=939 → type_raw='Dep' | label=Deposit (defaulted; no _tx_label match for 'dep' → default to 'Deposit'); status_raw='' → norm='auto'; amount=900.0; currency=USD; date=2020-04-26 — KEEP
[2025-09-02 15:20:56] r=940 → type_raw='Dep' | label=Deposit (defaulted; no _tx_label match for 'dep' → default to 'Deposit'); status_raw='' → norm='auto'; amount=5000.0; currency=USD; date=2020-05-01 — KEEP
[2025-09-02 15:20:56] r=941 → type_raw='Dep' | label=Deposit (defaulted; no _tx_label match for 'dep' → default to 'Deposit'); status_raw='' → norm='auto'; amount=900.0; currency=USD; date=2020-05-01 — KEEP
[2025-09-02 15:20:56] r=942 → type_raw='Dep' | label=Deposit (defaulted; no _tx_label match for 'dep' → default to 'Deposit'); status_raw='' → norm='auto'; amount=500.0; currency=USD; date=2020-05-01 — KEEP
[2025-09-02 15:20:56] r=943 → type_raw='Dep' | label=Deposit (defaulted; no _tx_label match for 'dep' → default to 'Deposit'); status_raw='' → norm='auto'; amount=900.0; currency=USD; date=2020-05-01 — KEEP
[2025-09-02 15:20:56] r=944 → type_raw='Dep' | label=Deposit (defaulted; no _tx_label match for 'dep' → default to 'Deposit'); status_raw='' → norm='auto'; amount=600.0; currency=USD; date=2020-05-03 — KEEP
[2025-09-02 15:20:56] r=945 → type_raw='Dep' | label=Deposit (defaulted; no _tx_label match for 'dep' → default to 'Deposit'); status_raw='' → norm='auto'; amount=5000.0; currency=USD; date=2020-05-05 — KEEP
[2025-09-02 15:20:56] r=946 → type_raw='Dep' | label=Deposit (defaulted; no _tx_label match for 'dep' → default to 'Deposit'); status_raw='' → norm='auto'; amount=5000.0; currency=USD; date=2020-05-05 — KEEP
[2025-09-02 15:20:56] r=947 → type_raw='Red' | label=Deposit (defaulted; no _tx_label match for 'red' → default to 'Deposit'); status_raw='' → norm='auto'; amount=4314.03; currency=USD; date=2020-05-07 — KEEP
[2025-09-02 15:20:56] r=948 → type_raw='Dep' | label=Deposit (defaulted; no _tx_label match for 'dep' → default to 'Deposit'); status_raw='' → norm='auto'; amount=500.0; currency=USD; date=2020-05-09 — KEEP
[2025-09-02 15:20:56] r=949 → type_raw='Dep' | label=Deposit (defaulted; no _tx_label match for 'dep' → default to 'Deposit'); status_raw='' → norm='auto'; amount=3170.0; currency=USD; date=2020-05-10 — KEEP
[2025-09-02 15:20:56] r=950 → type_raw='Dep' | label=Deposit (defaulted; no _tx_label match for 'dep' → default to 'Deposit'); status_raw='' → norm='auto'; amount=1700.0; currency=USD; date=2020-05-13 — KEEP
[2025-09-02 15:20:56] r=951 → type_raw='Dep' | label=Deposit (defaulted; no _tx_label match for 'dep' → default to 'Deposit'); status_raw='' → norm='auto'; amount=5500.0; currency=USD; date=2020-05-13 — KEEP
[2025-09-02 15:20:56] r=952 → type_raw='Dep' | label=Deposit (defaulted; no _tx_label match for 'dep' → default to 'Deposit'); status_raw='' → norm='auto'; amount=100.0; currency=USD; date=2020-05-13 — KEEP
[2025-09-02 15:20:56] r=953 → type_raw='Dep' | label=Deposit (defaulted; no _tx_label match for 'dep' → default to 'Deposit'); status_raw='' → norm='auto'; amount=1000.0; currency=USD; date=2020-05-13 — KEEP
[2025-09-02 15:20:56] r=954 → type_raw='Dep' | label=Deposit (defaulted; no _tx_label match for 'dep' → default to 'Deposit'); status_raw='' → norm='auto'; amount=5000.0; currency=USD; date=2020-05-13 — KEEP
[2025-09-02 15:20:56] r=955 → type_raw='Red' | label=Deposit (defaulted; no _tx_label match for 'red' → default to 'Deposit'); status_raw='' → norm='auto'; amount=2000.0; currency=USD; date=2020-05-16 — KEEP
[2025-09-02 15:20:56] r=956 → type_raw='Red' | label=Deposit (defaulted; no _tx_label match for 'red' → default to 'Deposit'); status_raw='' → norm='auto'; amount=6965.0; currency=USD; date=2020-05-16 — KEEP
[2025-09-02 15:20:56] r=957 → type_raw='Red' | label=Deposit (defaulted; no _tx_label match for 'red' → default to 'Deposit'); status_raw='' → norm='auto'; amount=1951.43; currency=USD; date=2020-05-19 — KEEP
[2025-09-02 15:20:56] r=958 → type_raw='Dep' | label=Deposit (defaulted; no _tx_label match for 'dep' → default to 'Deposit'); status_raw='' → norm='auto'; amount=900.0; currency=USD; date=2020-05-24 — KEEP
[2025-09-02 15:20:56] r=959 → type_raw='Dep' | label=Deposit (defaulted; no _tx_label match for 'dep' → default to 'Deposit'); status_raw='' → norm='auto'; amount=2500.0; currency=USD; date=2020-05-27 — KEEP
[2025-09-02 15:20:56] r=960 → type_raw='Dep' | label=Deposit (defaulted; no _tx_label match for 'dep' → default to 'Deposit'); status_raw='' → norm='auto'; amount=5000.0; currency=USD; date=2020-05-27 — KEEP
[2025-09-02 15:20:56] r=961 → type_raw='Dep' | label=Deposit (defaulted; no _tx_label match for 'dep' → default to 'Deposit'); status_raw='' → norm='auto'; amount=50.0; currency=USD; date=2020-05-27 — KEEP
[2025-09-02 15:20:56] r=962 → type_raw='Dep' | label=Deposit (defaulted; no _tx_label match for 'dep' → default to 'Deposit'); status_raw='' → norm='auto'; amount=1400.0; currency=USD; date=2020-05-28 — KEEP
[2025-09-02 15:20:56] r=963 → type_raw='Dep' | label=Deposit (defaulted; no _tx_label match for 'dep' → default to 'Deposit'); status_raw='' → norm='auto'; amount=929.0; currency=USD; date=2020-05-28 — KEEP
[2025-09-02 15:20:56] r=964 → type_raw='Dep' | label=Deposit (defaulted; no _tx_label match for 'dep' → default to 'Deposit'); status_raw='' → norm='auto'; amount=400.0; currency=USD; date=2020-05-28 — KEEP
[2025-09-02 15:20:56] r=965 → type_raw='Dep' | label=Deposit (defaulted; no _tx_label match for 'dep' → default to 'Deposit'); status_raw='' → norm='auto'; amount=3500.0; currency=USD; date=2020-05-31 — KEEP
[2025-09-02 15:20:56] r=966 → type_raw='Dep' | label=Deposit (defaulted; no _tx_label match for 'dep' → default to 'Deposit'); status_raw='' → norm='auto'; amount=5000.0; currency=USD; date=2020-05-31 — KEEP
[2025-09-02 15:20:56] r=967 → type_raw='Dep' | label=Deposit (defaulted; no _tx_label match for 'dep' → default to 'Deposit'); status_raw='' → norm='auto'; amount=500.0; currency=USD; date=2020-06-02 — KEEP
[2025-09-02 15:20:56] r=968 → type_raw='Dep' | label=Deposit (defaulted; no _tx_label match for 'dep' → default to 'Deposit'); status_raw='' → norm='auto'; amount=800.0; currency=USD; date=2020-06-03 — KEEP
[2025-09-02 15:20:56] r=969 → type_raw='Dep' | label=Deposit (defaulted; no _tx_label match for 'dep' → default to 'Deposit'); status_raw='' → norm='auto'; amount=5500.0; currency=USD; date=2020-06-05 — KEEP
[2025-09-02 15:20:56] r=970 → type_raw='Dep' | label=Deposit (defaulted; no _tx_label match for 'dep' → default to 'Deposit'); status_raw='' → norm='auto'; amount=2000.0; currency=USD; date=2020-06-05 — KEEP
[2025-09-02 15:20:56] r=971 → type_raw='Red' | label=Deposit (defaulted; no _tx_label match for 'red' → default to 'Deposit'); status_raw='' → norm='auto'; amount=1718.28; currency=USD; date=2020-06-06 — KEEP
[2025-09-02 15:20:56] r=972 → type_raw='Dep' | label=Deposit (defaulted; no _tx_label match for 'dep' → default to 'Deposit'); status_raw='' → norm='auto'; amount=510.0; currency=USD; date=2020-06-09 — KEEP
[2025-09-02 15:20:56] r=973 → type_raw='Dep' | label=Deposit (defaulted; no _tx_label match for 'dep' → default to 'Deposit'); status_raw='' → norm='auto'; amount=50.0; currency=USD; date=2020-06-09 — KEEP
[2025-09-02 15:20:56] r=974 → type_raw='Red' | label=Deposit (defaulted; no _tx_label match for 'red' → default to 'Deposit'); status_raw='' → norm='auto'; amount=5688.5; currency=USD; date=2020-06-14 — KEEP
[2025-09-02 15:20:56] r=975 → type_raw='Red' | label=Deposit (defaulted; no _tx_label match for 'red' → default to 'Deposit'); status_raw='' → norm='auto'; amount=5171.91; currency=USD; date=2020-06-14 — KEEP
[2025-09-02 15:20:56] r=976 → type_raw='Dep' | label=Deposit (defaulted; no _tx_label match for 'dep' → default to 'Deposit'); status_raw='' → norm='auto'; amount=500.0; currency=USD; date=2020-07-03 — KEEP
[2025-09-02 15:20:57] r=977 → type_raw='Dep' | label=Deposit (defaulted; no _tx_label match for 'dep' → default to 'Deposit'); status_raw='' → norm='auto'; amount=5000.0; currency=USD; date=2020-07-05 — KEEP
[2025-09-02 15:20:57] r=978 → type_raw='Dep' | label=Deposit (defaulted; no _tx_label match for 'dep' → default to 'Deposit'); status_raw='' → norm='auto'; amount=5000.0; currency=USD; date=2020-07-05 — KEEP
[2025-09-02 15:20:57] r=979 → type_raw='Dep' | label=Deposit (defaulted; no _tx_label match for 'dep' → default to 'Deposit'); status_raw='' → norm='auto'; amount=5000.0; currency=USD; date=2020-07-05 — KEEP
[2025-09-02 15:20:57] r=980 → type_raw='Red' | label=Deposit (defaulted; no _tx_label match for 'red' → default to 'Deposit'); status_raw='' → norm='auto'; amount=4725.36; currency=USD; date=2020-07-06 — KEEP
[2025-09-02 15:20:57] r=981 → type_raw='Red' | label=Deposit (defaulted; no _tx_label match for 'red' → default to 'Deposit'); status_raw='' → norm='auto'; amount=4300.59; currency=USD; date=2020-07-06 — KEEP
[2025-09-02 15:20:57] r=982 → type_raw='Dep' | label=Deposit (defaulted; no _tx_label match for 'dep' → default to 'Deposit'); status_raw='' → norm='auto'; amount=1000.0; currency=USD; date=2020-07-18 — KEEP
[2025-09-02 15:20:57] r=983 → type_raw='Dep' | label=Deposit (defaulted; no _tx_label match for 'dep' → default to 'Deposit'); status_raw='' → norm='auto'; amount=1000.0; currency=USD; date=2020-07-18 — KEEP
[2025-09-02 15:20:57] r=984 → type_raw='Dep' | label=Deposit (defaulted; no _tx_label match for 'dep' → default to 'Deposit'); status_raw='' → norm='auto'; amount=5000.0; currency=USD; date=2020-07-19 — KEEP
[2025-09-02 15:20:57] r=985 → type_raw='Dep' | label=Deposit (defaulted; no _tx_label match for 'dep' → default to 'Deposit'); status_raw='' → norm='auto'; amount=5000.0; currency=USD; date=2020-07-19 — KEEP
[2025-09-02 15:20:57] r=986 → type_raw='Dep' | label=Deposit (defaulted; no _tx_label match for 'dep' → default to 'Deposit'); status_raw='' → norm='auto'; amount=500.0; currency=USD; date=2020-07-19 — KEEP
[2025-09-02 15:20:57] r=987 → type_raw='Dep' | label=Deposit (defaulted; no _tx_label match for 'dep' → default to 'Deposit'); status_raw='' → norm='auto'; amount=600.0; currency=USD; date=2020-07-25 — KEEP
[2025-09-02 15:20:57] r=988 → type_raw='Dep' | label=Deposit (defaulted; no _tx_label match for 'dep' → default to 'Deposit'); status_raw='' → norm='auto'; amount=900.0; currency=USD; date=2020-07-26 — KEEP
[2025-09-02 15:20:57] r=989 → type_raw='Dep' | label=Deposit (defaulted; no _tx_label match for 'dep' → default to 'Deposit'); status_raw='' → norm='auto'; amount=7000.0; currency=USD; date=2020-07-26 — KEEP
[2025-09-02 15:20:57] r=990 → type_raw='Dep' | label=Deposit (defaulted; no _tx_label match for 'dep' → default to 'Deposit'); status_raw='' → norm='auto'; amount=500.0; currency=USD; date=2020-07-26 — KEEP
[2025-09-02 15:20:57] r=991 → type_raw='Dep' | label=Deposit (defaulted; no _tx_label match for 'dep' → default to 'Deposit'); status_raw='' → norm='auto'; amount=500.0; currency=USD; date=2020-07-26 — KEEP
[2025-09-02 15:20:57] r=992 → type_raw='Dep' | label=Deposit (defaulted; no _tx_label match for 'dep' → default to 'Deposit'); status_raw='' → norm='auto'; amount=900.0; currency=USD; date=2020-07-26 — KEEP
[2025-09-02 15:20:57] r=993 → type_raw='Dep' | label=Deposit (defaulted; no _tx_label match for 'dep' → default to 'Deposit'); status_raw='' → norm='auto'; amount=1400.0; currency=USD; date=2020-08-02 — KEEP
[2025-09-02 15:20:57] r=994 → type_raw='Dep' | label=Deposit (defaulted; no _tx_label match for 'dep' → default to 'Deposit'); status_raw='' → norm='auto'; amount=1400.0; currency=USD; date=2020-08-02 — KEEP
[2025-09-02 15:20:57] r=995 → type_raw='Dep' | label=Deposit (defaulted; no _tx_label match for 'dep' → default to 'Deposit'); status_raw='' → norm='auto'; amount=22.5; currency=USD; date=2020-08-02 — KEEP
[2025-09-02 15:20:57] r=996 → type_raw='Dep' | label=Deposit (defaulted; no _tx_label match for 'dep' → default to 'Deposit'); status_raw='' → norm='auto'; amount=1485.0; currency=USD; date=2020-08-03 — KEEP
[2025-09-02 15:20:57] r=997 → type_raw='Red' | label=Deposit (defaulted; no _tx_label match for 'red' → default to 'Deposit'); status_raw='' → norm='auto'; amount=710.69; currency=USD; date=2020-08-06 — KEEP
[2025-09-02 15:20:57] r=998 → type_raw='Red' | label=Deposit (defaulted; no _tx_label match for 'red' → default to 'Deposit'); status_raw='' → norm='auto'; amount=12162.17; currency=USD; date=2020-08-06 — KEEP
[2025-09-02 15:20:57] r=999 → type_raw='Dep' | label=Deposit (defaulted; no _tx_label match for 'dep' → default to 'Deposit'); status_raw='' → norm='auto'; amount=500.0; currency=USD; date=2020-08-16 — KEEP
[2025-09-02 15:20:57] r=1000 → type_raw='Dep' | label=Deposit (defaulted; no _tx_label match for 'dep' → default to 'Deposit'); status_raw='' → norm='auto'; amount=500.0; currency=USD; date=2020-08-16 — KEEP
[2025-09-02 15:20:57] r=1001 → type_raw='Dep' | label=Deposit (defaulted; no _tx_label match for 'dep' → default to 'Deposit'); status_raw='' → norm='auto'; amount=500.0; currency=USD; date=2020-08-16 — KEEP
[2025-09-02 15:20:57] r=1002 → type_raw='Dep' | label=Deposit (defaulted; no _tx_label match for 'dep' → default to 'Deposit'); status_raw='' → norm='auto'; amount=1500.0; currency=USD; date=2020-08-16 — KEEP
[2025-09-02 15:20:57] r=1003 → type_raw='Dep' | label=Deposit (defaulted; no _tx_label match for 'dep' → default to 'Deposit'); status_raw='' → norm='auto'; amount=750.0; currency=USD; date=2020-08-16 — KEEP
[2025-09-02 15:20:57] r=1004 → type_raw='Dep' | label=Deposit (defaulted; no _tx_label match for 'dep' → default to 'Deposit'); status_raw='' → norm='auto'; amount=4500.0; currency=USD; date=2020-08-16 — KEEP
[2025-09-02 15:20:57] r=1005 → type_raw='Dep' | label=Deposit (defaulted; no _tx_label match for 'dep' → default to 'Deposit'); status_raw='' → norm='auto'; amount=150.0; currency=USD; date=2020-08-28 — KEEP
[2025-09-02 15:20:57] r=1006 → type_raw='Dep' | label=Deposit (defaulted; no _tx_label match for 'dep' → default to 'Deposit'); status_raw='' → norm='auto'; amount=800.0; currency=USD; date=2020-08-30 — KEEP
[2025-09-02 15:20:57] r=1007 → type_raw='Dep' | label=Deposit (defaulted; no _tx_label match for 'dep' → default to 'Deposit'); status_raw='' → norm='auto'; amount=2000.0; currency=USD; date=2020-08-30 — KEEP
[2025-09-02 15:20:57] r=1008 → type_raw='Dep' | label=Deposit (defaulted; no _tx_label match for 'dep' → default to 'Deposit'); status_raw='' → norm='auto'; amount=1000.0; currency=USD; date=2020-08-30 — KEEP
[2025-09-02 15:20:57] r=1009 → type_raw='Dep' | label=Deposit (defaulted; no _tx_label match for 'dep' → default to 'Deposit'); status_raw='' → norm='auto'; amount=1000.0; currency=USD; date=2020-08-30 — KEEP
[2025-09-02 15:20:57] r=1010 → type_raw='Dep' | label=Deposit (defaulted; no _tx_label match for 'dep' → default to 'Deposit'); status_raw='' → norm='auto'; amount=5000.0; currency=USD; date=2020-08-30 — KEEP
[2025-09-02 15:20:57] r=1011 → type_raw='Dep' | label=Deposit (defaulted; no _tx_label match for 'dep' → default to 'Deposit'); status_raw='' → norm='auto'; amount=1100.0; currency=USD; date=2020-09-02 — KEEP
[2025-09-02 15:20:57] r=1012 → type_raw='Dep' | label=Deposit (defaulted; no _tx_label match for 'dep' → default to 'Deposit'); status_raw='' → norm='auto'; amount=941.0; currency=USD; date=2020-09-02 — KEEP
[2025-09-02 15:20:57] r=1013 → type_raw='Dep' | label=Deposit (defaulted; no _tx_label match for 'dep' → default to 'Deposit'); status_raw='' → norm='auto'; amount=1000.0; currency=USD; date=2020-09-13 — KEEP
[2025-09-02 15:20:57] r=1014 → type_raw='Dep' | label=Deposit (defaulted; no _tx_label match for 'dep' → default to 'Deposit'); status_raw='' → norm='auto'; amount=400.0; currency=USD; date=2020-09-13 — KEEP
[2025-09-02 15:20:57] r=1015 → type_raw='Dep' | label=Deposit (defaulted; no _tx_label match for 'dep' → default to 'Deposit'); status_raw='' → norm='auto'; amount=400.0; currency=USD; date=2020-09-13 — KEEP
[2025-09-02 15:20:57] r=1016 → type_raw='Dep' | label=Deposit (defaulted; no _tx_label match for 'dep' → default to 'Deposit'); status_raw='' → norm='auto'; amount=500.0; currency=USD; date=2020-09-13 — KEEP
[2025-09-02 15:20:57] r=1017 → type_raw='Dep' | label=Deposit (defaulted; no _tx_label match for 'dep' → default to 'Deposit'); status_raw='' → norm='auto'; amount=2000.0; currency=USD; date=2020-09-13 — KEEP
[2025-09-02 15:20:57] r=1018 → type_raw='Dep' | label=Deposit (defaulted; no _tx_label match for 'dep' → default to 'Deposit'); status_raw='' → norm='auto'; amount=750.0; currency=USD; date=2020-09-13 — KEEP
[2025-09-02 15:20:57] r=1019 → type_raw='Dep' | label=Deposit (defaulted; no _tx_label match for 'dep' → default to 'Deposit'); status_raw='' → norm='auto'; amount=300.0; currency=USD; date=2020-09-20 — KEEP
[2025-09-02 15:20:57] r=1020 → type_raw='Dep' | label=Deposit (defaulted; no _tx_label match for 'dep' → default to 'Deposit'); status_raw='' → norm='auto'; amount=500.0; currency=USD; date=2020-09-20 — KEEP
[2025-09-02 15:20:57] r=1021 → type_raw='Dep' | label=Deposit (defaulted; no _tx_label match for 'dep' → default to 'Deposit'); status_raw='' → norm='auto'; amount=450.0; currency=USD; date=2020-09-20 — KEEP
[2025-09-02 15:20:57] r=1022 → type_raw='Dep' | label=Deposit (defaulted; no _tx_label match for 'dep' → default to 'Deposit'); status_raw='' → norm='auto'; amount=3000.0; currency=USD; date=2020-09-20 — KEEP
[2025-09-02 15:20:57] r=1023 → type_raw='Dep' | label=Deposit (defaulted; no _tx_label match for 'dep' → default to 'Deposit'); status_raw='' → norm='auto'; amount=1000.0; currency=USD; date=2020-09-20 — KEEP
[2025-09-02 15:20:57] r=1024 → type_raw='Dep' | label=Deposit (defaulted; no _tx_label match for 'dep' → default to 'Deposit'); status_raw='' → norm='auto'; amount=1000.0; currency=USD; date=2020-09-20 — KEEP
[2025-09-02 15:20:57] r=1025 → type_raw='Dep' | label=Deposit (defaulted; no _tx_label match for 'dep' → default to 'Deposit'); status_raw='' → norm='auto'; amount=300.0; currency=USD; date=2020-09-21 — KEEP
[2025-09-02 15:20:57] r=1026 → type_raw='Dep' | label=Deposit (defaulted; no _tx_label match for 'dep' → default to 'Deposit'); status_raw='' → norm='auto'; amount=800.0; currency=USD; date=2020-10-03 — KEEP
[2025-09-02 15:20:57] r=1027 → type_raw='Dep' | label=Deposit (defaulted; no _tx_label match for 'dep' → default to 'Deposit'); status_raw='' → norm='auto'; amount=10000.0; currency=USD; date=2020-10-05 — KEEP
[2025-09-02 15:20:57] r=1028 → type_raw='Dep' | label=Deposit (defaulted; no _tx_label match for 'dep' → default to 'Deposit'); status_raw='' → norm='auto'; amount=400.0; currency=USD; date=2020-10-09 — KEEP
[2025-09-02 15:20:57] r=1029 → type_raw='Dep' | label=Deposit (defaulted; no _tx_label match for 'dep' → default to 'Deposit'); status_raw='' → norm='auto'; amount=700.0; currency=USD; date=2020-11-03 — KEEP
[2025-09-02 15:20:57] r=1030 → type_raw='Dep' | label=Deposit (defaulted; no _tx_label match for 'dep' → default to 'Deposit'); status_raw='' → norm='auto'; amount=2500.0; currency=USD; date=2020-11-14 — KEEP
[2025-09-02 15:20:57] r=1031 → type_raw='Dep' | label=Deposit (defaulted; no _tx_label match for 'dep' → default to 'Deposit'); status_raw='' → norm='auto'; amount=500.0; currency=USD; date=2020-11-14 — KEEP
[2025-09-02 15:20:57] r=1032 → type_raw='Dep' | label=Deposit (defaulted; no _tx_label match for 'dep' → default to 'Deposit'); status_raw='' → norm='auto'; amount=340.0; currency=USD; date=2020-11-14 — KEEP
[2025-09-02 15:20:57] r=1033 → type_raw='Dep' | label=Deposit (defaulted; no _tx_label match for 'dep' → default to 'Deposit'); status_raw='' → norm='auto'; amount=500.0; currency=USD; date=2020-11-14 — KEEP
[2025-09-02 15:20:57] r=1034 → type_raw='Dep' | label=Deposit (defaulted; no _tx_label match for 'dep' → default to 'Deposit'); status_raw='' → norm='auto'; amount=2000.0; currency=USD; date=2020-11-14 — KEEP
[2025-09-02 15:20:57] r=1035 → type_raw='Dep' | label=Deposit (defaulted; no _tx_label match for 'dep' → default to 'Deposit'); status_raw='' → norm='auto'; amount=1000.0; currency=USD; date=2020-11-15 — KEEP
[2025-09-02 15:20:57] r=1036 → type_raw='Dep' | label=Deposit (defaulted; no _tx_label match for 'dep' → default to 'Deposit'); status_raw='' → norm='auto'; amount=1500.0; currency=USD; date=2020-11-15 — KEEP
[2025-09-02 15:20:57] r=1037 → type_raw='Dep' | label=Deposit (defaulted; no _tx_label match for 'dep' → default to 'Deposit'); status_raw='' → norm='auto'; amount=3000.0; currency=USD; date=2020-11-15 — KEEP
[2025-09-02 15:20:57] r=1038 → type_raw='Dep' | label=Deposit (defaulted; no _tx_label match for 'dep' → default to 'Deposit'); status_raw='' → norm='auto'; amount=4500.0; currency=USD; date=2020-11-15 — KEEP
[2025-09-02 15:20:57] r=1039 → type_raw='Dep' | label=Deposit (defaulted; no _tx_label match for 'dep' → default to 'Deposit'); status_raw='' → norm='auto'; amount=10000.0; currency=USD; date=2020-12-01 — KEEP
[2025-09-02 15:20:57] r=1040 → type_raw='Dep' | label=Deposit (defaulted; no _tx_label match for 'dep' → default to 'Deposit'); status_raw='' → norm='auto'; amount=1000.0; currency=USD; date=2020-12-01 — KEEP
[2025-09-02 15:20:57] r=1041 → type_raw='Dep' | label=Deposit (defaulted; no _tx_label match for 'dep' → default to 'Deposit'); status_raw='' → norm='auto'; amount=900.0; currency=USD; date=2020-12-02 — KEEP
[2025-09-02 15:20:57] r=1042 → type_raw='Dep' | label=Deposit (defaulted; no _tx_label match for 'dep' → default to 'Deposit'); status_raw='' → norm='auto'; amount=1200.0; currency=USD; date=2020-12-04 — KEEP
[2025-09-02 15:20:57] r=1043 → type_raw='Dep' | label=Deposit (defaulted; no _tx_label match for 'dep' → default to 'Deposit'); status_raw='' → norm='auto'; amount=1000.0; currency=USD; date=2020-12-08 — KEEP
[2025-09-02 15:20:57] r=1044 → type_raw='Dep' | label=Deposit (defaulted; no _tx_label match for 'dep' → default to 'Deposit'); status_raw='' → norm='auto'; amount=1000.0; currency=USD; date=2020-12-13 — KEEP
[2025-09-02 15:20:57] r=1045 → type_raw='Dep' | label=Deposit (defaulted; no _tx_label match for 'dep' → default to 'Deposit'); status_raw='' → norm='auto'; amount=1250.0; currency=USD; date=2020-12-13 — KEEP
[2025-09-02 15:20:57] r=1046 → type_raw='Dep' | label=Deposit (defaulted; no _tx_label match for 'dep' → default to 'Deposit'); status_raw='' → norm='auto'; amount=700.0; currency=USD; date=2020-12-13 — KEEP
[2025-09-02 15:20:57] r=1047 → type_raw='Dep' | label=Deposit (defaulted; no _tx_label match for 'dep' → default to 'Deposit'); status_raw='' → norm='auto'; amount=4200.0; currency=USD; date=2020-12-13 — KEEP
[2025-09-02 15:20:57] r=1048 → type_raw='Dep' | label=Deposit (defaulted; no _tx_label match for 'dep' → default to 'Deposit'); status_raw='' → norm='auto'; amount=600.0; currency=USD; date=2020-12-20 — KEEP
[2025-09-02 15:20:57] r=1049 → type_raw='Dep' | label=Deposit (defaulted; no _tx_label match for 'dep' → default to 'Deposit'); status_raw='' → norm='auto'; amount=1000.0; currency=USD; date=2020-12-28 — KEEP
[2025-09-02 15:20:57] r=1050 → type_raw='Dep' | label=Deposit (defaulted; no _tx_label match for 'dep' → default to 'Deposit'); status_raw='' → norm='auto'; amount=300.0; currency=USD; date=2020-12-28 — KEEP
[2025-09-02 15:20:57] r=1051 → type_raw='Dep' | label=Deposit (defaulted; no _tx_label match for 'dep' → default to 'Deposit'); status_raw='' → norm='auto'; amount=600.0; currency=USD; date=2020-12-28 — KEEP
[2025-09-02 15:20:57] r=1052 → type_raw='Dep' | label=Deposit (defaulted; no _tx_label match for 'dep' → default to 'Deposit'); status_raw='' → norm='auto'; amount=220.0; currency=USD; date=2020-12-28 — KEEP
[2025-09-02 15:20:57] r=1053 → type_raw='Dep' | label=Deposit (defaulted; no _tx_label match for 'dep' → default to 'Deposit'); status_raw='' → norm='auto'; amount=1250.0; currency=USD; date=2020-12-30 — KEEP
[2025-09-02 15:20:57] r=1054 → type_raw='Dep' | label=Deposit (defaulted; no _tx_label match for 'dep' → default to 'Deposit'); status_raw='' → norm='auto'; amount=300.0; currency=USD; date=2021-01-01 — KEEP
[2025-09-02 15:20:57] r=1055 → type_raw='Dep' | label=Deposit (defaulted; no _tx_label match for 'dep' → default to 'Deposit'); status_raw='' → norm='auto'; amount=1000.0; currency=USD; date=2021-01-02 — KEEP
[2025-09-02 15:20:57] r=1056 → type_raw='Dep' | label=Deposit (defaulted; no _tx_label match for 'dep' → default to 'Deposit'); status_raw='' → norm='auto'; amount=3000.0; currency=USD; date=2021-01-08 — KEEP
[2025-09-02 15:20:57] r=1057 → type_raw='Dep' | label=Deposit (defaulted; no _tx_label match for 'dep' → default to 'Deposit'); status_raw='' → norm='auto'; amount=500.0; currency=USD; date=2021-01-08 — KEEP
[2025-09-02 15:20:57] r=1058 → type_raw='Dep' | label=Deposit (defaulted; no _tx_label match for 'dep' → default to 'Deposit'); status_raw='' → norm='auto'; amount=1200.0; currency=USD; date=2021-01-13 — KEEP
[2025-09-02 15:20:57] r=1059 → type_raw='Dep' | label=Deposit (defaulted; no _tx_label match for 'dep' → default to 'Deposit'); status_raw='' → norm='auto'; amount=200.0; currency=USD; date=2021-01-13 — KEEP
[2025-09-02 15:20:57] r=1060 → type_raw='Dep' | label=Deposit (defaulted; no _tx_label match for 'dep' → default to 'Deposit'); status_raw='' → norm='auto'; amount=40.0; currency=USD; date=2021-01-13 — KEEP
[2025-09-02 15:20:57] r=1061 → type_raw='Dep' | label=Deposit (defaulted; no _tx_label match for 'dep' → default to 'Deposit'); status_raw='' → norm='auto'; amount=100.0; currency=USD; date=2021-01-13 — KEEP
[2025-09-02 15:20:57] r=1062 → type_raw='Dep' | label=Deposit (defaulted; no _tx_label match for 'dep' → default to 'Deposit'); status_raw='' → norm='auto'; amount=800.0; currency=USD; date=2021-01-13 — KEEP
[2025-09-02 15:20:57] r=1063 → type_raw='Dep' | label=Deposit (defaulted; no _tx_label match for 'dep' → default to 'Deposit'); status_raw='' → norm='auto'; amount=1000.0; currency=USD; date=2021-01-15 — KEEP
[2025-09-02 15:20:57] r=1064 → type_raw='Dep' | label=Deposit (defaulted; no _tx_label match for 'dep' → default to 'Deposit'); status_raw='' → norm='auto'; amount=180.0; currency=USD; date=2021-01-15 — KEEP
[2025-09-02 15:20:57] r=1065 → type_raw='Dep' | label=Deposit (defaulted; no _tx_label match for 'dep' → default to 'Deposit'); status_raw='' → norm='auto'; amount=2000.0; currency=USD; date=2021-01-15 — KEEP
[2025-09-02 15:20:57] r=1066 → type_raw='Dep' | label=Deposit (defaulted; no _tx_label match for 'dep' → default to 'Deposit'); status_raw='' → norm='auto'; amount=1500.0; currency=USD; date=2021-01-15 — KEEP
[2025-09-02 15:20:57] r=1067 → type_raw='Dep' | label=Deposit (defaulted; no _tx_label match for 'dep' → default to 'Deposit'); status_raw='' → norm='auto'; amount=1500.0; currency=USD; date=2021-01-17 — KEEP
[2025-09-02 15:20:57] r=1068 → type_raw='Dep' | label=Deposit (defaulted; no _tx_label match for 'dep' → default to 'Deposit'); status_raw='' → norm='auto'; amount=4000.0; currency=USD; date=2021-01-17 — KEEP
[2025-09-02 15:20:57] r=1069 → type_raw='Dep' | label=Deposit (defaulted; no _tx_label match for 'dep' → default to 'Deposit'); status_raw='' → norm='auto'; amount=1000.0; currency=USD; date=2021-01-17 — KEEP
[2025-09-02 15:20:57] r=1070 → type_raw='Dep' | label=Deposit (defaulted; no _tx_label match for 'dep' → default to 'Deposit'); status_raw='' → norm='auto'; amount=4000.0; currency=USD; date=2021-01-17 — KEEP
[2025-09-02 15:20:57] r=1071 → type_raw='Dep' | label=Deposit (defaulted; no _tx_label match for 'dep' → default to 'Deposit'); status_raw='' → norm='auto'; amount=500.0; currency=USD; date=2021-01-17 — KEEP
[2025-09-02 15:20:57] r=1072 → type_raw='Dep' | label=Deposit (defaulted; no _tx_label match for 'dep' → default to 'Deposit'); status_raw='' → norm='auto'; amount=500.0; currency=USD; date=2021-01-17 — KEEP
[2025-09-02 15:20:57] r=1073 → type_raw='Dep' | label=Deposit (defaulted; no _tx_label match for 'dep' → default to 'Deposit'); status_raw='' → norm='auto'; amount=600.0; currency=USD; date=2021-01-19 — KEEP
[2025-09-02 15:20:57] r=1074 → type_raw='Dep' | label=Deposit (defaulted; no _tx_label match for 'dep' → default to 'Deposit'); status_raw='' → norm='auto'; amount=2000.0; currency=USD; date=2021-01-24 — KEEP
[2025-09-02 15:20:57] r=1075 → type_raw='Dep' | label=Deposit (defaulted; no _tx_label match for 'dep' → default to 'Deposit'); status_raw='' → norm='auto'; amount=1000.0; currency=USD; date=2021-01-24 — KEEP
[2025-09-02 15:20:57] r=1076 → type_raw='Dep' | label=Deposit (defaulted; no _tx_label match for 'dep' → default to 'Deposit'); status_raw='' → norm='auto'; amount=1000.0; currency=USD; date=2021-01-26 — KEEP
[2025-09-02 15:20:57] r=1077 → type_raw='Dep' | label=Deposit (defaulted; no _tx_label match for 'dep' → default to 'Deposit'); status_raw='' → norm='auto'; amount=1000.0; currency=USD; date=2021-01-26 — KEEP
[2025-09-02 15:20:57] r=1078 → type_raw='Dep' | label=Deposit (defaulted; no _tx_label match for 'dep' → default to 'Deposit'); status_raw='' → norm='auto'; amount=600.0; currency=USD; date=2021-01-28 — KEEP
[2025-09-02 15:20:57] r=1079 → type_raw='Dep' | label=Deposit (defaulted; no _tx_label match for 'dep' → default to 'Deposit'); status_raw='' → norm='auto'; amount=1000.0; currency=USD; date=2021-01-29 — KEEP
[2025-09-02 15:20:57] r=1080 → type_raw='Dep' | label=Deposit (defaulted; no _tx_label match for 'dep' → default to 'Deposit'); status_raw='' → norm='auto'; amount=150.0; currency=USD; date=2021-01-29 — KEEP
[2025-09-02 15:20:57] r=1081 → type_raw='Dep' | label=Deposit (defaulted; no _tx_label match for 'dep' → default to 'Deposit'); status_raw='' → norm='auto'; amount=1800.0; currency=USD; date=2021-01-29 — KEEP
[2025-09-02 15:20:57] r=1082 → type_raw='Dep' | label=Deposit (defaulted; no _tx_label match for 'dep' → default to 'Deposit'); status_raw='' → norm='auto'; amount=1800.0; currency=USD; date=2021-01-30 — KEEP
[2025-09-02 15:20:57] r=1083 → type_raw='Dep' | label=Deposit (defaulted; no _tx_label match for 'dep' → default to 'Deposit'); status_raw='' → norm='auto'; amount=500.0; currency=USD; date=2021-02-02 — KEEP
[2025-09-02 15:20:57] r=1084 → type_raw='Dep' | label=Deposit (defaulted; no _tx_label match for 'dep' → default to 'Deposit'); status_raw='' → norm='auto'; amount=200.0; currency=USD; date=2021-02-09 — KEEP
[2025-09-02 15:20:57] r=1085 → type_raw='Dep' | label=Deposit (defaulted; no _tx_label match for 'dep' → default to 'Deposit'); status_raw='' → norm='auto'; amount=110.0; currency=USD; date=2021-02-09 — KEEP
[2025-09-02 15:20:57] r=1086 → type_raw='Dep' | label=Deposit (defaulted; no _tx_label match for 'dep' → default to 'Deposit'); status_raw='' → norm='auto'; amount=2500.0; currency=USD; date=2021-02-09 — KEEP
[2025-09-02 15:20:57] r=1087 → type_raw='Dep' | label=Deposit (defaulted; no _tx_label match for 'dep' → default to 'Deposit'); status_raw='' → norm='auto'; amount=200.0; currency=USD; date=2021-02-14 — KEEP
[2025-09-02 15:20:57] r=1088 → type_raw='Dep' | label=Deposit (defaulted; no _tx_label match for 'dep' → default to 'Deposit'); status_raw='' → norm='auto'; amount=70.0; currency=USD; date=2021-02-14 — KEEP
[2025-09-02 15:20:57] r=1089 → type_raw='Dep' | label=Deposit (defaulted; no _tx_label match for 'dep' → default to 'Deposit'); status_raw='' → norm='auto'; amount=2000.0; currency=USD; date=2021-02-14 — KEEP
[2025-09-02 15:20:57] r=1090 → type_raw='Dep' | label=Deposit (defaulted; no _tx_label match for 'dep' → default to 'Deposit'); status_raw='' → norm='auto'; amount=1000.0; currency=USD; date=2021-02-14 — KEEP
[2025-09-02 15:20:57] r=1091 → type_raw='Dep' | label=Deposit (defaulted; no _tx_label match for 'dep' → default to 'Deposit'); status_raw='' → norm='auto'; amount=1000.0; currency=USD; date=2021-02-21 — KEEP
[2025-09-02 15:20:57] r=1092 → type_raw='Dep' | label=Deposit (defaulted; no _tx_label match for 'dep' → default to 'Deposit'); status_raw='' → norm='auto'; amount=5000.0; currency=USD; date=2021-02-21 — KEEP
[2025-09-02 15:20:57] r=1093 → type_raw='Dep' | label=Deposit (defaulted; no _tx_label match for 'dep' → default to 'Deposit'); status_raw='' → norm='auto'; amount=5000.0; currency=USD; date=2021-02-21 — KEEP
[2025-09-02 15:20:57] r=1094 → type_raw='Dep' | label=Deposit (defaulted; no _tx_label match for 'dep' → default to 'Deposit'); status_raw='' → norm='auto'; amount=50.0; currency=USD; date=2021-02-21 — KEEP
[2025-09-02 15:20:57] r=1095 → type_raw='Dep' | label=Deposit (defaulted; no _tx_label match for 'dep' → default to 'Deposit'); status_raw='' → norm='auto'; amount=90.0; currency=USD; date=2021-02-21 — KEEP
[2025-09-02 15:20:57] r=1096 → type_raw='Dep' | label=Deposit (defaulted; no _tx_label match for 'dep' → default to 'Deposit'); status_raw='' → norm='auto'; amount=1000.0; currency=USD; date=2021-03-01 — KEEP
[2025-09-02 15:20:57] r=1097 → type_raw='Dep' | label=Deposit (defaulted; no _tx_label match for 'dep' → default to 'Deposit'); status_raw='' → norm='auto'; amount=50.0; currency=USD; date=2021-03-01 — KEEP
[2025-09-02 15:20:57] r=1098 → type_raw='Dep' | label=Deposit (defaulted; no _tx_label match for 'dep' → default to 'Deposit'); status_raw='' → norm='auto'; amount=800.0; currency=USD; date=2021-03-01 — KEEP
[2025-09-02 15:20:57] r=1099 → type_raw='Dep' | label=Deposit (defaulted; no _tx_label match for 'dep' → default to 'Deposit'); status_raw='' → norm='auto'; amount=800.0; currency=USD; date=2021-03-01 — KEEP
[2025-09-02 15:20:57] r=1100 → type_raw='Dep' | label=Deposit (defaulted; no _tx_label match for 'dep' → default to 'Deposit'); status_raw='' → norm='auto'; amount=500.0; currency=USD; date=2021-03-01 — KEEP
[2025-09-02 15:20:57] r=1101 → type_raw='Dep' | label=Deposit (defaulted; no _tx_label match for 'dep' → default to 'Deposit'); status_raw='' → norm='auto'; amount=5000.0; currency=USD; date=2021-03-21 — KEEP
[2025-09-02 15:20:57] r=1102 → type_raw='Dep' | label=Deposit (defaulted; no _tx_label match for 'dep' → default to 'Deposit'); status_raw='' → norm='auto'; amount=800.0; currency=USD; date=2021-03-21 — KEEP
[2025-09-02 15:20:57] r=1103 → type_raw='Dep' | label=Deposit (defaulted; no _tx_label match for 'dep' → default to 'Deposit'); status_raw='' → norm='auto'; amount=100.0; currency=USD; date=2021-03-21 — KEEP
[2025-09-02 15:20:57] r=1104 → type_raw='Dep' | label=Deposit (defaulted; no _tx_label match for 'dep' → default to 'Deposit'); status_raw='' → norm='auto'; amount=135.0; currency=USD; date=2021-03-21 — KEEP
[2025-09-02 15:20:57] r=1105 → type_raw='Dep' | label=Deposit (defaulted; no _tx_label match for 'dep' → default to 'Deposit'); status_raw='' → norm='auto'; amount=800.0; currency=USD; date=2021-04-01 — KEEP
[2025-09-02 15:20:57] r=1106 → type_raw='Dep' | label=Deposit (defaulted; no _tx_label match for 'dep' → default to 'Deposit'); status_raw='' → norm='auto'; amount=500.0; currency=USD; date=2021-04-04 — KEEP
[2025-09-02 15:20:57] r=1107 → type_raw='Dep' | label=Deposit (defaulted; no _tx_label match for 'dep' → default to 'Deposit'); status_raw='' → norm='auto'; amount=600.0; currency=USD; date=2021-04-04 — KEEP
[2025-09-02 15:20:57] r=1108 → type_raw='Dep' | label=Deposit (defaulted; no _tx_label match for 'dep' → default to 'Deposit'); status_raw='' → norm='auto'; amount=300.0; currency=USD; date=2021-04-04 — KEEP
[2025-09-02 15:20:57] r=1109 → type_raw='Dep' | label=Deposit (defaulted; no _tx_label match for 'dep' → default to 'Deposit'); status_raw='' → norm='auto'; amount=1000.0; currency=USD; date=2021-04-04 — KEEP
[2025-09-02 15:20:57] r=1110 → type_raw='Dep' | label=Deposit (defaulted; no _tx_label match for 'dep' → default to 'Deposit'); status_raw='' → norm='auto'; amount=1000.0; currency=USD; date=2021-04-04 — KEEP
[2025-09-02 15:20:57] r=1111 → type_raw='Dep' | label=Deposit (defaulted; no _tx_label match for 'dep' → default to 'Deposit'); status_raw='' → norm='auto'; amount=2000.0; currency=USD; date=2021-04-04 — KEEP
[2025-09-02 15:20:57] r=1112 → type_raw='Dep' | label=Deposit (defaulted; no _tx_label match for 'dep' → default to 'Deposit'); status_raw='' → norm='auto'; amount=1500.0; currency=USD; date=2021-04-04 — KEEP
[2025-09-02 15:20:57] r=1113 → type_raw='Dep' | label=Deposit (defaulted; no _tx_label match for 'dep' → default to 'Deposit'); status_raw='' → norm='auto'; amount=400.0; currency=USD; date=2021-04-04 — KEEP
[2025-09-02 15:20:57] r=1114 → type_raw='Dep' | label=Deposit (defaulted; no _tx_label match for 'dep' → default to 'Deposit'); status_raw='' → norm='auto'; amount=2000.0; currency=USD; date=2021-04-04 — KEEP
[2025-09-02 15:20:57] r=1115 → type_raw='Dep' | label=Deposit (defaulted; no _tx_label match for 'dep' → default to 'Deposit'); status_raw='' → norm='auto'; amount=1400.0; currency=USD; date=2021-04-04 — KEEP
[2025-09-02 15:20:57] r=1116 → type_raw='Dep' | label=Deposit (defaulted; no _tx_label match for 'dep' → default to 'Deposit'); status_raw='' → norm='auto'; amount=1500.0; currency=USD; date=2021-04-09 — KEEP
[2025-09-02 15:20:57] r=1117 → type_raw='Dep' | label=Deposit (defaulted; no _tx_label match for 'dep' → default to 'Deposit'); status_raw='' → norm='auto'; amount=1500.0; currency=USD; date=2021-04-09 — KEEP
[2025-09-02 15:20:57] r=1118 → type_raw='Dep' | label=Deposit (defaulted; no _tx_label match for 'dep' → default to 'Deposit'); status_raw='' → norm='auto'; amount=1500.0; currency=USD; date=2021-04-09 — KEEP
[2025-09-02 15:20:57] r=1119 → type_raw='Dep' | label=Deposit (defaulted; no _tx_label match for 'dep' → default to 'Deposit'); status_raw='' → norm='auto'; amount=3000.0; currency=USD; date=2021-04-29 — KEEP
[2025-09-02 15:20:57] r=1120 → type_raw='Dep' | label=Deposit (defaulted; no _tx_label match for 'dep' → default to 'Deposit'); status_raw='' → norm='auto'; amount=2000.0; currency=USD; date=2021-04-29 — KEEP
[2025-09-02 15:20:57] r=1121 → type_raw='Dep' | label=Deposit (defaulted; no _tx_label match for 'dep' → default to 'Deposit'); status_raw='' → norm='auto'; amount=1700.0; currency=USD; date=2021-05-04 — KEEP
[2025-09-02 15:20:57] r=1122 → type_raw='Dep' | label=Deposit (defaulted; no _tx_label match for 'dep' → default to 'Deposit'); status_raw='' → norm='auto'; amount=1500.0; currency=USD; date=2021-05-09 — KEEP
[2025-09-02 15:20:57] r=1123 → type_raw='Dep' | label=Deposit (defaulted; no _tx_label match for 'dep' → default to 'Deposit'); status_raw='' → norm='auto'; amount=1200.0; currency=USD; date=2021-05-30 — KEEP
[2025-09-02 15:20:57] r=1124 → type_raw='Dep' | label=Deposit (defaulted; no _tx_label match for 'dep' → default to 'Deposit'); status_raw='' → norm='auto'; amount=900.0; currency=USD; date=2021-05-30 — KEEP
[2025-09-02 15:20:57] r=1125 → type_raw='Dep' | label=Deposit (defaulted; no _tx_label match for 'dep' → default to 'Deposit'); status_raw='' → norm='auto'; amount=6500.0; currency=USD; date=2021-05-30 — KEEP
[2025-09-02 15:20:57] r=1126 → type_raw='Dep' | label=Deposit (defaulted; no _tx_label match for 'dep' → default to 'Deposit'); status_raw='' → norm='auto'; amount=1000.0; currency=USD; date=2021-06-02 — KEEP
[2025-09-02 15:20:57] r=1127 → type_raw='Dep' | label=Deposit (defaulted; no _tx_label match for 'dep' → default to 'Deposit'); status_raw='' → norm='auto'; amount=2000.0; currency=USD; date=2021-06-02 — KEEP
[2025-09-02 15:20:57] r=1128 → type_raw='Dep' | label=Deposit (defaulted; no _tx_label match for 'dep' → default to 'Deposit'); status_raw='' → norm='auto'; amount=300.0; currency=USD; date=2021-07-02 — KEEP
[2025-09-02 15:20:57] r=1129 → type_raw='Dep' | label=Deposit (defaulted; no _tx_label match for 'dep' → default to 'Deposit'); status_raw='' → norm='auto'; amount=2000.0; currency=USD; date=2021-07-02 — KEEP
[2025-09-02 15:20:57] r=1130 → type_raw='Dep' | label=Deposit (defaulted; no _tx_label match for 'dep' → default to 'Deposit'); status_raw='' → norm='auto'; amount=2000.0; currency=USD; date=2021-07-02 — KEEP
[2025-09-02 15:20:57] r=1131 → type_raw='Dep' | label=Deposit (defaulted; no _tx_label match for 'dep' → default to 'Deposit'); status_raw='' → norm='auto'; amount=300.0; currency=USD; date=2021-07-03 — KEEP
[2025-09-02 15:20:57] r=1132 → type_raw='Dep' | label=Deposit (defaulted; no _tx_label match for 'dep' → default to 'Deposit'); status_raw='' → norm='auto'; amount=300.0; currency=USD; date=2021-07-03 — KEEP
[2025-09-02 15:20:57] r=1133 → type_raw='Dep' | label=Deposit (defaulted; no _tx_label match for 'dep' → default to 'Deposit'); status_raw='' → norm='auto'; amount=1500.0; currency=USD; date=2021-07-03 — KEEP
[2025-09-02 15:20:57] r=1134 → type_raw='Dep' | label=Deposit (defaulted; no _tx_label match for 'dep' → default to 'Deposit'); status_raw='' → norm='auto'; amount=200.0; currency=USD; date=2021-07-03 — KEEP
[2025-09-02 15:20:58] r=1135 → type_raw='Dep' | label=Deposit (defaulted; no _tx_label match for 'dep' → default to 'Deposit'); status_raw='' → norm='auto'; amount=1500.0; currency=USD; date=2021-07-03 — KEEP
[2025-09-02 15:20:58] r=1136 → type_raw='Dep' | label=Deposit (defaulted; no _tx_label match for 'dep' → default to 'Deposit'); status_raw='' → norm='auto'; amount=1200.0; currency=USD; date=2021-07-03 — KEEP
[2025-09-02 15:20:58] r=1137 → type_raw='Dep' | label=Deposit (defaulted; no _tx_label match for 'dep' → default to 'Deposit'); status_raw='' → norm='auto'; amount=2000.0; currency=USD; date=2021-07-04 — KEEP
[2025-09-02 15:20:58] r=1138 → type_raw='Dep' | label=Deposit (defaulted; no _tx_label match for 'dep' → default to 'Deposit'); status_raw='' → norm='auto'; amount=14000.0; currency=USD; date=2021-07-04 — KEEP
[2025-09-02 15:20:58] r=1139 → type_raw='Dep' | label=Deposit (defaulted; no _tx_label match for 'dep' → default to 'Deposit'); status_raw='' → norm='auto'; amount=3000.0; currency=USD; date=2021-07-18 — KEEP
[2025-09-02 15:20:58] r=1140 → type_raw='Dep' | label=Deposit (defaulted; no _tx_label match for 'dep' → default to 'Deposit'); status_raw='' → norm='auto'; amount=1200.0; currency=USD; date=2021-07-18 — KEEP
[2025-09-02 15:20:58] r=1141 → type_raw='Dep' | label=Deposit (defaulted; no _tx_label match for 'dep' → default to 'Deposit'); status_raw='' → norm='auto'; amount=1300.0; currency=USD; date=2021-07-18 — KEEP
[2025-09-02 15:20:58] r=1142 → type_raw='Dep' | label=Deposit (defaulted; no _tx_label match for 'dep' → default to 'Deposit'); status_raw='' → norm='auto'; amount=3000.0; currency=USD; date=2021-07-25 — KEEP
[2025-09-02 15:20:58] r=1143 → type_raw='Dep' | label=Deposit (defaulted; no _tx_label match for 'dep' → default to 'Deposit'); status_raw='' → norm='auto'; amount=900.0; currency=USD; date=2021-07-25 — KEEP
[2025-09-02 15:20:58] r=1144 → type_raw='Dep' | label=Deposit (defaulted; no _tx_label match for 'dep' → default to 'Deposit'); status_raw='' → norm='auto'; amount=2600.0; currency=USD; date=2021-07-25 — KEEP
[2025-09-02 15:20:58] r=1145 → type_raw='Dep' | label=Deposit (defaulted; no _tx_label match for 'dep' → default to 'Deposit'); status_raw='' → norm='auto'; amount=120.0; currency=USD; date=2021-07-25 — KEEP
[2025-09-02 15:20:58] r=1146 → type_raw='Dep' | label=Deposit (defaulted; no _tx_label match for 'dep' → default to 'Deposit'); status_raw='' → norm='auto'; amount=700.0; currency=USD; date=2021-07-25 — KEEP
[2025-09-02 15:20:58] r=1147 → type_raw='Dep' | label=Deposit (defaulted; no _tx_label match for 'dep' → default to 'Deposit'); status_raw='' → norm='auto'; amount=5000.0; currency=USD; date=2021-08-15 — KEEP
[2025-09-02 15:20:58] r=1148 → type_raw='Dep' | label=Deposit (defaulted; no _tx_label match for 'dep' → default to 'Deposit'); status_raw='' → norm='auto'; amount=1000.0; currency=USD; date=2021-08-15 — KEEP
[2025-09-02 15:20:58] r=1149 → type_raw='Dep' | label=Deposit (defaulted; no _tx_label match for 'dep' → default to 'Deposit'); status_raw='' → norm='auto'; amount=7000.0; currency=USD; date=2021-08-15 — KEEP
[2025-09-02 15:20:58] r=1150 → type_raw='Dep' | label=Deposit (defaulted; no _tx_label match for 'dep' → default to 'Deposit'); status_raw='' → norm='auto'; amount=7000.0; currency=USD; date=2021-08-15 — KEEP
[2025-09-02 15:20:58] r=1151 → type_raw='Dep' | label=Deposit (defaulted; no _tx_label match for 'dep' → default to 'Deposit'); status_raw='' → norm='auto'; amount=9000.0; currency=USD; date=2021-08-22 — KEEP
[2025-09-02 15:20:58] r=1152 → type_raw='Dep' | label=Deposit (defaulted; no _tx_label match for 'dep' → default to 'Deposit'); status_raw='' → norm='auto'; amount=1200.0; currency=USD; date=2021-09-01 — KEEP
[2025-09-02 15:20:58] r=1153 → type_raw='Dep' | label=Deposit (defaulted; no _tx_label match for 'dep' → default to 'Deposit'); status_raw='' → norm='auto'; amount=1000.0; currency=USD; date=2021-09-01 — KEEP
[2025-09-02 15:20:58] r=1154 → type_raw='Dep' | label=Deposit (defaulted; no _tx_label match for 'dep' → default to 'Deposit'); status_raw='' → norm='auto'; amount=30.0; currency=USD; date=2021-09-01 — KEEP
[2025-09-02 15:20:58] r=1155 → type_raw='Dep' | label=Deposit (defaulted; no _tx_label match for 'dep' → default to 'Deposit'); status_raw='' → norm='auto'; amount=840.0; currency=USD; date=2021-09-01 — KEEP
[2025-09-02 15:20:58] r=1156 → type_raw='Dep' | label=Deposit (defaulted; no _tx_label match for 'dep' → default to 'Deposit'); status_raw='' → norm='auto'; amount=430.0; currency=USD; date=2021-09-01 — KEEP
[2025-09-02 15:20:58] r=1157 → type_raw='Dep' | label=Deposit (defaulted; no _tx_label match for 'dep' → default to 'Deposit'); status_raw='' → norm='auto'; amount=100.0; currency=USD; date=2021-10-01 — KEEP
[2025-09-02 15:20:58] r=1158 → type_raw='Dep' | label=Deposit (defaulted; no _tx_label match for 'dep' → default to 'Deposit'); status_raw='' → norm='auto'; amount=950.0; currency=USD; date=2021-10-01 — KEEP
[2025-09-02 15:20:58] r=1159 → type_raw='Dep' | label=Deposit (defaulted; no _tx_label match for 'dep' → default to 'Deposit'); status_raw='' → norm='auto'; amount=900.0; currency=USD; date=2021-10-01 — KEEP
[2025-09-02 15:20:58] r=1160 → type_raw='Dep' | label=Deposit (defaulted; no _tx_label match for 'dep' → default to 'Deposit'); status_raw='' → norm='auto'; amount=150.0; currency=USD; date=2021-10-02 — KEEP
[2025-09-02 15:20:58] r=1161 → type_raw='Dep' | label=Deposit (defaulted; no _tx_label match for 'dep' → default to 'Deposit'); status_raw='' → norm='auto'; amount=1290.0; currency=USD; date=2021-10-17 — KEEP
[2025-09-02 15:20:58] r=1162 → type_raw='Dep' | label=Deposit (defaulted; no _tx_label match for 'dep' → default to 'Deposit'); status_raw='' → norm='auto'; amount=1500.0; currency=USD; date=2021-10-17 — KEEP
[2025-09-02 15:20:58] r=1163 → type_raw='Dep' | label=Deposit (defaulted; no _tx_label match for 'dep' → default to 'Deposit'); status_raw='' → norm='auto'; amount=780.0; currency=USD; date=2021-10-17 — KEEP
[2025-09-02 15:20:58] r=1164 → type_raw='Dep' | label=Deposit (defaulted; no _tx_label match for 'dep' → default to 'Deposit'); status_raw='' → norm='auto'; amount=1500.0; currency=USD; date=2021-12-09 — KEEP
[2025-09-02 15:20:58] r=1165 → type_raw='Dep' | label=Deposit (defaulted; no _tx_label match for 'dep' → default to 'Deposit'); status_raw='' → norm='auto'; amount=500.0; currency=USD; date=2021-12-09 — KEEP
[2025-09-02 15:20:58] r=1166 → type_raw='Dep' | label=Deposit (defaulted; no _tx_label match for 'dep' → default to 'Deposit'); status_raw='' → norm='auto'; amount=1500.0; currency=USD; date=2021-12-17 — KEEP
[2025-09-02 15:20:58] r=1167 → type_raw='Dep' | label=Deposit (defaulted; no _tx_label match for 'dep' → default to 'Deposit'); status_raw='' → norm='auto'; amount=600.0; currency=USD; date=2021-12-17 — KEEP
[2025-09-02 15:20:58] r=1168 → type_raw='Dep' | label=Deposit (defaulted; no _tx_label match for 'dep' → default to 'Deposit'); status_raw='' → norm='auto'; amount=1500.0; currency=USD; date=2021-12-17 — KEEP
[2025-09-02 15:20:58] r=1169 → type_raw='Dep' | label=Deposit (defaulted; no _tx_label match for 'dep' → default to 'Deposit'); status_raw='' → norm='auto'; amount=900.0; currency=USD; date=2021-12-17 — KEEP
[2025-09-02 15:20:58] r=1170 → type_raw='Dep' | label=Deposit (defaulted; no _tx_label match for 'dep' → default to 'Deposit'); status_raw='' → norm='auto'; amount=500.0; currency=USD; date=2021-12-19 — KEEP
[2025-09-02 15:20:58] r=1171 → type_raw='Dep' | label=Deposit (defaulted; no _tx_label match for 'dep' → default to 'Deposit'); status_raw='' → norm='auto'; amount=1100.0; currency=USD; date=2022-01-03 — KEEP
[2025-09-02 15:20:58] r=1172 → type_raw='Dep' | label=Deposit (defaulted; no _tx_label match for 'dep' → default to 'Deposit'); status_raw='' → norm='auto'; amount=200.0; currency=USD; date=2022-01-03 — KEEP
[2025-09-02 15:20:58] r=1173 → type_raw='Dep' | label=Deposit (defaulted; no _tx_label match for 'dep' → default to 'Deposit'); status_raw='' → norm='auto'; amount=1500.0; currency=USD; date=2022-03-20 — KEEP
[2025-09-02 15:20:58] r=1174 → type_raw='Dep' | label=Deposit (defaulted; no _tx_label match for 'dep' → default to 'Deposit'); status_raw='' → norm='auto'; amount=1500.0; currency=USD; date=2022-05-21 — KEEP
[2025-09-02 15:20:58] r=1175 → type_raw='Dep' | label=Deposit (defaulted; no _tx_label match for 'dep' → default to 'Deposit'); status_raw='' → norm='auto'; amount=1200.0; currency=USD; date=2022-05-21 — KEEP
[2025-09-02 15:20:58] r=1176 → type_raw='Dep' | label=Deposit (defaulted; no _tx_label match for 'dep' → default to 'Deposit'); status_raw='' → norm='auto'; amount=1500.0; currency=USD; date=2022-05-22 — KEEP
[2025-09-02 15:20:58] r=1177 → type_raw='Dep' | label=Deposit (defaulted; no _tx_label match for 'dep' → default to 'Deposit'); status_raw='' → norm='auto'; amount=100.0; currency=USD; date=2022-05-22 — KEEP
[2025-09-02 15:20:58] r=1178 → type_raw='Dep' | label=Deposit (defaulted; no _tx_label match for 'dep' → default to 'Deposit'); status_raw='' → norm='auto'; amount=1500.0; currency=USD; date=2022-05-30 — KEEP
[2025-09-02 15:20:58] r=1179 → type_raw='Dep' | label=Deposit (defaulted; no _tx_label match for 'dep' → default to 'Deposit'); status_raw='' → norm='auto'; amount=1000.0; currency=USD; date=2022-05-30 — KEEP
[2025-09-02 15:20:58] r=1180 → type_raw='Dep' | label=Deposit (defaulted; no _tx_label match for 'dep' → default to 'Deposit'); status_raw='' → norm='auto'; amount=1500.0; currency=USD; date=2022-06-03 — KEEP
[2025-09-02 15:20:58] r=1181 → type_raw='Dep' | label=Deposit (defaulted; no _tx_label match for 'dep' → default to 'Deposit'); status_raw='' → norm='auto'; amount=1500.0; currency=USD; date=2022-06-03 — KEEP
[2025-09-02 15:20:58] r=1182 → type_raw='Dep' | label=Deposit (defaulted; no _tx_label match for 'dep' → default to 'Deposit'); status_raw='' → norm='auto'; amount=700.0; currency=USD; date=2022-06-03 — KEEP
[2025-09-02 15:20:58] r=1183 → type_raw='Dep' | label=Deposit (defaulted; no _tx_label match for 'dep' → default to 'Deposit'); status_raw='' → norm='auto'; amount=1000.0; currency=USD; date=2022-08-04 — KEEP
[2025-09-02 15:20:58] r=1184 → type_raw='Dep' | label=Deposit (defaulted; no _tx_label match for 'dep' → default to 'Deposit'); status_raw='' → norm='auto'; amount=1500.0; currency=USD; date=2022-08-05 — KEEP
[2025-09-02 15:20:58] r=1185 → type_raw='Dep' | label=Deposit (defaulted; no _tx_label match for 'dep' → default to 'Deposit'); status_raw='' → norm='auto'; amount=700.0; currency=USD; date=2022-08-05 — KEEP
[2025-09-02 15:20:58] 🧮 Totals (single-core): accepted Deposit=1184, Redeem=0; rejected_by_status Deposit=0, Redeem=0; produced=1184
[2025-09-02 15:20:58] TA logic: Deposits = 775144.25, Cashouts = 0, Net = 775144.25
[2025-09-02 15:20:58] ✅ Created Payment Summary with 1184 rows.
[2025-09-02 15:20:58] ✅ Created styled Summary (Currency → Type → Year) with title row.
[2025-09-02 15:20:59] 🔁 ECB JSON 406 application/problem+json — {"type":"about:blank","title":"Not Acceptable","status":406,"detail":"Acceptable representations: [application/xml, text
[2025-09-02 15:20:59] 🌍 FX USD/EUR 2013-01-09…2013-11-25 via CSV: 226 pts, avg=1.324240
[2025-09-02 15:20:59] 🌍 FX USD→EUR 2013-01-09…2013-11-25: 1/( USD/EUR ) (mode CSV, 226 pts) => avg=0.755150
[2025-09-02 15:20:59] 🌍 FX USD→EUR 2013 (2013-01-09…2013-11-25) avg = 0.755150
[2025-09-02 15:20:59] 🔁 ECB JSON 406 application/problem+json — {"type":"about:blank","title":"Not Acceptable","status":406,"detail":"Acceptable representations: [application/xml, text
[2025-09-02 15:20:59] 🌍 FX USD/EUR 2014-01-13…2014-12-30 via CSV: 247 pts, avg=1.328019
[2025-09-02 15:20:59] 🌍 FX USD→EUR 2014-01-13…2014-12-30: 1/( USD/EUR ) (mode CSV, 247 pts) => avg=0.753001
[2025-09-02 15:20:59] 🌍 FX USD→EUR 2014 (2014-01-13…2014-12-30) avg = 0.753001
[2025-09-02 15:20:59] 🔁 ECB JSON 406 application/problem+json — {"type":"about:blank","title":"Not Acceptable","status":406,"detail":"Acceptable representations: [application/xml, text
[2025-09-02 15:20:59] 🌍 FX USD/EUR 2015-01-02…2015-12-21 via CSV: 249 pts, avg=1.109964
[2025-09-02 15:20:59] 🌍 FX USD→EUR 2015-01-02…2015-12-21: 1/( USD/EUR ) (mode CSV, 249 pts) => avg=0.900930
[2025-09-02 15:20:59] 🌍 FX USD→EUR 2015 (2015-01-02…2015-12-21) avg = 0.900930
[2025-09-02 15:20:59] 🔁 ECB JSON 406 application/problem+json — {"type":"about:blank","title":"Not Acceptable","status":406,"detail":"Acceptable representations: [application/xml, text
[2025-09-02 15:20:59] 🌍 FX USD/EUR 2016-01-06…2016-12-10 via CSV: 241 pts, avg=1.110561
[2025-09-02 15:20:59] 🌍 FX USD→EUR 2016-01-06…2016-12-10: 1/( USD/EUR ) (mode CSV, 241 pts) => avg=0.900446
[2025-09-02 15:20:59] 🌍 FX USD→EUR 2016 (2016-01-06…2016-12-10) avg = 0.900446
