[2025-09-24 17:13:02] 🔗 Auto-tagged from SharePoint: Deal 40148
[2025-09-24 17:13:02] ➕ Added 1 file(s).
[2025-09-24 17:13:08] Cleared all files.
[2025-09-24 17:13:13] 🔗 Auto-tagged from SharePoint: Deal 40148
[2025-09-24 17:13:13] ➕ Added 1 file(s).
[2025-09-24 17:13:16] 📄 Processing TA_Adnan Transaction History.xlsx (Deal 40148) in checking Mode...
[2025-09-24 17:13:18] ✔ Deposit sheets: ['Deposit Transaction History']
[2025-09-24 17:13:18] ✔ Cashout sheets: ['Deposit Transaction History']
[2025-09-24 17:13:18] ℹ️ Same sheet in both lists → will parse once as combined: ['Deposit Transaction History']
[2025-09-24 17:13:18] ✅ Detected header row at Excel row 1: ['Transaction ID', 'User', 'Created', 'Updated', 'Type', 'Status', 'Currency', 'Transaction Amount', 'Initial', 'Credited', 'Settled', 'Refunded', 'Merchant']
[2025-09-24 17:13:18] 🔎 Header row 1: ['Transaction ID', 'User', 'Created', 'Updated', 'Type', 'Status', 'Currency', 'Transaction Amount', 'Initial', 'Credited', 'Settled', 'Refunded', 'Merchant']
[2025-09-24 17:13:18] 🧭 Columns: amount=7, currency=6, type=4, ref_date=2, conf_date=10, status=5, gateway=None, descr=None, drcr=None
[2025-09-24 17:13:18] 🔎 row 2: ✅ accept → dt=1900-07-18 amt=200.00 sign=+1 curr=EUR label=Deposit (type/gateway/descr/drcr/sign) status='dep_settled'
[2025-09-24 17:13:18] 🔎 row 3: ✅ accept → dt=1900-01-14 amt=15.00 sign=+1 curr=EUR label=Deposit (type/gateway/descr/drcr/sign) status='dep_settled'
[2025-09-24 17:13:18] 🔎 row 4: ✅ accept → dt=1900-04-09 amt=100.00 sign=+1 curr=EUR label=Deposit (type/gateway/descr/drcr/sign) status='dep_settled'
[2025-09-24 17:13:18] 🔎 row 5: ✅ accept → dt=1900-04-09 amt=100.00 sign=+1 curr=EUR label=Deposit (type/gateway/descr/drcr/sign) status='dep_settled'
[2025-09-24 17:13:18] 🔎 row 6: ✅ accept → dt=1900-01-19 amt=20.00 sign=+1 curr=EUR label=Deposit (type/gateway/descr/drcr/sign) status='dep_settled'
[2025-09-24 17:13:18] 🔎 row 7: ✅ accept → dt=1900-02-18 amt=50.00 sign=+1 curr=EUR label=Deposit (type/gateway/descr/drcr/sign) status='dep_settled'
[2025-09-24 17:13:18] 🔎 row 8: ✅ accept → dt=1900-02-18 amt=50.00 sign=+1 curr=EUR label=Deposit (type/gateway/descr/drcr/sign) status='dep_settled'
[2025-09-24 17:13:18] 🔎 row 9: ✅ accept → dt=1900-02-18 amt=50.00 sign=+1 curr=EUR label=Deposit (type/gateway/descr/drcr/sign) status='dep_settled'
[2025-09-24 17:13:18] 🔎 row 10: ✅ accept → dt=1900-02-03 amt=35.00 sign=+1 curr=EUR label=Deposit (type/gateway/descr/drcr/sign) status='dep_settled'
[2025-09-24 17:13:18] 🔎 row 11: ✅ accept → dt=1900-02-18 amt=50.00 sign=+1 curr=EUR label=Deposit (type/gateway/descr/drcr/sign) status='dep_settled'
[2025-09-24 17:13:18] 🔎 row 12: ✅ accept → dt=1900-04-09 amt=100.00 sign=+1 curr=EUR label=Deposit (type/gateway/descr/drcr/sign) status='dep_settled'
[2025-09-24 17:13:18] 🔎 row 13: ✅ accept → dt=1900-02-18 amt=50.00 sign=+1 curr=EUR label=Deposit (type/gateway/descr/drcr/sign) status='dep_settled'
[2025-09-24 17:13:18] 🔎 row 14: ✅ accept → dt=1900-04-09 amt=100.00 sign=+1 curr=EUR label=Deposit (type/gateway/descr/drcr/sign) status='dep_settled'
[2025-09-24 17:13:18] 🔎 row 15: ✅ accept → dt=1900-04-09 amt=100.00 sign=+1 curr=EUR label=Deposit (type/gateway/descr/drcr/sign) status='dep_settled'
[2025-09-24 17:13:18] 🔎 row 16: ✅ accept → dt=1900-04-09 amt=100.00 sign=+1 curr=EUR label=Deposit (type/gateway/descr/drcr/sign) status='dep_settled'
[2025-09-24 17:13:18] 🔎 row 17: ✅ accept → dt=1900-04-09 amt=100.00 sign=+1 curr=EUR label=Deposit (type/gateway/descr/drcr/sign) status='dep_settled'
[2025-09-24 17:13:18] 🔎 row 18: ✅ accept → dt=1900-04-09 amt=100.00 sign=+1 curr=EUR label=Deposit (type/gateway/descr/drcr/sign) status='dep_settled'
[2025-09-24 17:13:18] 🔎 row 19: ✅ accept → dt=1900-04-09 amt=100.00 sign=+1 curr=EUR label=Deposit (type/gateway/descr/drcr/sign) status='dep_settled'
[2025-09-24 17:13:18] 🔎 row 20: ✅ accept → dt=1900-07-18 amt=200.00 sign=+1 curr=EUR label=Deposit (type/gateway/descr/drcr/sign) status='dep_settled'
[2025-09-24 17:13:18] 🔎 row 21: ✅ accept → dt=1900-07-18 amt=200.00 sign=+1 curr=EUR label=Deposit (type/gateway/descr/drcr/sign) status='dep_settled'
[2025-09-24 17:13:18] 🔎 row 22: ✅ accept → dt=1900-01-13 amt=14.00 sign=+1 curr=EUR label=Deposit (type/gateway/descr/drcr/sign) status='dep_settled'
[2025-09-24 17:13:18] 🔎 row 23: ✅ accept → dt=1900-04-09 amt=100.00 sign=+1 curr=EUR label=Deposit (type/gateway/descr/drcr/sign) status='dep_settled'
[2025-09-24 17:13:18] 🔎 row 24: ✅ accept → dt=1901-02-03 amt=400.00 sign=+1 curr=EUR label=Deposit (type/gateway/descr/drcr/sign) status='dep_settled'
[2025-09-24 17:13:18] 🔎 row 25: ✅ accept → dt=1900-04-09 amt=100.00 sign=+1 curr=EUR label=Deposit (type/gateway/descr/drcr/sign) status='dep_settled'
[2025-09-24 17:13:18] 🔎 row 26: ✅ accept → dt=1900-04-09 amt=100.00 sign=+1 curr=EUR label=Deposit (type/gateway/descr/drcr/sign) status='dep_settled'
[2025-09-24 17:13:18] 🔎 row 27: ✅ accept → dt=1900-07-18 amt=200.00 sign=+1 curr=EUR label=Deposit (type/gateway/descr/drcr/sign) status='dep_settled'
[2025-09-24 17:13:18] 🔎 row 28: ✅ accept → dt=1900-07-18 amt=200.00 sign=+1 curr=EUR label=Deposit (type/gateway/descr/drcr/sign) status='dep_settled'
[2025-09-24 17:13:18] 🔎 row 29: ✅ accept → dt=1900-07-18 amt=200.00 sign=+1 curr=EUR label=Deposit (type/gateway/descr/drcr/sign) status='dep_settled'
[2025-09-24 17:13:18] 🔎 row 30: ✅ accept → dt=1900-04-09 amt=100.00 sign=+1 curr=EUR label=Deposit (type/gateway/descr/drcr/sign) status='dep_settled'
[2025-09-24 17:13:18] 🔎 row 31: ✅ accept → dt=1900-07-18 amt=200.00 sign=+1 curr=EUR label=Deposit (type/gateway/descr/drcr/sign) status='dep_settled'
[2025-09-24 17:13:18] 🔎 row 32: ✅ accept → dt=1900-10-26 amt=300.00 sign=+1 curr=EUR label=Deposit (type/gateway/descr/drcr/sign) status='dep_settled'
[2025-09-24 17:13:18] 🔎 row 33: ✅ accept → dt=1900-04-09 amt=100.00 sign=+1 curr=EUR label=Deposit (type/gateway/descr/drcr/sign) status='dep_settled'
[2025-09-24 17:13:18] 🔎 row 34: ✅ accept → dt=1900-07-18 amt=200.00 sign=+1 curr=EUR label=Deposit (type/gateway/descr/drcr/sign) status='dep_settled'
[2025-09-24 17:13:18] 🔎 row 35: ✅ accept → dt=1900-07-18 amt=200.00 sign=+1 curr=EUR label=Deposit (type/gateway/descr/drcr/sign) status='dep_settled'
[2025-09-24 17:13:18] 🔎 row 36: ✅ accept → dt=1900-07-18 amt=200.00 sign=+1 curr=EUR label=Deposit (type/gateway/descr/drcr/sign) status='dep_settled'
[2025-09-24 17:13:18] 🔎 row 37: ✅ accept → dt=1900-07-18 amt=200.00 sign=+1 curr=EUR label=Deposit (type/gateway/descr/drcr/sign) status='dep_settled'
[2025-09-24 17:13:18] 🔎 row 38: ✅ accept → dt=1900-02-18 amt=50.00 sign=+1 curr=EUR label=Deposit (type/gateway/descr/drcr/sign) status='dep_settled'
[2025-09-24 17:13:18] 🔎 row 39: ✅ accept → dt=1900-02-18 amt=50.00 sign=+1 curr=EUR label=Deposit (type/gateway/descr/drcr/sign) status='dep_settled'
[2025-09-24 17:13:18] 🔎 row 40: ✅ accept → dt=1900-01-04 amt=5.00 sign=+1 curr=EUR label=Deposit (type/gateway/descr/drcr/sign) status='dep_settled'
[2025-09-24 17:13:18] 🔎 row 41: ✅ accept → dt=1901-05-14 amt=500.00 sign=+1 curr=EUR label=Deposit (type/gateway/descr/drcr/sign) status='dep_settled'
[2025-09-24 17:13:18] 🔎 row 42: ✅ accept → dt=1901-05-14 amt=500.00 sign=+1 curr=EUR label=Deposit (type/gateway/descr/drcr/sign) status='dep_settled'
[2025-09-24 17:13:18] 🔎 row 43: ✅ accept → dt=1900-04-09 amt=100.00 sign=+1 curr=EUR label=Deposit (type/gateway/descr/drcr/sign) status='dep_settled'
[2025-09-24 17:13:18] 🔎 row 44: ✅ accept → dt=1900-04-09 amt=100.00 sign=+1 curr=EUR label=Deposit (type/gateway/descr/drcr/sign) status='dep_settled'
[2025-09-24 17:13:18] 🔎 row 45: ✅ accept → dt=1900-03-15 amt=75.00 sign=+1 curr=EUR label=Deposit (type/gateway/descr/drcr/sign) status='dep_settled'
[2025-09-24 17:13:18] 🔎 row 46: ✅ accept → dt=1900-07-18 amt=200.00 sign=+1 curr=EUR label=Deposit (type/gateway/descr/drcr/sign) status='dep_settled'
[2025-09-24 17:13:18] 🔎 row 47: ✅ accept → dt=1900-09-06 amt=250.00 sign=+1 curr=EUR label=Deposit (type/gateway/descr/drcr/sign) status='dep_settled'
[2025-09-24 17:13:18] 🔎 row 48: ✅ accept → dt=1900-10-26 amt=300.00 sign=+1 curr=EUR label=Deposit (type/gateway/descr/drcr/sign) status='dep_settled'
[2025-09-24 17:13:18] 🔎 row 49: ✅ accept → dt=1900-07-18 amt=200.00 sign=+1 curr=EUR label=Deposit (type/gateway/descr/drcr/sign) status='dep_settled'
[2025-09-24 17:13:18] 🔎 row 50: ✅ accept → dt=1901-05-14 amt=500.00 sign=+1 curr=EUR label=Deposit (type/gateway/descr/drcr/sign) status='dep_settled'
[2025-09-24 17:13:18] 🔎 row 51: ✅ accept → dt=1900-01-09 amt=10.00 sign=+1 curr=EUR label=Deposit (type/gateway/descr/drcr/sign) status='dep_settled'
[2025-09-24 17:13:18] 🔎 row 52: ✅ accept → dt=1900-01-28 amt=29.00 sign=+1 curr=EUR label=Deposit (type/gateway/descr/drcr/sign) status='dep_settled'
[2025-09-24 17:13:18] 🔎 row 53: ✅ accept → dt=1900-02-18 amt=50.00 sign=+1 curr=EUR label=Deposit (type/gateway/descr/drcr/sign) status='dep_settled'
[2025-09-24 17:13:18] 🔎 row 54: ✅ accept → dt=1900-04-09 amt=100.00 sign=+1 curr=EUR label=Deposit (type/gateway/descr/drcr/sign) status='dep_settled'
[2025-09-24 17:13:18] 🔎 row 55: ✅ accept → dt=1900-02-18 amt=50.00 sign=+1 curr=EUR label=Deposit (type/gateway/descr/drcr/sign) status='dep_settled'
[2025-09-24 17:13:18] 🔎 row 56: ✅ accept → dt=1900-07-18 amt=200.00 sign=+1 curr=EUR label=Deposit (type/gateway/descr/drcr/sign) status='dep_settled'
[2025-09-24 17:13:18] 🔎 row 57: ✅ accept → dt=1901-02-03 amt=400.00 sign=+1 curr=EUR label=Deposit (type/gateway/descr/drcr/sign) status='dep_settled'
[2025-09-24 17:13:18] 🔎 row 58: ✅ accept → dt=1901-02-03 amt=400.00 sign=+1 curr=EUR label=Deposit (type/gateway/descr/drcr/sign) status='dep_settled'
[2025-09-24 17:13:18] 🔎 row 59: ✅ accept → dt=1901-08-22 amt=600.00 sign=+1 curr=EUR label=Deposit (type/gateway/descr/drcr/sign) status='dep_settled'
[2025-09-24 17:13:18] 🔎 row 60: ✅ accept → dt=1901-05-14 amt=500.00 sign=+1 curr=EUR label=Deposit (type/gateway/descr/drcr/sign) status='dep_settled'
[2025-09-24 17:13:18] 🔎 row 61: ✅ accept → dt=1901-05-14 amt=500.00 sign=+1 curr=EUR label=Deposit (type/gateway/descr/drcr/sign) status='dep_settled'
[2025-09-24 17:13:18] 🔎 row 62: ✅ accept → dt=1900-02-18 amt=50.00 sign=+1 curr=EUR label=Deposit (type/gateway/descr/drcr/sign) status='dep_settled'
[2025-09-24 17:13:18] 🔎 row 63: ✅ accept → dt=1900-04-09 amt=100.00 sign=+1 curr=EUR label=Deposit (type/gateway/descr/drcr/sign) status='dep_settled'
[2025-09-24 17:13:18] 🔎 row 64: ✅ accept → dt=1900-05-29 amt=150.00 sign=+1 curr=EUR label=Deposit (type/gateway/descr/drcr/sign) status='dep_settled'
[2025-09-24 17:13:18] 🔎 row 65: ✅ accept → dt=1900-07-18 amt=200.00 sign=+1 curr=EUR label=Deposit (type/gateway/descr/drcr/sign) status='dep_settled'
[2025-09-24 17:13:18] 🔎 row 66: ✅ accept → dt=1900-07-18 amt=200.00 sign=+1 curr=EUR label=Deposit (type/gateway/descr/drcr/sign) status='dep_settled'
[2025-09-24 17:13:18] 🔎 row 67: ✅ accept → dt=1901-02-03 amt=400.00 sign=+1 curr=EUR label=Deposit (type/gateway/descr/drcr/sign) status='dep_settled'
[2025-09-24 17:13:19] 🔎 row 68: ✅ accept → dt=1901-08-22 amt=600.00 sign=+1 curr=EUR label=Deposit (type/gateway/descr/drcr/sign) status='dep_settled'
[2025-09-24 17:13:19] 🔎 row 69: ✅ accept → dt=1900-01-04 amt=5.00 sign=+1 curr=EUR label=Deposit (type/gateway/descr/drcr/sign) status='dep_settled'
[2025-09-24 17:13:19] 🔎 row 70: ✅ accept → dt=1901-03-25 amt=450.00 sign=+1 curr=EUR label=Deposit (type/gateway/descr/drcr/sign) status='dep_settled'
[2025-09-24 17:13:19] 🔎 row 71: ✅ accept → dt=1900-02-18 amt=50.00 sign=+1 curr=EUR label=Deposit (type/gateway/descr/drcr/sign) status='dep_settled'
[2025-09-24 17:13:19] 🔎 row 72: ✅ accept → dt=1900-02-18 amt=50.00 sign=+1 curr=EUR label=Deposit (type/gateway/descr/drcr/sign) status='dep_settled'
[2025-09-24 17:13:19] 🔎 row 73: ✅ accept → dt=1900-07-18 amt=200.00 sign=+1 curr=EUR label=Deposit (type/gateway/descr/drcr/sign) status='dep_settled'
[2025-09-24 17:13:19] 🔎 row 74: ✅ accept → dt=1901-05-14 amt=500.00 sign=+1 curr=EUR label=Deposit (type/gateway/descr/drcr/sign) status='dep_settled'
[2025-09-24 17:13:19] 🔎 row 75: ✅ accept → dt=1901-05-14 amt=500.00 sign=+1 curr=EUR label=Deposit (type/gateway/descr/drcr/sign) status='dep_settled'
[2025-09-24 17:13:19] 🔎 row 76: ✅ accept → dt=1900-02-18 amt=50.00 sign=+1 curr=EUR label=Deposit (type/gateway/descr/drcr/sign) status='dep_settled'
[2025-09-24 17:13:19] 🔎 row 77: ✅ accept → dt=1900-02-18 amt=50.00 sign=+1 curr=EUR label=Deposit (type/gateway/descr/drcr/sign) status='dep_settled'
[2025-09-24 17:13:19] 🔎 row 78: ✅ accept → dt=1901-08-22 amt=600.00 sign=+1 curr=EUR label=Deposit (type/gateway/descr/drcr/sign) status='dep_settled'
[2025-09-24 17:13:19] 🔎 row 79: ✅ accept → dt=1900-05-29 amt=150.00 sign=+1 curr=EUR label=Deposit (type/gateway/descr/drcr/sign) status='dep_settled'
[2025-09-24 17:13:19] 🔎 row 80: ✅ accept → dt=1900-04-09 amt=100.00 sign=+1 curr=EUR label=Deposit (type/gateway/descr/drcr/sign) status='dep_settled'
[2025-09-24 17:13:19] 🔎 row 81: ✅ accept → dt=1900-04-09 amt=100.00 sign=+1 curr=EUR label=Deposit (type/gateway/descr/drcr/sign) status='dep_settled'
[2025-09-24 17:13:19] 🔎 row 82: ✅ accept → dt=1900-07-18 amt=200.00 sign=+1 curr=EUR label=Deposit (type/gateway/descr/drcr/sign) status='dep_settled'
[2025-09-24 17:13:19] 🔎 row 83: ✅ accept → dt=1900-07-18 amt=200.00 sign=+1 curr=EUR label=Deposit (type/gateway/descr/drcr/sign) status='dep_settled'
[2025-09-24 17:13:19] 🔎 row 84: ✅ accept → dt=1900-07-18 amt=200.00 sign=+1 curr=EUR label=Deposit (type/gateway/descr/drcr/sign) status='dep_settled'
[2025-09-24 17:13:19] 🔎 row 85: ✅ accept → dt=1900-09-06 amt=250.00 sign=+1 curr=EUR label=Deposit (type/gateway/descr/drcr/sign) status='dep_settled'
[2025-09-24 17:13:19] 🔎 row 86: ✅ accept → dt=1901-03-25 amt=450.00 sign=+1 curr=EUR label=Deposit (type/gateway/descr/drcr/sign) status='dep_settled'
[2025-09-24 17:13:19] 🔎 row 87: ✅ accept → dt=1901-05-14 amt=500.00 sign=+1 curr=EUR label=Deposit (type/gateway/descr/drcr/sign) status='dep_settled'
[2025-09-24 17:13:19] 🔎 row 88: ✅ accept → dt=1901-05-14 amt=500.00 sign=+1 curr=EUR label=Deposit (type/gateway/descr/drcr/sign) status='dep_settled'
[2025-09-24 17:13:19] 🔎 row 89: ✅ accept → dt=1901-05-14 amt=500.00 sign=+1 curr=EUR label=Deposit (type/gateway/descr/drcr/sign) status='dep_settled'
[2025-09-24 17:13:19] 🔎 row 90: ✅ accept → dt=1902-03-10 amt=800.00 sign=+1 curr=EUR label=Deposit (type/gateway/descr/drcr/sign) status='dep_settled'
[2025-09-24 17:13:19] 🔎 row 91: ✅ accept → dt=1901-05-14 amt=500.00 sign=+1 curr=EUR label=Deposit (type/gateway/descr/drcr/sign) status='dep_settled'
[2025-09-24 17:13:19] 🔎 row 92: ✅ accept → dt=1901-05-14 amt=500.00 sign=+1 curr=EUR label=Deposit (type/gateway/descr/drcr/sign) status='dep_settled'
[2025-09-24 17:13:19] 🔎 row 93: ✅ accept → dt=1901-05-14 amt=500.00 sign=+1 curr=EUR label=Deposit (type/gateway/descr/drcr/sign) status='dep_settled'
[2025-09-24 17:13:19] 🔎 row 94: ✅ accept → dt=1901-11-30 amt=700.00 sign=+1 curr=EUR label=Deposit (type/gateway/descr/drcr/sign) status='dep_settled'
[2025-09-24 17:13:19] 🔎 row 95: ✅ accept → dt=1900-01-06 amt=7.00 sign=+1 curr=EUR label=Deposit (type/gateway/descr/drcr/sign) status='dep_settled'
[2025-09-24 17:13:19] 🔎 row 96: ✅ accept → dt=1901-05-14 amt=500.00 sign=+1 curr=EUR label=Deposit (type/gateway/descr/drcr/sign) status='dep_settled'
[2025-09-24 17:13:19] 🔎 row 97: ✅ accept → dt=1902-09-26 amt=1000.00 sign=+1 curr=EUR label=Deposit (type/gateway/descr/drcr/sign) status='dep_settled'
[2025-09-24 17:13:19] 🔎 row 98: ✅ accept → dt=1902-09-26 amt=1000.00 sign=+1 curr=EUR label=Deposit (type/gateway/descr/drcr/sign) status='dep_settled'
[2025-09-24 17:13:19] 🔎 row 99: ✅ accept → dt=1902-09-26 amt=1000.00 sign=+1 curr=EUR label=Deposit (type/gateway/descr/drcr/sign) status='dep_settled'
[2025-09-24 17:13:19] 🔎 row 100: ✅ accept → dt=1902-09-26 amt=1000.00 sign=+1 curr=EUR label=Deposit (type/gateway/descr/drcr/sign) status='dep_settled'
[2025-09-24 17:13:19] 🔎 row 101: ✅ accept → dt=1905-06-22 amt=2000.00 sign=+1 curr=EUR label=Deposit (type/gateway/descr/drcr/sign) status='dep_settled'
[2025-09-24 17:13:19] 🔎 row 102: ✅ accept → dt=1904-10-15 amt=1750.00 sign=+1 curr=EUR label=Deposit (type/gateway/descr/drcr/sign) status='dep_settled'
[2025-09-24 17:13:19] 🔎 row 103: ✅ accept → dt=1901-05-14 amt=500.00 sign=+1 curr=EUR label=Deposit (type/gateway/descr/drcr/sign) status='dep_settled'
[2025-09-24 17:13:19] 🔎 row 104: ✅ accept → dt=1902-09-26 amt=1000.00 sign=+1 curr=EUR label=Deposit (type/gateway/descr/drcr/sign) status='dep_settled'
[2025-09-24 17:13:19] 🔎 row 105: ✅ accept → dt=1905-06-22 amt=2000.00 sign=+1 curr=EUR label=Deposit (type/gateway/descr/drcr/sign) status='dep_settled'
[2025-09-24 17:13:19] 🔎 row 106: ✅ accept → dt=1902-03-10 amt=800.00 sign=+1 curr=EUR label=Deposit (type/gateway/descr/drcr/sign) status='dep_settled'
[2025-09-24 17:13:19] 🔎 row 107: ✅ accept → dt=1901-05-14 amt=500.00 sign=+1 curr=EUR label=Deposit (type/gateway/descr/drcr/sign) status='dep_settled'
[2025-09-24 17:13:19] 🔎 row 108: ✅ accept → dt=1901-05-14 amt=500.00 sign=+1 curr=EUR label=Deposit (type/gateway/descr/drcr/sign) status='dep_settled'
[2025-09-24 17:13:19] 🔎 row 109: ✅ accept → dt=1905-06-22 amt=2000.00 sign=+1 curr=EUR label=Deposit (type/gateway/descr/drcr/sign) status='dep_settled'
[2025-09-24 17:13:19] 🔎 row 110: ✅ accept → dt=1905-06-22 amt=2000.00 sign=+1 curr=EUR label=Deposit (type/gateway/descr/drcr/sign) status='dep_settled'
[2025-09-24 17:13:19] 🔎 row 111: ✅ accept → dt=1901-05-14 amt=500.00 sign=+1 curr=EUR label=Deposit (type/gateway/descr/drcr/sign) status='dep_settled'
[2025-09-24 17:13:19] 🔎 row 112: ✅ accept → dt=1906-11-04 amt=2500.00 sign=+1 curr=EUR label=Deposit (type/gateway/descr/drcr/sign) status='dep_settled'
[2025-09-24 17:13:19] 🔎 row 113: ✅ accept → dt=1902-09-26 amt=1000.00 sign=+1 curr=EUR label=Deposit (type/gateway/descr/drcr/sign) status='dep_settled'
[2025-09-24 17:13:19] 🔎 row 114: ✅ accept → dt=1902-09-26 amt=1000.00 sign=+1 curr=EUR label=Deposit (type/gateway/descr/drcr/sign) status='dep_settled'
[2025-09-24 17:13:19] 🔎 row 115: ✅ accept → dt=1902-09-26 amt=1000.00 sign=+1 curr=EUR label=Deposit (type/gateway/descr/drcr/sign) status='dep_settled'
[2025-09-24 17:13:19] 🔎 row 116: ✅ accept → dt=1902-09-26 amt=1000.00 sign=+1 curr=EUR label=Deposit (type/gateway/descr/drcr/sign) status='dep_settled'
[2025-09-24 17:13:19] 🔎 row 117: ✅ accept → dt=1901-05-14 amt=500.00 sign=+1 curr=EUR label=Deposit (type/gateway/descr/drcr/sign) status='dep_settled'
[2025-09-24 17:13:19] 🔎 row 118: ✅ accept → dt=1901-05-14 amt=500.00 sign=+1 curr=EUR label=Deposit (type/gateway/descr/drcr/sign) status='dep_settled'
[2025-09-24 17:13:19] 🔎 row 119: ✅ accept → dt=1900-04-09 amt=100.00 sign=+1 curr=EUR label=Deposit (type/gateway/descr/drcr/sign) status='dep_settled'
[2025-09-24 17:13:19] 🔎 row 120: ✅ accept → dt=1900-04-09 amt=100.00 sign=+1 curr=EUR label=Deposit (type/gateway/descr/drcr/sign) status='dep_settled'
[2025-09-24 17:13:19] 🔎 row 121: ✅ accept → dt=1900-04-09 amt=100.00 sign=+1 curr=EUR label=Deposit (type/gateway/descr/drcr/sign) status='dep_settled'
[2025-09-24 17:13:19] 🔎 row 122: ✅ accept → dt=1900-05-29 amt=150.00 sign=+1 curr=EUR label=Deposit (type/gateway/descr/drcr/sign) status='dep_settled'
[2025-09-24 17:13:19] 🔎 row 123: ✅ accept → dt=1902-09-26 amt=1000.00 sign=+1 curr=EUR label=Deposit (type/gateway/descr/drcr/sign) status='dep_settled'
[2025-09-24 17:13:19] 🔎 row 124: ✅ accept → dt=1901-05-14 amt=500.00 sign=+1 curr=EUR label=Deposit (type/gateway/descr/drcr/sign) status='dep_settled'
[2025-09-24 17:13:19] 🔎 row 125: ✅ accept → dt=1901-05-14 amt=500.00 sign=+1 curr=EUR label=Deposit (type/gateway/descr/drcr/sign) status='dep_settled'
[2025-09-24 17:13:19] 🔎 row 126: ✅ accept → dt=1902-09-26 amt=1000.00 sign=+1 curr=EUR label=Deposit (type/gateway/descr/drcr/sign) status='dep_settled'
[2025-09-24 17:13:19] 🔎 row 127: ✅ accept → dt=1904-02-08 amt=1500.00 sign=+1 curr=EUR label=Deposit (type/gateway/descr/drcr/sign) status='dep_settled'
[2025-09-24 17:13:19] 🔎 row 128: ✅ accept → dt=1904-02-08 amt=1500.00 sign=+1 curr=EUR label=Deposit (type/gateway/descr/drcr/sign) status='dep_settled'
[2025-09-24 17:13:19] 🔎 row 129: ✅ accept → dt=1906-11-04 amt=2500.00 sign=+1 curr=EUR label=Deposit (type/gateway/descr/drcr/sign) status='dep_settled'
[2025-09-24 17:13:19] 🔎 row 130: ✅ accept → dt=1902-09-26 amt=1000.00 sign=+1 curr=EUR label=Deposit (type/gateway/descr/drcr/sign) status='dep_settled'
[2025-09-24 17:13:19] 🔎 row 131: ✅ accept → dt=1900-02-18 amt=50.00 sign=+1 curr=EUR label=Deposit (type/gateway/descr/drcr/sign) status='dep_settled'
[2025-09-24 17:13:19] 🔎 row 132: ✅ accept → dt=1902-09-26 amt=1000.00 sign=+1 curr=EUR label=Deposit (type/gateway/descr/drcr/sign) status='dep_settled'
[2025-09-24 17:13:19] 🔎 row 133: ✅ accept → dt=1902-09-26 amt=1000.00 sign=+1 curr=EUR label=Deposit (type/gateway/descr/drcr/sign) status='dep_settled'
[2025-09-24 17:13:19] 🔎 row 134: ✅ accept → dt=1902-09-26 amt=1000.00 sign=+1 curr=EUR label=Deposit (type/gateway/descr/drcr/sign) status='dep_settled'
[2025-09-24 17:13:19] 🔎 row 135: ✅ accept → dt=1905-06-22 amt=2000.00 sign=+1 curr=EUR label=Deposit (type/gateway/descr/drcr/sign) status='dep_settled'
[2025-09-24 17:13:19] 🔎 row 136: ✅ accept → dt=1900-09-06 amt=250.00 sign=+1 curr=EUR label=Deposit (type/gateway/descr/drcr/sign) status='dep_settled'
[2025-09-24 17:13:19] 🔎 row 137: ✅ accept → dt=1900-09-06 amt=250.00 sign=+1 curr=EUR label=Deposit (type/gateway/descr/drcr/sign) status='dep_settled'
[2025-09-24 17:13:19] 🔎 row 138: ✅ accept → dt=1901-05-14 amt=500.00 sign=+1 curr=EUR label=Deposit (type/gateway/descr/drcr/sign) status='dep_settled'
[2025-09-24 17:13:19] 🔎 row 139: ✅ accept → dt=1902-09-26 amt=1000.00 sign=+1 curr=EUR label=Deposit (type/gateway/descr/drcr/sign) status='dep_settled'
[2025-09-24 17:13:19] 🔎 row 140: ✅ accept → dt=1902-09-26 amt=1000.00 sign=+1 curr=EUR label=Deposit (type/gateway/descr/drcr/sign) status='dep_settled'
[2025-09-24 17:13:19] 🔎 row 141: ✅ accept → dt=1900-03-20 amt=80.00 sign=+1 curr=EUR label=Deposit (type/gateway/descr/drcr/sign) status='dep_settled'
[2025-09-24 17:13:19] 🔎 row 142: ✅ accept → dt=1900-10-26 amt=300.00 sign=+1 curr=EUR label=Deposit (type/gateway/descr/drcr/sign) status='dep_settled'
[2025-09-24 17:13:19] 🔎 row 143: ✅ accept → dt=1900-10-26 amt=300.00 sign=+1 curr=EUR label=Deposit (type/gateway/descr/drcr/sign) status='dep_settled'
[2025-09-24 17:13:19] 🔎 row 144: ✅ accept → dt=1901-02-03 amt=400.00 sign=+1 curr=EUR label=Deposit (type/gateway/descr/drcr/sign) status='dep_settled'
[2025-09-24 17:13:19] 🔎 row 145: ✅ accept → dt=1901-05-14 amt=500.00 sign=+1 curr=EUR label=Deposit (type/gateway/descr/drcr/sign) status='dep_settled'
[2025-09-24 17:13:19] 🔎 row 146: ✅ accept → dt=1900-10-26 amt=300.00 sign=+1 curr=EUR label=Deposit (type/gateway/descr/drcr/sign) status='dep_settled'
[2025-09-24 17:13:19] 🔎 row 147: ✅ accept → dt=1901-05-14 amt=500.00 sign=+1 curr=EUR label=Deposit (type/gateway/descr/drcr/sign) status='dep_settled'
[2025-09-24 17:13:19] 🔎 row 148: ✅ accept → dt=1901-05-14 amt=500.00 sign=+1 curr=EUR label=Deposit (type/gateway/descr/drcr/sign) status='dep_settled'
[2025-09-24 17:13:19] 🔎 row 149: ✅ accept → dt=1901-05-14 amt=500.00 sign=+1 curr=EUR label=Deposit (type/gateway/descr/drcr/sign) status='dep_settled'
[2025-09-24 17:13:19] 🔎 row 150: ✅ accept → dt=1901-05-14 amt=500.00 sign=+1 curr=EUR label=Deposit (type/gateway/descr/drcr/sign) status='dep_settled'
[2025-09-24 17:13:19] 🔎 row 151: ✅ accept → dt=1901-05-14 amt=500.00 sign=+1 curr=EUR label=Deposit (type/gateway/descr/drcr/sign) status='dep_settled'
[2025-09-24 17:13:19] 🔎 row 152: ✅ accept → dt=1901-05-14 amt=500.00 sign=+1 curr=EUR label=Deposit (type/gateway/descr/drcr/sign) status='dep_settled'
[2025-09-24 17:13:19] 🔎 row 153: ✅ accept → dt=1902-09-26 amt=1000.00 sign=+1 curr=EUR label=Deposit (type/gateway/descr/drcr/sign) status='dep_settled'
[2025-09-24 17:13:19] 🔎 row 154: ✅ accept → dt=1901-05-14 amt=500.00 sign=+1 curr=EUR label=Deposit (type/gateway/descr/drcr/sign) status='dep_settled'
[2025-09-24 17:13:19] 🔎 row 155: ✅ accept → dt=1902-09-26 amt=1000.00 sign=+1 curr=EUR label=Deposit (type/gateway/descr/drcr/sign) status='dep_settled'
[2025-09-24 17:13:19] 🔎 row 156: ✅ accept → dt=1900-07-18 amt=200.00 sign=+1 curr=EUR label=Deposit (type/gateway/descr/drcr/sign) status='dep_settled'
[2025-09-24 17:13:19] 🔎 row 157: ✅ accept → dt=1900-10-26 amt=300.00 sign=+1 curr=EUR label=Deposit (type/gateway/descr/drcr/sign) status='dep_settled'
[2025-09-24 17:13:19] 🔎 row 158: ✅ accept → dt=1901-05-14 amt=500.00 sign=+1 curr=EUR label=Deposit (type/gateway/descr/drcr/sign) status='dep_settled'
[2025-09-24 17:13:19] 🔎 row 159: ✅ accept → dt=1901-05-14 amt=500.00 sign=+1 curr=EUR label=Deposit (type/gateway/descr/drcr/sign) status='dep_settled'
[2025-09-24 17:13:19] 🔎 row 160: ✅ accept → dt=1902-09-26 amt=1000.00 sign=+1 curr=EUR label=Deposit (type/gateway/descr/drcr/sign) status='dep_settled'
[2025-09-24 17:13:19] 🔎 row 161: ✅ accept → dt=1901-11-30 amt=700.00 sign=+1 curr=EUR label=Deposit (type/gateway/descr/drcr/sign) status='dep_settled'
[2025-09-24 17:13:19] 🔎 row 162: ✅ accept → dt=1900-04-09 amt=100.00 sign=+1 curr=EUR label=Deposit (type/gateway/descr/drcr/sign) status='dep_settled'
[2025-09-24 17:13:19] 🔎 row 163: ✅ accept → dt=1900-02-18 amt=50.00 sign=+1 curr=EUR label=Deposit (type/gateway/descr/drcr/sign) status='dep_settled'
[2025-09-24 17:13:19] 🔎 row 164: ✅ accept → dt=1900-04-09 amt=100.00 sign=+1 curr=EUR label=Deposit (type/gateway/descr/drcr/sign) status='dep_settled'
[2025-09-24 17:13:19] 🔎 row 165: ✅ accept → dt=1900-04-09 amt=100.00 sign=+1 curr=EUR label=Deposit (type/gateway/descr/drcr/sign) status='dep_settled'
[2025-09-24 17:13:19] 🔎 row 166: ✅ accept → dt=1900-04-09 amt=100.00 sign=+1 curr=EUR label=Deposit (type/gateway/descr/drcr/sign) status='dep_settled'
[2025-09-24 17:13:19] 🔎 row 167: ✅ accept → dt=1900-03-28 amt=88.00 sign=+1 curr=EUR label=Deposit (type/gateway/descr/drcr/sign) status='dep_settled'
[2025-09-24 17:13:19] 🔎 row 168: ✅ accept → dt=1900-07-18 amt=200.00 sign=+1 curr=EUR label=Deposit (type/gateway/descr/drcr/sign) status='dep_settled'
[2025-09-24 17:13:19] 🔎 row 169: ✅ accept → dt=1900-07-18 amt=200.00 sign=+1 curr=EUR label=Deposit (type/gateway/descr/drcr/sign) status='dep_settled'
[2025-09-24 17:13:19] 🔎 row 170: ✅ accept → dt=1900-04-09 amt=100.00 sign=+1 curr=EUR label=Deposit (type/gateway/descr/drcr/sign) status='dep_settled'
[2025-09-24 17:13:19] 🔎 row 171: ✅ accept → dt=1900-04-09 amt=100.00 sign=+1 curr=EUR label=Deposit (type/gateway/descr/drcr/sign) status='dep_settled'
[2025-09-24 17:13:19] 🔎 row 172: ✅ accept → dt=1900-07-18 amt=200.00 sign=+1 curr=EUR label=Deposit (type/gateway/descr/drcr/sign) status='dep_settled'
[2025-09-24 17:13:19] 🔎 row 173: ✅ accept → dt=1900-07-18 amt=200.00 sign=+1 curr=EUR label=Deposit (type/gateway/descr/drcr/sign) status='dep_settled'
[2025-09-24 17:13:19] 🔎 row 174: ✅ accept → dt=1900-10-26 amt=300.00 sign=+1 curr=EUR label=Deposit (type/gateway/descr/drcr/sign) status='dep_settled'
[2025-09-24 17:13:19] 🔎 row 175: ✅ accept → dt=1900-07-18 amt=200.00 sign=+1 curr=EUR label=Deposit (type/gateway/descr/drcr/sign) status='dep_settled'
[2025-09-24 17:13:19] 🔎 row 176: ✅ accept → dt=1900-07-18 amt=200.00 sign=+1 curr=EUR label=Deposit (type/gateway/descr/drcr/sign) status='dep_settled'
[2025-09-24 17:13:19] 🔎 row 177: ✅ accept → dt=1900-04-09 amt=100.00 sign=+1 curr=EUR label=Deposit (type/gateway/descr/drcr/sign) status='dep_settled'
[2025-09-24 17:13:19] 🔎 row 178: ✅ accept → dt=1900-04-09 amt=100.00 sign=+1 curr=EUR label=Deposit (type/gateway/descr/drcr/sign) status='dep_settled'
[2025-09-24 17:13:19] 🔎 row 179: ✅ accept → dt=1900-01-04 amt=5.00 sign=+1 curr=EUR label=Deposit (type/gateway/descr/drcr/sign) status='dep_settled'
[2025-09-24 17:13:19] 🔎 row 180: ✅ accept → dt=1900-04-09 amt=100.00 sign=+1 curr=EUR label=Deposit (type/gateway/descr/drcr/sign) status='dep_settled'
[2025-09-24 17:13:19] 🔎 row 181: ✅ accept → dt=1900-05-29 amt=150.00 sign=+1 curr=EUR label=Deposit (type/gateway/descr/drcr/sign) status='dep_settled'
[2025-09-24 17:13:19] 🔎 row 182: ✅ accept → dt=1900-04-09 amt=100.00 sign=+1 curr=EUR label=Deposit (type/gateway/descr/drcr/sign) status='dep_settled'
[2025-09-24 17:13:19] 🔎 row 183: ✅ accept → dt=1900-04-09 amt=100.00 sign=+1 curr=EUR label=Deposit (type/gateway/descr/drcr/sign) status='dep_settled'
[2025-09-24 17:13:19] 🔎 row 184: ✅ accept → dt=1900-04-09 amt=100.00 sign=+1 curr=EUR label=Deposit (type/gateway/descr/drcr/sign) status='dep_settled'
[2025-09-24 17:13:19] 🔎 row 185: ✅ accept → dt=1900-04-09 amt=100.00 sign=+1 curr=EUR label=Deposit (type/gateway/descr/drcr/sign) status='dep_settled'
[2025-09-24 17:13:19] 🔎 row 186: ✅ accept → dt=1900-04-09 amt=100.00 sign=+1 curr=EUR label=Deposit (type/gateway/descr/drcr/sign) status='dep_settled'
[2025-09-24 17:13:19] 🔎 row 187: ✅ accept → dt=1900-04-09 amt=100.00 sign=+1 curr=EUR label=Deposit (type/gateway/descr/drcr/sign) status='dep_settled'
[2025-09-24 17:13:19] 🔎 row 188: ✅ accept → dt=1900-04-09 amt=100.00 sign=+1 curr=EUR label=Deposit (type/gateway/descr/drcr/sign) status='dep_settled'
[2025-09-24 17:13:19] 🔎 row 189: ✅ accept → dt=1900-02-18 amt=50.00 sign=+1 curr=EUR label=Deposit (type/gateway/descr/drcr/sign) status='dep_settled'
[2025-09-24 17:13:19] 🔎 row 190: ✅ accept → dt=1900-04-09 amt=100.00 sign=+1 curr=EUR label=Deposit (type/gateway/descr/drcr/sign) status='dep_settled'
[2025-09-24 17:13:19] 🔎 row 191: ✅ accept → dt=1900-07-18 amt=200.00 sign=+1 curr=EUR label=Deposit (type/gateway/descr/drcr/sign) status='dep_settled'
[2025-09-24 17:13:19] 🔎 row 192: ✅ accept → dt=1901-02-03 amt=400.00 sign=+1 curr=EUR label=Deposit (type/gateway/descr/drcr/sign) status='dep_settled'
[2025-09-24 17:13:19] 🔎 row 193: ✅ accept → dt=1900-04-09 amt=100.00 sign=+1 curr=EUR label=Deposit (type/gateway/descr/drcr/sign) status='dep_settled'
[2025-09-24 17:13:19] 🔎 row 194: ✅ accept → dt=1900-07-18 amt=200.00 sign=+1 curr=EUR label=Deposit (type/gateway/descr/drcr/sign) status='dep_settled'
[2025-09-24 17:13:19] 🔎 row 195: ✅ accept → dt=1900-07-18 amt=200.00 sign=+1 curr=EUR label=Deposit (type/gateway/descr/drcr/sign) status='dep_settled'
[2025-09-24 17:13:19] 🔎 row 196: ✅ accept → dt=1900-10-26 amt=300.00 sign=+1 curr=EUR label=Deposit (type/gateway/descr/drcr/sign) status='dep_settled'
[2025-09-24 17:13:19] 🔎 row 197: ✅ accept → dt=1902-09-26 amt=1000.00 sign=+1 curr=EUR label=Deposit (type/gateway/descr/drcr/sign) status='dep_settled'
[2025-09-24 17:13:19] 🔎 row 198: ✅ accept → dt=1902-09-26 amt=1000.00 sign=+1 curr=EUR label=Deposit (type/gateway/descr/drcr/sign) status='dep_settled'
[2025-09-24 17:13:19] 🔎 row 199: ✅ accept → dt=1902-09-26 amt=1000.00 sign=+1 curr=EUR label=Deposit (type/gateway/descr/drcr/sign) status='dep_settled'
[2025-09-24 17:13:19] 🔎 row 200: ✅ accept → dt=1900-07-18 amt=200.00 sign=+1 curr=EUR label=Deposit (type/gateway/descr/drcr/sign) status='dep_settled'
[2025-09-24 17:13:19] 🔎 row 201: ✅ accept → dt=1900-07-18 amt=200.00 sign=+1 curr=EUR label=Deposit (type/gateway/descr/drcr/sign) status='dep_settled'
[2025-09-24 17:13:19] 🔎 row 202: ✅ accept → dt=1900-04-09 amt=100.00 sign=+1 curr=EUR label=Deposit (type/gateway/descr/drcr/sign) status='dep_settled'
[2025-09-24 17:13:19] 🔎 row 203: ✅ accept → dt=1900-02-18 amt=50.00 sign=+1 curr=EUR label=Deposit (type/gateway/descr/drcr/sign) status='dep_settled'
[2025-09-24 17:13:19] 🔎 row 204: ✅ accept → dt=1900-04-09 amt=100.00 sign=+1 curr=EUR label=Deposit (type/gateway/descr/drcr/sign) status='dep_settled'
[2025-09-24 17:13:19] 🔎 row 205: ✅ accept → dt=1900-04-09 amt=100.00 sign=+1 curr=EUR label=Deposit (type/gateway/descr/drcr/sign) status='dep_settled'
[2025-09-24 17:13:19] 🔎 row 206: ✅ accept → dt=1900-04-09 amt=100.00 sign=+1 curr=EUR label=Deposit (type/gateway/descr/drcr/sign) status='dep_settled'
[2025-09-24 17:13:19] 🔎 row 207: ✅ accept → dt=1900-02-18 amt=50.00 sign=+1 curr=EUR label=Deposit (type/gateway/descr/drcr/sign) status='dep_settled'
[2025-09-24 17:13:19] 🔎 row 208: ✅ accept → dt=1900-04-09 amt=100.00 sign=+1 curr=EUR label=Deposit (type/gateway/descr/drcr/sign) status='dep_settled'
[2025-09-24 17:13:19] 🔎 row 209: ✅ accept → dt=1900-04-09 amt=100.00 sign=+1 curr=EUR label=Deposit (type/gateway/descr/drcr/sign) status='dep_settled'
[2025-09-24 17:13:19] 🔎 row 210: ✅ accept → dt=1900-02-18 amt=50.00 sign=+1 curr=EUR label=Deposit (type/gateway/descr/drcr/sign) status='dep_settled'
[2025-09-24 17:13:19] 🔎 row 211: ✅ accept → dt=1900-02-18 amt=50.00 sign=+1 curr=EUR label=Deposit (type/gateway/descr/drcr/sign) status='dep_settled'
[2025-09-24 17:13:19] 🔎 row 212: ✅ accept → dt=1900-04-09 amt=100.00 sign=+1 curr=EUR label=Deposit (type/gateway/descr/drcr/sign) status='dep_settled'
[2025-09-24 17:13:19] 🔎 row 213: ✅ accept → dt=1900-04-09 amt=100.00 sign=+1 curr=EUR label=Deposit (type/gateway/descr/drcr/sign) status='dep_settled'
[2025-09-24 17:13:19] 🔎 row 214: ✅ accept → dt=1900-04-09 amt=100.00 sign=+1 curr=EUR label=Deposit (type/gateway/descr/drcr/sign) status='dep_settled'
[2025-09-24 17:13:19] 🔎 row 215: ✅ accept → dt=1900-02-18 amt=50.00 sign=+1 curr=EUR label=Deposit (type/gateway/descr/drcr/sign) status='dep_settled'
[2025-09-24 17:13:19] 🔎 row 216: ✅ accept → dt=1900-04-09 amt=100.00 sign=+1 curr=EUR label=Deposit (type/gateway/descr/drcr/sign) status='dep_settled'
[2025-09-24 17:13:19] 🔎 row 217: ✅ accept → dt=1900-04-09 amt=100.00 sign=+1 curr=EUR label=Deposit (type/gateway/descr/drcr/sign) status='dep_settled'
[2025-09-24 17:13:19] 🔎 row 218: ✅ accept → dt=1900-04-09 amt=100.00 sign=+1 curr=EUR label=Deposit (type/gateway/descr/drcr/sign) status='dep_settled'
[2025-09-24 17:13:19] 🔎 row 219: ✅ accept → dt=1900-02-18 amt=50.00 sign=+1 curr=EUR label=Deposit (type/gateway/descr/drcr/sign) status='dep_settled'
[2025-09-24 17:13:19] 🔎 row 220: ✅ accept → dt=1900-02-18 amt=50.00 sign=+1 curr=EUR label=Deposit (type/gateway/descr/drcr/sign) status='dep_settled'
[2025-09-24 17:13:19] 🔎 row 221: ✅ accept → dt=1900-02-18 amt=50.00 sign=+1 curr=EUR label=Deposit (type/gateway/descr/drcr/sign) status='dep_settled'
[2025-09-24 17:13:19] 🔎 row 222: ✅ accept → dt=1900-02-18 amt=50.00 sign=+1 curr=EUR label=Deposit (type/gateway/descr/drcr/sign) status='dep_settled'
[2025-09-24 17:13:19] 🔎 row 223: ✅ accept → dt=1900-02-18 amt=50.00 sign=+1 curr=EUR label=Deposit (type/gateway/descr/drcr/sign) status='dep_settled'
[2025-09-24 17:13:19] 🔎 row 224: ✅ accept → dt=1900-02-18 amt=50.00 sign=+1 curr=EUR label=Deposit (type/gateway/descr/drcr/sign) status='dep_settled'
[2025-09-24 17:13:19] 🔎 row 225: ✅ accept → dt=1900-02-18 amt=50.00 sign=+1 curr=EUR label=Deposit (type/gateway/descr/drcr/sign) status='dep_settled'
[2025-09-24 17:13:19] 🔎 row 226: ✅ accept → dt=1900-02-18 amt=50.00 sign=+1 curr=EUR label=Deposit (type/gateway/descr/drcr/sign) status='dep_settled'
[2025-09-24 17:13:19] 🔎 row 227: ✅ accept → dt=1900-02-18 amt=50.00 sign=+1 curr=EUR label=Deposit (type/gateway/descr/drcr/sign) status='dep_settled'
[2025-09-24 17:13:19] 🔎 row 228: ✅ accept → dt=1900-02-18 amt=50.00 sign=+1 curr=EUR label=Deposit (type/gateway/descr/drcr/sign) status='dep_settled'
[2025-09-24 17:13:19] 🔎 row 229: ✅ accept → dt=1900-02-18 amt=50.00 sign=+1 curr=EUR label=Deposit (type/gateway/descr/drcr/sign) status='dep_settled'
[2025-09-24 17:13:19] 🔎 row 230: ✅ accept → dt=1900-04-09 amt=100.00 sign=+1 curr=EUR label=Deposit (type/gateway/descr/drcr/sign) status='dep_settled'
[2025-09-24 17:13:19] 🔎 row 231: ✅ accept → dt=1900-04-09 amt=100.00 sign=+1 curr=EUR label=Deposit (type/gateway/descr/drcr/sign) status='dep_settled'
[2025-09-24 17:13:19] 🔎 row 232: ✅ accept → dt=1900-04-09 amt=100.00 sign=+1 curr=EUR label=Deposit (type/gateway/descr/drcr/sign) status='dep_settled'
[2025-09-24 17:13:19] 🔎 row 233: ✅ accept → dt=1900-04-09 amt=100.00 sign=+1 curr=EUR label=Deposit (type/gateway/descr/drcr/sign) status='dep_settled'
[2025-09-24 17:13:19] 🔎 row 234: ✅ accept → dt=1900-02-18 amt=50.00 sign=+1 curr=EUR label=Deposit (type/gateway/descr/drcr/sign) status='dep_settled'
[2025-09-24 17:13:19] 🔎 row 235: ✅ accept → dt=1900-02-18 amt=50.00 sign=+1 curr=EUR label=Deposit (type/gateway/descr/drcr/sign) status='dep_settled'
[2025-09-24 17:13:19] 🔎 row 236: ✅ accept → dt=1900-01-09 amt=10.00 sign=+1 curr=EUR label=Deposit (type/gateway/descr/drcr/sign) status='dep_settled'
[2025-09-24 17:13:19] 🔎 row 237: ✅ accept → dt=1900-01-19 amt=20.00 sign=+1 curr=EUR label=Deposit (type/gateway/descr/drcr/sign) status='dep_settled'
[2025-09-24 17:13:19] 🔎 row 238: ✅ accept → dt=1900-02-18 amt=50.00 sign=+1 curr=EUR label=Deposit (type/gateway/descr/drcr/sign) status='dep_settled'
[2025-09-24 17:13:19] 🔎 row 239: ✅ accept → dt=1900-04-09 amt=100.00 sign=+1 curr=EUR label=Deposit (type/gateway/descr/drcr/sign) status='dep_settled'
[2025-09-24 17:13:19] 🔎 row 240: ✅ accept → dt=1900-02-18 amt=50.00 sign=+1 curr=EUR label=Deposit (type/gateway/descr/drcr/sign) status='dep_settled'
[2025-09-24 17:13:19] 🔎 row 241: ✅ accept → dt=1900-02-18 amt=50.00 sign=+1 curr=EUR label=Deposit (type/gateway/descr/drcr/sign) status='dep_settled'
[2025-09-24 17:13:19] 🔎 row 242: ✅ accept → dt=1900-05-29 amt=150.00 sign=+1 curr=EUR label=Deposit (type/gateway/descr/drcr/sign) status='dep_settled'
[2025-09-24 17:13:19] 🔎 row 243: ✅ accept → dt=1900-04-09 amt=100.00 sign=+1 curr=EUR label=Deposit (type/gateway/descr/drcr/sign) status='dep_settled'
[2025-09-24 17:13:19] 🔎 row 244: ✅ accept → dt=1900-04-09 amt=100.00 sign=+1 curr=EUR label=Deposit (type/gateway/descr/drcr/sign) status='dep_settled'
[2025-09-24 17:13:19] 🔎 row 245: ✅ accept → dt=1900-02-18 amt=50.00 sign=+1 curr=EUR label=Deposit (type/gateway/descr/drcr/sign) status='dep_settled'
[2025-09-24 17:13:19] 🔎 row 246: ✅ accept → dt=1900-04-09 amt=100.00 sign=+1 curr=EUR label=Deposit (type/gateway/descr/drcr/sign) status='dep_settled'
[2025-09-24 17:13:19] 🔎 row 247: ✅ accept → dt=1900-04-09 amt=100.00 sign=+1 curr=EUR label=Deposit (type/gateway/descr/drcr/sign) status='dep_settled'
[2025-09-24 17:13:19] 🔎 row 248: ✅ accept → dt=1900-04-09 amt=100.00 sign=+1 curr=EUR label=Deposit (type/gateway/descr/drcr/sign) status='dep_settled'
[2025-09-24 17:13:19] 🔎 row 249: ✅ accept → dt=1900-04-09 amt=100.00 sign=+1 curr=EUR label=Deposit (type/gateway/descr/drcr/sign) status='dep_settled'
[2025-09-24 17:13:19] 🔎 row 250: ✅ accept → dt=1900-04-09 amt=100.00 sign=+1 curr=EUR label=Deposit (type/gateway/descr/drcr/sign) status='dep_settled'
[2025-09-24 17:13:19] 🔎 row 251: ✅ accept → dt=1900-04-09 amt=100.00 sign=+1 curr=EUR label=Deposit (type/gateway/descr/drcr/sign) status='dep_settled'
[2025-09-24 17:13:19] 🔎 row 252: ✅ accept → dt=1900-04-09 amt=100.00 sign=+1 curr=EUR label=Deposit (type/gateway/descr/drcr/sign) status='dep_settled'
[2025-09-24 17:13:19] 🔎 row 253: ✅ accept → dt=1900-02-18 amt=50.00 sign=+1 curr=EUR label=Deposit (type/gateway/descr/drcr/sign) status='dep_settled'
[2025-09-24 17:13:19] 🔎 row 254: ✅ accept → dt=1900-04-09 amt=100.00 sign=+1 curr=EUR label=Deposit (type/gateway/descr/drcr/sign) status='dep_settled'
[2025-09-24 17:13:19] 🔎 row 255: ✅ accept → dt=1900-04-09 amt=100.00 sign=+1 curr=EUR label=Deposit (type/gateway/descr/drcr/sign) status='dep_settled'
[2025-09-24 17:13:19] 🔎 row 256: ✅ accept → dt=1900-04-09 amt=100.00 sign=+1 curr=EUR label=Deposit (type/gateway/descr/drcr/sign) status='dep_settled'
[2025-09-24 17:13:19] 🔎 row 257: ✅ accept → dt=1900-04-09 amt=100.00 sign=+1 curr=EUR label=Deposit (type/gateway/descr/drcr/sign) status='dep_settled'
[2025-09-24 17:13:19] 🔎 row 258: ✅ accept → dt=1900-04-09 amt=100.00 sign=+1 curr=EUR label=Deposit (type/gateway/descr/drcr/sign) status='dep_settled'
[2025-09-24 17:13:19] 🔎 row 259: ✅ accept → dt=1900-04-09 amt=100.00 sign=+1 curr=EUR label=Deposit (type/gateway/descr/drcr/sign) status='dep_settled'
[2025-09-24 17:13:19] 🔎 row 260: ✅ accept → dt=1900-02-18 amt=50.00 sign=+1 curr=EUR label=Deposit (type/gateway/descr/drcr/sign) status='dep_settled'
[2025-09-24 17:13:19] 🔎 row 261: ✅ accept → dt=1900-04-09 amt=100.00 sign=+1 curr=EUR label=Deposit (type/gateway/descr/drcr/sign) status='dep_settled'
[2025-09-24 17:13:19] 🔎 row 262: ✅ accept → dt=1900-02-18 amt=50.00 sign=+1 curr=EUR label=Deposit (type/gateway/descr/drcr/sign) status='dep_settled'
[2025-09-24 17:13:19] 🔎 row 263: ✅ accept → dt=1900-02-18 amt=50.00 sign=+1 curr=EUR label=Deposit (type/gateway/descr/drcr/sign) status='dep_settled'
[2025-09-24 17:13:19] 🔎 row 264: ✅ accept → dt=1900-02-18 amt=50.00 sign=+1 curr=EUR label=Deposit (type/gateway/descr/drcr/sign) status='dep_settled'
[2025-09-24 17:13:19] 🔎 row 265: ✅ accept → dt=1900-02-18 amt=50.00 sign=+1 curr=EUR label=Deposit (type/gateway/descr/drcr/sign) status='dep_settled'
[2025-09-24 17:13:19] 🔎 row 266: ✅ accept → dt=1900-02-18 amt=50.00 sign=+1 curr=EUR label=Deposit (type/gateway/descr/drcr/sign) status='dep_settled'
[2025-09-24 17:13:19] 🔎 row 267: ✅ accept → dt=1900-02-18 amt=50.00 sign=+1 curr=EUR label=Deposit (type/gateway/descr/drcr/sign) status='dep_settled'
[2025-09-24 17:13:19] 🔎 row 268: ✅ accept → dt=1900-02-18 amt=50.00 sign=+1 curr=EUR label=Deposit (type/gateway/descr/drcr/sign) status='dep_settled'
[2025-09-24 17:13:19] 🔎 row 269: ✅ accept → dt=1900-04-09 amt=100.00 sign=+1 curr=EUR label=Deposit (type/gateway/descr/drcr/sign) status='dep_settled'
[2025-09-24 17:13:19] 🔎 row 270: ✅ accept → dt=1900-02-18 amt=50.00 sign=+1 curr=EUR label=Deposit (type/gateway/descr/drcr/sign) status='dep_settled'
[2025-09-24 17:13:19] 🔎 row 271: ✅ accept → dt=1900-05-29 amt=150.00 sign=+1 curr=EUR label=Deposit (type/gateway/descr/drcr/sign) status='dep_settled'
[2025-09-24 17:13:19] 🔎 row 272: ✅ accept → dt=1900-02-18 amt=50.00 sign=+1 curr=EUR label=Deposit (type/gateway/descr/drcr/sign) status='dep_settled'
[2025-09-24 17:13:19] 🔎 row 273: ✅ accept → dt=1900-02-18 amt=50.00 sign=+1 curr=EUR label=Deposit (type/gateway/descr/drcr/sign) status='dep_settled'
[2025-09-24 17:13:19] 🔎 row 274: ✅ accept → dt=1900-02-18 amt=50.00 sign=+1 curr=EUR label=Deposit (type/gateway/descr/drcr/sign) status='dep_settled'
[2025-09-24 17:13:19] 🔎 row 275: ✅ accept → dt=1900-04-09 amt=100.00 sign=+1 curr=EUR label=Deposit (type/gateway/descr/drcr/sign) status='dep_settled'
[2025-09-24 17:13:19] 🔎 row 276: ✅ accept → dt=1900-04-09 amt=100.00 sign=+1 curr=EUR label=Deposit (type/gateway/descr/drcr/sign) status='dep_settled'
[2025-09-24 17:13:20] 🔎 row 277: ✅ accept → dt=1900-04-09 amt=100.00 sign=+1 curr=EUR label=Deposit (type/gateway/descr/drcr/sign) status='dep_settled'
[2025-09-24 17:13:20] 🔎 row 278: ✅ accept → dt=1900-04-09 amt=100.00 sign=+1 curr=EUR label=Deposit (type/gateway/descr/drcr/sign) status='dep_settled'
[2025-09-24 17:13:20] 🔎 row 279: ✅ accept → dt=1900-04-09 amt=100.00 sign=+1 curr=EUR label=Deposit (type/gateway/descr/drcr/sign) status='dep_settled'
[2025-09-24 17:13:20] 🔎 row 280: ✅ accept → dt=1900-04-09 amt=100.00 sign=+1 curr=EUR label=Deposit (type/gateway/descr/drcr/sign) status='dep_settled'
[2025-09-24 17:13:20] 🔎 row 281: ✅ accept → dt=1900-04-09 amt=100.00 sign=+1 curr=EUR label=Deposit (type/gateway/descr/drcr/sign) status='dep_settled'
[2025-09-24 17:13:20] 🔎 row 282: ✅ accept → dt=1900-04-09 amt=100.00 sign=+1 curr=EUR label=Deposit (type/gateway/descr/drcr/sign) status='dep_settled'
[2025-09-24 17:13:20] 🔎 row 283: ✅ accept → dt=1900-07-18 amt=200.00 sign=+1 curr=EUR label=Deposit (type/gateway/descr/drcr/sign) status='dep_settled'
[2025-09-24 17:13:20] 🔎 row 284: ✅ accept → dt=1900-07-18 amt=200.00 sign=+1 curr=EUR label=Deposit (type/gateway/descr/drcr/sign) status='dep_settled'
[2025-09-24 17:13:20] 🔎 row 285: ✅ accept → dt=1900-04-09 amt=100.00 sign=+1 curr=EUR label=Deposit (type/gateway/descr/drcr/sign) status='dep_settled'
[2025-09-24 17:13:20] 🔎 row 286: ✅ accept → dt=1900-07-18 amt=200.00 sign=+1 curr=EUR label=Deposit (type/gateway/descr/drcr/sign) status='dep_settled'
[2025-09-24 17:13:20] 🔎 row 287: ✅ accept → dt=1900-07-18 amt=200.00 sign=+1 curr=EUR label=Deposit (type/gateway/descr/drcr/sign) status='dep_settled'
[2025-09-24 17:13:20] 🔎 row 288: ✅ accept → dt=1900-07-18 amt=200.00 sign=+1 curr=EUR label=Deposit (type/gateway/descr/drcr/sign) status='dep_settled'
[2025-09-24 17:13:20] 🔎 row 289: ✅ accept → dt=1900-04-09 amt=100.00 sign=+1 curr=EUR label=Deposit (type/gateway/descr/drcr/sign) status='dep_settled'
[2025-09-24 17:13:20] 🔎 row 290: ✅ accept → dt=1900-04-09 amt=100.00 sign=+1 curr=EUR label=Deposit (type/gateway/descr/drcr/sign) status='dep_settled'
[2025-09-24 17:13:20] 🔎 row 291: ✅ accept → dt=1900-04-09 amt=100.00 sign=+1 curr=EUR label=Deposit (type/gateway/descr/drcr/sign) status='dep_settled'
[2025-09-24 17:13:20] 🔎 row 292: ✅ accept → dt=1900-04-09 amt=100.00 sign=+1 curr=EUR label=Deposit (type/gateway/descr/drcr/sign) status='dep_settled'
[2025-09-24 17:13:20] 🔎 row 293: ✅ accept → dt=1900-04-09 amt=100.00 sign=+1 curr=EUR label=Deposit (type/gateway/descr/drcr/sign) status='dep_settled'
[2025-09-24 17:13:20] 🔎 row 294: ✅ accept → dt=1900-04-09 amt=100.00 sign=+1 curr=EUR label=Deposit (type/gateway/descr/drcr/sign) status='dep_settled'
[2025-09-24 17:13:20] 🔎 row 295: ✅ accept → dt=1900-04-09 amt=100.00 sign=+1 curr=EUR label=Deposit (type/gateway/descr/drcr/sign) status='dep_settled'
[2025-09-24 17:13:20] 🔎 row 296: ✅ accept → dt=1900-05-29 amt=150.00 sign=+1 curr=EUR label=Deposit (type/gateway/descr/drcr/sign) status='dep_settled'
[2025-09-24 17:13:20] 🔎 row 297: ✅ accept → dt=1900-05-29 amt=150.00 sign=+1 curr=EUR label=Deposit (type/gateway/descr/drcr/sign) status='dep_settled'
[2025-09-24 17:13:20] 🔎 row 298: ✅ accept → dt=1900-05-29 amt=150.00 sign=+1 curr=EUR label=Deposit (type/gateway/descr/drcr/sign) status='dep_settled'
[2025-09-24 17:13:20] 🔎 row 299: ✅ accept → dt=1900-07-18 amt=200.00 sign=+1 curr=EUR label=Deposit (type/gateway/descr/drcr/sign) status='dep_settled'
[2025-09-24 17:13:20] 🔎 row 300: ✅ accept → dt=1900-07-18 amt=200.00 sign=+1 curr=EUR label=Deposit (type/gateway/descr/drcr/sign) status='dep_settled'
[2025-09-24 17:13:20] 🔎 row 301: ✅ accept → dt=1900-04-09 amt=100.00 sign=+1 curr=EUR label=Deposit (type/gateway/descr/drcr/sign) status='dep_settled'
[2025-09-24 17:13:20] 🔎 row 302: ✅ accept → dt=1900-04-09 amt=100.00 sign=+1 curr=EUR label=Deposit (type/gateway/descr/drcr/sign) status='dep_settled'
[2025-09-24 17:13:20] 🔎 row 303: ✅ accept → dt=1900-07-18 amt=200.00 sign=+1 curr=EUR label=Deposit (type/gateway/descr/drcr/sign) status='dep_settled'
[2025-09-24 17:13:20] 🔎 row 304: ✅ accept → dt=1900-07-18 amt=200.00 sign=+1 curr=EUR label=Deposit (type/gateway/descr/drcr/sign) status='dep_settled'
[2025-09-24 17:13:20] 🔎 row 305: ✅ accept → dt=1900-04-09 amt=100.00 sign=+1 curr=EUR label=Deposit (type/gateway/descr/drcr/sign) status='dep_settled'
[2025-09-24 17:13:20] 🔎 row 306: ✅ accept → dt=1900-07-18 amt=200.00 sign=+1 curr=EUR label=Deposit (type/gateway/descr/drcr/sign) status='dep_settled'
[2025-09-24 17:13:20] 🔎 row 307: ✅ accept → dt=1900-07-18 amt=200.00 sign=+1 curr=EUR label=Deposit (type/gateway/descr/drcr/sign) status='dep_settled'
[2025-09-24 17:13:20] 🔎 row 308: ✅ accept → dt=1900-07-18 amt=200.00 sign=+1 curr=EUR label=Deposit (type/gateway/descr/drcr/sign) status='dep_settled'
[2025-09-24 17:13:20] 🔎 row 309: ✅ accept → dt=1900-07-18 amt=200.00 sign=+1 curr=EUR label=Deposit (type/gateway/descr/drcr/sign) status='dep_settled'
[2025-09-24 17:13:20] 🔎 row 310: ✅ accept → dt=1900-02-18 amt=50.00 sign=+1 curr=EUR label=Deposit (type/gateway/descr/drcr/sign) status='dep_settled'
[2025-09-24 17:13:20] 🔎 row 311: ✅ accept → dt=1900-04-09 amt=100.00 sign=+1 curr=EUR label=Deposit (type/gateway/descr/drcr/sign) status='dep_settled'
[2025-09-24 17:13:20] 🔎 row 312: ✅ accept → dt=1900-04-09 amt=100.00 sign=+1 curr=EUR label=Deposit (type/gateway/descr/drcr/sign) status='dep_settled'
[2025-09-24 17:13:20] 🔎 row 313: ✅ accept → dt=1900-05-29 amt=150.00 sign=+1 curr=EUR label=Deposit (type/gateway/descr/drcr/sign) status='dep_settled'
[2025-09-24 17:13:20] 🔎 row 314: ✅ accept → dt=1900-04-09 amt=100.00 sign=+1 curr=EUR label=Deposit (type/gateway/descr/drcr/sign) status='dep_settled'
[2025-09-24 17:13:20] 🔎 row 315: ✅ accept → dt=1900-04-09 amt=100.00 sign=+1 curr=EUR label=Deposit (type/gateway/descr/drcr/sign) status='dep_settled'
[2025-09-24 17:13:20] 🔎 row 316: ✅ accept → dt=1900-05-29 amt=150.00 sign=+1 curr=EUR label=Deposit (type/gateway/descr/drcr/sign) status='dep_settled'
[2025-09-24 17:13:20] 🔎 row 317: ✅ accept → dt=1900-05-29 amt=150.00 sign=+1 curr=EUR label=Deposit (type/gateway/descr/drcr/sign) status='dep_settled'
[2025-09-24 17:13:20] 🔎 row 318: ✅ accept → dt=1900-05-29 amt=150.00 sign=+1 curr=EUR label=Deposit (type/gateway/descr/drcr/sign) status='dep_settled'
[2025-09-24 17:13:20] 🔎 row 319: ✅ accept → dt=1900-04-09 amt=100.00 sign=+1 curr=EUR label=Deposit (type/gateway/descr/drcr/sign) status='dep_settled'
[2025-09-24 17:13:20] 🔎 row 320: ✅ accept → dt=1900-04-09 amt=100.00 sign=+1 curr=EUR label=Deposit (type/gateway/descr/drcr/sign) status='dep_settled'
[2025-09-24 17:13:20] 🔎 row 321: ✅ accept → dt=1900-02-18 amt=50.00 sign=+1 curr=EUR label=Deposit (type/gateway/descr/drcr/sign) status='dep_settled'
[2025-09-24 17:13:20] 🔎 row 322: ✅ accept → dt=1900-01-29 amt=30.00 sign=+1 curr=EUR label=Deposit (type/gateway/descr/drcr/sign) status='dep_settled'
[2025-09-24 17:13:20] 🔎 row 323: ✅ accept → dt=1900-05-09 amt=130.00 sign=+1 curr=EUR label=Deposit (type/gateway/descr/drcr/sign) status='dep_settled'
[2025-09-24 17:13:20] 🔎 row 324: ✅ accept → dt=1900-08-17 amt=230.00 sign=+1 curr=EUR label=Deposit (type/gateway/descr/drcr/sign) status='dep_settled'
[2025-09-24 17:13:20] 🔎 row 325: ✅ accept → dt=1900-02-18 amt=50.00 sign=+1 curr=EUR label=Deposit (type/gateway/descr/drcr/sign) status='dep_settled'
[2025-09-24 17:13:20] 🔎 row 326: ✅ accept → dt=1900-02-18 amt=50.00 sign=+1 curr=EUR label=Deposit (type/gateway/descr/drcr/sign) status='dep_settled'
[2025-09-24 17:13:20] 🔎 row 327: ✅ accept → dt=1900-01-29 amt=30.00 sign=+1 curr=EUR label=Deposit (type/gateway/descr/drcr/sign) status='dep_settled'
[2025-09-24 17:13:20] 🔎 row 328: ✅ accept → dt=1900-02-18 amt=50.00 sign=+1 curr=EUR label=Deposit (type/gateway/descr/drcr/sign) status='dep_settled'
[2025-09-24 17:13:20] 🔎 row 329: ✅ accept → dt=1900-02-18 amt=50.00 sign=+1 curr=EUR label=Deposit (type/gateway/descr/drcr/sign) status='dep_settled'
[2025-09-24 17:13:20] 🔎 row 330: ✅ accept → dt=1900-02-18 amt=50.00 sign=+1 curr=EUR label=Deposit (type/gateway/descr/drcr/sign) status='dep_settled'
[2025-09-24 17:13:20] 🔎 row 331: ✅ accept → dt=1900-02-18 amt=50.00 sign=+1 curr=EUR label=Deposit (type/gateway/descr/drcr/sign) status='dep_settled'
[2025-09-24 17:13:20] 🔎 row 332: ✅ accept → dt=1900-02-18 amt=50.00 sign=+1 curr=EUR label=Deposit (type/gateway/descr/drcr/sign) status='dep_settled'
[2025-09-24 17:13:20] 🔎 row 333: ✅ accept → dt=1900-02-18 amt=50.00 sign=+1 curr=EUR label=Deposit (type/gateway/descr/drcr/sign) status='dep_settled'
[2025-09-24 17:13:20] 🔎 row 334: ✅ accept → dt=1900-09-06 amt=250.00 sign=+1 curr=EUR label=Deposit (type/gateway/descr/drcr/sign) status='dep_settled'
[2025-09-24 17:13:20] 🔎 row 335: ✅ accept → dt=1900-09-06 amt=250.00 sign=+1 curr=EUR label=Deposit (type/gateway/descr/drcr/sign) status='dep_settled'
[2025-09-24 17:13:20] 🔎 row 336: ✅ accept → dt=1900-09-06 amt=250.00 sign=+1 curr=EUR label=Deposit (type/gateway/descr/drcr/sign) status='dep_settled'
[2025-09-24 17:13:20] 🔎 row 337: ✅ accept → dt=1900-09-06 amt=250.00 sign=+1 curr=EUR label=Deposit (type/gateway/descr/drcr/sign) status='dep_settled'
[2025-09-24 17:13:20] 🔎 row 338: ✅ accept → dt=1900-05-29 amt=150.00 sign=+1 curr=EUR label=Deposit (type/gateway/descr/drcr/sign) status='dep_settled'
[2025-09-24 17:13:20] 🔎 row 339: ✅ accept → dt=1900-04-09 amt=100.00 sign=+1 curr=EUR label=Deposit (type/gateway/descr/drcr/sign) status='dep_settled'
[2025-09-24 17:13:20] 🔎 row 340: ✅ accept → dt=1900-04-09 amt=100.00 sign=+1 curr=EUR label=Deposit (type/gateway/descr/drcr/sign) status='dep_settled'
[2025-09-24 17:13:20] 🔎 row 341: ✅ accept → dt=1900-04-09 amt=100.00 sign=+1 curr=EUR label=Deposit (type/gateway/descr/drcr/sign) status='dep_settled'
[2025-09-24 17:13:20] 🔎 row 342: ✅ accept → dt=1900-04-09 amt=100.00 sign=+1 curr=EUR label=Deposit (type/gateway/descr/drcr/sign) status='dep_settled'
[2025-09-24 17:13:20] 🔎 row 343: ✅ accept → dt=1900-04-09 amt=100.00 sign=+1 curr=EUR label=Deposit (type/gateway/descr/drcr/sign) status='dep_settled'
[2025-09-24 17:13:20] 🔎 row 344: ✅ accept → dt=1900-04-09 amt=100.00 sign=+1 curr=EUR label=Deposit (type/gateway/descr/drcr/sign) status='dep_settled'
[2025-09-24 17:13:20] 🔎 row 345: ✅ accept → dt=1900-04-09 amt=100.00 sign=+1 curr=EUR label=Deposit (type/gateway/descr/drcr/sign) status='dep_settled'
[2025-09-24 17:13:20] 🔎 row 346: ✅ accept → dt=1900-04-09 amt=100.00 sign=+1 curr=EUR label=Deposit (type/gateway/descr/drcr/sign) status='dep_settled'
[2025-09-24 17:13:20] 🔎 row 347: ✅ accept → dt=1901-02-03 amt=400.00 sign=+1 curr=EUR label=Deposit (type/gateway/descr/drcr/sign) status='dep_settled'
[2025-09-24 17:13:20] 🔎 row 348: ✅ accept → dt=1901-05-14 amt=500.00 sign=+1 curr=EUR label=Deposit (type/gateway/descr/drcr/sign) status='dep_settled'
[2025-09-24 17:13:20] 🔎 row 349: ✅ accept → dt=1901-02-03 amt=400.00 sign=+1 curr=EUR label=Deposit (type/gateway/descr/drcr/sign) status='dep_settled'
[2025-09-24 17:13:20] 🔎 row 350: ✅ accept → dt=1900-09-06 amt=250.00 sign=+1 curr=EUR label=Deposit (type/gateway/descr/drcr/sign) status='dep_settled'
[2025-09-24 17:13:20] 🔎 row 351: ✅ accept → dt=1900-09-06 amt=250.00 sign=+1 curr=EUR label=Deposit (type/gateway/descr/drcr/sign) status='dep_settled'
[2025-09-24 17:13:20] 🔎 row 352: ✅ accept → dt=1900-04-09 amt=100.00 sign=+1 curr=EUR label=Deposit (type/gateway/descr/drcr/sign) status='dep_settled'
[2025-09-24 17:13:20] 🔎 row 353: ✅ accept → dt=1900-04-09 amt=100.00 sign=+1 curr=EUR label=Deposit (type/gateway/descr/drcr/sign) status='dep_settled'
[2025-09-24 17:13:20] 🔎 row 354: ✅ accept → dt=1901-05-14 amt=500.00 sign=+1 curr=EUR label=Deposit (type/gateway/descr/drcr/sign) status='dep_settled'
[2025-09-24 17:13:20] 🔎 row 355: ✅ accept → dt=1901-05-14 amt=500.00 sign=+1 curr=EUR label=Deposit (type/gateway/descr/drcr/sign) status='dep_settled'
[2025-09-24 17:13:20] 🔎 row 356: ✅ accept → dt=1901-05-14 amt=500.00 sign=+1 curr=EUR label=Deposit (type/gateway/descr/drcr/sign) status='dep_settled'
[2025-09-24 17:13:20] 🔎 row 357: ✅ accept → dt=1901-05-14 amt=500.00 sign=+1 curr=EUR label=Deposit (type/gateway/descr/drcr/sign) status='dep_settled'
[2025-09-24 17:13:20] 🔎 row 358: ✅ accept → dt=1901-05-14 amt=500.00 sign=+1 curr=EUR label=Deposit (type/gateway/descr/drcr/sign) status='dep_settled'
[2025-09-24 17:13:20] 🔎 row 359: ✅ accept → dt=1900-12-15 amt=350.00 sign=+1 curr=EUR label=Deposit (type/gateway/descr/drcr/sign) status='dep_settled'
[2025-09-24 17:13:20] 🔎 row 360: ✅ accept → dt=1900-09-06 amt=250.00 sign=+1 curr=EUR label=Deposit (type/gateway/descr/drcr/sign) status='dep_settled'
[2025-09-24 17:13:20] 🔎 row 361: ✅ accept → dt=1900-04-09 amt=100.00 sign=+1 curr=EUR label=Deposit (type/gateway/descr/drcr/sign) status='dep_settled'
[2025-09-24 17:13:20] 🔎 row 362: ✅ accept → dt=1900-04-09 amt=100.00 sign=+1 curr=EUR label=Deposit (type/gateway/descr/drcr/sign) status='dep_settled'
[2025-09-24 17:13:20] 🔎 row 363: ✅ accept → dt=1900-04-09 amt=100.00 sign=+1 curr=EUR label=Deposit (type/gateway/descr/drcr/sign) status='dep_settled'
[2025-09-24 17:13:20] 🔎 row 364: ✅ accept → dt=1900-04-09 amt=100.00 sign=+1 curr=EUR label=Deposit (type/gateway/descr/drcr/sign) status='dep_settled'
[2025-09-24 17:13:20] 🔎 row 365: ✅ accept → dt=1900-04-09 amt=100.00 sign=+1 curr=EUR label=Deposit (type/gateway/descr/drcr/sign) status='dep_settled'
[2025-09-24 17:13:20] 🔎 row 366: ✅ accept → dt=1900-04-09 amt=100.00 sign=+1 curr=EUR label=Deposit (type/gateway/descr/drcr/sign) status='dep_settled'
[2025-09-24 17:13:20] 🔎 row 367: ✅ accept → dt=1900-04-09 amt=100.00 sign=+1 curr=EUR label=Deposit (type/gateway/descr/drcr/sign) status='dep_settled'
[2025-09-24 17:13:20] 🔎 row 368: ✅ accept → dt=1900-04-09 amt=100.00 sign=+1 curr=EUR label=Deposit (type/gateway/descr/drcr/sign) status='dep_settled'
[2025-09-24 17:13:20] 🔎 row 369: ✅ accept → dt=1900-04-09 amt=100.00 sign=+1 curr=EUR label=Deposit (type/gateway/descr/drcr/sign) status='dep_settled'
[2025-09-24 17:13:20] 🔎 row 370: ✅ accept → dt=1900-04-09 amt=100.00 sign=+1 curr=EUR label=Deposit (type/gateway/descr/drcr/sign) status='dep_settled'
[2025-09-24 17:13:20] 🔎 row 371: ✅ accept → dt=1900-04-09 amt=100.00 sign=+1 curr=EUR label=Deposit (type/gateway/descr/drcr/sign) status='dep_settled'
[2025-09-24 17:13:20] 🔎 row 372: ✅ accept → dt=1900-07-18 amt=200.00 sign=+1 curr=EUR label=Deposit (type/gateway/descr/drcr/sign) status='dep_settled'
[2025-09-24 17:13:20] 🔎 row 373: ✅ accept → dt=1900-10-26 amt=300.00 sign=+1 curr=EUR label=Deposit (type/gateway/descr/drcr/sign) status='dep_settled'
[2025-09-24 17:13:20] 🔎 row 374: ✅ accept → dt=1900-10-26 amt=300.00 sign=+1 curr=EUR label=Deposit (type/gateway/descr/drcr/sign) status='dep_settled'
[2025-09-24 17:13:20] 🔎 row 375: ✅ accept → dt=1900-09-06 amt=250.00 sign=+1 curr=EUR label=Deposit (type/gateway/descr/drcr/sign) status='dep_settled'
[2025-09-24 17:13:20] 🔎 row 376: ✅ accept → dt=1900-09-06 amt=250.00 sign=+1 curr=EUR label=Deposit (type/gateway/descr/drcr/sign) status='dep_settled'
[2025-09-24 17:13:20] 🔎 row 377: ✅ accept → dt=1900-07-18 amt=200.00 sign=+1 curr=EUR label=Deposit (type/gateway/descr/drcr/sign) status='dep_settled'
[2025-09-24 17:13:20] 🔎 row 378: ✅ accept → dt=1900-07-18 amt=200.00 sign=+1 curr=EUR label=Deposit (type/gateway/descr/drcr/sign) status='dep_settled'
[2025-09-24 17:13:20] 🔎 row 379: ✅ accept → dt=1900-07-18 amt=200.00 sign=+1 curr=EUR label=Deposit (type/gateway/descr/drcr/sign) status='dep_settled'
[2025-09-24 17:13:20] 🔎 row 380: ✅ accept → dt=1900-07-18 amt=200.00 sign=+1 curr=EUR label=Deposit (type/gateway/descr/drcr/sign) status='dep_settled'
[2025-09-24 17:13:20] 🔎 row 381: ✅ accept → dt=1900-07-18 amt=200.00 sign=+1 curr=EUR label=Deposit (type/gateway/descr/drcr/sign) status='dep_settled'
[2025-09-24 17:13:20] 🔎 row 382: ✅ accept → dt=1900-07-18 amt=200.00 sign=+1 curr=EUR label=Deposit (type/gateway/descr/drcr/sign) status='dep_settled'
[2025-09-24 17:13:20] 🔎 row 383: ✅ accept → dt=1900-07-18 amt=200.00 sign=+1 curr=EUR label=Deposit (type/gateway/descr/drcr/sign) status='dep_settled'
[2025-09-24 17:13:20] 🔎 row 384: ✅ accept → dt=1900-04-09 amt=100.00 sign=+1 curr=EUR label=Deposit (type/gateway/descr/drcr/sign) status='dep_settled'
[2025-09-24 17:13:20] 🔎 row 385: ✅ accept → dt=1900-07-18 amt=200.00 sign=+1 curr=EUR label=Deposit (type/gateway/descr/drcr/sign) status='dep_settled'
[2025-09-24 17:13:20] 🔎 row 386: ✅ accept → dt=1900-07-18 amt=200.00 sign=+1 curr=EUR label=Deposit (type/gateway/descr/drcr/sign) status='dep_settled'
[2025-09-24 17:13:20] 🔎 row 387: ✅ accept → dt=1900-04-09 amt=100.00 sign=+1 curr=EUR label=Deposit (type/gateway/descr/drcr/sign) status='dep_settled'
[2025-09-24 17:13:20] 🔎 row 388: ✅ accept → dt=1900-02-18 amt=50.00 sign=+1 curr=EUR label=Deposit (type/gateway/descr/drcr/sign) status='dep_settled'
[2025-09-24 17:13:20] 🔎 row 389: ✅ accept → dt=1900-07-18 amt=200.00 sign=+1 curr=EUR label=Deposit (type/gateway/descr/drcr/sign) status='dep_settled'
[2025-09-24 17:13:20] 🔎 row 390: ✅ accept → dt=1900-09-06 amt=250.00 sign=+1 curr=EUR label=Deposit (type/gateway/descr/drcr/sign) status='dep_settled'
[2025-09-24 17:13:20] 🔎 row 391: ✅ accept → dt=1900-09-06 amt=250.00 sign=+1 curr=EUR label=Deposit (type/gateway/descr/drcr/sign) status='dep_settled'
[2025-09-24 17:13:20] 🔎 row 392: ✅ accept → dt=1900-05-29 amt=150.00 sign=+1 curr=EUR label=Deposit (type/gateway/descr/drcr/sign) status='dep_settled'
[2025-09-24 17:13:20] 🔎 row 393: ✅ accept → dt=1900-05-29 amt=150.00 sign=+1 curr=EUR label=Deposit (type/gateway/descr/drcr/sign) status='dep_settled'
[2025-09-24 17:13:20] 🔎 row 394: ✅ accept → dt=1900-09-06 amt=250.00 sign=+1 curr=EUR label=Deposit (type/gateway/descr/drcr/sign) status='dep_settled'
[2025-09-24 17:13:20] 🔎 row 395: ✅ accept → dt=1900-07-18 amt=200.00 sign=+1 curr=EUR label=Deposit (type/gateway/descr/drcr/sign) status='dep_settled'
[2025-09-24 17:13:20] 🔎 row 396: ✅ accept → dt=1900-05-29 amt=150.00 sign=+1 curr=EUR label=Deposit (type/gateway/descr/drcr/sign) status='dep_settled'
[2025-09-24 17:13:20] 🔎 row 397: ✅ accept → dt=1900-07-18 amt=200.00 sign=+1 curr=EUR label=Deposit (type/gateway/descr/drcr/sign) status='dep_settled'
[2025-09-24 17:13:20] 🔎 row 398: ✅ accept → dt=1900-07-18 amt=200.00 sign=+1 curr=EUR label=Deposit (type/gateway/descr/drcr/sign) status='dep_settled'
[2025-09-24 17:13:20] 🔎 row 399: ✅ accept → dt=1900-07-18 amt=200.00 sign=+1 curr=EUR label=Deposit (type/gateway/descr/drcr/sign) status='dep_settled'
[2025-09-24 17:13:20] 🔎 row 400: ✅ accept → dt=1900-07-18 amt=200.00 sign=+1 curr=EUR label=Deposit (type/gateway/descr/drcr/sign) status='dep_settled'
[2025-09-24 17:13:20] 🔎 row 401: ✅ accept → dt=1900-07-18 amt=200.00 sign=+1 curr=EUR label=Deposit (type/gateway/descr/drcr/sign) status='dep_settled'
[2025-09-24 17:13:20] 🔎 row 402: ✅ accept → dt=1900-07-18 amt=200.00 sign=+1 curr=EUR label=Deposit (type/gateway/descr/drcr/sign) status='dep_settled'
[2025-09-24 17:13:20] 🔎 row 403: ✅ accept → dt=1900-10-26 amt=300.00 sign=+1 curr=EUR label=Deposit (type/gateway/descr/drcr/sign) status='dep_settled'
[2025-09-24 17:13:20] 🔎 row 404: ✅ accept → dt=1900-07-18 amt=200.00 sign=+1 curr=EUR label=Deposit (type/gateway/descr/drcr/sign) status='dep_settled'
[2025-09-24 17:13:20] 🔎 row 405: ✅ accept → dt=1900-07-18 amt=200.00 sign=+1 curr=EUR label=Deposit (type/gateway/descr/drcr/sign) status='dep_settled'
[2025-09-24 17:13:20] 🔎 row 406: ✅ accept → dt=1900-05-29 amt=150.00 sign=+1 curr=EUR label=Deposit (type/gateway/descr/drcr/sign) status='dep_settled'
[2025-09-24 17:13:20] 🔎 row 407: ✅ accept → dt=1900-05-29 amt=150.00 sign=+1 curr=EUR label=Deposit (type/gateway/descr/drcr/sign) status='dep_settled'
[2025-09-24 17:13:20] 🔎 row 408: ✅ accept → dt=1900-05-29 amt=150.00 sign=+1 curr=EUR label=Deposit (type/gateway/descr/drcr/sign) status='dep_settled'
[2025-09-24 17:13:20] 🔎 row 409: ✅ accept → dt=1900-05-29 amt=150.00 sign=+1 curr=EUR label=Deposit (type/gateway/descr/drcr/sign) status='dep_settled'
[2025-09-24 17:13:20] 🔎 row 410: ✅ accept → dt=1900-07-18 amt=200.00 sign=+1 curr=EUR label=Deposit (type/gateway/descr/drcr/sign) status='dep_settled'
[2025-09-24 17:13:20] 🔎 row 411: ✅ accept → dt=1900-04-09 amt=100.00 sign=+1 curr=EUR label=Deposit (type/gateway/descr/drcr/sign) status='dep_settled'
[2025-09-24 17:13:20] 🔎 row 412: ✅ accept → dt=1900-07-18 amt=200.00 sign=+1 curr=EUR label=Deposit (type/gateway/descr/drcr/sign) status='dep_settled'
[2025-09-24 17:13:20] 🔎 row 413: ✅ accept → dt=1901-02-03 amt=400.00 sign=+1 curr=EUR label=Deposit (type/gateway/descr/drcr/sign) status='dep_settled'
[2025-09-24 17:13:20] 🔎 row 414: ✅ accept → dt=1901-02-03 amt=400.00 sign=+1 curr=EUR label=Deposit (type/gateway/descr/drcr/sign) status='dep_settled'
[2025-09-24 17:13:20] 🔎 row 415: ✅ accept → dt=1901-02-03 amt=400.00 sign=+1 curr=EUR label=Deposit (type/gateway/descr/drcr/sign) status='dep_settled'
[2025-09-24 17:13:20] 🔎 row 416: ✅ accept → dt=1900-07-18 amt=200.00 sign=+1 curr=EUR label=Deposit (type/gateway/descr/drcr/sign) status='dep_settled'
[2025-09-24 17:13:20] 🔎 row 417: ✅ accept → dt=1900-07-18 amt=200.00 sign=+1 curr=EUR label=Deposit (type/gateway/descr/drcr/sign) status='dep_settled'
[2025-09-24 17:13:20] 🔎 row 418: ✅ accept → dt=1900-07-18 amt=200.00 sign=+1 curr=EUR label=Deposit (type/gateway/descr/drcr/sign) status='dep_settled'
[2025-09-24 17:13:20] 🔎 row 419: ✅ accept → dt=1900-04-09 amt=100.00 sign=+1 curr=EUR label=Deposit (type/gateway/descr/drcr/sign) status='dep_settled'
[2025-09-24 17:13:20] 🔎 row 420: ✅ accept → dt=1900-04-09 amt=100.00 sign=+1 curr=EUR label=Deposit (type/gateway/descr/drcr/sign) status='dep_settled'
[2025-09-24 17:13:20] 🔎 row 421: ✅ accept → dt=1900-07-18 amt=200.00 sign=+1 curr=EUR label=Deposit (type/gateway/descr/drcr/sign) status='dep_settled'
[2025-09-24 17:13:20] 🔎 row 422: ✅ accept → dt=1900-02-08 amt=40.00 sign=+1 curr=EUR label=Deposit (type/gateway/descr/drcr/sign) status='dep_settled'
[2025-09-24 17:13:20] 🔎 row 423: ✅ accept → dt=1900-05-29 amt=150.00 sign=+1 curr=EUR label=Deposit (type/gateway/descr/drcr/sign) status='dep_settled'
[2025-09-24 17:13:20] 🔎 row 424: ✅ accept → dt=1900-07-18 amt=200.00 sign=+1 curr=EUR label=Deposit (type/gateway/descr/drcr/sign) status='dep_settled'
[2025-09-24 17:13:20] 🔎 row 425: ✅ accept → dt=1900-01-19 amt=20.00 sign=+1 curr=EUR label=Deposit (type/gateway/descr/drcr/sign) status='dep_settled'
[2025-09-24 17:13:20] 🔎 row 426: ✅ accept → dt=1900-07-18 amt=200.00 sign=+1 curr=EUR label=Deposit (type/gateway/descr/drcr/sign) status='dep_settled'
[2025-09-24 17:13:20] 🔎 row 427: ✅ accept → dt=1901-05-14 amt=500.00 sign=+1 curr=EUR label=Deposit (type/gateway/descr/drcr/sign) status='dep_settled'
[2025-09-24 17:13:20] 🔎 row 428: ✅ accept → dt=1900-09-06 amt=250.00 sign=+1 curr=EUR label=Deposit (type/gateway/descr/drcr/sign) status='dep_settled'
[2025-09-24 17:13:20] 🔎 row 429: ✅ accept → dt=1900-09-06 amt=250.00 sign=+1 curr=EUR label=Deposit (type/gateway/descr/drcr/sign) status='dep_settled'
[2025-09-24 17:13:20] 🔎 row 430: ✅ accept → dt=1900-09-06 amt=250.00 sign=+1 curr=EUR label=Deposit (type/gateway/descr/drcr/sign) status='dep_settled'
[2025-09-24 17:13:20] 🔎 row 431: ✅ accept → dt=1900-09-06 amt=250.00 sign=+1 curr=EUR label=Deposit (type/gateway/descr/drcr/sign) status='dep_settled'
[2025-09-24 17:13:20] 🔎 row 432: ✅ accept → dt=1900-09-06 amt=250.00 sign=+1 curr=EUR label=Deposit (type/gateway/descr/drcr/sign) status='dep_settled'
[2025-09-24 17:13:20] 🔎 row 433: ✅ accept → dt=1900-09-06 amt=250.00 sign=+1 curr=EUR label=Deposit (type/gateway/descr/drcr/sign) status='dep_settled'
[2025-09-24 17:13:20] 🔎 row 434: ✅ accept → dt=1901-05-14 amt=500.00 sign=+1 curr=EUR label=Deposit (type/gateway/descr/drcr/sign) status='dep_settled'
[2025-09-24 17:13:20] 🔎 row 435: ✅ accept → dt=1901-05-14 amt=500.00 sign=+1 curr=EUR label=Deposit (type/gateway/descr/drcr/sign) status='dep_settled'
[2025-09-24 17:13:20] 🔎 row 436: ✅ accept → dt=1901-05-14 amt=500.00 sign=+1 curr=EUR label=Deposit (type/gateway/descr/drcr/sign) status='dep_settled'
[2025-09-24 17:13:20] 🔎 row 437: ✅ accept → dt=1900-12-15 amt=350.00 sign=+1 curr=EUR label=Deposit (type/gateway/descr/drcr/sign) status='dep_settled'
[2025-09-24 17:13:20] 🔎 row 438: ✅ accept → dt=1900-12-15 amt=350.00 sign=+1 curr=EUR label=Deposit (type/gateway/descr/drcr/sign) status='dep_settled'
[2025-09-24 17:13:20] 🔎 row 439: ✅ accept → dt=1900-05-29 amt=150.00 sign=+1 curr=EUR label=Deposit (type/gateway/descr/drcr/sign) status='dep_settled'
[2025-09-24 17:13:20] 🔎 row 440: ✅ accept → dt=1901-05-14 amt=500.00 sign=+1 curr=EUR label=Deposit (type/gateway/descr/drcr/sign) status='dep_settled'
[2025-09-24 17:13:20] 🔎 row 441: ✅ accept → dt=1901-05-14 amt=500.00 sign=+1 curr=EUR label=Deposit (type/gateway/descr/drcr/sign) status='dep_settled'
[2025-09-24 17:13:20] 🔎 row 442: ✅ accept → dt=1901-05-14 amt=500.00 sign=+1 curr=EUR label=Deposit (type/gateway/descr/drcr/sign) status='dep_settled'
[2025-09-24 17:13:20] 🔎 row 443: ✅ accept → dt=1900-09-06 amt=250.00 sign=+1 curr=EUR label=Deposit (type/gateway/descr/drcr/sign) status='dep_settled'
[2025-09-24 17:13:20] 🔎 row 444: ✅ accept → dt=1900-09-06 amt=250.00 sign=+1 curr=EUR label=Deposit (type/gateway/descr/drcr/sign) status='dep_settled'
[2025-09-24 17:13:20] 🔎 row 445: ✅ accept → dt=1900-09-06 amt=250.00 sign=+1 curr=EUR label=Deposit (type/gateway/descr/drcr/sign) status='dep_settled'
[2025-09-24 17:13:20] 🔎 row 446: ✅ accept → dt=1900-09-06 amt=250.00 sign=+1 curr=EUR label=Deposit (type/gateway/descr/drcr/sign) status='dep_settled'
[2025-09-24 17:13:20] 🔎 row 447: ✅ accept → dt=1900-07-18 amt=200.00 sign=+1 curr=EUR label=Deposit (type/gateway/descr/drcr/sign) status='dep_settled'
[2025-09-24 17:13:20] 🔎 row 448: ✅ accept → dt=1900-07-18 amt=200.00 sign=+1 curr=EUR label=Deposit (type/gateway/descr/drcr/sign) status='dep_settled'
[2025-09-24 17:13:20] 🔎 row 449: ✅ accept → dt=1900-07-18 amt=200.00 sign=+1 curr=EUR label=Deposit (type/gateway/descr/drcr/sign) status='dep_settled'
[2025-09-24 17:13:20] 🔎 row 450: ✅ accept → dt=1900-07-18 amt=200.00 sign=+1 curr=EUR label=Deposit (type/gateway/descr/drcr/sign) status='dep_settled'
[2025-09-24 17:13:20] 🔎 row 451: ✅ accept → dt=1900-07-18 amt=200.00 sign=+1 curr=EUR label=Deposit (type/gateway/descr/drcr/sign) status='dep_settled'
[2025-09-24 17:13:20] 🔎 row 452: ✅ accept → dt=1900-07-18 amt=200.00 sign=+1 curr=EUR label=Deposit (type/gateway/descr/drcr/sign) status='dep_settled'
[2025-09-24 17:13:20] 🔎 row 453: ✅ accept → dt=1900-09-06 amt=250.00 sign=+1 curr=EUR label=Deposit (type/gateway/descr/drcr/sign) status='dep_settled'
[2025-09-24 17:13:20] 🔎 row 454: ✅ accept → dt=1900-04-09 amt=100.00 sign=+1 curr=EUR label=Deposit (type/gateway/descr/drcr/sign) status='dep_settled'
[2025-09-24 17:13:20] 🔎 row 455: ✅ accept → dt=1900-09-06 amt=250.00 sign=+1 curr=EUR label=Deposit (type/gateway/descr/drcr/sign) status='dep_settled'
[2025-09-24 17:13:20] 🔎 row 456: ✅ accept → dt=1900-09-06 amt=250.00 sign=+1 curr=EUR label=Deposit (type/gateway/descr/drcr/sign) status='dep_settled'
[2025-09-24 17:13:20] 🔎 row 457: ✅ accept → dt=1900-01-29 amt=30.00 sign=+1 curr=EUR label=Deposit (type/gateway/descr/drcr/sign) status='dep_settled'
[2025-09-24 17:13:20] 🔎 row 458: ✅ accept → dt=1901-05-14 amt=500.00 sign=+1 curr=EUR label=Deposit (type/gateway/descr/drcr/sign) status='dep_settled'
[2025-09-24 17:13:20] 🔎 row 459: ✅ accept → dt=1900-01-04 amt=5.00 sign=+1 curr=EUR label=Deposit (type/gateway/descr/drcr/sign) status='dep_settled'
[2025-09-24 17:13:20] 🔎 row 460: ✅ accept → dt=1902-09-26 amt=1000.00 sign=+1 curr=EUR label=Deposit (type/gateway/descr/drcr/sign) status='dep_settled'
[2025-09-24 17:13:20] 🔎 row 461: ✅ accept → dt=1900-01-04 amt=5.00 sign=+1 curr=EUR label=Deposit (type/gateway/descr/drcr/sign) status='dep_settled'
[2025-09-24 17:13:20] 🔎 row 462: ✅ accept → dt=1905-06-22 amt=2000.00 sign=+1 curr=EUR label=Deposit (type/gateway/descr/drcr/sign) status='dep_settled'
[2025-09-24 17:13:20] 🔎 row 463: ✅ accept → dt=1900-07-18 amt=200.00 sign=+1 curr=EUR label=Deposit (type/gateway/descr/drcr/sign) status='dep_settled'
[2025-09-24 17:13:20] 🔎 row 464: ✅ accept → dt=1900-07-18 amt=200.00 sign=+1 curr=EUR label=Deposit (type/gateway/descr/drcr/sign) status='dep_settled'
[2025-09-24 17:13:20] 🔎 row 465: ✅ accept → dt=1900-07-18 amt=200.00 sign=+1 curr=EUR label=Deposit (type/gateway/descr/drcr/sign) status='dep_settled'
[2025-09-24 17:13:20] 🔎 row 466: ✅ accept → dt=1900-07-18 amt=200.00 sign=+1 curr=EUR label=Deposit (type/gateway/descr/drcr/sign) status='dep_settled'
[2025-09-24 17:13:20] 🔎 row 467: ✅ accept → dt=1900-07-18 amt=200.00 sign=+1 curr=EUR label=Deposit (type/gateway/descr/drcr/sign) status='dep_settled'
[2025-09-24 17:13:20] 🔎 row 468: ✅ accept → dt=1900-07-18 amt=200.00 sign=+1 curr=EUR label=Deposit (type/gateway/descr/drcr/sign) status='dep_settled'
[2025-09-24 17:13:20] 🔎 row 469: ✅ accept → dt=1900-07-18 amt=200.00 sign=+1 curr=EUR label=Deposit (type/gateway/descr/drcr/sign) status='dep_settled'
[2025-09-24 17:13:20] 🔎 row 470: ✅ accept → dt=1900-07-18 amt=200.00 sign=+1 curr=EUR label=Deposit (type/gateway/descr/drcr/sign) status='dep_settled'
[2025-09-24 17:13:20] 🔎 row 471: ✅ accept → dt=1900-07-18 amt=200.00 sign=+1 curr=EUR label=Deposit (type/gateway/descr/drcr/sign) status='dep_settled'
[2025-09-24 17:13:20] 🔎 row 472: ✅ accept → dt=1900-04-09 amt=100.00 sign=+1 curr=EUR label=Deposit (type/gateway/descr/drcr/sign) status='dep_settled'
[2025-09-24 17:13:20] 🔎 row 473: ✅ accept → dt=1900-02-18 amt=50.00 sign=+1 curr=EUR label=Deposit (type/gateway/descr/drcr/sign) status='dep_settled'
[2025-09-24 17:13:20] 🔎 row 474: ✅ accept → dt=1900-04-09 amt=100.00 sign=+1 curr=EUR label=Deposit (type/gateway/descr/drcr/sign) status='dep_settled'
[2025-09-24 17:13:20] 🔎 row 475: ✅ accept → dt=1900-04-09 amt=100.00 sign=+1 curr=EUR label=Deposit (type/gateway/descr/drcr/sign) status='dep_settled'
[2025-09-24 17:13:20] 🔎 row 476: ✅ accept → dt=1900-04-09 amt=100.00 sign=+1 curr=EUR label=Deposit (type/gateway/descr/drcr/sign) status='dep_settled'
[2025-09-24 17:13:20] 🔎 row 477: ✅ accept → dt=1900-01-10 amt=11.00 sign=+1 curr=EUR label=Deposit (type/gateway/descr/drcr/sign) status='dep_settled'
[2025-09-24 17:13:20] 🔎 row 478: ✅ accept → dt=1900-04-09 amt=100.00 sign=+1 curr=EUR label=Deposit (type/gateway/descr/drcr/sign) status='dep_settled'
[2025-09-24 17:13:20] 🔎 row 479: ✅ accept → dt=1900-04-09 amt=100.00 sign=+1 curr=EUR label=Deposit (type/gateway/descr/drcr/sign) status='dep_settled'
[2025-09-24 17:13:20] 🔎 row 480: ✅ accept → dt=1900-04-09 amt=100.00 sign=+1 curr=EUR label=Deposit (type/gateway/descr/drcr/sign) status='dep_settled'
[2025-09-24 17:13:20] 🔎 row 481: ✅ accept → dt=1900-04-09 amt=100.00 sign=+1 curr=EUR label=Deposit (type/gateway/descr/drcr/sign) status='dep_settled'
[2025-09-24 17:13:20] 🔎 row 482: ✅ accept → dt=1900-04-09 amt=100.00 sign=+1 curr=EUR label=Deposit (type/gateway/descr/drcr/sign) status='dep_settled'
[2025-09-24 17:13:20] 🔎 row 483: ✅ accept → dt=1900-02-18 amt=50.00 sign=+1 curr=EUR label=Deposit (type/gateway/descr/drcr/sign) status='dep_settled'
[2025-09-24 17:13:20] 🔎 row 484: ✅ accept → dt=1900-01-04 amt=5.00 sign=+1 curr=EUR label=Deposit (type/gateway/descr/drcr/sign) status='dep_settled'
[2025-09-24 17:13:20] 🔎 row 485: ✅ accept → dt=1900-07-18 amt=200.00 sign=+1 curr=EUR label=Deposit (type/gateway/descr/drcr/sign) status='dep_settled'
[2025-09-24 17:13:20] 🔎 row 486: ✅ accept → dt=1900-07-18 amt=200.00 sign=+1 curr=EUR label=Deposit (type/gateway/descr/drcr/sign) status='dep_settled'
[2025-09-24 17:13:20] 🔎 row 487: ✅ accept → dt=1900-07-18 amt=200.00 sign=+1 curr=EUR label=Deposit (type/gateway/descr/drcr/sign) status='dep_settled'
[2025-09-24 17:13:20] 🔎 row 488: ✅ accept → dt=1900-07-18 amt=200.00 sign=+1 curr=EUR label=Deposit (type/gateway/descr/drcr/sign) status='dep_settled'
[2025-09-24 17:13:20] 🔎 row 489: ✅ accept → dt=1900-07-18 amt=200.00 sign=+1 curr=EUR label=Deposit (type/gateway/descr/drcr/sign) status='dep_settled'
[2025-09-24 17:13:20] 🔎 row 490: ✅ accept → dt=1900-07-18 amt=200.00 sign=+1 curr=EUR label=Deposit (type/gateway/descr/drcr/sign) status='dep_settled'
[2025-09-24 17:13:20] 🔎 row 491: ✅ accept → dt=1900-07-18 amt=200.00 sign=+1 curr=EUR label=Deposit (type/gateway/descr/drcr/sign) status='dep_settled'
[2025-09-24 17:13:20] 🔎 row 492: ✅ accept → dt=1900-07-18 amt=200.00 sign=+1 curr=EUR label=Deposit (type/gateway/descr/drcr/sign) status='dep_settled'
[2025-09-24 17:13:20] 🔎 row 493: ✅ accept → dt=1900-07-18 amt=200.00 sign=+1 curr=EUR label=Deposit (type/gateway/descr/drcr/sign) status='dep_settled'
[2025-09-24 17:13:20] 🔎 row 494: ✅ accept → dt=1900-04-09 amt=100.00 sign=+1 curr=EUR label=Deposit (type/gateway/descr/drcr/sign) status='dep_settled'
[2025-09-24 17:13:21] 🔎 row 495: ✅ accept → dt=1900-04-09 amt=100.00 sign=+1 curr=EUR label=Deposit (type/gateway/descr/drcr/sign) status='dep_settled'
[2025-09-24 17:13:21] 🔎 row 496: ✅ accept → dt=1900-04-09 amt=100.00 sign=+1 curr=EUR label=Deposit (type/gateway/descr/drcr/sign) status='dep_settled'
[2025-09-24 17:13:21] 🔎 row 497: ✅ accept → dt=1900-04-09 amt=100.00 sign=+1 curr=EUR label=Deposit (type/gateway/descr/drcr/sign) status='dep_settled'
[2025-09-24 17:13:21] 🔎 row 498: ✅ accept → dt=1900-04-09 amt=100.00 sign=+1 curr=EUR label=Deposit (type/gateway/descr/drcr/sign) status='dep_settled'
[2025-09-24 17:13:21] 🔎 row 499: ✅ accept → dt=1900-04-09 amt=100.00 sign=+1 curr=EUR label=Deposit (type/gateway/descr/drcr/sign) status='dep_settled'
[2025-09-24 17:13:21] 🔎 row 500: ✅ accept → dt=1900-07-18 amt=200.00 sign=+1 curr=EUR label=Deposit (type/gateway/descr/drcr/sign) status='dep_settled'
[2025-09-24 17:13:21] 🔎 row 501: ✅ accept → dt=1900-07-18 amt=200.00 sign=+1 curr=EUR label=Deposit (type/gateway/descr/drcr/sign) status='dep_settled'
[2025-09-24 17:13:21] 🔎 row 502: ✅ accept → dt=1900-07-18 amt=200.00 sign=+1 curr=EUR label=Deposit (type/gateway/descr/drcr/sign) status='dep_settled'
[2025-09-24 17:13:21] 🔎 row 503: ✅ accept → dt=1900-07-18 amt=200.00 sign=+1 curr=EUR label=Deposit (type/gateway/descr/drcr/sign) status='dep_settled'
[2025-09-24 17:13:21] 🔎 row 504: ✅ accept → dt=1900-04-09 amt=100.00 sign=+1 curr=EUR label=Deposit (type/gateway/descr/drcr/sign) status='dep_settled'
[2025-09-24 17:13:21] 🔎 row 505: ✅ accept → dt=1901-05-14 amt=500.00 sign=+1 curr=EUR label=Deposit (type/gateway/descr/drcr/sign) status='dep_settled'
[2025-09-24 17:13:21] 🔎 row 506: ✅ accept → dt=1900-10-26 amt=300.00 sign=+1 curr=EUR label=Deposit (type/gateway/descr/drcr/sign) status='dep_settled'
[2025-09-24 17:13:21] 🔎 row 507: ✅ accept → dt=1900-10-26 amt=300.00 sign=+1 curr=EUR label=Deposit (type/gateway/descr/drcr/sign) status='dep_settled'
[2025-09-24 17:13:21] 🔎 row 508: ✅ accept → dt=1900-10-26 amt=300.00 sign=+1 curr=EUR label=Deposit (type/gateway/descr/drcr/sign) status='dep_settled'
[2025-09-24 17:13:21] 🔎 row 509: ✅ accept → dt=1900-04-09 amt=100.00 sign=+1 curr=EUR label=Deposit (type/gateway/descr/drcr/sign) status='dep_settled'
[2025-09-24 17:13:21] 🔎 row 510: ✅ accept → dt=1900-04-09 amt=100.00 sign=+1 curr=EUR label=Deposit (type/gateway/descr/drcr/sign) status='dep_settled'
[2025-09-24 17:13:21] 🔎 row 511: ✅ accept → dt=1900-04-09 amt=100.00 sign=+1 curr=EUR label=Deposit (type/gateway/descr/drcr/sign) status='dep_settled'
[2025-09-24 17:13:21] 🔎 row 512: ✅ accept → dt=1901-05-14 amt=500.00 sign=+1 curr=EUR label=Deposit (type/gateway/descr/drcr/sign) status='dep_settled'
[2025-09-24 17:13:21] 🔎 row 513: ✅ accept → dt=1900-07-18 amt=200.00 sign=+1 curr=EUR label=Deposit (type/gateway/descr/drcr/sign) status='dep_settled'
[2025-09-24 17:13:21] 🔎 row 514: ✅ accept → dt=1900-04-09 amt=100.00 sign=+1 curr=EUR label=Deposit (type/gateway/descr/drcr/sign) status='dep_settled'
[2025-09-24 17:13:21] 🔎 row 515: ✅ accept → dt=1901-05-14 amt=500.00 sign=+1 curr=EUR label=Deposit (type/gateway/descr/drcr/sign) status='dep_settled'
[2025-09-24 17:13:21] 🔎 row 516: ✅ accept → dt=1901-05-14 amt=500.00 sign=+1 curr=EUR label=Deposit (type/gateway/descr/drcr/sign) status='dep_settled'
[2025-09-24 17:13:21] 🔎 row 517: ✅ accept → dt=1900-09-06 amt=250.00 sign=+1 curr=EUR label=Deposit (type/gateway/descr/drcr/sign) status='dep_settled'
[2025-09-24 17:13:21] 🔎 row 518: ✅ accept → dt=1900-09-06 amt=250.00 sign=+1 curr=EUR label=Deposit (type/gateway/descr/drcr/sign) status='dep_settled'
[2025-09-24 17:13:21] 🔎 row 519: ✅ accept → dt=1900-09-06 amt=250.00 sign=+1 curr=EUR label=Deposit (type/gateway/descr/drcr/sign) status='dep_settled'
[2025-09-24 17:13:21] 🔎 row 520: ✅ accept → dt=1900-09-06 amt=250.00 sign=+1 curr=EUR label=Deposit (type/gateway/descr/drcr/sign) status='dep_settled'
[2025-09-24 17:13:21] 🔎 row 521: ✅ accept → dt=1900-09-06 amt=250.00 sign=+1 curr=EUR label=Deposit (type/gateway/descr/drcr/sign) status='dep_settled'
[2025-09-24 17:13:21] 🔎 row 522: ✅ accept → dt=1900-09-06 amt=250.00 sign=+1 curr=EUR label=Deposit (type/gateway/descr/drcr/sign) status='dep_settled'
[2025-09-24 17:13:21] 🔎 row 523: ✅ accept → dt=1900-09-06 amt=250.00 sign=+1 curr=EUR label=Deposit (type/gateway/descr/drcr/sign) status='dep_settled'
[2025-09-24 17:13:21] 🔎 row 524: ✅ accept → dt=1900-09-06 amt=250.00 sign=+1 curr=EUR label=Deposit (type/gateway/descr/drcr/sign) status='dep_settled'
[2025-09-24 17:13:21] 🔎 row 525: ✅ accept → dt=1900-09-06 amt=250.00 sign=+1 curr=EUR label=Deposit (type/gateway/descr/drcr/sign) status='dep_settled'
[2025-09-24 17:13:21] 🔎 row 526: ✅ accept → dt=1900-09-06 amt=250.00 sign=+1 curr=EUR label=Deposit (type/gateway/descr/drcr/sign) status='dep_settled'
[2025-09-24 17:13:21] 🔎 row 527: ✅ accept → dt=1900-04-09 amt=100.00 sign=+1 curr=EUR label=Deposit (type/gateway/descr/drcr/sign) status='dep_settled'
[2025-09-24 17:13:21] 🔎 row 528: ✅ accept → dt=1900-04-09 amt=100.00 sign=+1 curr=EUR label=Deposit (type/gateway/descr/drcr/sign) status='dep_settled'
[2025-09-24 17:13:21] 🔎 row 529: ✅ accept → dt=1900-04-09 amt=100.00 sign=+1 curr=EUR label=Deposit (type/gateway/descr/drcr/sign) status='dep_settled'
[2025-09-24 17:13:21] 🔎 row 530: ✅ accept → dt=1900-04-09 amt=100.00 sign=+1 curr=EUR label=Deposit (type/gateway/descr/drcr/sign) status='dep_settled'
[2025-09-24 17:13:21] 🔎 row 531: ✅ accept → dt=1900-04-09 amt=100.00 sign=+1 curr=EUR label=Deposit (type/gateway/descr/drcr/sign) status='dep_settled'
[2025-09-24 17:13:21] 🔎 row 532: ✅ accept → dt=1900-03-15 amt=75.00 sign=+1 curr=EUR label=Deposit (type/gateway/descr/drcr/sign) status='dep_settled'
[2025-09-24 17:13:21] 🔎 row 533: ✅ accept → dt=1900-03-15 amt=75.00 sign=+1 curr=EUR label=Deposit (type/gateway/descr/drcr/sign) status='dep_settled'
[2025-09-24 17:13:21] 🔎 row 534: ✅ accept → dt=1900-06-23 amt=175.00 sign=+1 curr=EUR label=Deposit (type/gateway/descr/drcr/sign) status='dep_settled'
[2025-09-24 17:13:21] 🔎 row 535: ✅ accept → dt=1900-06-23 amt=175.00 sign=+1 curr=EUR label=Deposit (type/gateway/descr/drcr/sign) status='dep_settled'
[2025-09-24 17:13:21] 🔎 row 536: ✅ accept → dt=1900-06-23 amt=175.00 sign=+1 curr=EUR label=Deposit (type/gateway/descr/drcr/sign) status='dep_settled'
[2025-09-24 17:13:21] 🔎 row 537: ✅ accept → dt=1900-06-23 amt=175.00 sign=+1 curr=EUR label=Deposit (type/gateway/descr/drcr/sign) status='dep_settled'
[2025-09-24 17:13:21] 🔎 row 538: ✅ accept → dt=1900-06-23 amt=175.00 sign=+1 curr=EUR label=Deposit (type/gateway/descr/drcr/sign) status='dep_settled'
[2025-09-24 17:13:21] 🔎 row 539: ✅ accept → dt=1900-06-23 amt=175.00 sign=+1 curr=EUR label=Deposit (type/gateway/descr/drcr/sign) status='dep_settled'
[2025-09-24 17:13:21] 🔎 row 540: ✅ accept → dt=1901-05-14 amt=500.00 sign=+1 curr=EUR label=Deposit (type/gateway/descr/drcr/sign) status='dep_settled'
[2025-09-24 17:13:21] 🔎 row 541: ✅ accept → dt=1900-09-06 amt=250.00 sign=+1 curr=EUR label=Deposit (type/gateway/descr/drcr/sign) status='dep_settled'
[2025-09-24 17:13:21] 🔎 row 542: ✅ accept → dt=1900-09-06 amt=250.00 sign=+1 curr=EUR label=Deposit (type/gateway/descr/drcr/sign) status='dep_settled'
[2025-09-24 17:13:21] 🔎 row 543: ✅ accept → dt=1900-09-06 amt=250.00 sign=+1 curr=EUR label=Deposit (type/gateway/descr/drcr/sign) status='dep_settled'
[2025-09-24 17:13:21] 🔎 row 544: ✅ accept → dt=1900-09-06 amt=250.00 sign=+1 curr=EUR label=Deposit (type/gateway/descr/drcr/sign) status='dep_settled'
[2025-09-24 17:13:21] 🔎 row 545: ✅ accept → dt=1900-09-06 amt=250.00 sign=+1 curr=EUR label=Deposit (type/gateway/descr/drcr/sign) status='dep_settled'
[2025-09-24 17:13:21] 🔎 row 546: ✅ accept → dt=1900-09-06 amt=250.00 sign=+1 curr=EUR label=Deposit (type/gateway/descr/drcr/sign) status='dep_settled'
[2025-09-24 17:13:21] 🔎 row 547: ✅ accept → dt=1900-09-06 amt=250.00 sign=+1 curr=EUR label=Deposit (type/gateway/descr/drcr/sign) status='dep_settled'
[2025-09-24 17:13:21] 🔎 row 548: ✅ accept → dt=1901-05-14 amt=500.00 sign=+1 curr=EUR label=Deposit (type/gateway/descr/drcr/sign) status='dep_settled'
[2025-09-24 17:13:21] 🔎 row 549: ✅ accept → dt=1900-07-18 amt=200.00 sign=+1 curr=EUR label=Deposit (type/gateway/descr/drcr/sign) status='dep_settled'
[2025-09-24 17:13:21] 🔎 row 550: ✅ accept → dt=1900-07-18 amt=200.00 sign=+1 curr=EUR label=Deposit (type/gateway/descr/drcr/sign) status='dep_settled'
[2025-09-24 17:13:21] 🔎 row 551: ✅ accept → dt=1900-10-26 amt=300.00 sign=+1 curr=EUR label=Deposit (type/gateway/descr/drcr/sign) status='dep_settled'
[2025-09-24 17:13:21] 🔎 row 552: ✅ accept → dt=1900-10-26 amt=300.00 sign=+1 curr=EUR label=Deposit (type/gateway/descr/drcr/sign) status='dep_settled'
[2025-09-24 17:13:21] 🔎 row 553: ✅ accept → dt=1900-10-26 amt=300.00 sign=+1 curr=EUR label=Deposit (type/gateway/descr/drcr/sign) status='dep_settled'
[2025-09-24 17:13:21] 🔎 row 554: ✅ accept → dt=1900-09-06 amt=250.00 sign=+1 curr=EUR label=Deposit (type/gateway/descr/drcr/sign) status='dep_settled'
[2025-09-24 17:13:21] 🔎 row 555: ✅ accept → dt=1900-09-06 amt=250.00 sign=+1 curr=EUR label=Deposit (type/gateway/descr/drcr/sign) status='dep_settled'
[2025-09-24 17:13:21] 🔎 row 556: ✅ accept → dt=1900-09-06 amt=250.00 sign=+1 curr=EUR label=Deposit (type/gateway/descr/drcr/sign) status='dep_settled'
[2025-09-24 17:13:21] 🔎 row 557: ✅ accept → dt=1900-09-06 amt=250.00 sign=+1 curr=EUR label=Deposit (type/gateway/descr/drcr/sign) status='dep_settled'
[2025-09-24 17:13:21] 🔎 row 558: ✅ accept → dt=1900-09-06 amt=250.00 sign=+1 curr=EUR label=Deposit (type/gateway/descr/drcr/sign) status='dep_settled'
[2025-09-24 17:13:21] 🔎 row 559: ✅ accept → dt=1900-09-06 amt=250.00 sign=+1 curr=EUR label=Deposit (type/gateway/descr/drcr/sign) status='dep_settled'
[2025-09-24 17:13:21] 🔎 row 560: ✅ accept → dt=1900-09-06 amt=250.00 sign=+1 curr=EUR label=Deposit (type/gateway/descr/drcr/sign) status='dep_settled'
[2025-09-24 17:13:21] 🔎 row 561: ✅ accept → dt=1900-09-06 amt=250.00 sign=+1 curr=EUR label=Deposit (type/gateway/descr/drcr/sign) status='dep_settled'
[2025-09-24 17:13:21] 🔎 row 562: ✅ accept → dt=1901-05-14 amt=500.00 sign=+1 curr=EUR label=Deposit (type/gateway/descr/drcr/sign) status='dep_settled'
[2025-09-24 17:13:21] 🔎 row 563: ✅ accept → dt=1901-05-14 amt=500.00 sign=+1 curr=EUR label=Deposit (type/gateway/descr/drcr/sign) status='dep_settled'
[2025-09-24 17:13:21] 🔎 row 564: ✅ accept → dt=1900-07-18 amt=200.00 sign=+1 curr=EUR label=Deposit (type/gateway/descr/drcr/sign) status='dep_settled'
[2025-09-24 17:13:21] 🔎 row 565: ✅ accept → dt=1900-07-18 amt=200.00 sign=+1 curr=EUR label=Deposit (type/gateway/descr/drcr/sign) status='dep_settled'
[2025-09-24 17:13:21] 🔎 row 566: ✅ accept → dt=1900-04-09 amt=100.00 sign=+1 curr=EUR label=Deposit (type/gateway/descr/drcr/sign) status='dep_settled'
[2025-09-24 17:13:21] 🔎 row 567: ✅ accept → dt=1900-04-09 amt=100.00 sign=+1 curr=EUR label=Deposit (type/gateway/descr/drcr/sign) status='dep_settled'
[2025-09-24 17:13:21] 🔎 row 568: ✅ accept → dt=1900-04-09 amt=100.00 sign=+1 curr=EUR label=Deposit (type/gateway/descr/drcr/sign) status='dep_settled'
[2025-09-24 17:13:21] 🔎 row 569: ✅ accept → dt=1900-04-09 amt=100.00 sign=+1 curr=EUR label=Deposit (type/gateway/descr/drcr/sign) status='dep_settled'
[2025-09-24 17:13:21] 🔎 row 570: ✅ accept → dt=1900-04-09 amt=100.00 sign=+1 curr=EUR label=Deposit (type/gateway/descr/drcr/sign) status='dep_settled'
[2025-09-24 17:13:21] 🔎 row 571: ✅ accept → dt=1900-07-18 amt=200.00 sign=+1 curr=EUR label=Deposit (type/gateway/descr/drcr/sign) status='dep_settled'
[2025-09-24 17:13:21] 🔎 row 572: ✅ accept → dt=1901-05-14 amt=500.00 sign=+1 curr=EUR label=Deposit (type/gateway/descr/drcr/sign) status='dep_settled'
[2025-09-24 17:13:21] 🔎 row 573: ✅ accept → dt=1901-05-14 amt=500.00 sign=+1 curr=EUR label=Deposit (type/gateway/descr/drcr/sign) status='dep_settled'
[2025-09-24 17:13:21] 🔎 row 574: ✅ accept → dt=1901-05-14 amt=500.00 sign=+1 curr=EUR label=Deposit (type/gateway/descr/drcr/sign) status='dep_settled'
[2025-09-24 17:13:21] 🔎 row 575: ✅ accept → dt=1900-07-18 amt=200.00 sign=+1 curr=EUR label=Deposit (type/gateway/descr/drcr/sign) status='dep_settled'
[2025-09-24 17:13:21] 🔎 row 576: ✅ accept → dt=1900-07-18 amt=200.00 sign=+1 curr=EUR label=Deposit (type/gateway/descr/drcr/sign) status='dep_settled'
[2025-09-24 17:13:21] 🔎 row 577: ✅ accept → dt=1900-07-18 amt=200.00 sign=+1 curr=EUR label=Deposit (type/gateway/descr/drcr/sign) status='dep_settled'
[2025-09-24 17:13:21] 🔎 row 578: ✅ accept → dt=1900-07-18 amt=200.00 sign=+1 curr=EUR label=Deposit (type/gateway/descr/drcr/sign) status='dep_settled'
[2025-09-24 17:13:21] 🔎 row 579: ✅ accept → dt=1900-04-09 amt=100.00 sign=+1 curr=EUR label=Deposit (type/gateway/descr/drcr/sign) status='dep_settled'
[2025-09-24 17:13:21] 🔎 row 580: ✅ accept → dt=1900-04-09 amt=100.00 sign=+1 curr=EUR label=Deposit (type/gateway/descr/drcr/sign) status='dep_settled'
[2025-09-24 17:13:21] 🔎 row 581: ✅ accept → dt=1900-07-18 amt=200.00 sign=+1 curr=EUR label=Deposit (type/gateway/descr/drcr/sign) status='dep_settled'
[2025-09-24 17:13:21] 🔎 row 582: ✅ accept → dt=1900-07-18 amt=200.00 sign=+1 curr=EUR label=Deposit (type/gateway/descr/drcr/sign) status='dep_settled'
[2025-09-24 17:13:21] 🔎 row 583: ✅ accept → dt=1900-10-26 amt=300.00 sign=+1 curr=EUR label=Deposit (type/gateway/descr/drcr/sign) status='dep_settled'
[2025-09-24 17:13:21] 🔎 row 584: ✅ accept → dt=1900-07-18 amt=200.00 sign=+1 curr=EUR label=Deposit (type/gateway/descr/drcr/sign) status='dep_settled'
[2025-09-24 17:13:21] 🔎 row 585: ✅ accept → dt=1900-07-18 amt=200.00 sign=+1 curr=EUR label=Deposit (type/gateway/descr/drcr/sign) status='dep_settled'
[2025-09-24 17:13:21] 🔎 row 586: ✅ accept → dt=1900-10-26 amt=300.00 sign=+1 curr=EUR label=Deposit (type/gateway/descr/drcr/sign) status='dep_settled'
[2025-09-24 17:13:21] 🔎 row 587: ✅ accept → dt=1901-05-14 amt=500.00 sign=+1 curr=EUR label=Deposit (type/gateway/descr/drcr/sign) status='dep_settled'
[2025-09-24 17:13:21] 🔎 row 588: ✅ accept → dt=1900-09-06 amt=250.00 sign=+1 curr=EUR label=Deposit (type/gateway/descr/drcr/sign) status='dep_settled'
[2025-09-24 17:13:21] 🔎 row 589: ✅ accept → dt=1900-09-06 amt=250.00 sign=+1 curr=EUR label=Deposit (type/gateway/descr/drcr/sign) status='dep_settled'
[2025-09-24 17:13:21] 🔎 row 590: ✅ accept → dt=1900-09-06 amt=250.00 sign=+1 curr=EUR label=Deposit (type/gateway/descr/drcr/sign) status='dep_settled'
[2025-09-24 17:13:21] 🔎 row 591: ✅ accept → dt=1900-09-06 amt=250.00 sign=+1 curr=EUR label=Deposit (type/gateway/descr/drcr/sign) status='dep_settled'
[2025-09-24 17:13:21] 🔎 row 592: ✅ accept → dt=1900-09-06 amt=250.00 sign=+1 curr=EUR label=Deposit (type/gateway/descr/drcr/sign) status='dep_settled'
[2025-09-24 17:13:21] 🔎 row 593: ✅ accept → dt=1900-09-06 amt=250.00 sign=+1 curr=EUR label=Deposit (type/gateway/descr/drcr/sign) status='dep_settled'
[2025-09-24 17:13:21] 🔎 row 594: ✅ accept → dt=1900-09-06 amt=250.00 sign=+1 curr=EUR label=Deposit (type/gateway/descr/drcr/sign) status='dep_settled'
[2025-09-24 17:13:21] 🔎 row 595: ✅ accept → dt=1900-09-06 amt=250.00 sign=+1 curr=EUR label=Deposit (type/gateway/descr/drcr/sign) status='dep_settled'
[2025-09-24 17:13:21] 🔎 row 596: ✅ accept → dt=1900-09-06 amt=250.00 sign=+1 curr=EUR label=Deposit (type/gateway/descr/drcr/sign) status='dep_settled'
[2025-09-24 17:13:21] 🔎 row 597: ✅ accept → dt=1901-05-14 amt=500.00 sign=+1 curr=EUR label=Deposit (type/gateway/descr/drcr/sign) status='dep_settled'
[2025-09-24 17:13:21] 🔎 row 598: ✅ accept → dt=1900-05-29 amt=150.00 sign=+1 curr=EUR label=Deposit (type/gateway/descr/drcr/sign) status='dep_settled'
[2025-09-24 17:13:21] 🔎 row 599: ✅ accept → dt=1900-04-09 amt=100.00 sign=+1 curr=EUR label=Deposit (type/gateway/descr/drcr/sign) status='dep_settled'
[2025-09-24 17:13:21] 🔎 row 600: ✅ accept → dt=1900-07-18 amt=200.00 sign=+1 curr=EUR label=Deposit (type/gateway/descr/drcr/sign) status='dep_settled'
[2025-09-24 17:13:21] 🔎 row 601: ✅ accept → dt=1900-04-09 amt=100.00 sign=+1 curr=EUR label=Deposit (type/gateway/descr/drcr/sign) status='dep_settled'
[2025-09-24 17:13:21] 🔎 row 602: ✅ accept → dt=1900-09-06 amt=250.00 sign=+1 curr=EUR label=Deposit (type/gateway/descr/drcr/sign) status='dep_settled'
[2025-09-24 17:13:21] 🔎 row 603: ✅ accept → dt=1900-02-18 amt=50.00 sign=+1 curr=EUR label=Deposit (type/gateway/descr/drcr/sign) status='dep_settled'
[2025-09-24 17:13:21] 🔎 row 604: ✅ accept → dt=1900-09-06 amt=250.00 sign=+1 curr=EUR label=Deposit (type/gateway/descr/drcr/sign) status='dep_settled'
[2025-09-24 17:13:21] 🔎 row 605: ✅ accept → dt=1900-04-09 amt=100.00 sign=+1 curr=EUR label=Deposit (type/gateway/descr/drcr/sign) status='dep_settled'
[2025-09-24 17:13:21] 🔎 row 606: ✅ accept → dt=1900-04-09 amt=100.00 sign=+1 curr=EUR label=Deposit (type/gateway/descr/drcr/sign) status='dep_settled'
[2025-09-24 17:13:21] 🔎 row 607: ✅ accept → dt=1900-10-26 amt=300.00 sign=+1 curr=EUR label=Deposit (type/gateway/descr/drcr/sign) status='dep_settled'
[2025-09-24 17:13:21] 🔎 row 608: ✅ accept → dt=1900-10-26 amt=300.00 sign=+1 curr=EUR label=Deposit (type/gateway/descr/drcr/sign) status='dep_settled'
[2025-09-24 17:13:21] 🔎 row 609: ✅ accept → dt=1900-10-26 amt=300.00 sign=+1 curr=EUR label=Deposit (type/gateway/descr/drcr/sign) status='dep_settled'
[2025-09-24 17:13:21] 🔎 row 610: ✅ accept → dt=1900-09-06 amt=250.00 sign=+1 curr=EUR label=Deposit (type/gateway/descr/drcr/sign) status='dep_settled'
[2025-09-24 17:13:21] 🔎 row 611: ✅ accept → dt=1901-05-14 amt=500.00 sign=+1 curr=EUR label=Deposit (type/gateway/descr/drcr/sign) status='dep_settled'
[2025-09-24 17:13:21] 🔎 row 612: ✅ accept → dt=1900-09-06 amt=250.00 sign=+1 curr=EUR label=Deposit (type/gateway/descr/drcr/sign) status='dep_settled'
[2025-09-24 17:13:21] 🔎 row 613: ✅ accept → dt=1900-04-09 amt=100.00 sign=+1 curr=EUR label=Deposit (type/gateway/descr/drcr/sign) status='dep_settled'
[2025-09-24 17:13:21] 🔎 row 614: ✅ accept → dt=1900-07-18 amt=200.00 sign=+1 curr=EUR label=Deposit (type/gateway/descr/drcr/sign) status='dep_settled'
[2025-09-24 17:13:21] 🔎 row 615: ✅ accept → dt=1900-07-18 amt=200.00 sign=+1 curr=EUR label=Deposit (type/gateway/descr/drcr/sign) status='dep_settled'
[2025-09-24 17:13:21] 🔎 row 616: ✅ accept → dt=1900-04-09 amt=100.00 sign=+1 curr=EUR label=Deposit (type/gateway/descr/drcr/sign) status='dep_settled'
[2025-09-24 17:13:21] 🔎 row 617: ✅ accept → dt=1900-10-26 amt=300.00 sign=+1 curr=EUR label=Deposit (type/gateway/descr/drcr/sign) status='dep_settled'
[2025-09-24 17:13:21] 🔎 row 618: ✅ accept → dt=1900-10-26 amt=300.00 sign=+1 curr=EUR label=Deposit (type/gateway/descr/drcr/sign) status='dep_settled'
[2025-09-24 17:13:21] 🔎 row 619: ✅ accept → dt=1900-07-18 amt=200.00 sign=+1 curr=EUR label=Deposit (type/gateway/descr/drcr/sign) status='dep_settled'
[2025-09-24 17:13:21] 🔎 row 620: ✅ accept → dt=1900-07-18 amt=200.00 sign=+1 curr=EUR label=Deposit (type/gateway/descr/drcr/sign) status='dep_settled'
[2025-09-24 17:13:21] 🔎 row 621: ✅ accept → dt=1900-07-18 amt=200.00 sign=+1 curr=EUR label=Deposit (type/gateway/descr/drcr/sign) status='dep_settled'
[2025-09-24 17:13:21] 🔎 row 622: ✅ accept → dt=1900-07-18 amt=200.00 sign=+1 curr=EUR label=Deposit (type/gateway/descr/drcr/sign) status='dep_settled'
[2025-09-24 17:13:21] 🔎 row 623: ✅ accept → dt=1900-07-18 amt=200.00 sign=+1 curr=EUR label=Deposit (type/gateway/descr/drcr/sign) status='dep_settled'
[2025-09-24 17:13:21] 🔎 row 624: ✅ accept → dt=1900-07-18 amt=200.00 sign=+1 curr=EUR label=Deposit (type/gateway/descr/drcr/sign) status='dep_settled'
[2025-09-24 17:13:21] 🔎 row 625: ✅ accept → dt=1900-10-26 amt=300.00 sign=+1 curr=EUR label=Deposit (type/gateway/descr/drcr/sign) status='dep_settled'
[2025-09-24 17:13:21] 🔎 row 626: ✅ accept → dt=1904-04-23 amt=1575.00 sign=+1 curr=EUR label=Deposit (type/gateway/descr/drcr/sign) status='rdm_closed'
[2025-09-24 17:13:21] 🔎 row 627: ✅ accept → dt=1905-02-17 amt=1875.00 sign=+1 curr=EUR label=Deposit (type/gateway/descr/drcr/sign) status='rdm_closed'
[2025-09-24 17:13:21] 🔎 row 628: ✅ accept → dt=1899-12-30 amt=850.00 sign=+1 curr=EUR label=Deposit (type/gateway/descr/drcr/sign) status='rdm_closed'
[2025-09-24 17:13:21] 🔎 row 629: ✅ accept → dt=1899-12-30 amt=1500.00 sign=+1 curr=EUR label=Deposit (type/gateway/descr/drcr/sign) status='rdm_closed'
[2025-09-24 17:13:21] 🔎 row 630: ✅ accept → dt=1904-12-04 amt=1800.00 sign=+1 curr=EUR label=Deposit (type/gateway/descr/drcr/sign) status='rdm_closed'
[2025-09-24 17:13:21] 🔎 row 631: ✅ accept → dt=1905-01-23 amt=1850.00 sign=+1 curr=EUR label=Deposit (type/gateway/descr/drcr/sign) status='rdm_closed'
[2025-09-24 17:13:21] 🔎 row 632: ✅ accept → dt=1899-12-30 amt=2000.00 sign=+1 curr=EUR label=Deposit (type/gateway/descr/drcr/sign) status='rdm_closed'
[2025-09-24 17:13:21] 🔎 row 633: ✅ accept → dt=1905-03-14 amt=1900.00 sign=+1 curr=EUR label=Deposit (type/gateway/descr/drcr/sign) status='rdm_closed'
[2025-09-24 17:13:21] 🔎 row 634: ✅ accept → dt=1904-10-05 amt=1740.00 sign=+1 curr=EUR label=Deposit (type/gateway/descr/drcr/sign) status='rdm_closed'
[2025-09-24 17:13:21] 🔎 row 635: ✅ accept → dt=1899-12-30 amt=1150.00 sign=+1 curr=EUR label=Deposit (type/gateway/descr/drcr/sign) status='rdm_closed'
[2025-09-24 17:13:21] 🔎 row 636: ✅ accept → dt=1899-12-30 amt=1250.00 sign=+1 curr=EUR label=Deposit (type/gateway/descr/drcr/sign) status='rdm_closed'
[2025-09-24 17:13:21] 🔎 row 637: ✅ accept → dt=1899-12-30 amt=500.00 sign=+1 curr=EUR label=Deposit (type/gateway/descr/drcr/sign) status='rdm_closed'
[2025-09-24 17:13:21] 🔎 row 638: ✅ accept → dt=1899-12-30 amt=1050.00 sign=+1 curr=EUR label=Deposit (type/gateway/descr/drcr/sign) status='rdm_closed'
[2025-09-24 17:13:21] 🔎 row 639: ✅ accept → dt=1905-07-02 amt=2010.00 sign=+1 curr=EUR label=Deposit (type/gateway/descr/drcr/sign) status='rdm_closed'
[2025-09-24 17:13:21] 🔎 row 640: ✅ accept → dt=1903-01-22 amt=1118.00 sign=+1 curr=EUR label=Deposit (type/gateway/descr/drcr/sign) status='rdm_closed'
[2025-09-24 17:13:21] 🔎 row 641: ✅ accept → dt=1903-01-06 amt=1102.00 sign=+1 curr=EUR label=Deposit (type/gateway/descr/drcr/sign) status='rdm_closed'
[2025-09-24 17:13:21] 🔎 row 642: ✅ accept → dt=1899-12-30 amt=907.00 sign=+1 curr=EUR label=Deposit (type/gateway/descr/drcr/sign) status='rdm_closed'
[2025-09-24 17:13:21] 🔎 row 643: ✅ accept → dt=1899-12-30 amt=10.00 sign=+1 curr=EUR label=Deposit (type/gateway/descr/drcr/sign) status='rdm_closed'
[2025-09-24 17:13:21] 🔎 row 644: ✅ accept → dt=1900-10-26 amt=300.00 sign=+1 curr=EUR label=Deposit (type/gateway/descr/drcr/sign) status='rdm_closed'
[2025-09-24 17:13:21] 🔎 row 645: ✅ accept → dt=1902-09-26 amt=1000.00 sign=+1 curr=EUR label=Deposit (type/gateway/descr/drcr/sign) status='rdm_closed'
[2025-09-24 17:13:21] 🔎 row 646: ✅ accept → dt=1901-05-14 amt=500.00 sign=+1 curr=EUR label=Deposit (type/gateway/descr/drcr/sign) status='rdm_closed'
[2025-09-24 17:13:21] 🔎 row 647: ✅ accept → dt=1905-01-01 amt=1828.00 sign=+1 curr=EUR label=Deposit (type/gateway/descr/drcr/sign) status='rdm_closed'
[2025-09-24 17:13:21] 🔎 row 648: ✅ accept → dt=1899-12-30 amt=175.00 sign=+1 curr=EUR label=Deposit (type/gateway/descr/drcr/sign) status='rdm_closed'
[2025-09-24 17:13:21] 🔎 row 649: ✅ accept → dt=1904-02-08 amt=1500.00 sign=+1 curr=EUR label=Deposit (type/gateway/descr/drcr/sign) status='rdm_closed'
[2025-09-24 17:13:21] 🔎 row 650: ✅ accept → dt=1902-10-11 amt=1015.00 sign=+1 curr=EUR label=Deposit (type/gateway/descr/drcr/sign) status='rdm_closed'
[2025-09-24 17:13:21] 🔎 row 651: ✅ accept → dt=1903-03-05 amt=1160.00 sign=+1 curr=EUR label=Deposit (type/gateway/descr/drcr/sign) status='rdm_closed'
[2025-09-24 17:13:21] 🔎 row 652: ✅ accept → dt=1904-11-24 amt=1790.00 sign=+1 curr=EUR label=Deposit (type/gateway/descr/drcr/sign) status='rdm_closed'
[2025-09-24 17:13:21] 🔎 row 653: ✅ accept → dt=1905-06-22 amt=2000.00 sign=+1 curr=EUR label=Deposit (type/gateway/descr/drcr/sign) status='rdm_closed'
[2025-09-24 17:13:21] 🔎 row 654: ✅ accept → dt=1907-11-14 amt=2875.00 sign=+1 curr=EUR label=Deposit (type/gateway/descr/drcr/sign) status='rdm_closed'
[2025-09-24 17:13:21] 🔎 row 655: ✅ accept → dt=1906-11-04 amt=2500.00 sign=+1 curr=EUR label=Deposit (type/gateway/descr/drcr/sign) status='rdm_closed'
[2025-09-24 17:13:21] 🔎 row 656: ✅ accept → dt=1902-09-26 amt=1000.00 sign=+1 curr=EUR label=Deposit (type/gateway/descr/drcr/sign) status='rdm_closed'
[2025-09-24 17:13:21] 🔎 row 657: ✅ accept → dt=1902-09-07 amt=981.00 sign=+1 curr=EUR label=Deposit (type/gateway/descr/drcr/sign) status='rdm_closed'
[2025-09-24 17:13:21] 🔎 row 658: ✅ accept → dt=1902-07-03 amt=915.00 sign=+1 curr=EUR label=Deposit (type/gateway/descr/drcr/sign) status='rdm_closed'
[2025-09-24 17:13:21] 🔎 row 659: ✅ accept → dt=1903-12-30 amt=1460.00 sign=+1 curr=EUR label=Deposit (type/gateway/descr/drcr/sign) status='rdm_closed'
[2025-09-24 17:13:21] 🔎 row 660: ✅ accept → dt=1899-12-30 amt=1510.00 sign=+1 curr=EUR label=Deposit (type/gateway/descr/drcr/sign) status='rdm_closed'
[2025-09-24 17:13:21] 🔎 row 661: ✅ accept → dt=1904-02-08 amt=1500.00 sign=+1 curr=EUR label=Deposit (type/gateway/descr/drcr/sign) status='rdm_closed'
[2025-09-24 17:13:21] 🔎 row 662: ✅ accept → dt=1901-12-07 amt=707.00 sign=+1 curr=EUR label=Deposit (type/gateway/descr/drcr/sign) status='rdm_closed'
[2025-09-24 17:13:21] 🔎 row 663: ✅ accept → dt=1902-09-27 amt=1001.00 sign=+1 curr=EUR label=Deposit (type/gateway/descr/drcr/sign) status='rdm_closed'
[2025-09-24 17:13:21] 🔎 row 664: ✅ accept → dt=1903-09-05 amt=1344.00 sign=+1 curr=EUR label=Deposit (type/gateway/descr/drcr/sign) status='rdm_closed'
[2025-09-24 17:13:21] 🔎 row 665: ✅ accept → dt=1899-12-30 amt=2030.00 sign=+1 curr=EUR label=Deposit (type/gateway/descr/drcr/sign) status='rdm_closed'
[2025-09-24 17:13:21] 🔎 row 666: ✅ accept → dt=1904-02-10 amt=1502.00 sign=+1 curr=EUR label=Deposit (type/gateway/descr/drcr/sign) status='rdm_closed'
[2025-09-24 17:13:21] 🔎 row 667: ✅ accept → dt=1901-08-12 amt=590.00 sign=+1 curr=EUR label=Deposit (type/gateway/descr/drcr/sign) status='rdm_closed'
[2025-09-24 17:13:21] 🔎 row 668: ✅ accept → dt=1899-12-30 amt=575.00 sign=+1 curr=EUR label=Deposit (type/gateway/descr/drcr/sign) status='rdm_closed'
[2025-09-24 17:13:21] 🔎 row 669: ✅ accept → dt=1902-07-13 amt=925.00 sign=+1 curr=EUR label=Deposit (type/gateway/descr/drcr/sign) status='rdm_closed'
[2025-09-24 17:13:21] 🔎 row 670: ✅ accept → dt=1902-10-21 amt=1025.00 sign=+1 curr=EUR label=Deposit (type/gateway/descr/drcr/sign) status='rdm_closed'
[2025-09-24 17:13:21] 🔎 row 671: ✅ accept → dt=1906-11-04 amt=2500.00 sign=+1 curr=EUR label=Deposit (type/gateway/descr/drcr/sign) status='rdm_closed'
[2025-09-24 17:13:21] 🔎 row 672: ✅ accept → dt=1904-12-04 amt=1800.00 sign=+1 curr=EUR label=Deposit (type/gateway/descr/drcr/sign) status='rdm_closed'
[2025-09-24 17:13:21] 🔎 row 673: ✅ accept → dt=1899-12-30 amt=1000.00 sign=+1 curr=EUR label=Deposit (type/gateway/descr/drcr/sign) status='rdm_closed'
[2025-09-24 17:13:21] 🔎 row 674: ✅ accept → dt=1899-12-30 amt=1000.00 sign=+1 curr=EUR label=Deposit (type/gateway/descr/drcr/sign) status='rdm_closed'
[2025-09-24 17:13:21] 🔎 row 675: ✅ accept → dt=1899-12-30 amt=695.00 sign=+1 curr=EUR label=Deposit (type/gateway/descr/drcr/sign) status='rdm_closed'
[2025-09-24 17:13:21] 🔎 row 676: ✅ accept → dt=1899-12-30 amt=500.00 sign=+1 curr=EUR label=Deposit (type/gateway/descr/drcr/sign) status='rdm_closed'
[2025-09-24 17:13:21] 🔎 row 677: ✅ accept → dt=1899-12-30 amt=500.00 sign=+1 curr=EUR label=Deposit (type/gateway/descr/drcr/sign) status='rdm_closed'
[2025-09-24 17:13:21] 🔎 row 678: ✅ accept → dt=1899-12-30 amt=2000.00 sign=+1 curr=EUR label=Deposit (type/gateway/descr/drcr/sign) status='rdm_closed'
[2025-09-24 17:13:21] 🔎 row 679: ✅ accept → dt=1899-12-30 amt=2500.00 sign=+1 curr=EUR label=Deposit (type/gateway/descr/drcr/sign) status='rdm_closed'
[2025-09-24 17:13:21] 🔎 row 680: ✅ accept → dt=1899-12-30 amt=1000.00 sign=+1 curr=EUR label=Deposit (type/gateway/descr/drcr/sign) status='rdm_closed'
[2025-09-24 17:13:21] 🔎 row 681: ✅ accept → dt=1899-12-30 amt=1000.00 sign=+1 curr=EUR label=Deposit (type/gateway/descr/drcr/sign) status='rdm_closed'
[2025-09-24 17:13:21] 🔎 row 682: ✅ accept → dt=1899-12-30 amt=538.00 sign=+1 curr=EUR label=Deposit (type/gateway/descr/drcr/sign) status='rdm_closed'
[2025-09-24 17:13:21] 🔎 row 683: ✅ accept → dt=1899-12-30 amt=1200.00 sign=+1 curr=EUR label=Deposit (type/gateway/descr/drcr/sign) status='rdm_closed'
[2025-09-24 17:13:21] 🔎 row 684: ✅ accept → dt=1899-12-30 amt=1200.00 sign=+1 curr=EUR label=Deposit (type/gateway/descr/drcr/sign) status='rdm_closed'
[2025-09-24 17:13:21] 🔎 row 685: ✅ accept → dt=1899-12-30 amt=1200.00 sign=+1 curr=EUR label=Deposit (type/gateway/descr/drcr/sign) status='rdm_closed'
[2025-09-24 17:13:21] 🔎 row 686: ✅ accept → dt=1899-12-30 amt=888.00 sign=+1 curr=EUR label=Deposit (type/gateway/descr/drcr/sign) status='rdm_closed'
[2025-09-24 17:13:21] 🔎 row 687: ✅ accept → dt=1899-12-30 amt=500.00 sign=+1 curr=EUR label=Deposit (type/gateway/descr/drcr/sign) status='rdm_closed'
[2025-09-24 17:13:21] 🔎 row 688: ✅ accept → dt=1899-12-30 amt=600.00 sign=+1 curr=EUR label=Deposit (type/gateway/descr/drcr/sign) status='rdm_closed'
[2025-09-24 17:13:21] 🔎 row 689: ✅ accept → dt=1899-12-30 amt=525.00 sign=+1 curr=EUR label=Deposit (type/gateway/descr/drcr/sign) status='rdm_closed'
[2025-09-24 17:13:21] 🔎 row 690: ✅ accept → dt=1899-12-30 amt=725.00 sign=+1 curr=EUR label=Deposit (type/gateway/descr/drcr/sign) status='rdm_closed'
[2025-09-24 17:13:21] 🔎 row 691: ✅ accept → dt=1899-12-30 amt=1000.00 sign=+1 curr=EUR label=Deposit (type/gateway/descr/drcr/sign) status='rdm_closed'
[2025-09-24 17:13:21] 🔎 row 692: ✅ accept → dt=1899-12-30 amt=1000.00 sign=+1 curr=EUR label=Deposit (type/gateway/descr/drcr/sign) status='rdm_closed'
[2025-09-24 17:13:21] 🔎 row 693: ✅ accept → dt=1899-12-30 amt=620.00 sign=+1 curr=EUR label=Deposit (type/gateway/descr/drcr/sign) status='rdm_closed'
[2025-09-24 17:13:21] 🔎 row 694: ✅ accept → dt=1899-12-30 amt=1050.00 sign=+1 curr=EUR label=Deposit (type/gateway/descr/drcr/sign) status='rdm_closed'
[2025-09-24 17:13:21] 🔎 row 695: ✅ accept → dt=1899-12-30 amt=405.00 sign=+1 curr=EUR label=Deposit (type/gateway/descr/drcr/sign) status='rdm_closed'
[2025-09-24 17:13:21] 🔎 row 696: ✅ accept → dt=1905-06-22 amt=2000.00 sign=+1 curr=EUR label=Deposit (type/gateway/descr/drcr/sign) status='rdm_closed'
[2025-09-24 17:13:21] 🔎 row 697: ✅ accept → dt=1903-04-14 amt=1200.00 sign=+1 curr=EUR label=Deposit (type/gateway/descr/drcr/sign) status='rdm_closed'
[2025-09-24 17:13:21] 🔎 row 698: ✅ accept → dt=1899-12-30 amt=800.00 sign=+1 curr=EUR label=Deposit (type/gateway/descr/drcr/sign) status='rdm_closed'
[2025-09-24 17:13:21] 🔎 row 699: ✅ accept → dt=1899-12-30 amt=10.00 sign=+1 curr=EUR label=Deposit (type/gateway/descr/drcr/sign) status='rdm_closed'
[2025-09-24 17:13:21] 🔎 row 700: ✅ accept → dt=1899-12-30 amt=350.00 sign=+1 curr=EUR label=Deposit (type/gateway/descr/drcr/sign) status='rdm_closed'
[2025-09-24 17:13:21] 🔎 row 701: ✅ accept → dt=1899-12-30 amt=3500.00 sign=+1 curr=EUR label=Deposit (type/gateway/descr/drcr/sign) status='rdm_closed'
[2025-09-24 17:13:21] 🔎 row 702: ✅ accept → dt=1902-04-17 amt=838.00 sign=+1 curr=EUR label=Deposit (type/gateway/descr/drcr/sign) status='rdm_closed'
[2025-09-24 17:13:21] 🔎 row 703: ✅ accept → dt=1901-08-22 amt=600.00 sign=+1 curr=EUR label=Deposit (type/gateway/descr/drcr/sign) status='rdm_closed'
[2025-09-24 17:13:21] 🔎 row 704: ✅ accept → dt=1899-12-30 amt=1038.00 sign=+1 curr=EUR label=Deposit (type/gateway/descr/drcr/sign) status='rdm_closed'
[2025-09-24 17:13:21] 🔎 row 705: ✅ accept → dt=1902-01-19 amt=750.00 sign=+1 curr=EUR label=Deposit (type/gateway/descr/drcr/sign) status='rdm_closed'
[2025-09-24 17:13:21] 🔎 row 706: ✅ accept → dt=1901-11-15 amt=685.00 sign=+1 curr=EUR label=Deposit (type/gateway/descr/drcr/sign) status='rdm_closed'
[2025-09-24 17:13:21] 🔎 row 707: ✅ accept → dt=1899-12-30 amt=1000.00 sign=+1 curr=EUR label=Deposit (type/gateway/descr/drcr/sign) status='rdm_closed'
[2025-09-24 17:13:21] 🔎 row 708: ✅ accept → dt=1899-12-30 amt=700.00 sign=+1 curr=EUR label=Deposit (type/gateway/descr/drcr/sign) status='rdm_closed'
[2025-09-24 17:13:21] 🔎 row 709: ✅ accept → dt=1899-12-30 amt=900.00 sign=+1 curr=EUR label=Deposit (type/gateway/descr/drcr/sign) status='rdm_closed'
[2025-09-24 17:13:21] 🔎 row 710: ✅ accept → dt=1900-09-26 amt=270.00 sign=+1 curr=EUR label=Deposit (type/gateway/descr/drcr/sign) status='rdm_closed'
[2025-09-24 17:13:21] 🔎 row 711: ✅ accept → dt=1902-03-24 amt=814.00 sign=+1 curr=EUR label=Deposit (type/gateway/descr/drcr/sign) status='rdm_closed'
[2025-09-24 17:13:21] 🔎 row 712: ✅ accept → dt=1899-12-30 amt=838.00 sign=+1 curr=EUR label=Deposit (type/gateway/descr/drcr/sign) status='rdm_closed'
[2025-09-24 17:13:22] 🔎 row 713: ✅ accept → dt=1899-12-30 amt=1038.00 sign=+1 curr=EUR label=Deposit (type/gateway/descr/drcr/sign) status='rdm_closed'
[2025-09-24 17:13:22] 🔎 row 714: ✅ accept → dt=1899-12-30 amt=900.00 sign=+1 curr=EUR label=Deposit (type/gateway/descr/drcr/sign) status='rdm_closed'
[2025-09-24 17:13:22] 🔎 row 715: ✅ accept → dt=1899-12-30 amt=800.00 sign=+1 curr=EUR label=Deposit (type/gateway/descr/drcr/sign) status='rdm_closed'
[2025-09-24 17:13:22] 🔎 row 716: ✅ accept → dt=1902-05-24 amt=875.00 sign=+1 curr=EUR label=Deposit (type/gateway/descr/drcr/sign) status='rdm_closed'
[2025-09-24 17:13:22] 🔎 row 717: ✅ accept → dt=1901-11-07 amt=677.00 sign=+1 curr=EUR label=Deposit (type/gateway/descr/drcr/sign) status='rdm_closed'
[2025-09-24 17:13:22] 🔎 row 718: ✅ accept → dt=1902-02-04 amt=766.00 sign=+1 curr=EUR label=Deposit (type/gateway/descr/drcr/sign) status='rdm_closed'
[2025-09-24 17:13:22] 🔎 row 719: ✅ accept → dt=1899-12-30 amt=520.00 sign=+1 curr=EUR label=Deposit (type/gateway/descr/drcr/sign) status='rdm_closed'
[2025-09-24 17:13:22] 🔎 row 720: ✅ accept → dt=1899-12-30 amt=600.00 sign=+1 curr=EUR label=Deposit (type/gateway/descr/drcr/sign) status='rdm_closed'
[2025-09-24 17:13:22] 🔎 row 721: ✅ accept → dt=1901-04-04 amt=460.00 sign=+1 curr=EUR label=Deposit (type/gateway/descr/drcr/sign) status='rdm_closed'
[2025-09-24 17:13:22] 🔎 row 722: ✅ accept → dt=1902-02-03 amt=765.00 sign=+1 curr=EUR label=Deposit (type/gateway/descr/drcr/sign) status='rdm_closed'
[2025-09-24 17:13:22] 🔎 row 723: ✅ accept → dt=1901-02-25 amt=422.00 sign=+1 curr=EUR label=Deposit (type/gateway/descr/drcr/sign) status='rdm_closed'
[2025-09-24 17:13:22] 🔎 row 724: ✅ accept → dt=1901-10-16 amt=655.00 sign=+1 curr=EUR label=Deposit (type/gateway/descr/drcr/sign) status='rdm_closed'
[2025-09-24 17:13:22] 🔎 row 725: ✅ accept → dt=1902-02-04 amt=766.00 sign=+1 curr=EUR label=Deposit (type/gateway/descr/drcr/sign) status='rdm_closed'
[2025-09-24 17:13:22] 🔎 row 726: ✅ accept → dt=1901-10-21 amt=660.00 sign=+1 curr=EUR label=Deposit (type/gateway/descr/drcr/sign) status='rdm_closed'
[2025-09-24 17:13:22] 🔎 row 727: ✅ accept → dt=1900-12-16 amt=351.00 sign=+1 curr=EUR label=Deposit (type/gateway/descr/drcr/sign) status='rdm_closed'
[2025-09-24 17:13:22] 🔎 row 728: ✅ accept → dt=1901-11-07 amt=677.00 sign=+1 curr=EUR label=Deposit (type/gateway/descr/drcr/sign) status='rdm_closed'
[2025-09-24 17:13:22] 🔎 row 729: ✅ accept → dt=1901-05-14 amt=500.00 sign=+1 curr=EUR label=Deposit (type/gateway/descr/drcr/sign) status='rdm_closed'
[2025-09-24 17:13:22] 🔎 row 730: ✅ accept → dt=1901-01-24 amt=390.00 sign=+1 curr=EUR label=Deposit (type/gateway/descr/drcr/sign) status='rdm_closed'
[2025-09-24 17:13:22] 🔎 row 731: ✅ accept → dt=1900-04-19 amt=110.00 sign=+1 curr=EUR label=Deposit (type/gateway/descr/drcr/sign) status='rdm_closed'
[2025-09-24 17:13:22] 🔎 row 732: ✅ accept → dt=1900-11-21 amt=326.00 sign=+1 curr=EUR label=Deposit (type/gateway/descr/drcr/sign) status='rdm_closed'
[2025-09-24 17:13:22] 🔎 row 733: ✅ accept → dt=1899-12-30 amt=326.00 sign=+1 curr=EUR label=Deposit (type/gateway/descr/drcr/sign) status='rdm_closed'
[2025-09-24 17:13:22] 🔎 row 734: ✅ accept → dt=1901-06-14 amt=531.00 sign=+1 curr=EUR label=Deposit (type/gateway/descr/drcr/sign) status='rdm_closed'
[2025-09-24 17:13:22] 🔎 row 735: ✅ accept → dt=1899-12-30 amt=500.00 sign=+1 curr=EUR label=Deposit (type/gateway/descr/drcr/sign) status='rdm_closed'
[2025-09-24 17:13:22] 🔎 row 736: ✅ accept → dt=1899-12-30 amt=600.00 sign=+1 curr=EUR label=Deposit (type/gateway/descr/drcr/sign) status='rdm_closed'
[2025-09-24 17:13:22] 🔎 row 737: ✅ accept → dt=1899-12-30 amt=700.00 sign=+1 curr=EUR label=Deposit (type/gateway/descr/drcr/sign) status='rdm_closed'
[2025-09-24 17:13:22] 🔎 row 738: ✅ accept → dt=1899-12-30 amt=692.00 sign=+1 curr=EUR label=Deposit (type/gateway/descr/drcr/sign) status='rdm_closed'
[2025-09-24 17:13:22] 🔎 row 739: ✅ accept → dt=1899-12-30 amt=600.00 sign=+1 curr=EUR label=Deposit (type/gateway/descr/drcr/sign) status='rdm_closed'
[2025-09-24 17:13:22] 🔎 row 740: ✅ accept → dt=1899-12-30 amt=250.00 sign=+1 curr=EUR label=Deposit (type/gateway/descr/drcr/sign) status='rdm_closed'
[2025-09-24 17:13:22] 🔎 row 741: ✅ accept → dt=1901-06-23 amt=540.00 sign=+1 curr=EUR label=Deposit (type/gateway/descr/drcr/sign) status='rdm_closed'
[2025-09-24 17:13:22] 🔎 row 742: ✅ accept → dt=1906-04-18 amt=2300.00 sign=+1 curr=EUR label=Deposit (type/gateway/descr/drcr/sign) status='rdm_closed'
[2025-09-24 17:13:22] 🔎 row 743: ✅ accept → dt=1899-12-30 amt=455.00 sign=+1 curr=EUR label=Deposit (type/gateway/descr/drcr/sign) status='rdm_closed'
[2025-09-24 17:13:22] 🔎 row 744: ✅ accept → dt=1902-10-21 amt=1025.00 sign=+1 curr=EUR label=Deposit (type/gateway/descr/drcr/sign) status='rdm_closed'
[2025-09-24 17:13:22] 🔎 row 745: ✅ accept → dt=1899-12-30 amt=1025.00 sign=+1 curr=EUR label=Deposit (type/gateway/descr/drcr/sign) status='rdm_closed'
[2025-09-24 17:13:22] 🔎 row 746: ✅ accept → dt=1903-09-11 amt=1350.00 sign=+1 curr=EUR label=Deposit (type/gateway/descr/drcr/sign) status='rdm_closed'
[2025-09-24 17:13:22] 🔎 row 747: ✅ accept → dt=1899-12-30 amt=900.00 sign=+1 curr=EUR label=Deposit (type/gateway/descr/drcr/sign) status='rdm_closed'
[2025-09-24 17:13:22] 🔎 row 748: ✅ accept → dt=1899-12-30 amt=1060.00 sign=+1 curr=EUR label=Deposit (type/gateway/descr/drcr/sign) status='rdm_closed'
[2025-09-24 17:13:22] 🔎 row 749: ✅ accept → dt=1899-12-30 amt=405.00 sign=+1 curr=EUR label=Deposit (type/gateway/descr/drcr/sign) status='rdm_closed'
[2025-09-24 17:13:22] 🔎 row 750: ✅ accept → dt=1899-12-30 amt=420.00 sign=+1 curr=EUR label=Deposit (type/gateway/descr/drcr/sign) status='rdm_closed'
[2025-09-24 17:13:22] 🔎 row 751: ✅ accept → dt=1899-12-30 amt=426.00 sign=+1 curr=EUR label=Deposit (type/gateway/descr/drcr/sign) status='rdm_closed'
[2025-09-24 17:13:22] 🔎 row 752: ✅ accept → dt=1899-12-30 amt=144.00 sign=+1 curr=EUR label=Deposit (type/gateway/descr/drcr/sign) status='rdm_closed'
[2025-09-24 17:13:22] 🔎 row 753: ✅ accept → dt=1899-12-30 amt=187.00 sign=+1 curr=EUR label=Deposit (type/gateway/descr/drcr/sign) status='rdm_closed'
[2025-09-24 17:13:22] 🔎 row 754: ✅ accept → dt=1902-01-04 amt=735.00 sign=+1 curr=EUR label=Deposit (type/gateway/descr/drcr/sign) status='rdm_closed'
[2025-09-24 17:13:22] 🔎 row 755: ✅ accept → dt=1899-12-30 amt=275.00 sign=+1 curr=EUR label=Deposit (type/gateway/descr/drcr/sign) status='rdm_closed'
[2025-09-24 17:13:22] 🔎 row 756: ✅ accept → dt=1899-12-30 amt=600.00 sign=+1 curr=EUR label=Deposit (type/gateway/descr/drcr/sign) status='rdm_closed'
[2025-09-24 17:13:22] 🔎 row 757: ✅ accept → dt=1899-12-30 amt=625.00 sign=+1 curr=EUR label=Deposit (type/gateway/descr/drcr/sign) status='rdm_closed'
[2025-09-24 17:13:22] 🔎 row 758: ✅ accept → dt=1899-12-30 amt=295.00 sign=+1 curr=EUR label=Deposit (type/gateway/descr/drcr/sign) status='rdm_closed'
[2025-09-24 17:13:22] 🔎 row 759: ✅ accept → dt=1899-12-30 amt=225.00 sign=+1 curr=EUR label=Deposit (type/gateway/descr/drcr/sign) status='rdm_closed'
[2025-09-24 17:13:22] 🔎 row 760: ✅ accept → dt=1901-11-05 amt=675.00 sign=+1 curr=EUR label=Deposit (type/gateway/descr/drcr/sign) status='rdm_closed'
[2025-09-24 17:13:22] 🔎 row 761: ✅ accept → dt=1901-08-17 amt=595.00 sign=+1 curr=EUR label=Deposit (type/gateway/descr/drcr/sign) status='rdm_closed'
[2025-09-24 17:13:22] 🔎 row 762: ✅ accept → dt=1900-04-27 amt=118.00 sign=+1 curr=EUR label=Deposit (type/gateway/descr/drcr/sign) status='rdm_closed'
[2025-09-24 17:13:22] 🔎 row 763: ✅ accept → dt=1900-02-13 amt=45.00 sign=+1 curr=EUR label=Deposit (type/gateway/descr/drcr/sign) status='rdm_closed'
[2025-09-24 17:13:22] 🔎 row 764: ✅ accept → dt=1900-06-28 amt=180.00 sign=+1 curr=EUR label=Deposit (type/gateway/descr/drcr/sign) status='rdm_closed'
[2025-09-24 17:13:22] 🔎 row 765: ✅ accept → dt=1900-04-05 amt=96.00 sign=+1 curr=EUR label=Deposit (type/gateway/descr/drcr/sign) status='rdm_closed'
[2025-09-24 17:13:22] 🔎 row 766: ✅ accept → dt=1900-07-20 amt=202.00 sign=+1 curr=EUR label=Deposit (type/gateway/descr/drcr/sign) status='rdm_closed'
[2025-09-24 17:13:22] 🔎 row 767: ✅ accept → dt=1900-08-09 amt=222.00 sign=+1 curr=EUR label=Deposit (type/gateway/descr/drcr/sign) status='rdm_closed'
[2025-09-24 17:13:22] 🔎 row 768: ✅ accept → dt=1899-12-30 amt=172.00 sign=+1 curr=EUR label=Deposit (type/gateway/descr/drcr/sign) status='rdm_closed'
[2025-09-24 17:13:22] 🔎 row 769: ✅ accept → dt=1900-05-23 amt=144.00 sign=+1 curr=EUR label=Deposit (type/gateway/descr/drcr/sign) status='rdm_closed'
[2025-09-24 17:13:22] 🔎 row 770: ✅ accept → dt=1899-12-30 amt=144.00 sign=+1 curr=EUR label=Deposit (type/gateway/descr/drcr/sign) status='rdm_closed'
[2025-09-24 17:13:22] 🔎 row 771: ✅ accept → dt=1899-12-30 amt=404.00 sign=+1 curr=EUR label=Deposit (type/gateway/descr/drcr/sign) status='rdm_closed'
[2025-09-24 17:13:22] 🔎 row 772: ✅ accept → dt=1899-12-30 amt=539.00 sign=+1 curr=EUR label=Deposit (type/gateway/descr/drcr/sign) status='rdm_closed'
[2025-09-24 17:13:22] 🔎 row 773: ✅ accept → dt=1899-12-30 amt=539.00 sign=+1 curr=EUR label=Deposit (type/gateway/descr/drcr/sign) status='rdm_closed'
[2025-09-24 17:13:22] 🔎 row 774: ✅ accept → dt=1901-03-15 amt=440.00 sign=+1 curr=EUR label=Deposit (type/gateway/descr/drcr/sign) status='rdm_closed'
[2025-09-24 17:13:22] 🔎 row 775: ✅ accept → dt=1899-12-30 amt=290.00 sign=+1 curr=EUR label=Deposit (type/gateway/descr/drcr/sign) status='rdm_closed'
[2025-09-24 17:13:22] 🔎 row 776: ✅ accept → dt=1899-12-30 amt=290.00 sign=+1 curr=EUR label=Deposit (type/gateway/descr/drcr/sign) status='rdm_closed'
[2025-09-24 17:13:22] 🔎 row 777: ✅ accept → dt=1900-06-08 amt=160.00 sign=+1 curr=EUR label=Deposit (type/gateway/descr/drcr/sign) status='rdm_closed'
[2025-09-24 17:13:22] 🔎 row 778: ✅ accept → dt=1900-10-06 amt=280.00 sign=+1 curr=EUR label=Deposit (type/gateway/descr/drcr/sign) status='rdm_closed'
[2025-09-24 17:13:22] 🔎 row 779: ✅ accept → dt=1904-02-09 amt=1501.60 sign=+1 curr=EUR label=Deposit (type/gateway/descr/drcr/sign) status='rdm_closed'
[2025-09-24 17:13:22] 🔎 row 780: ✅ accept → dt=1902-07-18 amt=930.00 sign=+1 curr=EUR label=Deposit (type/gateway/descr/drcr/sign) status='rdm_closed'
[2025-09-24 17:13:22] 🔎 row 781: ✅ accept → dt=1899-12-30 amt=200.00 sign=+1 curr=EUR label=Deposit (type/gateway/descr/drcr/sign) status='rdm_closed'
[2025-09-24 17:13:22] 🔎 row 782: ✅ accept → dt=1902-01-29 amt=760.00 sign=+1 curr=EUR label=Deposit (type/gateway/descr/drcr/sign) status='rdm_closed'
[2025-09-24 17:13:22] 🔎 row 783: ✅ accept → dt=1902-07-07 amt=919.00 sign=+1 curr=EUR label=Deposit (type/gateway/descr/drcr/sign) status='rdm_closed'
[2025-09-24 17:13:22] 🔎 row 784: ✅ accept → dt=1899-12-30 amt=308.00 sign=+1 curr=EUR label=Deposit (type/gateway/descr/drcr/sign) status='rdm_closed'
[2025-09-24 17:13:22] 🔎 row 785: ✅ accept → dt=1901-06-18 amt=535.00 sign=+1 curr=EUR label=Deposit (type/gateway/descr/drcr/sign) status='rdm_closed'
[2025-09-24 17:13:22] 🔎 row 786: ✅ accept → dt=1900-10-14 amt=288.00 sign=+1 curr=EUR label=Deposit (type/gateway/descr/drcr/sign) status='rdm_closed'
[2025-09-24 17:13:22] 🔎 row 787: ✅ accept → dt=1900-04-09 amt=100.00 sign=+1 curr=EUR label=Deposit (type/gateway/descr/drcr/sign) status='rdm_closed'
[2025-09-24 17:13:22] 🔎 row 788: ✅ accept → dt=1899-12-30 amt=100.00 sign=+1 curr=EUR label=Deposit (type/gateway/descr/drcr/sign) status='rdm_closed'
[2025-09-24 17:13:22] 🔎 row 789: ✅ accept → dt=1900-04-04 amt=95.25 sign=+1 curr=EUR label=Deposit (type/gateway/descr/drcr/sign) status='rdm_closed'
[2025-09-24 17:13:22] 🔎 row 790: ✅ accept → dt=1899-12-30 amt=200.00 sign=+1 curr=EUR label=Deposit (type/gateway/descr/drcr/sign) status='rdm_closed'
[2025-09-24 17:13:22] 🔎 row 791: ✅ accept → dt=1899-12-30 amt=1030.00 sign=+1 curr=EUR label=Deposit (type/gateway/descr/drcr/sign) status='rdm_closed'
[2025-09-24 17:13:22] 🔎 row 792: ✅ accept → dt=1899-12-30 amt=556.00 sign=+1 curr=EUR label=Deposit (type/gateway/descr/drcr/sign) status='rdm_closed'
[2025-09-24 17:13:22] 🔎 row 793: ✅ accept → dt=1899-12-30 amt=700.00 sign=+1 curr=EUR label=Deposit (type/gateway/descr/drcr/sign) status='rdm_closed'
[2025-09-24 17:13:22] 🔎 row 794: ✅ accept → dt=1899-12-30 amt=9930.00 sign=+1 curr=EUR label=Deposit (type/gateway/descr/drcr/sign) status='rdm_closed'
[2025-09-24 17:13:22] 🔎 row 795: ✅ accept → dt=1899-12-30 amt=9990.00 sign=+1 curr=EUR label=Deposit (type/gateway/descr/drcr/sign) status='rdm_closed'
[2025-09-24 17:13:22] 🔎 row 796: ✅ accept → dt=1899-12-30 amt=9890.00 sign=+1 curr=EUR label=Deposit (type/gateway/descr/drcr/sign) status='rdm_closed'
[2025-09-24 17:13:22] 🔎 row 797: ✅ accept → dt=1899-12-30 amt=9985.00 sign=+1 curr=EUR label=Deposit (type/gateway/descr/drcr/sign) status='rdm_closed'
[2025-09-24 17:13:22] 🔎 row 798: ✅ accept → dt=1899-12-30 amt=7105.00 sign=+1 curr=EUR label=Deposit (type/gateway/descr/drcr/sign) status='rdm_closed'
[2025-09-24 17:13:22] 🔎 row 799: ✅ accept → dt=1924-06-02 amt=8920.00 sign=+1 curr=EUR label=Deposit (type/gateway/descr/drcr/sign) status='rdm_closed'
[2025-09-24 17:13:22] 🔎 row 800: ✅ accept → dt=1902-09-26 amt=1000.00 sign=+1 curr=EUR label=Deposit (type/gateway/descr/drcr/sign) status='rdm_closed'
[2025-09-24 17:13:22] 🔎 row 801: ✅ accept → dt=1906-07-07 amt=2380.00 sign=+1 curr=EUR label=Deposit (type/gateway/descr/drcr/sign) status='rdm_closed'
[2025-09-24 17:13:22] 🔎 row 802: ✅ accept → dt=1899-12-30 amt=400.00 sign=+1 curr=EUR label=Deposit (type/gateway/descr/drcr/sign) status='rdm_closed'
[2025-09-24 17:13:22] 🔎 row 803: ✅ accept → dt=1899-12-30 amt=400.00 sign=+1 curr=EUR label=Deposit (type/gateway/descr/drcr/sign) status='rdm_closed'
[2025-09-24 17:13:22] 🔎 row 804: ✅ accept → dt=1899-12-30 amt=4000.00 sign=+1 curr=EUR label=Deposit (type/gateway/descr/drcr/sign) status='rdm_closed'
[2025-09-24 17:13:22] 🔎 row 805: ✅ accept → dt=1899-12-30 amt=5490.00 sign=+1 curr=EUR label=Deposit (type/gateway/descr/drcr/sign) status='rdm_closed'
[2025-09-24 17:13:22] 🔎 row 806: ✅ accept → dt=1899-12-30 amt=4500.00 sign=+1 curr=EUR label=Deposit (type/gateway/descr/drcr/sign) status='rdm_closed'
[2025-09-24 17:13:22] 🔎 row 807: ✅ accept → dt=1899-12-30 amt=4500.00 sign=+1 curr=EUR label=Deposit (type/gateway/descr/drcr/sign) status='rdm_closed'
[2025-09-24 17:13:22] 🔎 row 808: ✅ accept → dt=1899-12-30 amt=2000.00 sign=+1 curr=EUR label=Deposit (type/gateway/descr/drcr/sign) status='rdm_closed'
[2025-09-24 17:13:22] 🔎 row 809: ✅ accept → dt=1899-12-30 amt=2270.00 sign=+1 curr=EUR label=Deposit (type/gateway/descr/drcr/sign) status='rdm_closed'
[2025-09-24 17:13:22] 🔎 row 810: ✅ accept → dt=1899-12-30 amt=9325.00 sign=+1 curr=EUR label=Deposit (type/gateway/descr/drcr/sign) status='rdm_closed'
[2025-09-24 17:13:22] 🔎 row 811: ✅ accept → dt=1899-12-30 amt=8000.38 sign=+1 curr=EUR label=Deposit (type/gateway/descr/drcr/sign) status='rdm_closed'
[2025-09-24 17:13:22] 🔎 row 812: ✅ accept → dt=1899-12-30 amt=6006.38 sign=+1 curr=EUR label=Deposit (type/gateway/descr/drcr/sign) status='rdm_closed'
[2025-09-24 17:13:22] 🔎 row 813: ✅ accept → dt=1899-12-30 amt=9065.44 sign=+1 curr=EUR label=Deposit (type/gateway/descr/drcr/sign) status='rdm_closed'
[2025-09-24 17:13:22] 🔎 row 814: ✅ accept → dt=1899-12-30 amt=9950.00 sign=+1 curr=EUR label=Deposit (type/gateway/descr/drcr/sign) status='rdm_closed'
[2025-09-24 17:13:22] 🔎 row 815: ✅ accept → dt=1899-12-30 amt=6005.00 sign=+1 curr=EUR label=Deposit (type/gateway/descr/drcr/sign) status='rdm_closed'
[2025-09-24 17:13:22] 🔎 row 816: ✅ accept → dt=1899-12-30 amt=9000.00 sign=+1 curr=EUR label=Deposit (type/gateway/descr/drcr/sign) status='rdm_closed'
[2025-09-24 17:13:22] 🔎 row 817: ✅ accept → dt=1899-12-30 amt=1000.00 sign=+1 curr=EUR label=Deposit (type/gateway/descr/drcr/sign) status='rdm_closed'
[2025-09-24 17:13:22] 🔎 row 818: ✅ accept → dt=1899-12-30 amt=9900.00 sign=+1 curr=EUR label=Deposit (type/gateway/descr/drcr/sign) status='rdm_closed'
[2025-09-24 17:13:22] 🔎 row 819: ✅ accept → dt=1899-12-30 amt=9901.00 sign=+1 curr=EUR label=Deposit (type/gateway/descr/drcr/sign) status='rdm_closed'
[2025-09-24 17:13:22] 🔎 row 820: ✅ accept → dt=1899-12-30 amt=8174.00 sign=+1 curr=EUR label=Deposit (type/gateway/descr/drcr/sign) status='rdm_closed'
[2025-09-24 17:13:22] 🔎 row 821: ✅ accept → dt=1899-12-30 amt=7699.50 sign=+1 curr=EUR label=Deposit (type/gateway/descr/drcr/sign) status='rdm_closed'
[2025-09-24 17:13:22] 🔎 row 822: ✅ accept → dt=1899-12-30 amt=6605.00 sign=+1 curr=EUR label=Deposit (type/gateway/descr/drcr/sign) status='rdm_closed'
[2025-09-24 17:13:22] 🔎 row 823: ✅ accept → dt=1899-12-30 amt=4379.55 sign=+1 curr=EUR label=Deposit (type/gateway/descr/drcr/sign) status='rdm_closed'
[2025-09-24 17:13:22] 🔎 row 824: ✅ accept → dt=1901-11-10 amt=680.00 sign=+1 curr=EUR label=Deposit (type/gateway/descr/drcr/sign) status='rdm_closed'
[2025-09-24 17:13:22] 🔎 row 825: ✅ accept → dt=1899-12-30 amt=5035.00 sign=+1 curr=EUR label=Deposit (type/gateway/descr/drcr/sign) status='rdm_closed'
[2025-09-24 17:13:22] 🔎 row 826: ✅ accept → dt=1899-12-30 amt=4005.00 sign=+1 curr=EUR label=Deposit (type/gateway/descr/drcr/sign) status='rdm_closed'
[2025-09-24 17:13:22] 🔎 row 827: ✅ accept → dt=1899-12-30 amt=7000.00 sign=+1 curr=EUR label=Deposit (type/gateway/descr/drcr/sign) status='rdm_closed'
[2025-09-24 17:13:22] 🔎 row 828: ✅ accept → dt=1899-12-30 amt=3000.00 sign=+1 curr=EUR label=Deposit (type/gateway/descr/drcr/sign) status='rdm_closed'
[2025-09-24 17:13:22] 🔎 row 829: ✅ accept → dt=1899-12-30 amt=2000.00 sign=+1 curr=EUR label=Deposit (type/gateway/descr/drcr/sign) status='rdm_closed'
[2025-09-24 17:13:22] 🔎 row 830: ✅ accept → dt=1899-12-30 amt=4010.00 sign=+1 curr=EUR label=Deposit (type/gateway/descr/drcr/sign) status='rdm_closed'
[2025-09-24 17:13:22] 🔎 row 831: ✅ accept → dt=1899-12-30 amt=603.00 sign=+1 curr=EUR label=Deposit (type/gateway/descr/drcr/sign) status='rdm_closed'
[2025-09-24 17:13:22] 🔎 row 832: ✅ accept → dt=1899-12-30 amt=4007.00 sign=+1 curr=EUR label=Deposit (type/gateway/descr/drcr/sign) status='rdm_closed'
[2025-09-24 17:13:22] 🔎 row 833: ✅ accept → dt=1899-12-30 amt=4010.00 sign=+1 curr=EUR label=Deposit (type/gateway/descr/drcr/sign) status='rdm_closed'
[2025-09-24 17:13:22] 🔎 row 834: ✅ accept → dt=1907-09-10 amt=2810.00 sign=+1 curr=EUR label=Deposit (type/gateway/descr/drcr/sign) status='rdm_closed'
[2025-09-24 17:13:22] 🔎 row 835: ✅ accept → dt=1899-12-30 amt=4428.15 sign=+1 curr=EUR label=Deposit (type/gateway/descr/drcr/sign) status='rdm_closed'
[2025-09-24 17:13:22] 🔎 row 836: ✅ accept → dt=1899-12-30 amt=4008.15 sign=+1 curr=EUR label=Deposit (type/gateway/descr/drcr/sign) status='rdm_closed'
[2025-09-24 17:13:22] 🔎 row 837: ✅ accept → dt=1909-07-31 amt=3500.00 sign=+1 curr=EUR label=Deposit (type/gateway/descr/drcr/sign) status='rdm_closed'
[2025-09-24 17:13:22] 🔎 row 838: ✅ accept → dt=1908-03-20 amt=3002.00 sign=+1 curr=EUR label=Deposit (type/gateway/descr/drcr/sign) status='rdm_closed'
[2025-09-24 17:13:22] 🔎 row 839: ✅ accept → dt=1899-12-30 amt=3980.14 sign=+1 curr=EUR label=Deposit (type/gateway/descr/drcr/sign) status='rdm_closed'
[2025-09-24 17:13:22] 🔎 row 840: ✅ accept → dt=1899-12-30 amt=1040.00 sign=+1 curr=EUR label=Deposit (type/gateway/descr/drcr/sign) status='rdm_closed'
[2025-09-24 17:13:22] 🔎 row 841: ✅ accept → dt=1899-12-30 amt=1990.00 sign=+1 curr=EUR label=Deposit (type/gateway/descr/drcr/sign) status='rdm_closed'
[2025-09-24 17:13:22] 🔎 row 842: ✅ accept → dt=1899-12-30 amt=3500.00 sign=+1 curr=EUR label=Deposit (type/gateway/descr/drcr/sign) status='rdm_closed'
[2025-09-24 17:13:22] 🔎 row 843: ✅ accept → dt=1899-12-30 amt=1007.00 sign=+1 curr=EUR label=Deposit (type/gateway/descr/drcr/sign) status='rdm_closed'
[2025-09-24 17:13:22] 🔎 row 844: ✅ accept → dt=1899-12-30 amt=3243.00 sign=+1 curr=EUR label=Deposit (type/gateway/descr/drcr/sign) status='rdm_closed'
[2025-09-24 17:13:22] 🔎 row 845: ✅ accept → dt=1909-06-21 amt=3460.00 sign=+1 curr=EUR label=Deposit (type/gateway/descr/drcr/sign) status='rdm_closed'
[2025-09-24 17:13:22] 🔎 row 846: ✅ accept → dt=1899-12-30 amt=2990.00 sign=+1 curr=EUR label=Deposit (type/gateway/descr/drcr/sign) status='rdm_closed'
[2025-09-24 17:13:22] 🔎 row 847: ✅ accept → dt=1899-12-30 amt=1208.00 sign=+1 curr=EUR label=Deposit (type/gateway/descr/drcr/sign) status='rdm_closed'
[2025-09-24 17:13:22] 🔎 row 848: ✅ accept → dt=1899-12-30 amt=3021.00 sign=+1 curr=EUR label=Deposit (type/gateway/descr/drcr/sign) status='rdm_closed'
[2025-09-24 17:13:22] 🔎 row 849: ✅ accept → dt=1910-05-27 amt=3800.00 sign=+1 curr=EUR label=Deposit (type/gateway/descr/drcr/sign) status='rdm_closed'
[2025-09-24 17:13:22] 🔎 row 850: ✅ accept → dt=1906-09-20 amt=2455.00 sign=+1 curr=EUR label=Deposit (type/gateway/descr/drcr/sign) status='rdm_closed'
[2025-09-24 17:13:22] 🔎 row 851: ✅ accept → dt=1899-12-30 amt=700.00 sign=+1 curr=EUR label=Deposit (type/gateway/descr/drcr/sign) status='rdm_closed'
[2025-09-24 17:13:22] 🔎 row 852: ✅ accept → dt=1899-12-30 amt=500.00 sign=+1 curr=EUR label=Deposit (type/gateway/descr/drcr/sign) status='rdm_closed'
[2025-09-24 17:13:22] 🔎 row 853: ✅ accept → dt=1899-12-30 amt=400.00 sign=+1 curr=EUR label=Deposit (type/gateway/descr/drcr/sign) status='rdm_closed'
[2025-09-24 17:13:22] 🔎 row 854: ✅ accept → dt=1899-12-30 amt=1620.00 sign=+1 curr=EUR label=Deposit (type/gateway/descr/drcr/sign) status='rdm_closed'
[2025-09-24 17:13:22] 🔎 row 855: ✅ accept → dt=1905-06-22 amt=2000.00 sign=+1 curr=EUR label=Deposit (type/gateway/descr/drcr/sign) status='rdm_closed'
[2025-09-24 17:13:22] 🔎 row 856: ✅ accept → dt=1908-01-28 amt=2950.00 sign=+1 curr=EUR label=Deposit (type/gateway/descr/drcr/sign) status='rdm_closed'
[2025-09-24 17:13:22] 🔎 row 857: ✅ accept → dt=1905-02-07 amt=1865.00 sign=+1 curr=EUR label=Deposit (type/gateway/descr/drcr/sign) status='rdm_closed'
[2025-09-24 17:13:22] 🔎 row 858: ✅ accept → dt=1899-12-30 amt=1390.00 sign=+1 curr=EUR label=Deposit (type/gateway/descr/drcr/sign) status='rdm_closed'
[2025-09-24 17:13:22] 🔎 row 859: ✅ accept → dt=1899-12-30 amt=1030.00 sign=+1 curr=EUR label=Deposit (type/gateway/descr/drcr/sign) status='rdm_closed'
[2025-09-24 17:13:22] 🔎 row 860: ✅ accept → dt=1905-06-22 amt=2000.00 sign=+1 curr=EUR label=Deposit (type/gateway/descr/drcr/sign) status='rdm_closed'
[2025-09-24 17:13:22] 🔎 row 861: ✅ accept → dt=1906-03-14 amt=2265.00 sign=+1 curr=EUR label=Deposit (type/gateway/descr/drcr/sign) status='rdm_closed'
[2025-09-24 17:13:22] 🔎 row 862: ✅ accept → dt=1899-12-30 amt=200.00 sign=+1 curr=EUR label=Deposit (type/gateway/descr/drcr/sign) status='rdm_closed'
[2025-09-24 17:13:22] 🔎 row 863: ✅ accept → dt=1899-12-30 amt=1005.00 sign=+1 curr=EUR label=Deposit (type/gateway/descr/drcr/sign) status='rdm_closed'
[2025-09-24 17:13:22] 🔎 row 864: ✅ accept → dt=1899-12-30 amt=250.00 sign=+1 curr=EUR label=Deposit (type/gateway/descr/drcr/sign) status='rdm_closed'
[2025-09-24 17:13:22] 🔎 row 865: ✅ accept → dt=1899-12-30 amt=425.00 sign=+1 curr=EUR label=Deposit (type/gateway/descr/drcr/sign) status='rdm_closed'
[2025-09-24 17:13:22] 🔎 row 866: ✅ accept → dt=1899-12-30 amt=3260.00 sign=+1 curr=EUR label=Deposit (type/gateway/descr/drcr/sign) status='rdm_closed'
[2025-09-24 17:13:22] 🔎 row 867: ✅ accept → dt=1899-12-30 amt=3000.00 sign=+1 curr=EUR label=Deposit (type/gateway/descr/drcr/sign) status='rdm_closed'
[2025-09-24 17:13:22] 🔎 row 868: ✅ accept → dt=1899-12-30 amt=2464.00 sign=+1 curr=EUR label=Deposit (type/gateway/descr/drcr/sign) status='rdm_closed'
[2025-09-24 17:13:22] 🔎 row 869: ✅ accept → dt=1899-12-30 amt=500.00 sign=+1 curr=EUR label=Deposit (type/gateway/descr/drcr/sign) status='rdm_closed'
[2025-09-24 17:13:22] 🔎 row 870: ✅ accept → dt=1899-12-30 amt=1085.00 sign=+1 curr=EUR label=Deposit (type/gateway/descr/drcr/sign) status='rdm_closed'
[2025-09-24 17:13:22] 🔎 row 871: ✅ accept → dt=1899-12-30 amt=1000.00 sign=+1 curr=EUR label=Deposit (type/gateway/descr/drcr/sign) status='rdm_closed'
[2025-09-24 17:13:22] 🔎 row 872: ✅ accept → dt=1899-12-30 amt=850.00 sign=+1 curr=EUR label=Deposit (type/gateway/descr/drcr/sign) status='rdm_closed'
[2025-09-24 17:13:22] 🔎 row 873: ✅ accept → dt=1899-12-30 amt=920.00 sign=+1 curr=EUR label=Deposit (type/gateway/descr/drcr/sign) status='rdm_closed'
[2025-09-24 17:13:22] 🔎 row 874: ✅ accept → dt=1899-12-30 amt=850.00 sign=+1 curr=EUR label=Deposit (type/gateway/descr/drcr/sign) status='rdm_closed'
[2025-09-24 17:13:22] 🔎 row 875: ✅ accept → dt=1899-12-30 amt=900.00 sign=+1 curr=EUR label=Deposit (type/gateway/descr/drcr/sign) status='rdm_closed'
[2025-09-24 17:13:22] 🔎 row 876: ✅ accept → dt=1899-12-30 amt=600.00 sign=+1 curr=EUR label=Deposit (type/gateway/descr/drcr/sign) status='rdm_closed'
[2025-09-24 17:13:22] 🔎 row 877: ✅ accept → dt=1899-12-30 amt=659.00 sign=+1 curr=EUR label=Deposit (type/gateway/descr/drcr/sign) status='rdm_closed'
[2025-09-24 17:13:22] 🔎 row 878: ✅ accept → dt=1899-12-30 amt=404.00 sign=+1 curr=EUR label=Deposit (type/gateway/descr/drcr/sign) status='rdm_closed'
[2025-09-24 17:13:22] 🔎 row 879: ✅ accept → dt=1899-12-30 amt=150.00 sign=+1 curr=EUR label=Deposit (type/gateway/descr/drcr/sign) status='rdm_closed'
[2025-09-24 17:13:22] 🔎 row 880: ✅ accept → dt=1902-02-20 amt=782.80 sign=+1 curr=EUR label=Deposit (type/gateway/descr/drcr/sign) status='rdm_closed'
[2025-09-24 17:13:22] 🔎 row 881: ✅ accept → dt=1899-12-30 amt=650.00 sign=+1 curr=EUR label=Deposit (type/gateway/descr/drcr/sign) status='rdm_closed'
[2025-09-24 17:13:22] 🔎 row 882: ✅ accept → dt=1899-12-30 amt=650.00 sign=+1 curr=EUR label=Deposit (type/gateway/descr/drcr/sign) status='rdm_closed'
[2025-09-24 17:13:22] 🔎 row 883: ✅ accept → dt=1902-09-26 amt=1000.95 sign=+1 curr=EUR label=Deposit (type/gateway/descr/drcr/sign) status='rdm_closed'
[2025-09-24 17:13:22] 🔎 row 884: ✅ accept → dt=1899-12-30 amt=404.00 sign=+1 curr=EUR label=Deposit (type/gateway/descr/drcr/sign) status='rdm_closed'
[2025-09-24 17:13:22] 🔎 row 885: ✅ accept → dt=1899-12-30 amt=700.18 sign=+1 curr=EUR label=Deposit (type/gateway/descr/drcr/sign) status='rdm_closed'
[2025-09-24 17:13:22] 🔎 row 886: ✅ accept → dt=1899-12-30 amt=800.18 sign=+1 curr=EUR label=Deposit (type/gateway/descr/drcr/sign) status='rdm_closed'
[2025-09-24 17:13:22] 🔎 row 887: ✅ accept → dt=1899-12-30 amt=200.00 sign=+1 curr=EUR label=Deposit (type/gateway/descr/drcr/sign) status='rdm_closed'
[2025-09-24 17:13:22] 🔎 row 888: ✅ accept → dt=1899-12-30 amt=200.00 sign=+1 curr=EUR label=Deposit (type/gateway/descr/drcr/sign) status='rdm_closed'
[2025-09-24 17:13:22] 🔎 row 889: ✅ accept → dt=1899-12-30 amt=2001.50 sign=+1 curr=EUR label=Deposit (type/gateway/descr/drcr/sign) status='rdm_closed'
[2025-09-24 17:13:22] 🔎 row 890: ✅ accept → dt=1899-12-30 amt=2000.50 sign=+1 curr=EUR label=Deposit (type/gateway/descr/drcr/sign) status='rdm_closed'
[2025-09-24 17:13:22] 🔎 row 891: ✅ accept → dt=1899-12-30 amt=1000.80 sign=+1 curr=EUR label=Deposit (type/gateway/descr/drcr/sign) status='rdm_closed'
[2025-09-24 17:13:22] 🔎 row 892: ✅ accept → dt=1899-12-30 amt=1173.80 sign=+1 curr=EUR label=Deposit (type/gateway/descr/drcr/sign) status='rdm_closed'
[2025-09-24 17:13:22] 🔎 row 893: ✅ accept → dt=1899-12-30 amt=1230.50 sign=+1 curr=EUR label=Deposit (type/gateway/descr/drcr/sign) status='rdm_closed'
[2025-09-24 17:13:22] 🔎 row 894: ✅ accept → dt=1899-12-30 amt=449.47 sign=+1 curr=EUR label=Deposit (type/gateway/descr/drcr/sign) status='rdm_closed'
[2025-09-24 17:13:22] 🔎 row 895: ✅ accept → dt=1903-07-23 amt=1300.30 sign=+1 curr=EUR label=Deposit (type/gateway/descr/drcr/sign) status='rdm_closed'
[2025-09-24 17:13:22] 🔎 row 896: ✅ accept → dt=1899-12-30 amt=1002.24 sign=+1 curr=EUR label=Deposit (type/gateway/descr/drcr/sign) status='rdm_closed'
[2025-09-24 17:13:22] 🔎 row 897: ✅ accept → dt=1899-12-30 amt=502.24 sign=+1 curr=EUR label=Deposit (type/gateway/descr/drcr/sign) status='rdm_closed'
[2025-09-24 17:13:22] 🔎 row 898: ✅ accept → dt=1899-12-30 amt=400.24 sign=+1 curr=EUR label=Deposit (type/gateway/descr/drcr/sign) status='rdm_closed'
[2025-09-24 17:13:22] 🔎 row 899: ✅ accept → dt=1899-12-30 amt=100.00 sign=+1 curr=EUR label=Deposit (type/gateway/descr/drcr/sign) status='rdm_closed'
[2025-09-24 17:13:22] 🔎 row 900: ✅ accept → dt=1899-12-30 amt=100.00 sign=+1 curr=EUR label=Deposit (type/gateway/descr/drcr/sign) status='rdm_closed'
[2025-09-24 17:13:22] 🔎 row 901: ✅ accept → dt=1899-12-30 amt=400.30 sign=+1 curr=EUR label=Deposit (type/gateway/descr/drcr/sign) status='rdm_closed'
[2025-09-24 17:13:22] 🔎 row 902: ✅ accept → dt=1899-12-30 amt=300.25 sign=+1 curr=EUR label=Deposit (type/gateway/descr/drcr/sign) status='rdm_closed'
[2025-09-24 17:13:22] 🔎 row 903: ✅ accept → dt=1899-12-30 amt=305.00 sign=+1 curr=EUR label=Deposit (type/gateway/descr/drcr/sign) status='rdm_closed'
[2025-09-24 17:13:22] 🔎 row 904: ✅ accept → dt=1899-12-30 amt=524.12 sign=+1 curr=EUR label=Deposit (type/gateway/descr/drcr/sign) status='rdm_closed'
[2025-09-24 17:13:22] 🔎 row 905: ✅ accept → dt=1899-12-30 amt=315.00 sign=+1 curr=EUR label=Deposit (type/gateway/descr/drcr/sign) status='rdm_closed'
[2025-09-24 17:13:22] 🔎 row 906: ✅ accept → dt=1906-01-04 amt=2196.00 sign=+1 curr=EUR label=Deposit (type/gateway/descr/drcr/sign) status='rdm_closed'
[2025-09-24 17:13:22] 🔎 row 907: ✅ accept → dt=1899-12-30 amt=2094.00 sign=+1 curr=EUR label=Deposit (type/gateway/descr/drcr/sign) status='rdm_closed'
[2025-09-24 17:13:22] 🔎 row 908: ✅ accept → dt=1899-12-30 amt=2000.00 sign=+1 curr=EUR label=Deposit (type/gateway/descr/drcr/sign) status='rdm_closed'
[2025-09-24 17:13:22] 🔎 row 909: ✅ accept → dt=1899-12-30 amt=2000.72 sign=+1 curr=EUR label=Deposit (type/gateway/descr/drcr/sign) status='rdm_closed'
[2025-09-24 17:13:22] 🔎 row 910: ✅ accept → dt=1902-09-26 amt=1000.63 sign=+1 curr=EUR label=Deposit (type/gateway/descr/drcr/sign) status='rdm_closed'
[2025-09-24 17:13:22] 🔎 row 911: ✅ accept → dt=1899-12-30 amt=500.00 sign=+1 curr=EUR label=Deposit (type/gateway/descr/drcr/sign) status='rdm_closed'
[2025-09-24 17:13:22] 🔎 row 912: ✅ accept → dt=1899-12-30 amt=2400.01 sign=+1 curr=EUR label=Deposit (type/gateway/descr/drcr/sign) status='rdm_closed'
[2025-09-24 17:13:22] 🔎 row 913: ✅ accept → dt=1899-12-30 amt=2535.01 sign=+1 curr=EUR label=Deposit (type/gateway/descr/drcr/sign) status='rdm_closed'
[2025-09-24 17:13:22] 🔎 row 914: ✅ accept → dt=1900-04-09 amt=100.00 sign=+1 curr=EUR label=Deposit (type/gateway/descr/drcr/sign) status='rdm_closed'
[2025-09-24 17:13:22] 🔎 row 915: ✅ accept → dt=1899-12-30 amt=2508.01 sign=+1 curr=EUR label=Deposit (type/gateway/descr/drcr/sign) status='rdm_closed'
[2025-09-24 17:13:22] 🔎 row 916: ✅ accept → dt=1899-12-30 amt=2317.01 sign=+1 curr=EUR label=Deposit (type/gateway/descr/drcr/sign) status='rdm_closed'
[2025-09-24 17:13:22] 🔎 row 917: ✅ accept → dt=1899-12-30 amt=2015.01 sign=+1 curr=EUR label=Deposit (type/gateway/descr/drcr/sign) status='rdm_closed'
[2025-09-24 17:13:22] 🔎 row 918: ✅ accept → dt=1899-12-30 amt=2000.01 sign=+1 curr=EUR label=Deposit (type/gateway/descr/drcr/sign) status='rdm_closed'
[2025-09-24 17:13:22] 🔎 row 919: ✅ accept → dt=1899-12-30 amt=1900.01 sign=+1 curr=EUR label=Deposit (type/gateway/descr/drcr/sign) status='rdm_closed'
[2025-09-24 17:13:22] 🔎 row 920: ✅ accept → dt=1899-12-30 amt=2000.00 sign=+1 curr=EUR label=Deposit (type/gateway/descr/drcr/sign) status='rdm_closed'
[2025-09-24 17:13:22] 🔎 row 921: ✅ accept → dt=1899-12-30 amt=1850.01 sign=+1 curr=EUR label=Deposit (type/gateway/descr/drcr/sign) status='rdm_closed'
[2025-09-24 17:13:22] 🔎 row 922: ✅ accept → dt=1899-12-30 amt=2000.00 sign=+1 curr=EUR label=Deposit (type/gateway/descr/drcr/sign) status='rdm_closed'
[2025-09-24 17:13:22] 🔎 row 923: ✅ accept → dt=1899-12-30 amt=100.00 sign=+1 curr=EUR label=Deposit (type/gateway/descr/drcr/sign) status='rdm_closed'
[2025-09-24 17:13:22] 🔎 row 924: ✅ accept → dt=1899-12-30 amt=1900.00 sign=+1 curr=EUR label=Deposit (type/gateway/descr/drcr/sign) status='rdm_closed'
[2025-09-24 17:13:23] 🔎 row 925: ✅ accept → dt=1899-12-30 amt=2000.00 sign=+1 curr=EUR label=Deposit (type/gateway/descr/drcr/sign) status='rdm_closed'
[2025-09-24 17:13:23] 🔎 row 926: ✅ accept → dt=1902-09-26 amt=1000.00 sign=+1 curr=EUR label=Deposit (type/gateway/descr/drcr/sign) status='rdm_closed'
[2025-09-24 17:13:23] 🔎 row 927: ✅ accept → dt=1899-12-30 amt=1000.00 sign=+1 curr=EUR label=Deposit (type/gateway/descr/drcr/sign) status='rdm_closed'
[2025-09-24 17:13:23] 🔎 row 928: ✅ accept → dt=1899-12-30 amt=936.00 sign=+1 curr=EUR label=Deposit (type/gateway/descr/drcr/sign) status='rdm_closed'
[2025-09-24 17:13:23] 🔎 row 929: ✅ accept → dt=1899-12-30 amt=300.00 sign=+1 curr=EUR label=Deposit (type/gateway/descr/drcr/sign) status='rdm_closed'
[2025-09-24 17:13:23] 🔎 row 930: ✅ accept → dt=1899-12-30 amt=700.64 sign=+1 curr=EUR label=Deposit (type/gateway/descr/drcr/sign) status='rdm_closed'
[2025-09-24 17:13:23] 🔎 row 931: ✅ accept → dt=1899-12-30 amt=800.44 sign=+1 curr=EUR label=Deposit (type/gateway/descr/drcr/sign) status='rdm_closed'
[2025-09-24 17:13:23] 🔎 row 932: ✅ accept → dt=1899-12-30 amt=312.35 sign=+1 curr=EUR label=Deposit (type/gateway/descr/drcr/sign) status='rdm_closed'
[2025-09-24 17:13:23] 🔎 row 933: ✅ accept → dt=1899-12-30 amt=300.00 sign=+1 curr=EUR label=Deposit (type/gateway/descr/drcr/sign) status='rdm_closed'
[2025-09-24 17:13:23] 🔎 row 934: ✅ accept → dt=1901-08-23 amt=601.50 sign=+1 curr=EUR label=Deposit (type/gateway/descr/drcr/sign) status='rdm_closed'
[2025-09-24 17:13:23] 🔎 row 935: ✅ accept → dt=1899-12-30 amt=701.50 sign=+1 curr=EUR label=Deposit (type/gateway/descr/drcr/sign) status='rdm_closed'
[2025-09-24 17:13:23] 🔎 row 936: ✅ accept → dt=1899-12-30 amt=801.50 sign=+1 curr=EUR label=Deposit (type/gateway/descr/drcr/sign) status='rdm_closed'
[2025-09-24 17:13:23] 🔎 row 937: ✅ accept → dt=1899-12-30 amt=100.00 sign=+1 curr=EUR label=Deposit (type/gateway/descr/drcr/sign) status='rdm_closed'
[2025-09-24 17:13:23] 🔎 row 938: ✅ accept → dt=1899-12-30 amt=400.50 sign=+1 curr=EUR label=Deposit (type/gateway/descr/drcr/sign) status='rdm_closed'
[2025-09-24 17:13:23] 🔎 row 939: ✅ accept → dt=1903-10-31 amt=1400.05 sign=+1 curr=EUR label=Deposit (type/gateway/descr/drcr/sign) status='rdm_closed'
[2025-09-24 17:13:23] 🔎 row 940: ⏭️ drop — not final 'rdm_ciosed' (type_raw='pay_instantbank')
[2025-09-24 17:13:23] 🔎 row 941: ✅ accept → dt=1899-12-30 amt=550.00 sign=+1 curr=EUR label=Deposit (type/gateway/descr/drcr/sign) status='rdm_closed'
[2025-09-24 17:13:23] 🔎 row 942: ✅ accept → dt=1899-12-30 amt=200.00 sign=+1 curr=EUR label=Deposit (type/gateway/descr/drcr/sign) status='rdm_closed'
[2025-09-24 17:13:23] 🔎 row 943: ✅ accept → dt=1899-12-30 amt=248.00 sign=+1 curr=EUR label=Deposit (type/gateway/descr/drcr/sign) status='rdm_closed'
[2025-09-24 17:13:23] 🔎 row 944: ⏭️ drop — not final 'rdm_ciosed' (type_raw='pay_instantbank')
[2025-09-24 17:13:23] 🔎 row 945: ⏭️ drop — not final 'rdm_ciosed' (type_raw='pay_instantbank')
[2025-09-24 17:13:23] 🔎 row 946: ⏭️ drop — not final 'rdm_ciosed' (type_raw='pay_instantbank')
[2025-09-24 17:13:23] 🔎 row 947: ✅ accept → dt=1900-08-30 amt=243.50 sign=+1 curr=EUR label=Deposit (type/gateway/descr/drcr/sign) status='rdm_closed'
[2025-09-24 17:13:23] 🔎 row 948: ✅ accept → dt=1899-12-30 amt=150.00 sign=+1 curr=EUR label=Deposit (type/gateway/descr/drcr/sign) status='rdm_closed'
[2025-09-24 17:13:23] 🔎 row 949: ✅ accept → dt=1899-12-30 amt=200.00 sign=+1 curr=EUR label=Deposit (type/gateway/descr/drcr/sign) status='rdm_closed'
[2025-09-24 17:13:23] 🔎 recap: deposits=677007.32, cashouts=0.00, net=677007.32
[2025-09-24 17:13:23] TA logic: Deposits = 677007.3200000003, Cashouts = 0, Net = 677007.3200000003
[2025-09-24 17:13:23] ✅ Created Payment Summary with 944 rows.
[2025-09-24 17:13:23] ✅ Created Summary sheet (Currency → Type → Year).
[2025-09-24 17:13:23] ✅ Created styled Summary (Currency → Type → Year) with title row.
[2025-09-24 17:13:23] ✅ Created 'Payment Summary EUR' (0 USD rows converted).
[2025-09-24 17:13:23] ✅ Created 'Summary EUR' (pivot-style Currency → Type → Year).
[2025-09-24 17:13:23] 🧾 Final claim value (from Payment Summary): 677007.32
[2025-09-24 17:13:23] ✅ Finished processing: TA_Adnan Transaction History.xlsx
[2025-09-24 17:13:30] ↪️ No moves selected.
[2025-09-24 17:13:34] 📄 Processing TA_Adnan Transaction History.xlsx (Deal 40148) in calculation Mode...
[2025-09-24 17:13:35] ✔ Deposit sheets: ['Deposit Transaction History']
[2025-09-24 17:13:35] ✔ Cashout sheets: ['Deposit Transaction History']
[2025-09-24 17:13:35] ℹ️ Same sheet in both lists → will parse once as combined: ['Deposit Transaction History']
[2025-09-24 17:13:35] ✅ Detected header row at Excel row 1: ['Transaction ID', 'User', 'Created', 'Updated', 'Type', 'Status', 'Currency', 'Transaction Amount', 'Initial', 'Credited', 'Settled', 'Refunded', 'Merchant']
[2025-09-24 17:13:35] 🔎 Header row 1: ['Transaction ID', 'User', 'Created', 'Updated', 'Type', 'Status', 'Currency', 'Transaction Amount', 'Initial', 'Credited', 'Settled', 'Refunded', 'Merchant']
[2025-09-24 17:13:35] 🧭 Columns: amount=7, currency=6, type=4, ref_date=2, conf_date=10, status=5, gateway=None, descr=None, drcr=None
[2025-09-24 17:13:35] 🔎 row 2: ✅ accept → dt=1900-07-18 amt=200.00 sign=+1 curr=EUR label=Deposit (type/gateway/descr/drcr/sign) status='dep_settled'
[2025-09-24 17:13:35] 🔎 row 3: ✅ accept → dt=1900-01-14 amt=15.00 sign=+1 curr=EUR label=Deposit (type/gateway/descr/drcr/sign) status='dep_settled'
[2025-09-24 17:13:35] 🔎 row 4: ✅ accept → dt=1900-04-09 amt=100.00 sign=+1 curr=EUR label=Deposit (type/gateway/descr/drcr/sign) status='dep_settled'
[2025-09-24 17:13:35] 🔎 row 5: ✅ accept → dt=1900-04-09 amt=100.00 sign=+1 curr=EUR label=Deposit (type/gateway/descr/drcr/sign) status='dep_settled'
[2025-09-24 17:13:35] 🔎 row 6: ✅ accept → dt=1900-01-19 amt=20.00 sign=+1 curr=EUR label=Deposit (type/gateway/descr/drcr/sign) status='dep_settled'
[2025-09-24 17:13:35] 🔎 row 7: ✅ accept → dt=1900-02-18 amt=50.00 sign=+1 curr=EUR label=Deposit (type/gateway/descr/drcr/sign) status='dep_settled'
[2025-09-24 17:13:35] 🔎 row 8: ✅ accept → dt=1900-02-18 amt=50.00 sign=+1 curr=EUR label=Deposit (type/gateway/descr/drcr/sign) status='dep_settled'
[2025-09-24 17:13:35] 🔎 row 9: ✅ accept → dt=1900-02-18 amt=50.00 sign=+1 curr=EUR label=Deposit (type/gateway/descr/drcr/sign) status='dep_settled'
[2025-09-24 17:13:35] 🔎 row 10: ✅ accept → dt=1900-02-03 amt=35.00 sign=+1 curr=EUR label=Deposit (type/gateway/descr/drcr/sign) status='dep_settled'
[2025-09-24 17:13:35] 🔎 row 11: ✅ accept → dt=1900-02-18 amt=50.00 sign=+1 curr=EUR label=Deposit (type/gateway/descr/drcr/sign) status='dep_settled'
[2025-09-24 17:13:35] 🔎 row 12: ✅ accept → dt=1900-04-09 amt=100.00 sign=+1 curr=EUR label=Deposit (type/gateway/descr/drcr/sign) status='dep_settled'
[2025-09-24 17:13:35] 🔎 row 13: ✅ accept → dt=1900-02-18 amt=50.00 sign=+1 curr=EUR label=Deposit (type/gateway/descr/drcr/sign) status='dep_settled'
[2025-09-24 17:13:35] 🔎 row 14: ✅ accept → dt=1900-04-09 amt=100.00 sign=+1 curr=EUR label=Deposit (type/gateway/descr/drcr/sign) status='dep_settled'
[2025-09-24 17:13:35] 🔎 row 15: ✅ accept → dt=1900-04-09 amt=100.00 sign=+1 curr=EUR label=Deposit (type/gateway/descr/drcr/sign) status='dep_settled'
[2025-09-24 17:13:35] 🔎 row 16: ✅ accept → dt=1900-04-09 amt=100.00 sign=+1 curr=EUR label=Deposit (type/gateway/descr/drcr/sign) status='dep_settled'
[2025-09-24 17:13:35] 🔎 row 17: ✅ accept → dt=1900-04-09 amt=100.00 sign=+1 curr=EUR label=Deposit (type/gateway/descr/drcr/sign) status='dep_settled'
[2025-09-24 17:13:35] 🔎 row 18: ✅ accept → dt=1900-04-09 amt=100.00 sign=+1 curr=EUR label=Deposit (type/gateway/descr/drcr/sign) status='dep_settled'
[2025-09-24 17:13:35] 🔎 row 19: ✅ accept → dt=1900-04-09 amt=100.00 sign=+1 curr=EUR label=Deposit (type/gateway/descr/drcr/sign) status='dep_settled'
[2025-09-24 17:13:35] 🔎 row 20: ✅ accept → dt=1900-07-18 amt=200.00 sign=+1 curr=EUR label=Deposit (type/gateway/descr/drcr/sign) status='dep_settled'
[2025-09-24 17:13:35] 🔎 row 21: ✅ accept → dt=1900-07-18 amt=200.00 sign=+1 curr=EUR label=Deposit (type/gateway/descr/drcr/sign) status='dep_settled'
[2025-09-24 17:13:35] 🔎 row 22: ✅ accept → dt=1900-01-13 amt=14.00 sign=+1 curr=EUR label=Deposit (type/gateway/descr/drcr/sign) status='dep_settled'
[2025-09-24 17:13:35] 🔎 row 23: ✅ accept → dt=1900-04-09 amt=100.00 sign=+1 curr=EUR label=Deposit (type/gateway/descr/drcr/sign) status='dep_settled'
[2025-09-24 17:13:35] 🔎 row 24: ✅ accept → dt=1901-02-03 amt=400.00 sign=+1 curr=EUR label=Deposit (type/gateway/descr/drcr/sign) status='dep_settled'
[2025-09-24 17:13:35] 🔎 row 25: ✅ accept → dt=1900-04-09 amt=100.00 sign=+1 curr=EUR label=Deposit (type/gateway/descr/drcr/sign) status='dep_settled'
[2025-09-24 17:13:35] 🔎 row 26: ✅ accept → dt=1900-04-09 amt=100.00 sign=+1 curr=EUR label=Deposit (type/gateway/descr/drcr/sign) status='dep_settled'
[2025-09-24 17:13:35] 🔎 row 27: ✅ accept → dt=1900-07-18 amt=200.00 sign=+1 curr=EUR label=Deposit (type/gateway/descr/drcr/sign) status='dep_settled'
[2025-09-24 17:13:35] 🔎 row 28: ✅ accept → dt=1900-07-18 amt=200.00 sign=+1 curr=EUR label=Deposit (type/gateway/descr/drcr/sign) status='dep_settled'
[2025-09-24 17:13:35] 🔎 row 29: ✅ accept → dt=1900-07-18 amt=200.00 sign=+1 curr=EUR label=Deposit (type/gateway/descr/drcr/sign) status='dep_settled'
[2025-09-24 17:13:36] 🔎 row 30: ✅ accept → dt=1900-04-09 amt=100.00 sign=+1 curr=EUR label=Deposit (type/gateway/descr/drcr/sign) status='dep_settled'
[2025-09-24 17:13:36] 🔎 row 31: ✅ accept → dt=1900-07-18 amt=200.00 sign=+1 curr=EUR label=Deposit (type/gateway/descr/drcr/sign) status='dep_settled'
[2025-09-24 17:13:36] 🔎 row 32: ✅ accept → dt=1900-10-26 amt=300.00 sign=+1 curr=EUR label=Deposit (type/gateway/descr/drcr/sign) status='dep_settled'
[2025-09-24 17:13:36] 🔎 row 33: ✅ accept → dt=1900-04-09 amt=100.00 sign=+1 curr=EUR label=Deposit (type/gateway/descr/drcr/sign) status='dep_settled'
[2025-09-24 17:13:36] 🔎 row 34: ✅ accept → dt=1900-07-18 amt=200.00 sign=+1 curr=EUR label=Deposit (type/gateway/descr/drcr/sign) status='dep_settled'
[2025-09-24 17:13:36] 🔎 row 35: ✅ accept → dt=1900-07-18 amt=200.00 sign=+1 curr=EUR label=Deposit (type/gateway/descr/drcr/sign) status='dep_settled'
[2025-09-24 17:13:36] 🔎 row 36: ✅ accept → dt=1900-07-18 amt=200.00 sign=+1 curr=EUR label=Deposit (type/gateway/descr/drcr/sign) status='dep_settled'
[2025-09-24 17:13:36] 🔎 row 37: ✅ accept → dt=1900-07-18 amt=200.00 sign=+1 curr=EUR label=Deposit (type/gateway/descr/drcr/sign) status='dep_settled'
[2025-09-24 17:13:36] 🔎 row 38: ✅ accept → dt=1900-02-18 amt=50.00 sign=+1 curr=EUR label=Deposit (type/gateway/descr/drcr/sign) status='dep_settled'
[2025-09-24 17:13:36] 🔎 row 39: ✅ accept → dt=1900-02-18 amt=50.00 sign=+1 curr=EUR label=Deposit (type/gateway/descr/drcr/sign) status='dep_settled'
[2025-09-24 17:13:36] 🔎 row 40: ✅ accept → dt=1900-01-04 amt=5.00 sign=+1 curr=EUR label=Deposit (type/gateway/descr/drcr/sign) status='dep_settled'
[2025-09-24 17:13:36] 🔎 row 41: ✅ accept → dt=1901-05-14 amt=500.00 sign=+1 curr=EUR label=Deposit (type/gateway/descr/drcr/sign) status='dep_settled'
[2025-09-24 17:13:36] 🔎 row 42: ✅ accept → dt=1901-05-14 amt=500.00 sign=+1 curr=EUR label=Deposit (type/gateway/descr/drcr/sign) status='dep_settled'
[2025-09-24 17:13:36] 🔎 row 43: ✅ accept → dt=1900-04-09 amt=100.00 sign=+1 curr=EUR label=Deposit (type/gateway/descr/drcr/sign) status='dep_settled'
[2025-09-24 17:13:36] 🔎 row 44: ✅ accept → dt=1900-04-09 amt=100.00 sign=+1 curr=EUR label=Deposit (type/gateway/descr/drcr/sign) status='dep_settled'
[2025-09-24 17:13:36] 🔎 row 45: ✅ accept → dt=1900-03-15 amt=75.00 sign=+1 curr=EUR label=Deposit (type/gateway/descr/drcr/sign) status='dep_settled'
[2025-09-24 17:13:36] 🔎 row 46: ✅ accept → dt=1900-07-18 amt=200.00 sign=+1 curr=EUR label=Deposit (type/gateway/descr/drcr/sign) status='dep_settled'
[2025-09-24 17:13:36] 🔎 row 47: ✅ accept → dt=1900-09-06 amt=250.00 sign=+1 curr=EUR label=Deposit (type/gateway/descr/drcr/sign) status='dep_settled'
[2025-09-24 17:13:36] 🔎 row 48: ✅ accept → dt=1900-10-26 amt=300.00 sign=+1 curr=EUR label=Deposit (type/gateway/descr/drcr/sign) status='dep_settled'
[2025-09-24 17:13:36] 🔎 row 49: ✅ accept → dt=1900-07-18 amt=200.00 sign=+1 curr=EUR label=Deposit (type/gateway/descr/drcr/sign) status='dep_settled'
[2025-09-24 17:13:36] 🔎 row 50: ✅ accept → dt=1901-05-14 amt=500.00 sign=+1 curr=EUR label=Deposit (type/gateway/descr/drcr/sign) status='dep_settled'
[2025-09-24 17:13:36] 🔎 row 51: ✅ accept → dt=1900-01-09 amt=10.00 sign=+1 curr=EUR label=Deposit (type/gateway/descr/drcr/sign) status='dep_settled'
[2025-09-24 17:13:36] 🔎 row 52: ✅ accept → dt=1900-01-28 amt=29.00 sign=+1 curr=EUR label=Deposit (type/gateway/descr/drcr/sign) status='dep_settled'
[2025-09-24 17:13:36] 🔎 row 53: ✅ accept → dt=1900-02-18 amt=50.00 sign=+1 curr=EUR label=Deposit (type/gateway/descr/drcr/sign) status='dep_settled'
[2025-09-24 17:13:36] 🔎 row 54: ✅ accept → dt=1900-04-09 amt=100.00 sign=+1 curr=EUR label=Deposit (type/gateway/descr/drcr/sign) status='dep_settled'
[2025-09-24 17:13:36] 🔎 row 55: ✅ accept → dt=1900-02-18 amt=50.00 sign=+1 curr=EUR label=Deposit (type/gateway/descr/drcr/sign) status='dep_settled'
[2025-09-24 17:13:36] 🔎 row 56: ✅ accept → dt=1900-07-18 amt=200.00 sign=+1 curr=EUR label=Deposit (type/gateway/descr/drcr/sign) status='dep_settled'
[2025-09-24 17:13:36] 🔎 row 57: ✅ accept → dt=1901-02-03 amt=400.00 sign=+1 curr=EUR label=Deposit (type/gateway/descr/drcr/sign) status='dep_settled'
[2025-09-24 17:13:36] 🔎 row 58: ✅ accept → dt=1901-02-03 amt=400.00 sign=+1 curr=EUR label=Deposit (type/gateway/descr/drcr/sign) status='dep_settled'
[2025-09-24 17:13:36] 🔎 row 59: ✅ accept → dt=1901-08-22 amt=600.00 sign=+1 curr=EUR label=Deposit (type/gateway/descr/drcr/sign) status='dep_settled'
[2025-09-24 17:13:36] 🔎 row 60: ✅ accept → dt=1901-05-14 amt=500.00 sign=+1 curr=EUR label=Deposit (type/gateway/descr/drcr/sign) status='dep_settled'
[2025-09-24 17:13:36] 🔎 row 61: ✅ accept → dt=1901-05-14 amt=500.00 sign=+1 curr=EUR label=Deposit (type/gateway/descr/drcr/sign) status='dep_settled'
[2025-09-24 17:13:36] 🔎 row 62: ✅ accept → dt=1900-02-18 amt=50.00 sign=+1 curr=EUR label=Deposit (type/gateway/descr/drcr/sign) status='dep_settled'
[2025-09-24 17:13:36] 🔎 row 63: ✅ accept → dt=1900-04-09 amt=100.00 sign=+1 curr=EUR label=Deposit (type/gateway/descr/drcr/sign) status='dep_settled'
[2025-09-24 17:13:36] 🔎 row 64: ✅ accept → dt=1900-05-29 amt=150.00 sign=+1 curr=EUR label=Deposit (type/gateway/descr/drcr/sign) status='dep_settled'
[2025-09-24 17:13:36] 🔎 row 65: ✅ accept → dt=1900-07-18 amt=200.00 sign=+1 curr=EUR label=Deposit (type/gateway/descr/drcr/sign) status='dep_settled'
[2025-09-24 17:13:36] 🔎 row 66: ✅ accept → dt=1900-07-18 amt=200.00 sign=+1 curr=EUR label=Deposit (type/gateway/descr/drcr/sign) status='dep_settled'
[2025-09-24 17:13:36] 🔎 row 67: ✅ accept → dt=1901-02-03 amt=400.00 sign=+1 curr=EUR label=Deposit (type/gateway/descr/drcr/sign) status='dep_settled'
[2025-09-24 17:13:36] 🔎 row 68: ✅ accept → dt=1901-08-22 amt=600.00 sign=+1 curr=EUR label=Deposit (type/gateway/descr/drcr/sign) status='dep_settled'
[2025-09-24 17:13:36] 🔎 row 69: ✅ accept → dt=1900-01-04 amt=5.00 sign=+1 curr=EUR label=Deposit (type/gateway/descr/drcr/sign) status='dep_settled'
[2025-09-24 17:13:36] 🔎 row 70: ✅ accept → dt=1901-03-25 amt=450.00 sign=+1 curr=EUR label=Deposit (type/gateway/descr/drcr/sign) status='dep_settled'
[2025-09-24 17:13:36] 🔎 row 71: ✅ accept → dt=1900-02-18 amt=50.00 sign=+1 curr=EUR label=Deposit (type/gateway/descr/drcr/sign) status='dep_settled'
[2025-09-24 17:13:36] 🔎 row 72: ✅ accept → dt=1900-02-18 amt=50.00 sign=+1 curr=EUR label=Deposit (type/gateway/descr/drcr/sign) status='dep_settled'
[2025-09-24 17:13:36] 🔎 row 73: ✅ accept → dt=1900-07-18 amt=200.00 sign=+1 curr=EUR label=Deposit (type/gateway/descr/drcr/sign) status='dep_settled'
[2025-09-24 17:13:36] 🔎 row 74: ✅ accept → dt=1901-05-14 amt=500.00 sign=+1 curr=EUR label=Deposit (type/gateway/descr/drcr/sign) status='dep_settled'
[2025-09-24 17:13:36] 🔎 row 75: ✅ accept → dt=1901-05-14 amt=500.00 sign=+1 curr=EUR label=Deposit (type/gateway/descr/drcr/sign) status='dep_settled'
[2025-09-24 17:13:36] 🔎 row 76: ✅ accept → dt=1900-02-18 amt=50.00 sign=+1 curr=EUR label=Deposit (type/gateway/descr/drcr/sign) status='dep_settled'
[2025-09-24 17:13:36] 🔎 row 77: ✅ accept → dt=1900-02-18 amt=50.00 sign=+1 curr=EUR label=Deposit (type/gateway/descr/drcr/sign) status='dep_settled'
[2025-09-24 17:13:36] 🔎 row 78: ✅ accept → dt=1901-08-22 amt=600.00 sign=+1 curr=EUR label=Deposit (type/gateway/descr/drcr/sign) status='dep_settled'
[2025-09-24 17:13:36] 🔎 row 79: ✅ accept → dt=1900-05-29 amt=150.00 sign=+1 curr=EUR label=Deposit (type/gateway/descr/drcr/sign) status='dep_settled'
[2025-09-24 17:13:36] 🔎 row 80: ✅ accept → dt=1900-04-09 amt=100.00 sign=+1 curr=EUR label=Deposit (type/gateway/descr/drcr/sign) status='dep_settled'
[2025-09-24 17:13:36] 🔎 row 81: ✅ accept → dt=1900-04-09 amt=100.00 sign=+1 curr=EUR label=Deposit (type/gateway/descr/drcr/sign) status='dep_settled'
[2025-09-24 17:13:36] 🔎 row 82: ✅ accept → dt=1900-07-18 amt=200.00 sign=+1 curr=EUR label=Deposit (type/gateway/descr/drcr/sign) status='dep_settled'
[2025-09-24 17:13:36] 🔎 row 83: ✅ accept → dt=1900-07-18 amt=200.00 sign=+1 curr=EUR label=Deposit (type/gateway/descr/drcr/sign) status='dep_settled'
[2025-09-24 17:13:36] 🔎 row 84: ✅ accept → dt=1900-07-18 amt=200.00 sign=+1 curr=EUR label=Deposit (type/gateway/descr/drcr/sign) status='dep_settled'
[2025-09-24 17:13:36] 🔎 row 85: ✅ accept → dt=1900-09-06 amt=250.00 sign=+1 curr=EUR label=Deposit (type/gateway/descr/drcr/sign) status='dep_settled'
[2025-09-24 17:13:36] 🔎 row 86: ✅ accept → dt=1901-03-25 amt=450.00 sign=+1 curr=EUR label=Deposit (type/gateway/descr/drcr/sign) status='dep_settled'
[2025-09-24 17:13:36] 🔎 row 87: ✅ accept → dt=1901-05-14 amt=500.00 sign=+1 curr=EUR label=Deposit (type/gateway/descr/drcr/sign) status='dep_settled'
[2025-09-24 17:13:36] 🔎 row 88: ✅ accept → dt=1901-05-14 amt=500.00 sign=+1 curr=EUR label=Deposit (type/gateway/descr/drcr/sign) status='dep_settled'
[2025-09-24 17:13:36] 🔎 row 89: ✅ accept → dt=1901-05-14 amt=500.00 sign=+1 curr=EUR label=Deposit (type/gateway/descr/drcr/sign) status='dep_settled'
[2025-09-24 17:13:36] 🔎 row 90: ✅ accept → dt=1902-03-10 amt=800.00 sign=+1 curr=EUR label=Deposit (type/gateway/descr/drcr/sign) status='dep_settled'
[2025-09-24 17:13:36] 🔎 row 91: ✅ accept → dt=1901-05-14 amt=500.00 sign=+1 curr=EUR label=Deposit (type/gateway/descr/drcr/sign) status='dep_settled'
[2025-09-24 17:13:36] 🔎 row 92: ✅ accept → dt=1901-05-14 amt=500.00 sign=+1 curr=EUR label=Deposit (type/gateway/descr/drcr/sign) status='dep_settled'
[2025-09-24 17:13:36] 🔎 row 93: ✅ accept → dt=1901-05-14 amt=500.00 sign=+1 curr=EUR label=Deposit (type/gateway/descr/drcr/sign) status='dep_settled'
[2025-09-24 17:13:36] 🔎 row 94: ✅ accept → dt=1901-11-30 amt=700.00 sign=+1 curr=EUR label=Deposit (type/gateway/descr/drcr/sign) status='dep_settled'
[2025-09-24 17:13:36] 🔎 row 95: ✅ accept → dt=1900-01-06 amt=7.00 sign=+1 curr=EUR label=Deposit (type/gateway/descr/drcr/sign) status='dep_settled'
[2025-09-24 17:13:36] 🔎 row 96: ✅ accept → dt=1901-05-14 amt=500.00 sign=+1 curr=EUR label=Deposit (type/gateway/descr/drcr/sign) status='dep_settled'
[2025-09-24 17:13:36] 🔎 row 97: ✅ accept → dt=1902-09-26 amt=1000.00 sign=+1 curr=EUR label=Deposit (type/gateway/descr/drcr/sign) status='dep_settled'
[2025-09-24 17:13:36] 🔎 row 98: ✅ accept → dt=1902-09-26 amt=1000.00 sign=+1 curr=EUR label=Deposit (type/gateway/descr/drcr/sign) status='dep_settled'
[2025-09-24 17:13:36] 🔎 row 99: ✅ accept → dt=1902-09-26 amt=1000.00 sign=+1 curr=EUR label=Deposit (type/gateway/descr/drcr/sign) status='dep_settled'
[2025-09-24 17:13:36] 🔎 row 100: ✅ accept → dt=1902-09-26 amt=1000.00 sign=+1 curr=EUR label=Deposit (type/gateway/descr/drcr/sign) status='dep_settled'
[2025-09-24 17:13:36] 🔎 row 101: ✅ accept → dt=1905-06-22 amt=2000.00 sign=+1 curr=EUR label=Deposit (type/gateway/descr/drcr/sign) status='dep_settled'
[2025-09-24 17:13:36] 🔎 row 102: ✅ accept → dt=1904-10-15 amt=1750.00 sign=+1 curr=EUR label=Deposit (type/gateway/descr/drcr/sign) status='dep_settled'
[2025-09-24 17:13:36] 🔎 row 103: ✅ accept → dt=1901-05-14 amt=500.00 sign=+1 curr=EUR label=Deposit (type/gateway/descr/drcr/sign) status='dep_settled'
[2025-09-24 17:13:36] 🔎 row 104: ✅ accept → dt=1902-09-26 amt=1000.00 sign=+1 curr=EUR label=Deposit (type/gateway/descr/drcr/sign) status='dep_settled'
[2025-09-24 17:13:36] 🔎 row 105: ✅ accept → dt=1905-06-22 amt=2000.00 sign=+1 curr=EUR label=Deposit (type/gateway/descr/drcr/sign) status='dep_settled'
[2025-09-24 17:13:36] 🔎 row 106: ✅ accept → dt=1902-03-10 amt=800.00 sign=+1 curr=EUR label=Deposit (type/gateway/descr/drcr/sign) status='dep_settled'
[2025-09-24 17:13:36] 🔎 row 107: ✅ accept → dt=1901-05-14 amt=500.00 sign=+1 curr=EUR label=Deposit (type/gateway/descr/drcr/sign) status='dep_settled'
[2025-09-24 17:13:36] 🔎 row 108: ✅ accept → dt=1901-05-14 amt=500.00 sign=+1 curr=EUR label=Deposit (type/gateway/descr/drcr/sign) status='dep_settled'
[2025-09-24 17:13:36] 🔎 row 109: ✅ accept → dt=1905-06-22 amt=2000.00 sign=+1 curr=EUR label=Deposit (type/gateway/descr/drcr/sign) status='dep_settled'
[2025-09-24 17:13:36] 🔎 row 110: ✅ accept → dt=1905-06-22 amt=2000.00 sign=+1 curr=EUR label=Deposit (type/gateway/descr/drcr/sign) status='dep_settled'
[2025-09-24 17:13:36] 🔎 row 111: ✅ accept → dt=1901-05-14 amt=500.00 sign=+1 curr=EUR label=Deposit (type/gateway/descr/drcr/sign) status='dep_settled'
[2025-09-24 17:13:36] 🔎 row 112: ✅ accept → dt=1906-11-04 amt=2500.00 sign=+1 curr=EUR label=Deposit (type/gateway/descr/drcr/sign) status='dep_settled'
[2025-09-24 17:13:36] 🔎 row 113: ✅ accept → dt=1902-09-26 amt=1000.00 sign=+1 curr=EUR label=Deposit (type/gateway/descr/drcr/sign) status='dep_settled'
[2025-09-24 17:13:36] 🔎 row 114: ✅ accept → dt=1902-09-26 amt=1000.00 sign=+1 curr=EUR label=Deposit (type/gateway/descr/drcr/sign) status='dep_settled'
[2025-09-24 17:13:36] 🔎 row 115: ✅ accept → dt=1902-09-26 amt=1000.00 sign=+1 curr=EUR label=Deposit (type/gateway/descr/drcr/sign) status='dep_settled'
[2025-09-24 17:13:36] 🔎 row 116: ✅ accept → dt=1902-09-26 amt=1000.00 sign=+1 curr=EUR label=Deposit (type/gateway/descr/drcr/sign) status='dep_settled'
[2025-09-24 17:13:36] 🔎 row 117: ✅ accept → dt=1901-05-14 amt=500.00 sign=+1 curr=EUR label=Deposit (type/gateway/descr/drcr/sign) status='dep_settled'
[2025-09-24 17:13:36] 🔎 row 118: ✅ accept → dt=1901-05-14 amt=500.00 sign=+1 curr=EUR label=Deposit (type/gateway/descr/drcr/sign) status='dep_settled'
[2025-09-24 17:13:36] 🔎 row 119: ✅ accept → dt=1900-04-09 amt=100.00 sign=+1 curr=EUR label=Deposit (type/gateway/descr/drcr/sign) status='dep_settled'
[2025-09-24 17:13:36] 🔎 row 120: ✅ accept → dt=1900-04-09 amt=100.00 sign=+1 curr=EUR label=Deposit (type/gateway/descr/drcr/sign) status='dep_settled'
[2025-09-24 17:13:36] 🔎 row 121: ✅ accept → dt=1900-04-09 amt=100.00 sign=+1 curr=EUR label=Deposit (type/gateway/descr/drcr/sign) status='dep_settled'
[2025-09-24 17:13:36] 🔎 row 122: ✅ accept → dt=1900-05-29 amt=150.00 sign=+1 curr=EUR label=Deposit (type/gateway/descr/drcr/sign) status='dep_settled'
[2025-09-24 17:13:36] 🔎 row 123: ✅ accept → dt=1902-09-26 amt=1000.00 sign=+1 curr=EUR label=Deposit (type/gateway/descr/drcr/sign) status='dep_settled'
[2025-09-24 17:13:36] 🔎 row 124: ✅ accept → dt=1901-05-14 amt=500.00 sign=+1 curr=EUR label=Deposit (type/gateway/descr/drcr/sign) status='dep_settled'
[2025-09-24 17:13:36] 🔎 row 125: ✅ accept → dt=1901-05-14 amt=500.00 sign=+1 curr=EUR label=Deposit (type/gateway/descr/drcr/sign) status='dep_settled'
[2025-09-24 17:13:36] 🔎 row 126: ✅ accept → dt=1902-09-26 amt=1000.00 sign=+1 curr=EUR label=Deposit (type/gateway/descr/drcr/sign) status='dep_settled'
[2025-09-24 17:13:36] 🔎 row 127: ✅ accept → dt=1904-02-08 amt=1500.00 sign=+1 curr=EUR label=Deposit (type/gateway/descr/drcr/sign) status='dep_settled'
[2025-09-24 17:13:36] 🔎 row 128: ✅ accept → dt=1904-02-08 amt=1500.00 sign=+1 curr=EUR label=Deposit (type/gateway/descr/drcr/sign) status='dep_settled'
[2025-09-24 17:13:36] 🔎 row 129: ✅ accept → dt=1906-11-04 amt=2500.00 sign=+1 curr=EUR label=Deposit (type/gateway/descr/drcr/sign) status='dep_settled'
[2025-09-24 17:13:36] 🔎 row 130: ✅ accept → dt=1902-09-26 amt=1000.00 sign=+1 curr=EUR label=Deposit (type/gateway/descr/drcr/sign) status='dep_settled'
[2025-09-24 17:13:36] 🔎 row 131: ✅ accept → dt=1900-02-18 amt=50.00 sign=+1 curr=EUR label=Deposit (type/gateway/descr/drcr/sign) status='dep_settled'
[2025-09-24 17:13:36] 🔎 row 132: ✅ accept → dt=1902-09-26 amt=1000.00 sign=+1 curr=EUR label=Deposit (type/gateway/descr/drcr/sign) status='dep_settled'
[2025-09-24 17:13:36] 🔎 row 133: ✅ accept → dt=1902-09-26 amt=1000.00 sign=+1 curr=EUR label=Deposit (type/gateway/descr/drcr/sign) status='dep_settled'
[2025-09-24 17:13:36] 🔎 row 134: ✅ accept → dt=1902-09-26 amt=1000.00 sign=+1 curr=EUR label=Deposit (type/gateway/descr/drcr/sign) status='dep_settled'
[2025-09-24 17:13:36] 🔎 row 135: ✅ accept → dt=1905-06-22 amt=2000.00 sign=+1 curr=EUR label=Deposit (type/gateway/descr/drcr/sign) status='dep_settled'
[2025-09-24 17:13:36] 🔎 row 136: ✅ accept → dt=1900-09-06 amt=250.00 sign=+1 curr=EUR label=Deposit (type/gateway/descr/drcr/sign) status='dep_settled'
[2025-09-24 17:13:36] 🔎 row 137: ✅ accept → dt=1900-09-06 amt=250.00 sign=+1 curr=EUR label=Deposit (type/gateway/descr/drcr/sign) status='dep_settled'
[2025-09-24 17:13:36] 🔎 row 138: ✅ accept → dt=1901-05-14 amt=500.00 sign=+1 curr=EUR label=Deposit (type/gateway/descr/drcr/sign) status='dep_settled'
[2025-09-24 17:13:36] 🔎 row 139: ✅ accept → dt=1902-09-26 amt=1000.00 sign=+1 curr=EUR label=Deposit (type/gateway/descr/drcr/sign) status='dep_settled'
[2025-09-24 17:13:36] 🔎 row 140: ✅ accept → dt=1902-09-26 amt=1000.00 sign=+1 curr=EUR label=Deposit (type/gateway/descr/drcr/sign) status='dep_settled'
[2025-09-24 17:13:36] 🔎 row 141: ✅ accept → dt=1900-03-20 amt=80.00 sign=+1 curr=EUR label=Deposit (type/gateway/descr/drcr/sign) status='dep_settled'
[2025-09-24 17:13:36] 🔎 row 142: ✅ accept → dt=1900-10-26 amt=300.00 sign=+1 curr=EUR label=Deposit (type/gateway/descr/drcr/sign) status='dep_settled'
[2025-09-24 17:13:36] 🔎 row 143: ✅ accept → dt=1900-10-26 amt=300.00 sign=+1 curr=EUR label=Deposit (type/gateway/descr/drcr/sign) status='dep_settled'
[2025-09-24 17:13:36] 🔎 row 144: ✅ accept → dt=1901-02-03 amt=400.00 sign=+1 curr=EUR label=Deposit (type/gateway/descr/drcr/sign) status='dep_settled'
[2025-09-24 17:13:36] 🔎 row 145: ✅ accept → dt=1901-05-14 amt=500.00 sign=+1 curr=EUR label=Deposit (type/gateway/descr/drcr/sign) status='dep_settled'
[2025-09-24 17:13:36] 🔎 row 146: ✅ accept → dt=1900-10-26 amt=300.00 sign=+1 curr=EUR label=Deposit (type/gateway/descr/drcr/sign) status='dep_settled'
[2025-09-24 17:13:36] 🔎 row 147: ✅ accept → dt=1901-05-14 amt=500.00 sign=+1 curr=EUR label=Deposit (type/gateway/descr/drcr/sign) status='dep_settled'
[2025-09-24 17:13:36] 🔎 row 148: ✅ accept → dt=1901-05-14 amt=500.00 sign=+1 curr=EUR label=Deposit (type/gateway/descr/drcr/sign) status='dep_settled'
[2025-09-24 17:13:36] 🔎 row 149: ✅ accept → dt=1901-05-14 amt=500.00 sign=+1 curr=EUR label=Deposit (type/gateway/descr/drcr/sign) status='dep_settled'
[2025-09-24 17:13:36] 🔎 row 150: ✅ accept → dt=1901-05-14 amt=500.00 sign=+1 curr=EUR label=Deposit (type/gateway/descr/drcr/sign) status='dep_settled'
[2025-09-24 17:13:36] 🔎 row 151: ✅ accept → dt=1901-05-14 amt=500.00 sign=+1 curr=EUR label=Deposit (type/gateway/descr/drcr/sign) status='dep_settled'
[2025-09-24 17:13:36] 🔎 row 152: ✅ accept → dt=1901-05-14 amt=500.00 sign=+1 curr=EUR label=Deposit (type/gateway/descr/drcr/sign) status='dep_settled'
[2025-09-24 17:13:36] 🔎 row 153: ✅ accept → dt=1902-09-26 amt=1000.00 sign=+1 curr=EUR label=Deposit (type/gateway/descr/drcr/sign) status='dep_settled'
[2025-09-24 17:13:36] 🔎 row 154: ✅ accept → dt=1901-05-14 amt=500.00 sign=+1 curr=EUR label=Deposit (type/gateway/descr/drcr/sign) status='dep_settled'
[2025-09-24 17:13:36] 🔎 row 155: ✅ accept → dt=1902-09-26 amt=1000.00 sign=+1 curr=EUR label=Deposit (type/gateway/descr/drcr/sign) status='dep_settled'
[2025-09-24 17:13:36] 🔎 row 156: ✅ accept → dt=1900-07-18 amt=200.00 sign=+1 curr=EUR label=Deposit (type/gateway/descr/drcr/sign) status='dep_settled'
[2025-09-24 17:13:36] 🔎 row 157: ✅ accept → dt=1900-10-26 amt=300.00 sign=+1 curr=EUR label=Deposit (type/gateway/descr/drcr/sign) status='dep_settled'
[2025-09-24 17:13:36] 🔎 row 158: ✅ accept → dt=1901-05-14 amt=500.00 sign=+1 curr=EUR label=Deposit (type/gateway/descr/drcr/sign) status='dep_settled'
[2025-09-24 17:13:36] 🔎 row 159: ✅ accept → dt=1901-05-14 amt=500.00 sign=+1 curr=EUR label=Deposit (type/gateway/descr/drcr/sign) status='dep_settled'
[2025-09-24 17:13:36] 🔎 row 160: ✅ accept → dt=1902-09-26 amt=1000.00 sign=+1 curr=EUR label=Deposit (type/gateway/descr/drcr/sign) status='dep_settled'
[2025-09-24 17:13:36] 🔎 row 161: ✅ accept → dt=1901-11-30 amt=700.00 sign=+1 curr=EUR label=Deposit (type/gateway/descr/drcr/sign) status='dep_settled'
[2025-09-24 17:13:36] 🔎 row 162: ✅ accept → dt=1900-04-09 amt=100.00 sign=+1 curr=EUR label=Deposit (type/gateway/descr/drcr/sign) status='dep_settled'
[2025-09-24 17:13:36] 🔎 row 163: ✅ accept → dt=1900-02-18 amt=50.00 sign=+1 curr=EUR label=Deposit (type/gateway/descr/drcr/sign) status='dep_settled'
[2025-09-24 17:13:36] 🔎 row 164: ✅ accept → dt=1900-04-09 amt=100.00 sign=+1 curr=EUR label=Deposit (type/gateway/descr/drcr/sign) status='dep_settled'
[2025-09-24 17:13:36] 🔎 row 165: ✅ accept → dt=1900-04-09 amt=100.00 sign=+1 curr=EUR label=Deposit (type/gateway/descr/drcr/sign) status='dep_settled'
[2025-09-24 17:13:36] 🔎 row 166: ✅ accept → dt=1900-04-09 amt=100.00 sign=+1 curr=EUR label=Deposit (type/gateway/descr/drcr/sign) status='dep_settled'
[2025-09-24 17:13:36] 🔎 row 167: ✅ accept → dt=1900-03-28 amt=88.00 sign=+1 curr=EUR label=Deposit (type/gateway/descr/drcr/sign) status='dep_settled'
[2025-09-24 17:13:36] 🔎 row 168: ✅ accept → dt=1900-07-18 amt=200.00 sign=+1 curr=EUR label=Deposit (type/gateway/descr/drcr/sign) status='dep_settled'
[2025-09-24 17:13:36] 🔎 row 169: ✅ accept → dt=1900-07-18 amt=200.00 sign=+1 curr=EUR label=Deposit (type/gateway/descr/drcr/sign) status='dep_settled'
[2025-09-24 17:13:36] 🔎 row 170: ✅ accept → dt=1900-04-09 amt=100.00 sign=+1 curr=EUR label=Deposit (type/gateway/descr/drcr/sign) status='dep_settled'
[2025-09-24 17:13:36] 🔎 row 171: ✅ accept → dt=1900-04-09 amt=100.00 sign=+1 curr=EUR label=Deposit (type/gateway/descr/drcr/sign) status='dep_settled'
[2025-09-24 17:13:36] 🔎 row 172: ✅ accept → dt=1900-07-18 amt=200.00 sign=+1 curr=EUR label=Deposit (type/gateway/descr/drcr/sign) status='dep_settled'
[2025-09-24 17:13:36] 🔎 row 173: ✅ accept → dt=1900-07-18 amt=200.00 sign=+1 curr=EUR label=Deposit (type/gateway/descr/drcr/sign) status='dep_settled'
[2025-09-24 17:13:36] 🔎 row 174: ✅ accept → dt=1900-10-26 amt=300.00 sign=+1 curr=EUR label=Deposit (type/gateway/descr/drcr/sign) status='dep_settled'
[2025-09-24 17:13:36] 🔎 row 175: ✅ accept → dt=1900-07-18 amt=200.00 sign=+1 curr=EUR label=Deposit (type/gateway/descr/drcr/sign) status='dep_settled'
[2025-09-24 17:13:36] 🔎 row 176: ✅ accept → dt=1900-07-18 amt=200.00 sign=+1 curr=EUR label=Deposit (type/gateway/descr/drcr/sign) status='dep_settled'
[2025-09-24 17:13:36] 🔎 row 177: ✅ accept → dt=1900-04-09 amt=100.00 sign=+1 curr=EUR label=Deposit (type/gateway/descr/drcr/sign) status='dep_settled'
[2025-09-24 17:13:36] 🔎 row 178: ✅ accept → dt=1900-04-09 amt=100.00 sign=+1 curr=EUR label=Deposit (type/gateway/descr/drcr/sign) status='dep_settled'
[2025-09-24 17:13:36] 🔎 row 179: ✅ accept → dt=1900-01-04 amt=5.00 sign=+1 curr=EUR label=Deposit (type/gateway/descr/drcr/sign) status='dep_settled'
[2025-09-24 17:13:36] 🔎 row 180: ✅ accept → dt=1900-04-09 amt=100.00 sign=+1 curr=EUR label=Deposit (type/gateway/descr/drcr/sign) status='dep_settled'
[2025-09-24 17:13:36] 🔎 row 181: ✅ accept → dt=1900-05-29 amt=150.00 sign=+1 curr=EUR label=Deposit (type/gateway/descr/drcr/sign) status='dep_settled'
[2025-09-24 17:13:36] 🔎 row 182: ✅ accept → dt=1900-04-09 amt=100.00 sign=+1 curr=EUR label=Deposit (type/gateway/descr/drcr/sign) status='dep_settled'
[2025-09-24 17:13:36] 🔎 row 183: ✅ accept → dt=1900-04-09 amt=100.00 sign=+1 curr=EUR label=Deposit (type/gateway/descr/drcr/sign) status='dep_settled'
[2025-09-24 17:13:36] 🔎 row 184: ✅ accept → dt=1900-04-09 amt=100.00 sign=+1 curr=EUR label=Deposit (type/gateway/descr/drcr/sign) status='dep_settled'
[2025-09-24 17:13:36] 🔎 row 185: ✅ accept → dt=1900-04-09 amt=100.00 sign=+1 curr=EUR label=Deposit (type/gateway/descr/drcr/sign) status='dep_settled'
[2025-09-24 17:13:36] 🔎 row 186: ✅ accept → dt=1900-04-09 amt=100.00 sign=+1 curr=EUR label=Deposit (type/gateway/descr/drcr/sign) status='dep_settled'
[2025-09-24 17:13:36] 🔎 row 187: ✅ accept → dt=1900-04-09 amt=100.00 sign=+1 curr=EUR label=Deposit (type/gateway/descr/drcr/sign) status='dep_settled'
[2025-09-24 17:13:36] 🔎 row 188: ✅ accept → dt=1900-04-09 amt=100.00 sign=+1 curr=EUR label=Deposit (type/gateway/descr/drcr/sign) status='dep_settled'
[2025-09-24 17:13:36] 🔎 row 189: ✅ accept → dt=1900-02-18 amt=50.00 sign=+1 curr=EUR label=Deposit (type/gateway/descr/drcr/sign) status='dep_settled'
[2025-09-24 17:13:36] 🔎 row 190: ✅ accept → dt=1900-04-09 amt=100.00 sign=+1 curr=EUR label=Deposit (type/gateway/descr/drcr/sign) status='dep_settled'
[2025-09-24 17:13:36] 🔎 row 191: ✅ accept → dt=1900-07-18 amt=200.00 sign=+1 curr=EUR label=Deposit (type/gateway/descr/drcr/sign) status='dep_settled'
[2025-09-24 17:13:36] 🔎 row 192: ✅ accept → dt=1901-02-03 amt=400.00 sign=+1 curr=EUR label=Deposit (type/gateway/descr/drcr/sign) status='dep_settled'
[2025-09-24 17:13:36] 🔎 row 193: ✅ accept → dt=1900-04-09 amt=100.00 sign=+1 curr=EUR label=Deposit (type/gateway/descr/drcr/sign) status='dep_settled'
[2025-09-24 17:13:36] 🔎 row 194: ✅ accept → dt=1900-07-18 amt=200.00 sign=+1 curr=EUR label=Deposit (type/gateway/descr/drcr/sign) status='dep_settled'
[2025-09-24 17:13:36] 🔎 row 195: ✅ accept → dt=1900-07-18 amt=200.00 sign=+1 curr=EUR label=Deposit (type/gateway/descr/drcr/sign) status='dep_settled'
[2025-09-24 17:13:36] 🔎 row 196: ✅ accept → dt=1900-10-26 amt=300.00 sign=+1 curr=EUR label=Deposit (type/gateway/descr/drcr/sign) status='dep_settled'
[2025-09-24 17:13:36] 🔎 row 197: ✅ accept → dt=1902-09-26 amt=1000.00 sign=+1 curr=EUR label=Deposit (type/gateway/descr/drcr/sign) status='dep_settled'
[2025-09-24 17:13:36] 🔎 row 198: ✅ accept → dt=1902-09-26 amt=1000.00 sign=+1 curr=EUR label=Deposit (type/gateway/descr/drcr/sign) status='dep_settled'
[2025-09-24 17:13:36] 🔎 row 199: ✅ accept → dt=1902-09-26 amt=1000.00 sign=+1 curr=EUR label=Deposit (type/gateway/descr/drcr/sign) status='dep_settled'
[2025-09-24 17:13:36] 🔎 row 200: ✅ accept → dt=1900-07-18 amt=200.00 sign=+1 curr=EUR label=Deposit (type/gateway/descr/drcr/sign) status='dep_settled'
[2025-09-24 17:13:36] 🔎 row 201: ✅ accept → dt=1900-07-18 amt=200.00 sign=+1 curr=EUR label=Deposit (type/gateway/descr/drcr/sign) status='dep_settled'
[2025-09-24 17:13:36] 🔎 row 202: ✅ accept → dt=1900-04-09 amt=100.00 sign=+1 curr=EUR label=Deposit (type/gateway/descr/drcr/sign) status='dep_settled'
[2025-09-24 17:13:36] 🔎 row 203: ✅ accept → dt=1900-02-18 amt=50.00 sign=+1 curr=EUR label=Deposit (type/gateway/descr/drcr/sign) status='dep_settled'
[2025-09-24 17:13:36] 🔎 row 204: ✅ accept → dt=1900-04-09 amt=100.00 sign=+1 curr=EUR label=Deposit (type/gateway/descr/drcr/sign) status='dep_settled'
[2025-09-24 17:13:36] 🔎 row 205: ✅ accept → dt=1900-04-09 amt=100.00 sign=+1 curr=EUR label=Deposit (type/gateway/descr/drcr/sign) status='dep_settled'
[2025-09-24 17:13:36] 🔎 row 206: ✅ accept → dt=1900-04-09 amt=100.00 sign=+1 curr=EUR label=Deposit (type/gateway/descr/drcr/sign) status='dep_settled'
[2025-09-24 17:13:36] 🔎 row 207: ✅ accept → dt=1900-02-18 amt=50.00 sign=+1 curr=EUR label=Deposit (type/gateway/descr/drcr/sign) status='dep_settled'
[2025-09-24 17:13:36] 🔎 row 208: ✅ accept → dt=1900-04-09 amt=100.00 sign=+1 curr=EUR label=Deposit (type/gateway/descr/drcr/sign) status='dep_settled'
[2025-09-24 17:13:36] 🔎 row 209: ✅ accept → dt=1900-04-09 amt=100.00 sign=+1 curr=EUR label=Deposit (type/gateway/descr/drcr/sign) status='dep_settled'
[2025-09-24 17:13:36] 🔎 row 210: ✅ accept → dt=1900-02-18 amt=50.00 sign=+1 curr=EUR label=Deposit (type/gateway/descr/drcr/sign) status='dep_settled'
[2025-09-24 17:13:36] 🔎 row 211: ✅ accept → dt=1900-02-18 amt=50.00 sign=+1 curr=EUR label=Deposit (type/gateway/descr/drcr/sign) status='dep_settled'
[2025-09-24 17:13:36] 🔎 row 212: ✅ accept → dt=1900-04-09 amt=100.00 sign=+1 curr=EUR label=Deposit (type/gateway/descr/drcr/sign) status='dep_settled'
[2025-09-24 17:13:36] 🔎 row 213: ✅ accept → dt=1900-04-09 amt=100.00 sign=+1 curr=EUR label=Deposit (type/gateway/descr/drcr/sign) status='dep_settled'
[2025-09-24 17:13:36] 🔎 row 214: ✅ accept → dt=1900-04-09 amt=100.00 sign=+1 curr=EUR label=Deposit (type/gateway/descr/drcr/sign) status='dep_settled'
[2025-09-24 17:13:36] 🔎 row 215: ✅ accept → dt=1900-02-18 amt=50.00 sign=+1 curr=EUR label=Deposit (type/gateway/descr/drcr/sign) status='dep_settled'
[2025-09-24 17:13:36] 🔎 row 216: ✅ accept → dt=1900-04-09 amt=100.00 sign=+1 curr=EUR label=Deposit (type/gateway/descr/drcr/sign) status='dep_settled'
[2025-09-24 17:13:36] 🔎 row 217: ✅ accept → dt=1900-04-09 amt=100.00 sign=+1 curr=EUR label=Deposit (type/gateway/descr/drcr/sign) status='dep_settled'
[2025-09-24 17:13:36] 🔎 row 218: ✅ accept → dt=1900-04-09 amt=100.00 sign=+1 curr=EUR label=Deposit (type/gateway/descr/drcr/sign) status='dep_settled'
[2025-09-24 17:13:36] 🔎 row 219: ✅ accept → dt=1900-02-18 amt=50.00 sign=+1 curr=EUR label=Deposit (type/gateway/descr/drcr/sign) status='dep_settled'
[2025-09-24 17:13:36] 🔎 row 220: ✅ accept → dt=1900-02-18 amt=50.00 sign=+1 curr=EUR label=Deposit (type/gateway/descr/drcr/sign) status='dep_settled'
[2025-09-24 17:13:36] 🔎 row 221: ✅ accept → dt=1900-02-18 amt=50.00 sign=+1 curr=EUR label=Deposit (type/gateway/descr/drcr/sign) status='dep_settled'
[2025-09-24 17:13:36] 🔎 row 222: ✅ accept → dt=1900-02-18 amt=50.00 sign=+1 curr=EUR label=Deposit (type/gateway/descr/drcr/sign) status='dep_settled'
[2025-09-24 17:13:36] 🔎 row 223: ✅ accept → dt=1900-02-18 amt=50.00 sign=+1 curr=EUR label=Deposit (type/gateway/descr/drcr/sign) status='dep_settled'
[2025-09-24 17:13:36] 🔎 row 224: ✅ accept → dt=1900-02-18 amt=50.00 sign=+1 curr=EUR label=Deposit (type/gateway/descr/drcr/sign) status='dep_settled'
[2025-09-24 17:13:36] 🔎 row 225: ✅ accept → dt=1900-02-18 amt=50.00 sign=+1 curr=EUR label=Deposit (type/gateway/descr/drcr/sign) status='dep_settled'
[2025-09-24 17:13:36] 🔎 row 226: ✅ accept → dt=1900-02-18 amt=50.00 sign=+1 curr=EUR label=Deposit (type/gateway/descr/drcr/sign) status='dep_settled'
[2025-09-24 17:13:36] 🔎 row 227: ✅ accept → dt=1900-02-18 amt=50.00 sign=+1 curr=EUR label=Deposit (type/gateway/descr/drcr/sign) status='dep_settled'
[2025-09-24 17:13:36] 🔎 row 228: ✅ accept → dt=1900-02-18 amt=50.00 sign=+1 curr=EUR label=Deposit (type/gateway/descr/drcr/sign) status='dep_settled'
[2025-09-24 17:13:36] 🔎 row 229: ✅ accept → dt=1900-02-18 amt=50.00 sign=+1 curr=EUR label=Deposit (type/gateway/descr/drcr/sign) status='dep_settled'
[2025-09-24 17:13:36] 🔎 row 230: ✅ accept → dt=1900-04-09 amt=100.00 sign=+1 curr=EUR label=Deposit (type/gateway/descr/drcr/sign) status='dep_settled'
[2025-09-24 17:13:36] 🔎 row 231: ✅ accept → dt=1900-04-09 amt=100.00 sign=+1 curr=EUR label=Deposit (type/gateway/descr/drcr/sign) status='dep_settled'
[2025-09-24 17:13:36] 🔎 row 232: ✅ accept → dt=1900-04-09 amt=100.00 sign=+1 curr=EUR label=Deposit (type/gateway/descr/drcr/sign) status='dep_settled'
[2025-09-24 17:13:36] 🔎 row 233: ✅ accept → dt=1900-04-09 amt=100.00 sign=+1 curr=EUR label=Deposit (type/gateway/descr/drcr/sign) status='dep_settled'
[2025-09-24 17:13:36] 🔎 row 234: ✅ accept → dt=1900-02-18 amt=50.00 sign=+1 curr=EUR label=Deposit (type/gateway/descr/drcr/sign) status='dep_settled'
[2025-09-24 17:13:36] 🔎 row 235: ✅ accept → dt=1900-02-18 amt=50.00 sign=+1 curr=EUR label=Deposit (type/gateway/descr/drcr/sign) status='dep_settled'
[2025-09-24 17:13:36] 🔎 row 236: ✅ accept → dt=1900-01-09 amt=10.00 sign=+1 curr=EUR label=Deposit (type/gateway/descr/drcr/sign) status='dep_settled'
[2025-09-24 17:13:36] 🔎 row 237: ✅ accept → dt=1900-01-19 amt=20.00 sign=+1 curr=EUR label=Deposit (type/gateway/descr/drcr/sign) status='dep_settled'
[2025-09-24 17:13:36] 🔎 row 238: ✅ accept → dt=1900-02-18 amt=50.00 sign=+1 curr=EUR label=Deposit (type/gateway/descr/drcr/sign) status='dep_settled'
[2025-09-24 17:13:36] 🔎 row 239: ✅ accept → dt=1900-04-09 amt=100.00 sign=+1 curr=EUR label=Deposit (type/gateway/descr/drcr/sign) status='dep_settled'
[2025-09-24 17:13:36] 🔎 row 240: ✅ accept → dt=1900-02-18 amt=50.00 sign=+1 curr=EUR label=Deposit (type/gateway/descr/drcr/sign) status='dep_settled'
[2025-09-24 17:13:36] 🔎 row 241: ✅ accept → dt=1900-02-18 amt=50.00 sign=+1 curr=EUR label=Deposit (type/gateway/descr/drcr/sign) status='dep_settled'
[2025-09-24 17:13:36] 🔎 row 242: ✅ accept → dt=1900-05-29 amt=150.00 sign=+1 curr=EUR label=Deposit (type/gateway/descr/drcr/sign) status='dep_settled'
[2025-09-24 17:13:36] 🔎 row 243: ✅ accept → dt=1900-04-09 amt=100.00 sign=+1 curr=EUR label=Deposit (type/gateway/descr/drcr/sign) status='dep_settled'
[2025-09-24 17:13:37] 🔎 row 244: ✅ accept → dt=1900-04-09 amt=100.00 sign=+1 curr=EUR label=Deposit (type/gateway/descr/drcr/sign) status='dep_settled'
[2025-09-24 17:13:37] 🔎 row 245: ✅ accept → dt=1900-02-18 amt=50.00 sign=+1 curr=EUR label=Deposit (type/gateway/descr/drcr/sign) status='dep_settled'
[2025-09-24 17:13:37] 🔎 row 246: ✅ accept → dt=1900-04-09 amt=100.00 sign=+1 curr=EUR label=Deposit (type/gateway/descr/drcr/sign) status='dep_settled'
[2025-09-24 17:13:37] 🔎 row 247: ✅ accept → dt=1900-04-09 amt=100.00 sign=+1 curr=EUR label=Deposit (type/gateway/descr/drcr/sign) status='dep_settled'
[2025-09-24 17:13:37] 🔎 row 248: ✅ accept → dt=1900-04-09 amt=100.00 sign=+1 curr=EUR label=Deposit (type/gateway/descr/drcr/sign) status='dep_settled'
[2025-09-24 17:13:37] 🔎 row 249: ✅ accept → dt=1900-04-09 amt=100.00 sign=+1 curr=EUR label=Deposit (type/gateway/descr/drcr/sign) status='dep_settled'
[2025-09-24 17:13:37] 🔎 row 250: ✅ accept → dt=1900-04-09 amt=100.00 sign=+1 curr=EUR label=Deposit (type/gateway/descr/drcr/sign) status='dep_settled'
[2025-09-24 17:13:37] 🔎 row 251: ✅ accept → dt=1900-04-09 amt=100.00 sign=+1 curr=EUR label=Deposit (type/gateway/descr/drcr/sign) status='dep_settled'
[2025-09-24 17:13:37] 🔎 row 252: ✅ accept → dt=1900-04-09 amt=100.00 sign=+1 curr=EUR label=Deposit (type/gateway/descr/drcr/sign) status='dep_settled'
[2025-09-24 17:13:37] 🔎 row 253: ✅ accept → dt=1900-02-18 amt=50.00 sign=+1 curr=EUR label=Deposit (type/gateway/descr/drcr/sign) status='dep_settled'
[2025-09-24 17:13:37] 🔎 row 254: ✅ accept → dt=1900-04-09 amt=100.00 sign=+1 curr=EUR label=Deposit (type/gateway/descr/drcr/sign) status='dep_settled'
[2025-09-24 17:13:37] 🔎 row 255: ✅ accept → dt=1900-04-09 amt=100.00 sign=+1 curr=EUR label=Deposit (type/gateway/descr/drcr/sign) status='dep_settled'
[2025-09-24 17:13:37] 🔎 row 256: ✅ accept → dt=1900-04-09 amt=100.00 sign=+1 curr=EUR label=Deposit (type/gateway/descr/drcr/sign) status='dep_settled'
[2025-09-24 17:13:37] 🔎 row 257: ✅ accept → dt=1900-04-09 amt=100.00 sign=+1 curr=EUR label=Deposit (type/gateway/descr/drcr/sign) status='dep_settled'
[2025-09-24 17:13:37] 🔎 row 258: ✅ accept → dt=1900-04-09 amt=100.00 sign=+1 curr=EUR label=Deposit (type/gateway/descr/drcr/sign) status='dep_settled'
[2025-09-24 17:13:37] 🔎 row 259: ✅ accept → dt=1900-04-09 amt=100.00 sign=+1 curr=EUR label=Deposit (type/gateway/descr/drcr/sign) status='dep_settled'
[2025-09-24 17:13:37] 🔎 row 260: ✅ accept → dt=1900-02-18 amt=50.00 sign=+1 curr=EUR label=Deposit (type/gateway/descr/drcr/sign) status='dep_settled'
[2025-09-24 17:13:37] 🔎 row 261: ✅ accept → dt=1900-04-09 amt=100.00 sign=+1 curr=EUR label=Deposit (type/gateway/descr/drcr/sign) status='dep_settled'
[2025-09-24 17:13:37] 🔎 row 262: ✅ accept → dt=1900-02-18 amt=50.00 sign=+1 curr=EUR label=Deposit (type/gateway/descr/drcr/sign) status='dep_settled'
[2025-09-24 17:13:37] 🔎 row 263: ✅ accept → dt=1900-02-18 amt=50.00 sign=+1 curr=EUR label=Deposit (type/gateway/descr/drcr/sign) status='dep_settled'
[2025-09-24 17:13:37] 🔎 row 264: ✅ accept → dt=1900-02-18 amt=50.00 sign=+1 curr=EUR label=Deposit (type/gateway/descr/drcr/sign) status='dep_settled'
[2025-09-24 17:13:37] 🔎 row 265: ✅ accept → dt=1900-02-18 amt=50.00 sign=+1 curr=EUR label=Deposit (type/gateway/descr/drcr/sign) status='dep_settled'
[2025-09-24 17:13:37] 🔎 row 266: ✅ accept → dt=1900-02-18 amt=50.00 sign=+1 curr=EUR label=Deposit (type/gateway/descr/drcr/sign) status='dep_settled'
[2025-09-24 17:13:37] 🔎 row 267: ✅ accept → dt=1900-02-18 amt=50.00 sign=+1 curr=EUR label=Deposit (type/gateway/descr/drcr/sign) status='dep_settled'
[2025-09-24 17:13:37] 🔎 row 268: ✅ accept → dt=1900-02-18 amt=50.00 sign=+1 curr=EUR label=Deposit (type/gateway/descr/drcr/sign) status='dep_settled'
[2025-09-24 17:13:37] 🔎 row 269: ✅ accept → dt=1900-04-09 amt=100.00 sign=+1 curr=EUR label=Deposit (type/gateway/descr/drcr/sign) status='dep_settled'
[2025-09-24 17:13:37] 🔎 row 270: ✅ accept → dt=1900-02-18 amt=50.00 sign=+1 curr=EUR label=Deposit (type/gateway/descr/drcr/sign) status='dep_settled'
[2025-09-24 17:13:37] 🔎 row 271: ✅ accept → dt=1900-05-29 amt=150.00 sign=+1 curr=EUR label=Deposit (type/gateway/descr/drcr/sign) status='dep_settled'
[2025-09-24 17:13:37] 🔎 row 272: ✅ accept → dt=1900-02-18 amt=50.00 sign=+1 curr=EUR label=Deposit (type/gateway/descr/drcr/sign) status='dep_settled'
[2025-09-24 17:13:37] 🔎 row 273: ✅ accept → dt=1900-02-18 amt=50.00 sign=+1 curr=EUR label=Deposit (type/gateway/descr/drcr/sign) status='dep_settled'
[2025-09-24 17:13:37] 🔎 row 274: ✅ accept → dt=1900-02-18 amt=50.00 sign=+1 curr=EUR label=Deposit (type/gateway/descr/drcr/sign) status='dep_settled'
[2025-09-24 17:13:37] 🔎 row 275: ✅ accept → dt=1900-04-09 amt=100.00 sign=+1 curr=EUR label=Deposit (type/gateway/descr/drcr/sign) status='dep_settled'
[2025-09-24 17:13:37] 🔎 row 276: ✅ accept → dt=1900-04-09 amt=100.00 sign=+1 curr=EUR label=Deposit (type/gateway/descr/drcr/sign) status='dep_settled'
[2025-09-24 17:13:37] 🔎 row 277: ✅ accept → dt=1900-04-09 amt=100.00 sign=+1 curr=EUR label=Deposit (type/gateway/descr/drcr/sign) status='dep_settled'
[2025-09-24 17:13:37] 🔎 row 278: ✅ accept → dt=1900-04-09 amt=100.00 sign=+1 curr=EUR label=Deposit (type/gateway/descr/drcr/sign) status='dep_settled'
[2025-09-24 17:13:37] 🔎 row 279: ✅ accept → dt=1900-04-09 amt=100.00 sign=+1 curr=EUR label=Deposit (type/gateway/descr/drcr/sign) status='dep_settled'
[2025-09-24 17:13:37] 🔎 row 280: ✅ accept → dt=1900-04-09 amt=100.00 sign=+1 curr=EUR label=Deposit (type/gateway/descr/drcr/sign) status='dep_settled'
[2025-09-24 17:13:37] 🔎 row 281: ✅ accept → dt=1900-04-09 amt=100.00 sign=+1 curr=EUR label=Deposit (type/gateway/descr/drcr/sign) status='dep_settled'
[2025-09-24 17:13:37] 🔎 row 282: ✅ accept → dt=1900-04-09 amt=100.00 sign=+1 curr=EUR label=Deposit (type/gateway/descr/drcr/sign) status='dep_settled'
[2025-09-24 17:13:37] 🔎 row 283: ✅ accept → dt=1900-07-18 amt=200.00 sign=+1 curr=EUR label=Deposit (type/gateway/descr/drcr/sign) status='dep_settled'
[2025-09-24 17:13:37] 🔎 row 284: ✅ accept → dt=1900-07-18 amt=200.00 sign=+1 curr=EUR label=Deposit (type/gateway/descr/drcr/sign) status='dep_settled'
[2025-09-24 17:13:37] 🔎 row 285: ✅ accept → dt=1900-04-09 amt=100.00 sign=+1 curr=EUR label=Deposit (type/gateway/descr/drcr/sign) status='dep_settled'
[2025-09-24 17:13:37] 🔎 row 286: ✅ accept → dt=1900-07-18 amt=200.00 sign=+1 curr=EUR label=Deposit (type/gateway/descr/drcr/sign) status='dep_settled'
[2025-09-24 17:13:37] 🔎 row 287: ✅ accept → dt=1900-07-18 amt=200.00 sign=+1 curr=EUR label=Deposit (type/gateway/descr/drcr/sign) status='dep_settled'
[2025-09-24 17:13:37] 🔎 row 288: ✅ accept → dt=1900-07-18 amt=200.00 sign=+1 curr=EUR label=Deposit (type/gateway/descr/drcr/sign) status='dep_settled'
[2025-09-24 17:13:37] 🔎 row 289: ✅ accept → dt=1900-04-09 amt=100.00 sign=+1 curr=EUR label=Deposit (type/gateway/descr/drcr/sign) status='dep_settled'
[2025-09-24 17:13:37] 🔎 row 290: ✅ accept → dt=1900-04-09 amt=100.00 sign=+1 curr=EUR label=Deposit (type/gateway/descr/drcr/sign) status='dep_settled'
[2025-09-24 17:13:37] 🔎 row 291: ✅ accept → dt=1900-04-09 amt=100.00 sign=+1 curr=EUR label=Deposit (type/gateway/descr/drcr/sign) status='dep_settled'
[2025-09-24 17:13:37] 🔎 row 292: ✅ accept → dt=1900-04-09 amt=100.00 sign=+1 curr=EUR label=Deposit (type/gateway/descr/drcr/sign) status='dep_settled'
[2025-09-24 17:13:37] 🔎 row 293: ✅ accept → dt=1900-04-09 amt=100.00 sign=+1 curr=EUR label=Deposit (type/gateway/descr/drcr/sign) status='dep_settled'
[2025-09-24 17:13:37] 🔎 row 294: ✅ accept → dt=1900-04-09 amt=100.00 sign=+1 curr=EUR label=Deposit (type/gateway/descr/drcr/sign) status='dep_settled'
[2025-09-24 17:13:37] 🔎 row 295: ✅ accept → dt=1900-04-09 amt=100.00 sign=+1 curr=EUR label=Deposit (type/gateway/descr/drcr/sign) status='dep_settled'
[2025-09-24 17:13:37] 🔎 row 296: ✅ accept → dt=1900-05-29 amt=150.00 sign=+1 curr=EUR label=Deposit (type/gateway/descr/drcr/sign) status='dep_settled'
[2025-09-24 17:13:37] 🔎 row 297: ✅ accept → dt=1900-05-29 amt=150.00 sign=+1 curr=EUR label=Deposit (type/gateway/descr/drcr/sign) status='dep_settled'
[2025-09-24 17:13:37] 🔎 row 298: ✅ accept → dt=1900-05-29 amt=150.00 sign=+1 curr=EUR label=Deposit (type/gateway/descr/drcr/sign) status='dep_settled'
[2025-09-24 17:13:37] 🔎 row 299: ✅ accept → dt=1900-07-18 amt=200.00 sign=+1 curr=EUR label=Deposit (type/gateway/descr/drcr/sign) status='dep_settled'
[2025-09-24 17:13:37] 🔎 row 300: ✅ accept → dt=1900-07-18 amt=200.00 sign=+1 curr=EUR label=Deposit (type/gateway/descr/drcr/sign) status='dep_settled'
[2025-09-24 17:13:37] 🔎 row 301: ✅ accept → dt=1900-04-09 amt=100.00 sign=+1 curr=EUR label=Deposit (type/gateway/descr/drcr/sign) status='dep_settled'
[2025-09-24 17:13:37] 🔎 row 302: ✅ accept → dt=1900-04-09 amt=100.00 sign=+1 curr=EUR label=Deposit (type/gateway/descr/drcr/sign) status='dep_settled'
[2025-09-24 17:13:37] 🔎 row 303: ✅ accept → dt=1900-07-18 amt=200.00 sign=+1 curr=EUR label=Deposit (type/gateway/descr/drcr/sign) status='dep_settled'
[2025-09-24 17:13:37] 🔎 row 304: ✅ accept → dt=1900-07-18 amt=200.00 sign=+1 curr=EUR label=Deposit (type/gateway/descr/drcr/sign) status='dep_settled'
[2025-09-24 17:13:37] 🔎 row 305: ✅ accept → dt=1900-04-09 amt=100.00 sign=+1 curr=EUR label=Deposit (type/gateway/descr/drcr/sign) status='dep_settled'
[2025-09-24 17:13:37] 🔎 row 306: ✅ accept → dt=1900-07-18 amt=200.00 sign=+1 curr=EUR label=Deposit (type/gateway/descr/drcr/sign) status='dep_settled'
[2025-09-24 17:13:37] 🔎 row 307: ✅ accept → dt=1900-07-18 amt=200.00 sign=+1 curr=EUR label=Deposit (type/gateway/descr/drcr/sign) status='dep_settled'
[2025-09-24 17:13:37] 🔎 row 308: ✅ accept → dt=1900-07-18 amt=200.00 sign=+1 curr=EUR label=Deposit (type/gateway/descr/drcr/sign) status='dep_settled'
[2025-09-24 17:13:37] 🔎 row 309: ✅ accept → dt=1900-07-18 amt=200.00 sign=+1 curr=EUR label=Deposit (type/gateway/descr/drcr/sign) status='dep_settled'
[2025-09-24 17:13:37] 🔎 row 310: ✅ accept → dt=1900-02-18 amt=50.00 sign=+1 curr=EUR label=Deposit (type/gateway/descr/drcr/sign) status='dep_settled'
[2025-09-24 17:13:37] 🔎 row 311: ✅ accept → dt=1900-04-09 amt=100.00 sign=+1 curr=EUR label=Deposit (type/gateway/descr/drcr/sign) status='dep_settled'
[2025-09-24 17:13:37] 🔎 row 312: ✅ accept → dt=1900-04-09 amt=100.00 sign=+1 curr=EUR label=Deposit (type/gateway/descr/drcr/sign) status='dep_settled'
[2025-09-24 17:13:37] 🔎 row 313: ✅ accept → dt=1900-05-29 amt=150.00 sign=+1 curr=EUR label=Deposit (type/gateway/descr/drcr/sign) status='dep_settled'
[2025-09-24 17:13:37] 🔎 row 314: ✅ accept → dt=1900-04-09 amt=100.00 sign=+1 curr=EUR label=Deposit (type/gateway/descr/drcr/sign) status='dep_settled'
[2025-09-24 17:13:37] 🔎 row 315: ✅ accept → dt=1900-04-09 amt=100.00 sign=+1 curr=EUR label=Deposit (type/gateway/descr/drcr/sign) status='dep_settled'
[2025-09-24 17:13:37] 🔎 row 316: ✅ accept → dt=1900-05-29 amt=150.00 sign=+1 curr=EUR label=Deposit (type/gateway/descr/drcr/sign) status='dep_settled'
[2025-09-24 17:13:37] 🔎 row 317: ✅ accept → dt=1900-05-29 amt=150.00 sign=+1 curr=EUR label=Deposit (type/gateway/descr/drcr/sign) status='dep_settled'
[2025-09-24 17:13:37] 🔎 row 318: ✅ accept → dt=1900-05-29 amt=150.00 sign=+1 curr=EUR label=Deposit (type/gateway/descr/drcr/sign) status='dep_settled'
[2025-09-24 17:13:37] 🔎 row 319: ✅ accept → dt=1900-04-09 amt=100.00 sign=+1 curr=EUR label=Deposit (type/gateway/descr/drcr/sign) status='dep_settled'
[2025-09-24 17:13:37] 🔎 row 320: ✅ accept → dt=1900-04-09 amt=100.00 sign=+1 curr=EUR label=Deposit (type/gateway/descr/drcr/sign) status='dep_settled'
[2025-09-24 17:13:37] 🔎 row 321: ✅ accept → dt=1900-02-18 amt=50.00 sign=+1 curr=EUR label=Deposit (type/gateway/descr/drcr/sign) status='dep_settled'
[2025-09-24 17:13:37] 🔎 row 322: ✅ accept → dt=1900-01-29 amt=30.00 sign=+1 curr=EUR label=Deposit (type/gateway/descr/drcr/sign) status='dep_settled'
[2025-09-24 17:13:37] 🔎 row 323: ✅ accept → dt=1900-05-09 amt=130.00 sign=+1 curr=EUR label=Deposit (type/gateway/descr/drcr/sign) status='dep_settled'
[2025-09-24 17:13:37] 🔎 row 324: ✅ accept → dt=1900-08-17 amt=230.00 sign=+1 curr=EUR label=Deposit (type/gateway/descr/drcr/sign) status='dep_settled'
[2025-09-24 17:13:37] 🔎 row 325: ✅ accept → dt=1900-02-18 amt=50.00 sign=+1 curr=EUR label=Deposit (type/gateway/descr/drcr/sign) status='dep_settled'
[2025-09-24 17:13:37] 🔎 row 326: ✅ accept → dt=1900-02-18 amt=50.00 sign=+1 curr=EUR label=Deposit (type/gateway/descr/drcr/sign) status='dep_settled'
[2025-09-24 17:13:37] 🔎 row 327: ✅ accept → dt=1900-01-29 amt=30.00 sign=+1 curr=EUR label=Deposit (type/gateway/descr/drcr/sign) status='dep_settled'
[2025-09-24 17:13:37] 🔎 row 328: ✅ accept → dt=1900-02-18 amt=50.00 sign=+1 curr=EUR label=Deposit (type/gateway/descr/drcr/sign) status='dep_settled'
[2025-09-24 17:13:37] 🔎 row 329: ✅ accept → dt=1900-02-18 amt=50.00 sign=+1 curr=EUR label=Deposit (type/gateway/descr/drcr/sign) status='dep_settled'
[2025-09-24 17:13:37] 🔎 row 330: ✅ accept → dt=1900-02-18 amt=50.00 sign=+1 curr=EUR label=Deposit (type/gateway/descr/drcr/sign) status='dep_settled'
[2025-09-24 17:13:37] 🔎 row 331: ✅ accept → dt=1900-02-18 amt=50.00 sign=+1 curr=EUR label=Deposit (type/gateway/descr/drcr/sign) status='dep_settled'
[2025-09-24 17:13:37] 🔎 row 332: ✅ accept → dt=1900-02-18 amt=50.00 sign=+1 curr=EUR label=Deposit (type/gateway/descr/drcr/sign) status='dep_settled'
[2025-09-24 17:13:37] 🔎 row 333: ✅ accept → dt=1900-02-18 amt=50.00 sign=+1 curr=EUR label=Deposit (type/gateway/descr/drcr/sign) status='dep_settled'
[2025-09-24 17:13:37] 🔎 row 334: ✅ accept → dt=1900-09-06 amt=250.00 sign=+1 curr=EUR label=Deposit (type/gateway/descr/drcr/sign) status='dep_settled'
[2025-09-24 17:13:37] 🔎 row 335: ✅ accept → dt=1900-09-06 amt=250.00 sign=+1 curr=EUR label=Deposit (type/gateway/descr/drcr/sign) status='dep_settled'
[2025-09-24 17:13:37] 🔎 row 336: ✅ accept → dt=1900-09-06 amt=250.00 sign=+1 curr=EUR label=Deposit (type/gateway/descr/drcr/sign) status='dep_settled'
[2025-09-24 17:13:37] 🔎 row 337: ✅ accept → dt=1900-09-06 amt=250.00 sign=+1 curr=EUR label=Deposit (type/gateway/descr/drcr/sign) status='dep_settled'
[2025-09-24 17:13:37] 🔎 row 338: ✅ accept → dt=1900-05-29 amt=150.00 sign=+1 curr=EUR label=Deposit (type/gateway/descr/drcr/sign) status='dep_settled'
[2025-09-24 17:13:37] 🔎 row 339: ✅ accept → dt=1900-04-09 amt=100.00 sign=+1 curr=EUR label=Deposit (type/gateway/descr/drcr/sign) status='dep_settled'
[2025-09-24 17:13:37] 🔎 row 340: ✅ accept → dt=1900-04-09 amt=100.00 sign=+1 curr=EUR label=Deposit (type/gateway/descr/drcr/sign) status='dep_settled'
[2025-09-24 17:13:37] 🔎 row 341: ✅ accept → dt=1900-04-09 amt=100.00 sign=+1 curr=EUR label=Deposit (type/gateway/descr/drcr/sign) status='dep_settled'
[2025-09-24 17:13:37] 🔎 row 342: ✅ accept → dt=1900-04-09 amt=100.00 sign=+1 curr=EUR label=Deposit (type/gateway/descr/drcr/sign) status='dep_settled'
[2025-09-24 17:13:37] 🔎 row 343: ✅ accept → dt=1900-04-09 amt=100.00 sign=+1 curr=EUR label=Deposit (type/gateway/descr/drcr/sign) status='dep_settled'
[2025-09-24 17:13:37] 🔎 row 344: ✅ accept → dt=1900-04-09 amt=100.00 sign=+1 curr=EUR label=Deposit (type/gateway/descr/drcr/sign) status='dep_settled'
[2025-09-24 17:13:37] 🔎 row 345: ✅ accept → dt=1900-04-09 amt=100.00 sign=+1 curr=EUR label=Deposit (type/gateway/descr/drcr/sign) status='dep_settled'
[2025-09-24 17:13:37] 🔎 row 346: ✅ accept → dt=1900-04-09 amt=100.00 sign=+1 curr=EUR label=Deposit (type/gateway/descr/drcr/sign) status='dep_settled'
[2025-09-24 17:13:37] 🔎 row 347: ✅ accept → dt=1901-02-03 amt=400.00 sign=+1 curr=EUR label=Deposit (type/gateway/descr/drcr/sign) status='dep_settled'
[2025-09-24 17:13:37] 🔎 row 348: ✅ accept → dt=1901-05-14 amt=500.00 sign=+1 curr=EUR label=Deposit (type/gateway/descr/drcr/sign) status='dep_settled'
[2025-09-24 17:13:37] 🔎 row 349: ✅ accept → dt=1901-02-03 amt=400.00 sign=+1 curr=EUR label=Deposit (type/gateway/descr/drcr/sign) status='dep_settled'
[2025-09-24 17:13:37] 🔎 row 350: ✅ accept → dt=1900-09-06 amt=250.00 sign=+1 curr=EUR label=Deposit (type/gateway/descr/drcr/sign) status='dep_settled'
[2025-09-24 17:13:37] 🔎 row 351: ✅ accept → dt=1900-09-06 amt=250.00 sign=+1 curr=EUR label=Deposit (type/gateway/descr/drcr/sign) status='dep_settled'
[2025-09-24 17:13:37] 🔎 row 352: ✅ accept → dt=1900-04-09 amt=100.00 sign=+1 curr=EUR label=Deposit (type/gateway/descr/drcr/sign) status='dep_settled'
[2025-09-24 17:13:37] 🔎 row 353: ✅ accept → dt=1900-04-09 amt=100.00 sign=+1 curr=EUR label=Deposit (type/gateway/descr/drcr/sign) status='dep_settled'
[2025-09-24 17:13:37] 🔎 row 354: ✅ accept → dt=1901-05-14 amt=500.00 sign=+1 curr=EUR label=Deposit (type/gateway/descr/drcr/sign) status='dep_settled'
[2025-09-24 17:13:37] 🔎 row 355: ✅ accept → dt=1901-05-14 amt=500.00 sign=+1 curr=EUR label=Deposit (type/gateway/descr/drcr/sign) status='dep_settled'
[2025-09-24 17:13:37] 🔎 row 356: ✅ accept → dt=1901-05-14 amt=500.00 sign=+1 curr=EUR label=Deposit (type/gateway/descr/drcr/sign) status='dep_settled'
[2025-09-24 17:13:37] 🔎 row 357: ✅ accept → dt=1901-05-14 amt=500.00 sign=+1 curr=EUR label=Deposit (type/gateway/descr/drcr/sign) status='dep_settled'
[2025-09-24 17:13:37] 🔎 row 358: ✅ accept → dt=1901-05-14 amt=500.00 sign=+1 curr=EUR label=Deposit (type/gateway/descr/drcr/sign) status='dep_settled'
[2025-09-24 17:13:37] 🔎 row 359: ✅ accept → dt=1900-12-15 amt=350.00 sign=+1 curr=EUR label=Deposit (type/gateway/descr/drcr/sign) status='dep_settled'
[2025-09-24 17:13:37] 🔎 row 360: ✅ accept → dt=1900-09-06 amt=250.00 sign=+1 curr=EUR label=Deposit (type/gateway/descr/drcr/sign) status='dep_settled'
[2025-09-24 17:13:37] 🔎 row 361: ✅ accept → dt=1900-04-09 amt=100.00 sign=+1 curr=EUR label=Deposit (type/gateway/descr/drcr/sign) status='dep_settled'
[2025-09-24 17:13:37] 🔎 row 362: ✅ accept → dt=1900-04-09 amt=100.00 sign=+1 curr=EUR label=Deposit (type/gateway/descr/drcr/sign) status='dep_settled'
[2025-09-24 17:13:37] 🔎 row 363: ✅ accept → dt=1900-04-09 amt=100.00 sign=+1 curr=EUR label=Deposit (type/gateway/descr/drcr/sign) status='dep_settled'
[2025-09-24 17:13:37] 🔎 row 364: ✅ accept → dt=1900-04-09 amt=100.00 sign=+1 curr=EUR label=Deposit (type/gateway/descr/drcr/sign) status='dep_settled'
[2025-09-24 17:13:37] 🔎 row 365: ✅ accept → dt=1900-04-09 amt=100.00 sign=+1 curr=EUR label=Deposit (type/gateway/descr/drcr/sign) status='dep_settled'
[2025-09-24 17:13:37] 🔎 row 366: ✅ accept → dt=1900-04-09 amt=100.00 sign=+1 curr=EUR label=Deposit (type/gateway/descr/drcr/sign) status='dep_settled'
[2025-09-24 17:13:37] 🔎 row 367: ✅ accept → dt=1900-04-09 amt=100.00 sign=+1 curr=EUR label=Deposit (type/gateway/descr/drcr/sign) status='dep_settled'
[2025-09-24 17:13:37] 🔎 row 368: ✅ accept → dt=1900-04-09 amt=100.00 sign=+1 curr=EUR label=Deposit (type/gateway/descr/drcr/sign) status='dep_settled'
[2025-09-24 17:13:37] 🔎 row 369: ✅ accept → dt=1900-04-09 amt=100.00 sign=+1 curr=EUR label=Deposit (type/gateway/descr/drcr/sign) status='dep_settled'
[2025-09-24 17:13:37] 🔎 row 370: ✅ accept → dt=1900-04-09 amt=100.00 sign=+1 curr=EUR label=Deposit (type/gateway/descr/drcr/sign) status='dep_settled'
[2025-09-24 17:13:37] 🔎 row 371: ✅ accept → dt=1900-04-09 amt=100.00 sign=+1 curr=EUR label=Deposit (type/gateway/descr/drcr/sign) status='dep_settled'
[2025-09-24 17:13:37] 🔎 row 372: ✅ accept → dt=1900-07-18 amt=200.00 sign=+1 curr=EUR label=Deposit (type/gateway/descr/drcr/sign) status='dep_settled'
[2025-09-24 17:13:37] 🔎 row 373: ✅ accept → dt=1900-10-26 amt=300.00 sign=+1 curr=EUR label=Deposit (type/gateway/descr/drcr/sign) status='dep_settled'
[2025-09-24 17:13:37] 🔎 row 374: ✅ accept → dt=1900-10-26 amt=300.00 sign=+1 curr=EUR label=Deposit (type/gateway/descr/drcr/sign) status='dep_settled'
[2025-09-24 17:13:37] 🔎 row 375: ✅ accept → dt=1900-09-06 amt=250.00 sign=+1 curr=EUR label=Deposit (type/gateway/descr/drcr/sign) status='dep_settled'
[2025-09-24 17:13:37] 🔎 row 376: ✅ accept → dt=1900-09-06 amt=250.00 sign=+1 curr=EUR label=Deposit (type/gateway/descr/drcr/sign) status='dep_settled'
[2025-09-24 17:13:37] 🔎 row 377: ✅ accept → dt=1900-07-18 amt=200.00 sign=+1 curr=EUR label=Deposit (type/gateway/descr/drcr/sign) status='dep_settled'
[2025-09-24 17:13:37] 🔎 row 378: ✅ accept → dt=1900-07-18 amt=200.00 sign=+1 curr=EUR label=Deposit (type/gateway/descr/drcr/sign) status='dep_settled'
[2025-09-24 17:13:37] 🔎 row 379: ✅ accept → dt=1900-07-18 amt=200.00 sign=+1 curr=EUR label=Deposit (type/gateway/descr/drcr/sign) status='dep_settled'
[2025-09-24 17:13:37] 🔎 row 380: ✅ accept → dt=1900-07-18 amt=200.00 sign=+1 curr=EUR label=Deposit (type/gateway/descr/drcr/sign) status='dep_settled'
[2025-09-24 17:13:37] 🔎 row 381: ✅ accept → dt=1900-07-18 amt=200.00 sign=+1 curr=EUR label=Deposit (type/gateway/descr/drcr/sign) status='dep_settled'
[2025-09-24 17:13:37] 🔎 row 382: ✅ accept → dt=1900-07-18 amt=200.00 sign=+1 curr=EUR label=Deposit (type/gateway/descr/drcr/sign) status='dep_settled'
[2025-09-24 17:13:37] 🔎 row 383: ✅ accept → dt=1900-07-18 amt=200.00 sign=+1 curr=EUR label=Deposit (type/gateway/descr/drcr/sign) status='dep_settled'
[2025-09-24 17:13:37] 🔎 row 384: ✅ accept → dt=1900-04-09 amt=100.00 sign=+1 curr=EUR label=Deposit (type/gateway/descr/drcr/sign) status='dep_settled'
[2025-09-24 17:13:37] 🔎 row 385: ✅ accept → dt=1900-07-18 amt=200.00 sign=+1 curr=EUR label=Deposit (type/gateway/descr/drcr/sign) status='dep_settled'
[2025-09-24 17:13:37] 🔎 row 386: ✅ accept → dt=1900-07-18 amt=200.00 sign=+1 curr=EUR label=Deposit (type/gateway/descr/drcr/sign) status='dep_settled'
[2025-09-24 17:13:37] 🔎 row 387: ✅ accept → dt=1900-04-09 amt=100.00 sign=+1 curr=EUR label=Deposit (type/gateway/descr/drcr/sign) status='dep_settled'
[2025-09-24 17:13:37] 🔎 row 388: ✅ accept → dt=1900-02-18 amt=50.00 sign=+1 curr=EUR label=Deposit (type/gateway/descr/drcr/sign) status='dep_settled'
[2025-09-24 17:13:37] 🔎 row 389: ✅ accept → dt=1900-07-18 amt=200.00 sign=+1 curr=EUR label=Deposit (type/gateway/descr/drcr/sign) status='dep_settled'
[2025-09-24 17:13:37] 🔎 row 390: ✅ accept → dt=1900-09-06 amt=250.00 sign=+1 curr=EUR label=Deposit (type/gateway/descr/drcr/sign) status='dep_settled'
[2025-09-24 17:13:37] 🔎 row 391: ✅ accept → dt=1900-09-06 amt=250.00 sign=+1 curr=EUR label=Deposit (type/gateway/descr/drcr/sign) status='dep_settled'
[2025-09-24 17:13:37] 🔎 row 392: ✅ accept → dt=1900-05-29 amt=150.00 sign=+1 curr=EUR label=Deposit (type/gateway/descr/drcr/sign) status='dep_settled'
[2025-09-24 17:13:37] 🔎 row 393: ✅ accept → dt=1900-05-29 amt=150.00 sign=+1 curr=EUR label=Deposit (type/gateway/descr/drcr/sign) status='dep_settled'
[2025-09-24 17:13:37] 🔎 row 394: ✅ accept → dt=1900-09-06 amt=250.00 sign=+1 curr=EUR label=Deposit (type/gateway/descr/drcr/sign) status='dep_settled'
[2025-09-24 17:13:37] 🔎 row 395: ✅ accept → dt=1900-07-18 amt=200.00 sign=+1 curr=EUR label=Deposit (type/gateway/descr/drcr/sign) status='dep_settled'
[2025-09-24 17:13:37] 🔎 row 396: ✅ accept → dt=1900-05-29 amt=150.00 sign=+1 curr=EUR label=Deposit (type/gateway/descr/drcr/sign) status='dep_settled'
[2025-09-24 17:13:37] 🔎 row 397: ✅ accept → dt=1900-07-18 amt=200.00 sign=+1 curr=EUR label=Deposit (type/gateway/descr/drcr/sign) status='dep_settled'
[2025-09-24 17:13:37] 🔎 row 398: ✅ accept → dt=1900-07-18 amt=200.00 sign=+1 curr=EUR label=Deposit (type/gateway/descr/drcr/sign) status='dep_settled'
[2025-09-24 17:13:37] 🔎 row 399: ✅ accept → dt=1900-07-18 amt=200.00 sign=+1 curr=EUR label=Deposit (type/gateway/descr/drcr/sign) status='dep_settled'
[2025-09-24 17:13:37] 🔎 row 400: ✅ accept → dt=1900-07-18 amt=200.00 sign=+1 curr=EUR label=Deposit (type/gateway/descr/drcr/sign) status='dep_settled'
[2025-09-24 17:13:37] 🔎 row 401: ✅ accept → dt=1900-07-18 amt=200.00 sign=+1 curr=EUR label=Deposit (type/gateway/descr/drcr/sign) status='dep_settled'
[2025-09-24 17:13:37] 🔎 row 402: ✅ accept → dt=1900-07-18 amt=200.00 sign=+1 curr=EUR label=Deposit (type/gateway/descr/drcr/sign) status='dep_settled'
[2025-09-24 17:13:37] 🔎 row 403: ✅ accept → dt=1900-10-26 amt=300.00 sign=+1 curr=EUR label=Deposit (type/gateway/descr/drcr/sign) status='dep_settled'
[2025-09-24 17:13:37] 🔎 row 404: ✅ accept → dt=1900-07-18 amt=200.00 sign=+1 curr=EUR label=Deposit (type/gateway/descr/drcr/sign) status='dep_settled'
[2025-09-24 17:13:37] 🔎 row 405: ✅ accept → dt=1900-07-18 amt=200.00 sign=+1 curr=EUR label=Deposit (type/gateway/descr/drcr/sign) status='dep_settled'
[2025-09-24 17:13:37] 🔎 row 406: ✅ accept → dt=1900-05-29 amt=150.00 sign=+1 curr=EUR label=Deposit (type/gateway/descr/drcr/sign) status='dep_settled'
[2025-09-24 17:13:37] 🔎 row 407: ✅ accept → dt=1900-05-29 amt=150.00 sign=+1 curr=EUR label=Deposit (type/gateway/descr/drcr/sign) status='dep_settled'
[2025-09-24 17:13:37] 🔎 row 408: ✅ accept → dt=1900-05-29 amt=150.00 sign=+1 curr=EUR label=Deposit (type/gateway/descr/drcr/sign) status='dep_settled'
[2025-09-24 17:13:37] 🔎 row 409: ✅ accept → dt=1900-05-29 amt=150.00 sign=+1 curr=EUR label=Deposit (type/gateway/descr/drcr/sign) status='dep_settled'
[2025-09-24 17:13:37] 🔎 row 410: ✅ accept → dt=1900-07-18 amt=200.00 sign=+1 curr=EUR label=Deposit (type/gateway/descr/drcr/sign) status='dep_settled'
[2025-09-24 17:13:37] 🔎 row 411: ✅ accept → dt=1900-04-09 amt=100.00 sign=+1 curr=EUR label=Deposit (type/gateway/descr/drcr/sign) status='dep_settled'
[2025-09-24 17:13:37] 🔎 row 412: ✅ accept → dt=1900-07-18 amt=200.00 sign=+1 curr=EUR label=Deposit (type/gateway/descr/drcr/sign) status='dep_settled'
[2025-09-24 17:13:37] 🔎 row 413: ✅ accept → dt=1901-02-03 amt=400.00 sign=+1 curr=EUR label=Deposit (type/gateway/descr/drcr/sign) status='dep_settled'
[2025-09-24 17:13:37] 🔎 row 414: ✅ accept → dt=1901-02-03 amt=400.00 sign=+1 curr=EUR label=Deposit (type/gateway/descr/drcr/sign) status='dep_settled'
[2025-09-24 17:13:37] 🔎 row 415: ✅ accept → dt=1901-02-03 amt=400.00 sign=+1 curr=EUR label=Deposit (type/gateway/descr/drcr/sign) status='dep_settled'
[2025-09-24 17:13:37] 🔎 row 416: ✅ accept → dt=1900-07-18 amt=200.00 sign=+1 curr=EUR label=Deposit (type/gateway/descr/drcr/sign) status='dep_settled'
[2025-09-24 17:13:37] 🔎 row 417: ✅ accept → dt=1900-07-18 amt=200.00 sign=+1 curr=EUR label=Deposit (type/gateway/descr/drcr/sign) status='dep_settled'
[2025-09-24 17:13:37] 🔎 row 418: ✅ accept → dt=1900-07-18 amt=200.00 sign=+1 curr=EUR label=Deposit (type/gateway/descr/drcr/sign) status='dep_settled'
[2025-09-24 17:13:37] 🔎 row 419: ✅ accept → dt=1900-04-09 amt=100.00 sign=+1 curr=EUR label=Deposit (type/gateway/descr/drcr/sign) status='dep_settled'
[2025-09-24 17:13:37] 🔎 row 420: ✅ accept → dt=1900-04-09 amt=100.00 sign=+1 curr=EUR label=Deposit (type/gateway/descr/drcr/sign) status='dep_settled'
[2025-09-24 17:13:37] 🔎 row 421: ✅ accept → dt=1900-07-18 amt=200.00 sign=+1 curr=EUR label=Deposit (type/gateway/descr/drcr/sign) status='dep_settled'
[2025-09-24 17:13:37] 🔎 row 422: ✅ accept → dt=1900-02-08 amt=40.00 sign=+1 curr=EUR label=Deposit (type/gateway/descr/drcr/sign) status='dep_settled'
[2025-09-24 17:13:37] 🔎 row 423: ✅ accept → dt=1900-05-29 amt=150.00 sign=+1 curr=EUR label=Deposit (type/gateway/descr/drcr/sign) status='dep_settled'
[2025-09-24 17:13:37] 🔎 row 424: ✅ accept → dt=1900-07-18 amt=200.00 sign=+1 curr=EUR label=Deposit (type/gateway/descr/drcr/sign) status='dep_settled'
[2025-09-24 17:13:37] 🔎 row 425: ✅ accept → dt=1900-01-19 amt=20.00 sign=+1 curr=EUR label=Deposit (type/gateway/descr/drcr/sign) status='dep_settled'
[2025-09-24 17:13:37] 🔎 row 426: ✅ accept → dt=1900-07-18 amt=200.00 sign=+1 curr=EUR label=Deposit (type/gateway/descr/drcr/sign) status='dep_settled'
[2025-09-24 17:13:37] 🔎 row 427: ✅ accept → dt=1901-05-14 amt=500.00 sign=+1 curr=EUR label=Deposit (type/gateway/descr/drcr/sign) status='dep_settled'
[2025-09-24 17:13:37] 🔎 row 428: ✅ accept → dt=1900-09-06 amt=250.00 sign=+1 curr=EUR label=Deposit (type/gateway/descr/drcr/sign) status='dep_settled'
[2025-09-24 17:13:37] 🔎 row 429: ✅ accept → dt=1900-09-06 amt=250.00 sign=+1 curr=EUR label=Deposit (type/gateway/descr/drcr/sign) status='dep_settled'
[2025-09-24 17:13:37] 🔎 row 430: ✅ accept → dt=1900-09-06 amt=250.00 sign=+1 curr=EUR label=Deposit (type/gateway/descr/drcr/sign) status='dep_settled'
[2025-09-24 17:13:37] 🔎 row 431: ✅ accept → dt=1900-09-06 amt=250.00 sign=+1 curr=EUR label=Deposit (type/gateway/descr/drcr/sign) status='dep_settled'
[2025-09-24 17:13:37] 🔎 row 432: ✅ accept → dt=1900-09-06 amt=250.00 sign=+1 curr=EUR label=Deposit (type/gateway/descr/drcr/sign) status='dep_settled'
[2025-09-24 17:13:37] 🔎 row 433: ✅ accept → dt=1900-09-06 amt=250.00 sign=+1 curr=EUR label=Deposit (type/gateway/descr/drcr/sign) status='dep_settled'
[2025-09-24 17:13:37] 🔎 row 434: ✅ accept → dt=1901-05-14 amt=500.00 sign=+1 curr=EUR label=Deposit (type/gateway/descr/drcr/sign) status='dep_settled'
[2025-09-24 17:13:37] 🔎 row 435: ✅ accept → dt=1901-05-14 amt=500.00 sign=+1 curr=EUR label=Deposit (type/gateway/descr/drcr/sign) status='dep_settled'
[2025-09-24 17:13:37] 🔎 row 436: ✅ accept → dt=1901-05-14 amt=500.00 sign=+1 curr=EUR label=Deposit (type/gateway/descr/drcr/sign) status='dep_settled'
[2025-09-24 17:13:37] 🔎 row 437: ✅ accept → dt=1900-12-15 amt=350.00 sign=+1 curr=EUR label=Deposit (type/gateway/descr/drcr/sign) status='dep_settled'
[2025-09-24 17:13:37] 🔎 row 438: ✅ accept → dt=1900-12-15 amt=350.00 sign=+1 curr=EUR label=Deposit (type/gateway/descr/drcr/sign) status='dep_settled'
[2025-09-24 17:13:37] 🔎 row 439: ✅ accept → dt=1900-05-29 amt=150.00 sign=+1 curr=EUR label=Deposit (type/gateway/descr/drcr/sign) status='dep_settled'
[2025-09-24 17:13:37] 🔎 row 440: ✅ accept → dt=1901-05-14 amt=500.00 sign=+1 curr=EUR label=Deposit (type/gateway/descr/drcr/sign) status='dep_settled'
[2025-09-24 17:13:37] 🔎 row 441: ✅ accept → dt=1901-05-14 amt=500.00 sign=+1 curr=EUR label=Deposit (type/gateway/descr/drcr/sign) status='dep_settled'
[2025-09-24 17:13:37] 🔎 row 442: ✅ accept → dt=1901-05-14 amt=500.00 sign=+1 curr=EUR label=Deposit (type/gateway/descr/drcr/sign) status='dep_settled'
[2025-09-24 17:13:37] 🔎 row 443: ✅ accept → dt=1900-09-06 amt=250.00 sign=+1 curr=EUR label=Deposit (type/gateway/descr/drcr/sign) status='dep_settled'
[2025-09-24 17:13:37] 🔎 row 444: ✅ accept → dt=1900-09-06 amt=250.00 sign=+1 curr=EUR label=Deposit (type/gateway/descr/drcr/sign) status='dep_settled'
[2025-09-24 17:13:37] 🔎 row 445: ✅ accept → dt=1900-09-06 amt=250.00 sign=+1 curr=EUR label=Deposit (type/gateway/descr/drcr/sign) status='dep_settled'
[2025-09-24 17:13:37] 🔎 row 446: ✅ accept → dt=1900-09-06 amt=250.00 sign=+1 curr=EUR label=Deposit (type/gateway/descr/drcr/sign) status='dep_settled'
[2025-09-24 17:13:37] 🔎 row 447: ✅ accept → dt=1900-07-18 amt=200.00 sign=+1 curr=EUR label=Deposit (type/gateway/descr/drcr/sign) status='dep_settled'
[2025-09-24 17:13:37] 🔎 row 448: ✅ accept → dt=1900-07-18 amt=200.00 sign=+1 curr=EUR label=Deposit (type/gateway/descr/drcr/sign) status='dep_settled'
[2025-09-24 17:13:37] 🔎 row 449: ✅ accept → dt=1900-07-18 amt=200.00 sign=+1 curr=EUR label=Deposit (type/gateway/descr/drcr/sign) status='dep_settled'
[2025-09-24 17:13:37] 🔎 row 450: ✅ accept → dt=1900-07-18 amt=200.00 sign=+1 curr=EUR label=Deposit (type/gateway/descr/drcr/sign) status='dep_settled'
[2025-09-24 17:13:37] 🔎 row 451: ✅ accept → dt=1900-07-18 amt=200.00 sign=+1 curr=EUR label=Deposit (type/gateway/descr/drcr/sign) status='dep_settled'
[2025-09-24 17:13:37] 🔎 row 452: ✅ accept → dt=1900-07-18 amt=200.00 sign=+1 curr=EUR label=Deposit (type/gateway/descr/drcr/sign) status='dep_settled'
[2025-09-24 17:13:37] 🔎 row 453: ✅ accept → dt=1900-09-06 amt=250.00 sign=+1 curr=EUR label=Deposit (type/gateway/descr/drcr/sign) status='dep_settled'
[2025-09-24 17:13:37] 🔎 row 454: ✅ accept → dt=1900-04-09 amt=100.00 sign=+1 curr=EUR label=Deposit (type/gateway/descr/drcr/sign) status='dep_settled'
[2025-09-24 17:13:37] 🔎 row 455: ✅ accept → dt=1900-09-06 amt=250.00 sign=+1 curr=EUR label=Deposit (type/gateway/descr/drcr/sign) status='dep_settled'
[2025-09-24 17:13:37] 🔎 row 456: ✅ accept → dt=1900-09-06 amt=250.00 sign=+1 curr=EUR label=Deposit (type/gateway/descr/drcr/sign) status='dep_settled'
[2025-09-24 17:13:37] 🔎 row 457: ✅ accept → dt=1900-01-29 amt=30.00 sign=+1 curr=EUR label=Deposit (type/gateway/descr/drcr/sign) status='dep_settled'
[2025-09-24 17:13:37] 🔎 row 458: ✅ accept → dt=1901-05-14 amt=500.00 sign=+1 curr=EUR label=Deposit (type/gateway/descr/drcr/sign) status='dep_settled'
[2025-09-24 17:13:37] 🔎 row 459: ✅ accept → dt=1900-01-04 amt=5.00 sign=+1 curr=EUR label=Deposit (type/gateway/descr/drcr/sign) status='dep_settled'
[2025-09-24 17:13:37] 🔎 row 460: ✅ accept → dt=1902-09-26 amt=1000.00 sign=+1 curr=EUR label=Deposit (type/gateway/descr/drcr/sign) status='dep_settled'
[2025-09-24 17:13:38] 🔎 row 461: ✅ accept → dt=1900-01-04 amt=5.00 sign=+1 curr=EUR label=Deposit (type/gateway/descr/drcr/sign) status='dep_settled'
[2025-09-24 17:13:38] 🔎 row 462: ✅ accept → dt=1905-06-22 amt=2000.00 sign=+1 curr=EUR label=Deposit (type/gateway/descr/drcr/sign) status='dep_settled'
[2025-09-24 17:13:38] 🔎 row 463: ✅ accept → dt=1900-07-18 amt=200.00 sign=+1 curr=EUR label=Deposit (type/gateway/descr/drcr/sign) status='dep_settled'
[2025-09-24 17:13:38] 🔎 row 464: ✅ accept → dt=1900-07-18 amt=200.00 sign=+1 curr=EUR label=Deposit (type/gateway/descr/drcr/sign) status='dep_settled'
[2025-09-24 17:13:38] 🔎 row 465: ✅ accept → dt=1900-07-18 amt=200.00 sign=+1 curr=EUR label=Deposit (type/gateway/descr/drcr/sign) status='dep_settled'
[2025-09-24 17:13:38] 🔎 row 466: ✅ accept → dt=1900-07-18 amt=200.00 sign=+1 curr=EUR label=Deposit (type/gateway/descr/drcr/sign) status='dep_settled'
[2025-09-24 17:13:38] 🔎 row 467: ✅ accept → dt=1900-07-18 amt=200.00 sign=+1 curr=EUR label=Deposit (type/gateway/descr/drcr/sign) status='dep_settled'
[2025-09-24 17:13:38] 🔎 row 468: ✅ accept → dt=1900-07-18 amt=200.00 sign=+1 curr=EUR label=Deposit (type/gateway/descr/drcr/sign) status='dep_settled'
[2025-09-24 17:13:38] 🔎 row 469: ✅ accept → dt=1900-07-18 amt=200.00 sign=+1 curr=EUR label=Deposit (type/gateway/descr/drcr/sign) status='dep_settled'
[2025-09-24 17:13:38] 🔎 row 470: ✅ accept → dt=1900-07-18 amt=200.00 sign=+1 curr=EUR label=Deposit (type/gateway/descr/drcr/sign) status='dep_settled'
[2025-09-24 17:13:38] 🔎 row 471: ✅ accept → dt=1900-07-18 amt=200.00 sign=+1 curr=EUR label=Deposit (type/gateway/descr/drcr/sign) status='dep_settled'
[2025-09-24 17:13:38] 🔎 row 472: ✅ accept → dt=1900-04-09 amt=100.00 sign=+1 curr=EUR label=Deposit (type/gateway/descr/drcr/sign) status='dep_settled'
[2025-09-24 17:13:38] 🔎 row 473: ✅ accept → dt=1900-02-18 amt=50.00 sign=+1 curr=EUR label=Deposit (type/gateway/descr/drcr/sign) status='dep_settled'
[2025-09-24 17:13:38] 🔎 row 474: ✅ accept → dt=1900-04-09 amt=100.00 sign=+1 curr=EUR label=Deposit (type/gateway/descr/drcr/sign) status='dep_settled'
[2025-09-24 17:13:38] 🔎 row 475: ✅ accept → dt=1900-04-09 amt=100.00 sign=+1 curr=EUR label=Deposit (type/gateway/descr/drcr/sign) status='dep_settled'
[2025-09-24 17:13:38] 🔎 row 476: ✅ accept → dt=1900-04-09 amt=100.00 sign=+1 curr=EUR label=Deposit (type/gateway/descr/drcr/sign) status='dep_settled'
[2025-09-24 17:13:38] 🔎 row 477: ✅ accept → dt=1900-01-10 amt=11.00 sign=+1 curr=EUR label=Deposit (type/gateway/descr/drcr/sign) status='dep_settled'
[2025-09-24 17:13:38] 🔎 row 478: ✅ accept → dt=1900-04-09 amt=100.00 sign=+1 curr=EUR label=Deposit (type/gateway/descr/drcr/sign) status='dep_settled'
[2025-09-24 17:13:38] 🔎 row 479: ✅ accept → dt=1900-04-09 amt=100.00 sign=+1 curr=EUR label=Deposit (type/gateway/descr/drcr/sign) status='dep_settled'
[2025-09-24 17:13:38] 🔎 row 480: ✅ accept → dt=1900-04-09 amt=100.00 sign=+1 curr=EUR label=Deposit (type/gateway/descr/drcr/sign) status='dep_settled'
[2025-09-24 17:13:38] 🔎 row 481: ✅ accept → dt=1900-04-09 amt=100.00 sign=+1 curr=EUR label=Deposit (type/gateway/descr/drcr/sign) status='dep_settled'
[2025-09-24 17:13:38] 🔎 row 482: ✅ accept → dt=1900-04-09 amt=100.00 sign=+1 curr=EUR label=Deposit (type/gateway/descr/drcr/sign) status='dep_settled'
[2025-09-24 17:13:38] 🔎 row 483: ✅ accept → dt=1900-02-18 amt=50.00 sign=+1 curr=EUR label=Deposit (type/gateway/descr/drcr/sign) status='dep_settled'
[2025-09-24 17:13:38] 🔎 row 484: ✅ accept → dt=1900-01-04 amt=5.00 sign=+1 curr=EUR label=Deposit (type/gateway/descr/drcr/sign) status='dep_settled'
[2025-09-24 17:13:38] 🔎 row 485: ✅ accept → dt=1900-07-18 amt=200.00 sign=+1 curr=EUR label=Deposit (type/gateway/descr/drcr/sign) status='dep_settled'
[2025-09-24 17:13:38] 🔎 row 486: ✅ accept → dt=1900-07-18 amt=200.00 sign=+1 curr=EUR label=Deposit (type/gateway/descr/drcr/sign) status='dep_settled'
[2025-09-24 17:13:38] 🔎 row 487: ✅ accept → dt=1900-07-18 amt=200.00 sign=+1 curr=EUR label=Deposit (type/gateway/descr/drcr/sign) status='dep_settled'
[2025-09-24 17:13:38] 🔎 row 488: ✅ accept → dt=1900-07-18 amt=200.00 sign=+1 curr=EUR label=Deposit (type/gateway/descr/drcr/sign) status='dep_settled'
[2025-09-24 17:13:38] 🔎 row 489: ✅ accept → dt=1900-07-18 amt=200.00 sign=+1 curr=EUR label=Deposit (type/gateway/descr/drcr/sign) status='dep_settled'
[2025-09-24 17:13:38] 🔎 row 490: ✅ accept → dt=1900-07-18 amt=200.00 sign=+1 curr=EUR label=Deposit (type/gateway/descr/drcr/sign) status='dep_settled'
[2025-09-24 17:13:38] 🔎 row 491: ✅ accept → dt=1900-07-18 amt=200.00 sign=+1 curr=EUR label=Deposit (type/gateway/descr/drcr/sign) status='dep_settled'
[2025-09-24 17:13:38] 🔎 row 492: ✅ accept → dt=1900-07-18 amt=200.00 sign=+1 curr=EUR label=Deposit (type/gateway/descr/drcr/sign) status='dep_settled'
[2025-09-24 17:13:38] 🔎 row 493: ✅ accept → dt=1900-07-18 amt=200.00 sign=+1 curr=EUR label=Deposit (type/gateway/descr/drcr/sign) status='dep_settled'
[2025-09-24 17:13:38] 🔎 row 494: ✅ accept → dt=1900-04-09 amt=100.00 sign=+1 curr=EUR label=Deposit (type/gateway/descr/drcr/sign) status='dep_settled'
[2025-09-24 17:13:38] 🔎 row 495: ✅ accept → dt=1900-04-09 amt=100.00 sign=+1 curr=EUR label=Deposit (type/gateway/descr/drcr/sign) status='dep_settled'
[2025-09-24 17:13:38] 🔎 row 496: ✅ accept → dt=1900-04-09 amt=100.00 sign=+1 curr=EUR label=Deposit (type/gateway/descr/drcr/sign) status='dep_settled'
[2025-09-24 17:13:38] 🔎 row 497: ✅ accept → dt=1900-04-09 amt=100.00 sign=+1 curr=EUR label=Deposit (type/gateway/descr/drcr/sign) status='dep_settled'
[2025-09-24 17:13:38] 🔎 row 498: ✅ accept → dt=1900-04-09 amt=100.00 sign=+1 curr=EUR label=Deposit (type/gateway/descr/drcr/sign) status='dep_settled'
[2025-09-24 17:13:38] 🔎 row 499: ✅ accept → dt=1900-04-09 amt=100.00 sign=+1 curr=EUR label=Deposit (type/gateway/descr/drcr/sign) status='dep_settled'
[2025-09-24 17:13:38] 🔎 row 500: ✅ accept → dt=1900-07-18 amt=200.00 sign=+1 curr=EUR label=Deposit (type/gateway/descr/drcr/sign) status='dep_settled'
[2025-09-24 17:13:38] 🔎 row 501: ✅ accept → dt=1900-07-18 amt=200.00 sign=+1 curr=EUR label=Deposit (type/gateway/descr/drcr/sign) status='dep_settled'
[2025-09-24 17:13:38] 🔎 row 502: ✅ accept → dt=1900-07-18 amt=200.00 sign=+1 curr=EUR label=Deposit (type/gateway/descr/drcr/sign) status='dep_settled'
[2025-09-24 17:13:38] 🔎 row 503: ✅ accept → dt=1900-07-18 amt=200.00 sign=+1 curr=EUR label=Deposit (type/gateway/descr/drcr/sign) status='dep_settled'
[2025-09-24 17:13:38] 🔎 row 504: ✅ accept → dt=1900-04-09 amt=100.00 sign=+1 curr=EUR label=Deposit (type/gateway/descr/drcr/sign) status='dep_settled'
[2025-09-24 17:13:38] 🔎 row 505: ✅ accept → dt=1901-05-14 amt=500.00 sign=+1 curr=EUR label=Deposit (type/gateway/descr/drcr/sign) status='dep_settled'
[2025-09-24 17:13:38] 🔎 row 506: ✅ accept → dt=1900-10-26 amt=300.00 sign=+1 curr=EUR label=Deposit (type/gateway/descr/drcr/sign) status='dep_settled'
[2025-09-24 17:13:38] 🔎 row 507: ✅ accept → dt=1900-10-26 amt=300.00 sign=+1 curr=EUR label=Deposit (type/gateway/descr/drcr/sign) status='dep_settled'
[2025-09-24 17:13:38] 🔎 row 508: ✅ accept → dt=1900-10-26 amt=300.00 sign=+1 curr=EUR label=Deposit (type/gateway/descr/drcr/sign) status='dep_settled'
[2025-09-24 17:13:38] 🔎 row 509: ✅ accept → dt=1900-04-09 amt=100.00 sign=+1 curr=EUR label=Deposit (type/gateway/descr/drcr/sign) status='dep_settled'
[2025-09-24 17:13:38] 🔎 row 510: ✅ accept → dt=1900-04-09 amt=100.00 sign=+1 curr=EUR label=Deposit (type/gateway/descr/drcr/sign) status='dep_settled'
[2025-09-24 17:13:38] 🔎 row 511: ✅ accept → dt=1900-04-09 amt=100.00 sign=+1 curr=EUR label=Deposit (type/gateway/descr/drcr/sign) status='dep_settled'
[2025-09-24 17:13:38] 🔎 row 512: ✅ accept → dt=1901-05-14 amt=500.00 sign=+1 curr=EUR label=Deposit (type/gateway/descr/drcr/sign) status='dep_settled'
[2025-09-24 17:13:38] 🔎 row 513: ✅ accept → dt=1900-07-18 amt=200.00 sign=+1 curr=EUR label=Deposit (type/gateway/descr/drcr/sign) status='dep_settled'
[2025-09-24 17:13:38] 🔎 row 514: ✅ accept → dt=1900-04-09 amt=100.00 sign=+1 curr=EUR label=Deposit (type/gateway/descr/drcr/sign) status='dep_settled'
[2025-09-24 17:13:38] 🔎 row 515: ✅ accept → dt=1901-05-14 amt=500.00 sign=+1 curr=EUR label=Deposit (type/gateway/descr/drcr/sign) status='dep_settled'
[2025-09-24 17:13:38] 🔎 row 516: ✅ accept → dt=1901-05-14 amt=500.00 sign=+1 curr=EUR label=Deposit (type/gateway/descr/drcr/sign) status='dep_settled'
[2025-09-24 17:13:38] 🔎 row 517: ✅ accept → dt=1900-09-06 amt=250.00 sign=+1 curr=EUR label=Deposit (type/gateway/descr/drcr/sign) status='dep_settled'
[2025-09-24 17:13:38] 🔎 row 518: ✅ accept → dt=1900-09-06 amt=250.00 sign=+1 curr=EUR label=Deposit (type/gateway/descr/drcr/sign) status='dep_settled'
[2025-09-24 17:13:38] 🔎 row 519: ✅ accept → dt=1900-09-06 amt=250.00 sign=+1 curr=EUR label=Deposit (type/gateway/descr/drcr/sign) status='dep_settled'
[2025-09-24 17:13:38] 🔎 row 520: ✅ accept → dt=1900-09-06 amt=250.00 sign=+1 curr=EUR label=Deposit (type/gateway/descr/drcr/sign) status='dep_settled'
[2025-09-24 17:13:38] 🔎 row 521: ✅ accept → dt=1900-09-06 amt=250.00 sign=+1 curr=EUR label=Deposit (type/gateway/descr/drcr/sign) status='dep_settled'
[2025-09-24 17:13:38] 🔎 row 522: ✅ accept → dt=1900-09-06 amt=250.00 sign=+1 curr=EUR label=Deposit (type/gateway/descr/drcr/sign) status='dep_settled'
[2025-09-24 17:13:38] 🔎 row 523: ✅ accept → dt=1900-09-06 amt=250.00 sign=+1 curr=EUR label=Deposit (type/gateway/descr/drcr/sign) status='dep_settled'
[2025-09-24 17:13:38] 🔎 row 524: ✅ accept → dt=1900-09-06 amt=250.00 sign=+1 curr=EUR label=Deposit (type/gateway/descr/drcr/sign) status='dep_settled'
[2025-09-24 17:13:38] 🔎 row 525: ✅ accept → dt=1900-09-06 amt=250.00 sign=+1 curr=EUR label=Deposit (type/gateway/descr/drcr/sign) status='dep_settled'
[2025-09-24 17:13:38] 🔎 row 526: ✅ accept → dt=1900-09-06 amt=250.00 sign=+1 curr=EUR label=Deposit (type/gateway/descr/drcr/sign) status='dep_settled'
[2025-09-24 17:13:38] 🔎 row 527: ✅ accept → dt=1900-04-09 amt=100.00 sign=+1 curr=EUR label=Deposit (type/gateway/descr/drcr/sign) status='dep_settled'
[2025-09-24 17:13:38] 🔎 row 528: ✅ accept → dt=1900-04-09 amt=100.00 sign=+1 curr=EUR label=Deposit (type/gateway/descr/drcr/sign) status='dep_settled'
[2025-09-24 17:13:38] 🔎 row 529: ✅ accept → dt=1900-04-09 amt=100.00 sign=+1 curr=EUR label=Deposit (type/gateway/descr/drcr/sign) status='dep_settled'
[2025-09-24 17:13:38] 🔎 row 530: ✅ accept → dt=1900-04-09 amt=100.00 sign=+1 curr=EUR label=Deposit (type/gateway/descr/drcr/sign) status='dep_settled'
[2025-09-24 17:13:38] 🔎 row 531: ✅ accept → dt=1900-04-09 amt=100.00 sign=+1 curr=EUR label=Deposit (type/gateway/descr/drcr/sign) status='dep_settled'
[2025-09-24 17:13:38] 🔎 row 532: ✅ accept → dt=1900-03-15 amt=75.00 sign=+1 curr=EUR label=Deposit (type/gateway/descr/drcr/sign) status='dep_settled'
[2025-09-24 17:13:38] 🔎 row 533: ✅ accept → dt=1900-03-15 amt=75.00 sign=+1 curr=EUR label=Deposit (type/gateway/descr/drcr/sign) status='dep_settled'
[2025-09-24 17:13:38] 🔎 row 534: ✅ accept → dt=1900-06-23 amt=175.00 sign=+1 curr=EUR label=Deposit (type/gateway/descr/drcr/sign) status='dep_settled'
[2025-09-24 17:13:38] 🔎 row 535: ✅ accept → dt=1900-06-23 amt=175.00 sign=+1 curr=EUR label=Deposit (type/gateway/descr/drcr/sign) status='dep_settled'
[2025-09-24 17:13:38] 🔎 row 536: ✅ accept → dt=1900-06-23 amt=175.00 sign=+1 curr=EUR label=Deposit (type/gateway/descr/drcr/sign) status='dep_settled'
[2025-09-24 17:13:38] 🔎 row 537: ✅ accept → dt=1900-06-23 amt=175.00 sign=+1 curr=EUR label=Deposit (type/gateway/descr/drcr/sign) status='dep_settled'
[2025-09-24 17:13:38] 🔎 row 538: ✅ accept → dt=1900-06-23 amt=175.00 sign=+1 curr=EUR label=Deposit (type/gateway/descr/drcr/sign) status='dep_settled'
[2025-09-24 17:13:38] 🔎 row 539: ✅ accept → dt=1900-06-23 amt=175.00 sign=+1 curr=EUR label=Deposit (type/gateway/descr/drcr/sign) status='dep_settled'
[2025-09-24 17:13:38] 🔎 row 540: ✅ accept → dt=1901-05-14 amt=500.00 sign=+1 curr=EUR label=Deposit (type/gateway/descr/drcr/sign) status='dep_settled'
[2025-09-24 17:13:38] 🔎 row 541: ✅ accept → dt=1900-09-06 amt=250.00 sign=+1 curr=EUR label=Deposit (type/gateway/descr/drcr/sign) status='dep_settled'
[2025-09-24 17:13:38] 🔎 row 542: ✅ accept → dt=1900-09-06 amt=250.00 sign=+1 curr=EUR label=Deposit (type/gateway/descr/drcr/sign) status='dep_settled'
[2025-09-24 17:13:38] 🔎 row 543: ✅ accept → dt=1900-09-06 amt=250.00 sign=+1 curr=EUR label=Deposit (type/gateway/descr/drcr/sign) status='dep_settled'
[2025-09-24 17:13:38] 🔎 row 544: ✅ accept → dt=1900-09-06 amt=250.00 sign=+1 curr=EUR label=Deposit (type/gateway/descr/drcr/sign) status='dep_settled'
[2025-09-24 17:13:38] 🔎 row 545: ✅ accept → dt=1900-09-06 amt=250.00 sign=+1 curr=EUR label=Deposit (type/gateway/descr/drcr/sign) status='dep_settled'
[2025-09-24 17:13:38] 🔎 row 546: ✅ accept → dt=1900-09-06 amt=250.00 sign=+1 curr=EUR label=Deposit (type/gateway/descr/drcr/sign) status='dep_settled'
[2025-09-24 17:13:38] 🔎 row 547: ✅ accept → dt=1900-09-06 amt=250.00 sign=+1 curr=EUR label=Deposit (type/gateway/descr/drcr/sign) status='dep_settled'
[2025-09-24 17:13:38] 🔎 row 548: ✅ accept → dt=1901-05-14 amt=500.00 sign=+1 curr=EUR label=Deposit (type/gateway/descr/drcr/sign) status='dep_settled'
[2025-09-24 17:13:38] 🔎 row 549: ✅ accept → dt=1900-07-18 amt=200.00 sign=+1 curr=EUR label=Deposit (type/gateway/descr/drcr/sign) status='dep_settled'
[2025-09-24 17:13:38] 🔎 row 550: ✅ accept → dt=1900-07-18 amt=200.00 sign=+1 curr=EUR label=Deposit (type/gateway/descr/drcr/sign) status='dep_settled'
[2025-09-24 17:13:38] 🔎 row 551: ✅ accept → dt=1900-10-26 amt=300.00 sign=+1 curr=EUR label=Deposit (type/gateway/descr/drcr/sign) status='dep_settled'
[2025-09-24 17:13:38] 🔎 row 552: ✅ accept → dt=1900-10-26 amt=300.00 sign=+1 curr=EUR label=Deposit (type/gateway/descr/drcr/sign) status='dep_settled'
[2025-09-24 17:13:38] 🔎 row 553: ✅ accept → dt=1900-10-26 amt=300.00 sign=+1 curr=EUR label=Deposit (type/gateway/descr/drcr/sign) status='dep_settled'
[2025-09-24 17:13:38] 🔎 row 554: ✅ accept → dt=1900-09-06 amt=250.00 sign=+1 curr=EUR label=Deposit (type/gateway/descr/drcr/sign) status='dep_settled'
[2025-09-24 17:13:38] 🔎 row 555: ✅ accept → dt=1900-09-06 amt=250.00 sign=+1 curr=EUR label=Deposit (type/gateway/descr/drcr/sign) status='dep_settled'
[2025-09-24 17:13:38] 🔎 row 556: ✅ accept → dt=1900-09-06 amt=250.00 sign=+1 curr=EUR label=Deposit (type/gateway/descr/drcr/sign) status='dep_settled'
[2025-09-24 17:13:38] 🔎 row 557: ✅ accept → dt=1900-09-06 amt=250.00 sign=+1 curr=EUR label=Deposit (type/gateway/descr/drcr/sign) status='dep_settled'
[2025-09-24 17:13:38] 🔎 row 558: ✅ accept → dt=1900-09-06 amt=250.00 sign=+1 curr=EUR label=Deposit (type/gateway/descr/drcr/sign) status='dep_settled'
[2025-09-24 17:13:38] 🔎 row 559: ✅ accept → dt=1900-09-06 amt=250.00 sign=+1 curr=EUR label=Deposit (type/gateway/descr/drcr/sign) status='dep_settled'
[2025-09-24 17:13:38] 🔎 row 560: ✅ accept → dt=1900-09-06 amt=250.00 sign=+1 curr=EUR label=Deposit (type/gateway/descr/drcr/sign) status='dep_settled'
[2025-09-24 17:13:38] 🔎 row 561: ✅ accept → dt=1900-09-06 amt=250.00 sign=+1 curr=EUR label=Deposit (type/gateway/descr/drcr/sign) status='dep_settled'
[2025-09-24 17:13:38] 🔎 row 562: ✅ accept → dt=1901-05-14 amt=500.00 sign=+1 curr=EUR label=Deposit (type/gateway/descr/drcr/sign) status='dep_settled'
[2025-09-24 17:13:38] 🔎 row 563: ✅ accept → dt=1901-05-14 amt=500.00 sign=+1 curr=EUR label=Deposit (type/gateway/descr/drcr/sign) status='dep_settled'
[2025-09-24 17:13:38] 🔎 row 564: ✅ accept → dt=1900-07-18 amt=200.00 sign=+1 curr=EUR label=Deposit (type/gateway/descr/drcr/sign) status='dep_settled'
[2025-09-24 17:13:38] 🔎 row 565: ✅ accept → dt=1900-07-18 amt=200.00 sign=+1 curr=EUR label=Deposit (type/gateway/descr/drcr/sign) status='dep_settled'
[2025-09-24 17:13:38] 🔎 row 566: ✅ accept → dt=1900-04-09 amt=100.00 sign=+1 curr=EUR label=Deposit (type/gateway/descr/drcr/sign) status='dep_settled'
[2025-09-24 17:13:38] 🔎 row 567: ✅ accept → dt=1900-04-09 amt=100.00 sign=+1 curr=EUR label=Deposit (type/gateway/descr/drcr/sign) status='dep_settled'
[2025-09-24 17:13:38] 🔎 row 568: ✅ accept → dt=1900-04-09 amt=100.00 sign=+1 curr=EUR label=Deposit (type/gateway/descr/drcr/sign) status='dep_settled'
[2025-09-24 17:13:38] 🔎 row 569: ✅ accept → dt=1900-04-09 amt=100.00 sign=+1 curr=EUR label=Deposit (type/gateway/descr/drcr/sign) status='dep_settled'
[2025-09-24 17:13:38] 🔎 row 570: ✅ accept → dt=1900-04-09 amt=100.00 sign=+1 curr=EUR label=Deposit (type/gateway/descr/drcr/sign) status='dep_settled'
[2025-09-24 17:13:38] 🔎 row 571: ✅ accept → dt=1900-07-18 amt=200.00 sign=+1 curr=EUR label=Deposit (type/gateway/descr/drcr/sign) status='dep_settled'
[2025-09-24 17:13:38] 🔎 row 572: ✅ accept → dt=1901-05-14 amt=500.00 sign=+1 curr=EUR label=Deposit (type/gateway/descr/drcr/sign) status='dep_settled'
[2025-09-24 17:13:38] 🔎 row 573: ✅ accept → dt=1901-05-14 amt=500.00 sign=+1 curr=EUR label=Deposit (type/gateway/descr/drcr/sign) status='dep_settled'
[2025-09-24 17:13:38] 🔎 row 574: ✅ accept → dt=1901-05-14 amt=500.00 sign=+1 curr=EUR label=Deposit (type/gateway/descr/drcr/sign) status='dep_settled'
[2025-09-24 17:13:38] 🔎 row 575: ✅ accept → dt=1900-07-18 amt=200.00 sign=+1 curr=EUR label=Deposit (type/gateway/descr/drcr/sign) status='dep_settled'
[2025-09-24 17:13:38] 🔎 row 576: ✅ accept → dt=1900-07-18 amt=200.00 sign=+1 curr=EUR label=Deposit (type/gateway/descr/drcr/sign) status='dep_settled'
[2025-09-24 17:13:38] 🔎 row 577: ✅ accept → dt=1900-07-18 amt=200.00 sign=+1 curr=EUR label=Deposit (type/gateway/descr/drcr/sign) status='dep_settled'
[2025-09-24 17:13:38] 🔎 row 578: ✅ accept → dt=1900-07-18 amt=200.00 sign=+1 curr=EUR label=Deposit (type/gateway/descr/drcr/sign) status='dep_settled'
[2025-09-24 17:13:38] 🔎 row 579: ✅ accept → dt=1900-04-09 amt=100.00 sign=+1 curr=EUR label=Deposit (type/gateway/descr/drcr/sign) status='dep_settled'
[2025-09-24 17:13:38] 🔎 row 580: ✅ accept → dt=1900-04-09 amt=100.00 sign=+1 curr=EUR label=Deposit (type/gateway/descr/drcr/sign) status='dep_settled'
[2025-09-24 17:13:38] 🔎 row 581: ✅ accept → dt=1900-07-18 amt=200.00 sign=+1 curr=EUR label=Deposit (type/gateway/descr/drcr/sign) status='dep_settled'
[2025-09-24 17:13:38] 🔎 row 582: ✅ accept → dt=1900-07-18 amt=200.00 sign=+1 curr=EUR label=Deposit (type/gateway/descr/drcr/sign) status='dep_settled'
[2025-09-24 17:13:38] 🔎 row 583: ✅ accept → dt=1900-10-26 amt=300.00 sign=+1 curr=EUR label=Deposit (type/gateway/descr/drcr/sign) status='dep_settled'
[2025-09-24 17:13:38] 🔎 row 584: ✅ accept → dt=1900-07-18 amt=200.00 sign=+1 curr=EUR label=Deposit (type/gateway/descr/drcr/sign) status='dep_settled'
[2025-09-24 17:13:38] 🔎 row 585: ✅ accept → dt=1900-07-18 amt=200.00 sign=+1 curr=EUR label=Deposit (type/gateway/descr/drcr/sign) status='dep_settled'
[2025-09-24 17:13:38] 🔎 row 586: ✅ accept → dt=1900-10-26 amt=300.00 sign=+1 curr=EUR label=Deposit (type/gateway/descr/drcr/sign) status='dep_settled'
[2025-09-24 17:13:38] 🔎 row 587: ✅ accept → dt=1901-05-14 amt=500.00 sign=+1 curr=EUR label=Deposit (type/gateway/descr/drcr/sign) status='dep_settled'
[2025-09-24 17:13:38] 🔎 row 588: ✅ accept → dt=1900-09-06 amt=250.00 sign=+1 curr=EUR label=Deposit (type/gateway/descr/drcr/sign) status='dep_settled'
[2025-09-24 17:13:38] 🔎 row 589: ✅ accept → dt=1900-09-06 amt=250.00 sign=+1 curr=EUR label=Deposit (type/gateway/descr/drcr/sign) status='dep_settled'
[2025-09-24 17:13:38] 🔎 row 590: ✅ accept → dt=1900-09-06 amt=250.00 sign=+1 curr=EUR label=Deposit (type/gateway/descr/drcr/sign) status='dep_settled'
[2025-09-24 17:13:38] 🔎 row 591: ✅ accept → dt=1900-09-06 amt=250.00 sign=+1 curr=EUR label=Deposit (type/gateway/descr/drcr/sign) status='dep_settled'
[2025-09-24 17:13:38] 🔎 row 592: ✅ accept → dt=1900-09-06 amt=250.00 sign=+1 curr=EUR label=Deposit (type/gateway/descr/drcr/sign) status='dep_settled'
[2025-09-24 17:13:38] 🔎 row 593: ✅ accept → dt=1900-09-06 amt=250.00 sign=+1 curr=EUR label=Deposit (type/gateway/descr/drcr/sign) status='dep_settled'
[2025-09-24 17:13:38] 🔎 row 594: ✅ accept → dt=1900-09-06 amt=250.00 sign=+1 curr=EUR label=Deposit (type/gateway/descr/drcr/sign) status='dep_settled'
[2025-09-24 17:13:38] 🔎 row 595: ✅ accept → dt=1900-09-06 amt=250.00 sign=+1 curr=EUR label=Deposit (type/gateway/descr/drcr/sign) status='dep_settled'
[2025-09-24 17:13:38] 🔎 row 596: ✅ accept → dt=1900-09-06 amt=250.00 sign=+1 curr=EUR label=Deposit (type/gateway/descr/drcr/sign) status='dep_settled'
[2025-09-24 17:13:38] 🔎 row 597: ✅ accept → dt=1901-05-14 amt=500.00 sign=+1 curr=EUR label=Deposit (type/gateway/descr/drcr/sign) status='dep_settled'
[2025-09-24 17:13:38] 🔎 row 598: ✅ accept → dt=1900-05-29 amt=150.00 sign=+1 curr=EUR label=Deposit (type/gateway/descr/drcr/sign) status='dep_settled'
[2025-09-24 17:13:38] 🔎 row 599: ✅ accept → dt=1900-04-09 amt=100.00 sign=+1 curr=EUR label=Deposit (type/gateway/descr/drcr/sign) status='dep_settled'
[2025-09-24 17:13:38] 🔎 row 600: ✅ accept → dt=1900-07-18 amt=200.00 sign=+1 curr=EUR label=Deposit (type/gateway/descr/drcr/sign) status='dep_settled'
[2025-09-24 17:13:38] 🔎 row 601: ✅ accept → dt=1900-04-09 amt=100.00 sign=+1 curr=EUR label=Deposit (type/gateway/descr/drcr/sign) status='dep_settled'
[2025-09-24 17:13:38] 🔎 row 602: ✅ accept → dt=1900-09-06 amt=250.00 sign=+1 curr=EUR label=Deposit (type/gateway/descr/drcr/sign) status='dep_settled'
[2025-09-24 17:13:38] 🔎 row 603: ✅ accept → dt=1900-02-18 amt=50.00 sign=+1 curr=EUR label=Deposit (type/gateway/descr/drcr/sign) status='dep_settled'
[2025-09-24 17:13:38] 🔎 row 604: ✅ accept → dt=1900-09-06 amt=250.00 sign=+1 curr=EUR label=Deposit (type/gateway/descr/drcr/sign) status='dep_settled'
[2025-09-24 17:13:38] 🔎 row 605: ✅ accept → dt=1900-04-09 amt=100.00 sign=+1 curr=EUR label=Deposit (type/gateway/descr/drcr/sign) status='dep_settled'
[2025-09-24 17:13:38] 🔎 row 606: ✅ accept → dt=1900-04-09 amt=100.00 sign=+1 curr=EUR label=Deposit (type/gateway/descr/drcr/sign) status='dep_settled'
[2025-09-24 17:13:38] 🔎 row 607: ✅ accept → dt=1900-10-26 amt=300.00 sign=+1 curr=EUR label=Deposit (type/gateway/descr/drcr/sign) status='dep_settled'
[2025-09-24 17:13:38] 🔎 row 608: ✅ accept → dt=1900-10-26 amt=300.00 sign=+1 curr=EUR label=Deposit (type/gateway/descr/drcr/sign) status='dep_settled'
[2025-09-24 17:13:38] 🔎 row 609: ✅ accept → dt=1900-10-26 amt=300.00 sign=+1 curr=EUR label=Deposit (type/gateway/descr/drcr/sign) status='dep_settled'
[2025-09-24 17:13:38] 🔎 row 610: ✅ accept → dt=1900-09-06 amt=250.00 sign=+1 curr=EUR label=Deposit (type/gateway/descr/drcr/sign) status='dep_settled'
[2025-09-24 17:13:38] 🔎 row 611: ✅ accept → dt=1901-05-14 amt=500.00 sign=+1 curr=EUR label=Deposit (type/gateway/descr/drcr/sign) status='dep_settled'
[2025-09-24 17:13:38] 🔎 row 612: ✅ accept → dt=1900-09-06 amt=250.00 sign=+1 curr=EUR label=Deposit (type/gateway/descr/drcr/sign) status='dep_settled'
[2025-09-24 17:13:38] 🔎 row 613: ✅ accept → dt=1900-04-09 amt=100.00 sign=+1 curr=EUR label=Deposit (type/gateway/descr/drcr/sign) status='dep_settled'
[2025-09-24 17:13:38] 🔎 row 614: ✅ accept → dt=1900-07-18 amt=200.00 sign=+1 curr=EUR label=Deposit (type/gateway/descr/drcr/sign) status='dep_settled'
[2025-09-24 17:13:38] 🔎 row 615: ✅ accept → dt=1900-07-18 amt=200.00 sign=+1 curr=EUR label=Deposit (type/gateway/descr/drcr/sign) status='dep_settled'
[2025-09-24 17:13:38] 🔎 row 616: ✅ accept → dt=1900-04-09 amt=100.00 sign=+1 curr=EUR label=Deposit (type/gateway/descr/drcr/sign) status='dep_settled'
[2025-09-24 17:13:38] 🔎 row 617: ✅ accept → dt=1900-10-26 amt=300.00 sign=+1 curr=EUR label=Deposit (type/gateway/descr/drcr/sign) status='dep_settled'
[2025-09-24 17:13:38] 🔎 row 618: ✅ accept → dt=1900-10-26 amt=300.00 sign=+1 curr=EUR label=Deposit (type/gateway/descr/drcr/sign) status='dep_settled'
[2025-09-24 17:13:38] 🔎 row 619: ✅ accept → dt=1900-07-18 amt=200.00 sign=+1 curr=EUR label=Deposit (type/gateway/descr/drcr/sign) status='dep_settled'
[2025-09-24 17:13:38] 🔎 row 620: ✅ accept → dt=1900-07-18 amt=200.00 sign=+1 curr=EUR label=Deposit (type/gateway/descr/drcr/sign) status='dep_settled'
[2025-09-24 17:13:38] 🔎 row 621: ✅ accept → dt=1900-07-18 amt=200.00 sign=+1 curr=EUR label=Deposit (type/gateway/descr/drcr/sign) status='dep_settled'
[2025-09-24 17:13:38] 🔎 row 622: ✅ accept → dt=1900-07-18 amt=200.00 sign=+1 curr=EUR label=Deposit (type/gateway/descr/drcr/sign) status='dep_settled'
[2025-09-24 17:13:38] 🔎 row 623: ✅ accept → dt=1900-07-18 amt=200.00 sign=+1 curr=EUR label=Deposit (type/gateway/descr/drcr/sign) status='dep_settled'
[2025-09-24 17:13:38] 🔎 row 624: ✅ accept → dt=1900-07-18 amt=200.00 sign=+1 curr=EUR label=Deposit (type/gateway/descr/drcr/sign) status='dep_settled'
[2025-09-24 17:13:38] 🔎 row 625: ✅ accept → dt=1900-10-26 amt=300.00 sign=+1 curr=EUR label=Deposit (type/gateway/descr/drcr/sign) status='dep_settled'
[2025-09-24 17:13:38] 🔎 row 626: ✅ accept → dt=1904-04-23 amt=1575.00 sign=+1 curr=EUR label=Deposit (type/gateway/descr/drcr/sign) status='rdm_closed'
[2025-09-24 17:13:38] 🔎 row 627: ✅ accept → dt=1905-02-17 amt=1875.00 sign=+1 curr=EUR label=Deposit (type/gateway/descr/drcr/sign) status='rdm_closed'
[2025-09-24 17:13:38] 🔎 row 628: ✅ accept → dt=1899-12-30 amt=850.00 sign=+1 curr=EUR label=Deposit (type/gateway/descr/drcr/sign) status='rdm_closed'
[2025-09-24 17:13:38] 🔎 row 629: ✅ accept → dt=1899-12-30 amt=1500.00 sign=+1 curr=EUR label=Deposit (type/gateway/descr/drcr/sign) status='rdm_closed'
[2025-09-24 17:13:38] 🔎 row 630: ✅ accept → dt=1904-12-04 amt=1800.00 sign=+1 curr=EUR label=Deposit (type/gateway/descr/drcr/sign) status='rdm_closed'
[2025-09-24 17:13:38] 🔎 row 631: ✅ accept → dt=1905-01-23 amt=1850.00 sign=+1 curr=EUR label=Deposit (type/gateway/descr/drcr/sign) status='rdm_closed'
[2025-09-24 17:13:38] 🔎 row 632: ✅ accept → dt=1899-12-30 amt=2000.00 sign=+1 curr=EUR label=Deposit (type/gateway/descr/drcr/sign) status='rdm_closed'
[2025-09-24 17:13:38] 🔎 row 633: ✅ accept → dt=1905-03-14 amt=1900.00 sign=+1 curr=EUR label=Deposit (type/gateway/descr/drcr/sign) status='rdm_closed'
[2025-09-24 17:13:38] 🔎 row 634: ✅ accept → dt=1904-10-05 amt=1740.00 sign=+1 curr=EUR label=Deposit (type/gateway/descr/drcr/sign) status='rdm_closed'
[2025-09-24 17:13:38] 🔎 row 635: ✅ accept → dt=1899-12-30 amt=1150.00 sign=+1 curr=EUR label=Deposit (type/gateway/descr/drcr/sign) status='rdm_closed'
[2025-09-24 17:13:38] 🔎 row 636: ✅ accept → dt=1899-12-30 amt=1250.00 sign=+1 curr=EUR label=Deposit (type/gateway/descr/drcr/sign) status='rdm_closed'
[2025-09-24 17:13:38] 🔎 row 637: ✅ accept → dt=1899-12-30 amt=500.00 sign=+1 curr=EUR label=Deposit (type/gateway/descr/drcr/sign) status='rdm_closed'
[2025-09-24 17:13:38] 🔎 row 638: ✅ accept → dt=1899-12-30 amt=1050.00 sign=+1 curr=EUR label=Deposit (type/gateway/descr/drcr/sign) status='rdm_closed'
[2025-09-24 17:13:38] 🔎 row 639: ✅ accept → dt=1905-07-02 amt=2010.00 sign=+1 curr=EUR label=Deposit (type/gateway/descr/drcr/sign) status='rdm_closed'
[2025-09-24 17:13:38] 🔎 row 640: ✅ accept → dt=1903-01-22 amt=1118.00 sign=+1 curr=EUR label=Deposit (type/gateway/descr/drcr/sign) status='rdm_closed'
[2025-09-24 17:13:38] 🔎 row 641: ✅ accept → dt=1903-01-06 amt=1102.00 sign=+1 curr=EUR label=Deposit (type/gateway/descr/drcr/sign) status='rdm_closed'
[2025-09-24 17:13:38] 🔎 row 642: ✅ accept → dt=1899-12-30 amt=907.00 sign=+1 curr=EUR label=Deposit (type/gateway/descr/drcr/sign) status='rdm_closed'
[2025-09-24 17:13:38] 🔎 row 643: ✅ accept → dt=1899-12-30 amt=10.00 sign=+1 curr=EUR label=Deposit (type/gateway/descr/drcr/sign) status='rdm_closed'
[2025-09-24 17:13:38] 🔎 row 644: ✅ accept → dt=1900-10-26 amt=300.00 sign=+1 curr=EUR label=Deposit (type/gateway/descr/drcr/sign) status='rdm_closed'
[2025-09-24 17:13:38] 🔎 row 645: ✅ accept → dt=1902-09-26 amt=1000.00 sign=+1 curr=EUR label=Deposit (type/gateway/descr/drcr/sign) status='rdm_closed'
[2025-09-24 17:13:38] 🔎 row 646: ✅ accept → dt=1901-05-14 amt=500.00 sign=+1 curr=EUR label=Deposit (type/gateway/descr/drcr/sign) status='rdm_closed'
[2025-09-24 17:13:38] 🔎 row 647: ✅ accept → dt=1905-01-01 amt=1828.00 sign=+1 curr=EUR label=Deposit (type/gateway/descr/drcr/sign) status='rdm_closed'
[2025-09-24 17:13:38] 🔎 row 648: ✅ accept → dt=1899-12-30 amt=175.00 sign=+1 curr=EUR label=Deposit (type/gateway/descr/drcr/sign) status='rdm_closed'
[2025-09-24 17:13:38] 🔎 row 649: ✅ accept → dt=1904-02-08 amt=1500.00 sign=+1 curr=EUR label=Deposit (type/gateway/descr/drcr/sign) status='rdm_closed'
[2025-09-24 17:13:38] 🔎 row 650: ✅ accept → dt=1902-10-11 amt=1015.00 sign=+1 curr=EUR label=Deposit (type/gateway/descr/drcr/sign) status='rdm_closed'
[2025-09-24 17:13:38] 🔎 row 651: ✅ accept → dt=1903-03-05 amt=1160.00 sign=+1 curr=EUR label=Deposit (type/gateway/descr/drcr/sign) status='rdm_closed'
[2025-09-24 17:13:38] 🔎 row 652: ✅ accept → dt=1904-11-24 amt=1790.00 sign=+1 curr=EUR label=Deposit (type/gateway/descr/drcr/sign) status='rdm_closed'
[2025-09-24 17:13:38] 🔎 row 653: ✅ accept → dt=1905-06-22 amt=2000.00 sign=+1 curr=EUR label=Deposit (type/gateway/descr/drcr/sign) status='rdm_closed'
[2025-09-24 17:13:38] 🔎 row 654: ✅ accept → dt=1907-11-14 amt=2875.00 sign=+1 curr=EUR label=Deposit (type/gateway/descr/drcr/sign) status='rdm_closed'
[2025-09-24 17:13:38] 🔎 row 655: ✅ accept → dt=1906-11-04 amt=2500.00 sign=+1 curr=EUR label=Deposit (type/gateway/descr/drcr/sign) status='rdm_closed'
[2025-09-24 17:13:38] 🔎 row 656: ✅ accept → dt=1902-09-26 amt=1000.00 sign=+1 curr=EUR label=Deposit (type/gateway/descr/drcr/sign) status='rdm_closed'
[2025-09-24 17:13:38] 🔎 row 657: ✅ accept → dt=1902-09-07 amt=981.00 sign=+1 curr=EUR label=Deposit (type/gateway/descr/drcr/sign) status='rdm_closed'
[2025-09-24 17:13:38] 🔎 row 658: ✅ accept → dt=1902-07-03 amt=915.00 sign=+1 curr=EUR label=Deposit (type/gateway/descr/drcr/sign) status='rdm_closed'
[2025-09-24 17:13:38] 🔎 row 659: ✅ accept → dt=1903-12-30 amt=1460.00 sign=+1 curr=EUR label=Deposit (type/gateway/descr/drcr/sign) status='rdm_closed'
[2025-09-24 17:13:38] 🔎 row 660: ✅ accept → dt=1899-12-30 amt=1510.00 sign=+1 curr=EUR label=Deposit (type/gateway/descr/drcr/sign) status='rdm_closed'
[2025-09-24 17:13:38] 🔎 row 661: ✅ accept → dt=1904-02-08 amt=1500.00 sign=+1 curr=EUR label=Deposit (type/gateway/descr/drcr/sign) status='rdm_closed'
[2025-09-24 17:13:38] 🔎 row 662: ✅ accept → dt=1901-12-07 amt=707.00 sign=+1 curr=EUR label=Deposit (type/gateway/descr/drcr/sign) status='rdm_closed'
[2025-09-24 17:13:38] 🔎 row 663: ✅ accept → dt=1902-09-27 amt=1001.00 sign=+1 curr=EUR label=Deposit (type/gateway/descr/drcr/sign) status='rdm_closed'
[2025-09-24 17:13:38] 🔎 row 664: ✅ accept → dt=1903-09-05 amt=1344.00 sign=+1 curr=EUR label=Deposit (type/gateway/descr/drcr/sign) status='rdm_closed'
[2025-09-24 17:13:38] 🔎 row 665: ✅ accept → dt=1899-12-30 amt=2030.00 sign=+1 curr=EUR label=Deposit (type/gateway/descr/drcr/sign) status='rdm_closed'
[2025-09-24 17:13:38] 🔎 row 666: ✅ accept → dt=1904-02-10 amt=1502.00 sign=+1 curr=EUR label=Deposit (type/gateway/descr/drcr/sign) status='rdm_closed'
[2025-09-24 17:13:38] 🔎 row 667: ✅ accept → dt=1901-08-12 amt=590.00 sign=+1 curr=EUR label=Deposit (type/gateway/descr/drcr/sign) status='rdm_closed'
[2025-09-24 17:13:38] 🔎 row 668: ✅ accept → dt=1899-12-30 amt=575.00 sign=+1 curr=EUR label=Deposit (type/gateway/descr/drcr/sign) status='rdm_closed'
[2025-09-24 17:13:38] 🔎 row 669: ✅ accept → dt=1902-07-13 amt=925.00 sign=+1 curr=EUR label=Deposit (type/gateway/descr/drcr/sign) status='rdm_closed'
[2025-09-24 17:13:39] 🔎 row 670: ✅ accept → dt=1902-10-21 amt=1025.00 sign=+1 curr=EUR label=Deposit (type/gateway/descr/drcr/sign) status='rdm_closed'
[2025-09-24 17:13:39] 🔎 row 671: ✅ accept → dt=1906-11-04 amt=2500.00 sign=+1 curr=EUR label=Deposit (type/gateway/descr/drcr/sign) status='rdm_closed'
[2025-09-24 17:13:39] 🔎 row 672: ✅ accept → dt=1904-12-04 amt=1800.00 sign=+1 curr=EUR label=Deposit (type/gateway/descr/drcr/sign) status='rdm_closed'
[2025-09-24 17:13:39] 🔎 row 673: ✅ accept → dt=1899-12-30 amt=1000.00 sign=+1 curr=EUR label=Deposit (type/gateway/descr/drcr/sign) status='rdm_closed'
[2025-09-24 17:13:39] 🔎 row 674: ✅ accept → dt=1899-12-30 amt=1000.00 sign=+1 curr=EUR label=Deposit (type/gateway/descr/drcr/sign) status='rdm_closed'
[2025-09-24 17:13:39] 🔎 row 675: ✅ accept → dt=1899-12-30 amt=695.00 sign=+1 curr=EUR label=Deposit (type/gateway/descr/drcr/sign) status='rdm_closed'
[2025-09-24 17:13:39] 🔎 row 676: ✅ accept → dt=1899-12-30 amt=500.00 sign=+1 curr=EUR label=Deposit (type/gateway/descr/drcr/sign) status='rdm_closed'
[2025-09-24 17:13:39] 🔎 row 677: ✅ accept → dt=1899-12-30 amt=500.00 sign=+1 curr=EUR label=Deposit (type/gateway/descr/drcr/sign) status='rdm_closed'
[2025-09-24 17:13:39] 🔎 row 678: ✅ accept → dt=1899-12-30 amt=2000.00 sign=+1 curr=EUR label=Deposit (type/gateway/descr/drcr/sign) status='rdm_closed'
[2025-09-24 17:13:39] 🔎 row 679: ✅ accept → dt=1899-12-30 amt=2500.00 sign=+1 curr=EUR label=Deposit (type/gateway/descr/drcr/sign) status='rdm_closed'
[2025-09-24 17:13:39] 🔎 row 680: ✅ accept → dt=1899-12-30 amt=1000.00 sign=+1 curr=EUR label=Deposit (type/gateway/descr/drcr/sign) status='rdm_closed'
[2025-09-24 17:13:39] 🔎 row 681: ✅ accept → dt=1899-12-30 amt=1000.00 sign=+1 curr=EUR label=Deposit (type/gateway/descr/drcr/sign) status='rdm_closed'
[2025-09-24 17:13:39] 🔎 row 682: ✅ accept → dt=1899-12-30 amt=538.00 sign=+1 curr=EUR label=Deposit (type/gateway/descr/drcr/sign) status='rdm_closed'
[2025-09-24 17:13:39] 🔎 row 683: ✅ accept → dt=1899-12-30 amt=1200.00 sign=+1 curr=EUR label=Deposit (type/gateway/descr/drcr/sign) status='rdm_closed'
[2025-09-24 17:13:39] 🔎 row 684: ✅ accept → dt=1899-12-30 amt=1200.00 sign=+1 curr=EUR label=Deposit (type/gateway/descr/drcr/sign) status='rdm_closed'
[2025-09-24 17:13:39] 🔎 row 685: ✅ accept → dt=1899-12-30 amt=1200.00 sign=+1 curr=EUR label=Deposit (type/gateway/descr/drcr/sign) status='rdm_closed'
[2025-09-24 17:13:39] 🔎 row 686: ✅ accept → dt=1899-12-30 amt=888.00 sign=+1 curr=EUR label=Deposit (type/gateway/descr/drcr/sign) status='rdm_closed'
[2025-09-24 17:13:39] 🔎 row 687: ✅ accept → dt=1899-12-30 amt=500.00 sign=+1 curr=EUR label=Deposit (type/gateway/descr/drcr/sign) status='rdm_closed'
[2025-09-24 17:13:39] 🔎 row 688: ✅ accept → dt=1899-12-30 amt=600.00 sign=+1 curr=EUR label=Deposit (type/gateway/descr/drcr/sign) status='rdm_closed'
[2025-09-24 17:13:39] 🔎 row 689: ✅ accept → dt=1899-12-30 amt=525.00 sign=+1 curr=EUR label=Deposit (type/gateway/descr/drcr/sign) status='rdm_closed'
[2025-09-24 17:13:39] 🔎 row 690: ✅ accept → dt=1899-12-30 amt=725.00 sign=+1 curr=EUR label=Deposit (type/gateway/descr/drcr/sign) status='rdm_closed'
[2025-09-24 17:13:39] 🔎 row 691: ✅ accept → dt=1899-12-30 amt=1000.00 sign=+1 curr=EUR label=Deposit (type/gateway/descr/drcr/sign) status='rdm_closed'
[2025-09-24 17:13:39] 🔎 row 692: ✅ accept → dt=1899-12-30 amt=1000.00 sign=+1 curr=EUR label=Deposit (type/gateway/descr/drcr/sign) status='rdm_closed'
[2025-09-24 17:13:39] 🔎 row 693: ✅ accept → dt=1899-12-30 amt=620.00 sign=+1 curr=EUR label=Deposit (type/gateway/descr/drcr/sign) status='rdm_closed'
[2025-09-24 17:13:39] 🔎 row 694: ✅ accept → dt=1899-12-30 amt=1050.00 sign=+1 curr=EUR label=Deposit (type/gateway/descr/drcr/sign) status='rdm_closed'
[2025-09-24 17:13:39] 🔎 row 695: ✅ accept → dt=1899-12-30 amt=405.00 sign=+1 curr=EUR label=Deposit (type/gateway/descr/drcr/sign) status='rdm_closed'
[2025-09-24 17:13:39] 🔎 row 696: ✅ accept → dt=1905-06-22 amt=2000.00 sign=+1 curr=EUR label=Deposit (type/gateway/descr/drcr/sign) status='rdm_closed'
[2025-09-24 17:13:39] 🔎 row 697: ✅ accept → dt=1903-04-14 amt=1200.00 sign=+1 curr=EUR label=Deposit (type/gateway/descr/drcr/sign) status='rdm_closed'
[2025-09-24 17:13:39] 🔎 row 698: ✅ accept → dt=1899-12-30 amt=800.00 sign=+1 curr=EUR label=Deposit (type/gateway/descr/drcr/sign) status='rdm_closed'
[2025-09-24 17:13:39] 🔎 row 699: ✅ accept → dt=1899-12-30 amt=10.00 sign=+1 curr=EUR label=Deposit (type/gateway/descr/drcr/sign) status='rdm_closed'
[2025-09-24 17:13:39] 🔎 row 700: ✅ accept → dt=1899-12-30 amt=350.00 sign=+1 curr=EUR label=Deposit (type/gateway/descr/drcr/sign) status='rdm_closed'
[2025-09-24 17:13:39] 🔎 row 701: ✅ accept → dt=1899-12-30 amt=3500.00 sign=+1 curr=EUR label=Deposit (type/gateway/descr/drcr/sign) status='rdm_closed'
[2025-09-24 17:13:39] 🔎 row 702: ✅ accept → dt=1902-04-17 amt=838.00 sign=+1 curr=EUR label=Deposit (type/gateway/descr/drcr/sign) status='rdm_closed'
[2025-09-24 17:13:39] 🔎 row 703: ✅ accept → dt=1901-08-22 amt=600.00 sign=+1 curr=EUR label=Deposit (type/gateway/descr/drcr/sign) status='rdm_closed'
[2025-09-24 17:13:39] 🔎 row 704: ✅ accept → dt=1899-12-30 amt=1038.00 sign=+1 curr=EUR label=Deposit (type/gateway/descr/drcr/sign) status='rdm_closed'
[2025-09-24 17:13:39] 🔎 row 705: ✅ accept → dt=1902-01-19 amt=750.00 sign=+1 curr=EUR label=Deposit (type/gateway/descr/drcr/sign) status='rdm_closed'
[2025-09-24 17:13:39] 🔎 row 706: ✅ accept → dt=1901-11-15 amt=685.00 sign=+1 curr=EUR label=Deposit (type/gateway/descr/drcr/sign) status='rdm_closed'
[2025-09-24 17:13:39] 🔎 row 707: ✅ accept → dt=1899-12-30 amt=1000.00 sign=+1 curr=EUR label=Deposit (type/gateway/descr/drcr/sign) status='rdm_closed'
[2025-09-24 17:13:39] 🔎 row 708: ✅ accept → dt=1899-12-30 amt=700.00 sign=+1 curr=EUR label=Deposit (type/gateway/descr/drcr/sign) status='rdm_closed'
[2025-09-24 17:13:39] 🔎 row 709: ✅ accept → dt=1899-12-30 amt=900.00 sign=+1 curr=EUR label=Deposit (type/gateway/descr/drcr/sign) status='rdm_closed'
[2025-09-24 17:13:39] 🔎 row 710: ✅ accept → dt=1900-09-26 amt=270.00 sign=+1 curr=EUR label=Deposit (type/gateway/descr/drcr/sign) status='rdm_closed'
[2025-09-24 17:13:39] 🔎 row 711: ✅ accept → dt=1902-03-24 amt=814.00 sign=+1 curr=EUR label=Deposit (type/gateway/descr/drcr/sign) status='rdm_closed'
[2025-09-24 17:13:39] 🔎 row 712: ✅ accept → dt=1899-12-30 amt=838.00 sign=+1 curr=EUR label=Deposit (type/gateway/descr/drcr/sign) status='rdm_closed'
[2025-09-24 17:13:39] 🔎 row 713: ✅ accept → dt=1899-12-30 amt=1038.00 sign=+1 curr=EUR label=Deposit (type/gateway/descr/drcr/sign) status='rdm_closed'
[2025-09-24 17:13:39] 🔎 row 714: ✅ accept → dt=1899-12-30 amt=900.00 sign=+1 curr=EUR label=Deposit (type/gateway/descr/drcr/sign) status='rdm_closed'
[2025-09-24 17:13:39] 🔎 row 715: ✅ accept → dt=1899-12-30 amt=800.00 sign=+1 curr=EUR label=Deposit (type/gateway/descr/drcr/sign) status='rdm_closed'
[2025-09-24 17:13:39] 🔎 row 716: ✅ accept → dt=1902-05-24 amt=875.00 sign=+1 curr=EUR label=Deposit (type/gateway/descr/drcr/sign) status='rdm_closed'
[2025-09-24 17:13:39] 🔎 row 717: ✅ accept → dt=1901-11-07 amt=677.00 sign=+1 curr=EUR label=Deposit (type/gateway/descr/drcr/sign) status='rdm_closed'
[2025-09-24 17:13:39] 🔎 row 718: ✅ accept → dt=1902-02-04 amt=766.00 sign=+1 curr=EUR label=Deposit (type/gateway/descr/drcr/sign) status='rdm_closed'
[2025-09-24 17:13:39] 🔎 row 719: ✅ accept → dt=1899-12-30 amt=520.00 sign=+1 curr=EUR label=Deposit (type/gateway/descr/drcr/sign) status='rdm_closed'
[2025-09-24 17:13:39] 🔎 row 720: ✅ accept → dt=1899-12-30 amt=600.00 sign=+1 curr=EUR label=Deposit (type/gateway/descr/drcr/sign) status='rdm_closed'
[2025-09-24 17:13:39] 🔎 row 721: ✅ accept → dt=1901-04-04 amt=460.00 sign=+1 curr=EUR label=Deposit (type/gateway/descr/drcr/sign) status='rdm_closed'
[2025-09-24 17:13:39] 🔎 row 722: ✅ accept → dt=1902-02-03 amt=765.00 sign=+1 curr=EUR label=Deposit (type/gateway/descr/drcr/sign) status='rdm_closed'
[2025-09-24 17:13:39] 🔎 row 723: ✅ accept → dt=1901-02-25 amt=422.00 sign=+1 curr=EUR label=Deposit (type/gateway/descr/drcr/sign) status='rdm_closed'
[2025-09-24 17:13:39] 🔎 row 724: ✅ accept → dt=1901-10-16 amt=655.00 sign=+1 curr=EUR label=Deposit (type/gateway/descr/drcr/sign) status='rdm_closed'
[2025-09-24 17:13:39] 🔎 row 725: ✅ accept → dt=1902-02-04 amt=766.00 sign=+1 curr=EUR label=Deposit (type/gateway/descr/drcr/sign) status='rdm_closed'
[2025-09-24 17:13:39] 🔎 row 726: ✅ accept → dt=1901-10-21 amt=660.00 sign=+1 curr=EUR label=Deposit (type/gateway/descr/drcr/sign) status='rdm_closed'
[2025-09-24 17:13:39] 🔎 row 727: ✅ accept → dt=1900-12-16 amt=351.00 sign=+1 curr=EUR label=Deposit (type/gateway/descr/drcr/sign) status='rdm_closed'
[2025-09-24 17:13:39] 🔎 row 728: ✅ accept → dt=1901-11-07 amt=677.00 sign=+1 curr=EUR label=Deposit (type/gateway/descr/drcr/sign) status='rdm_closed'
[2025-09-24 17:13:39] 🔎 row 729: ✅ accept → dt=1901-05-14 amt=500.00 sign=+1 curr=EUR label=Deposit (type/gateway/descr/drcr/sign) status='rdm_closed'
[2025-09-24 17:13:39] 🔎 row 730: ✅ accept → dt=1901-01-24 amt=390.00 sign=+1 curr=EUR label=Deposit (type/gateway/descr/drcr/sign) status='rdm_closed'
[2025-09-24 17:13:39] 🔎 row 731: ✅ accept → dt=1900-04-19 amt=110.00 sign=+1 curr=EUR label=Deposit (type/gateway/descr/drcr/sign) status='rdm_closed'
[2025-09-24 17:13:39] 🔎 row 732: ✅ accept → dt=1900-11-21 amt=326.00 sign=+1 curr=EUR label=Deposit (type/gateway/descr/drcr/sign) status='rdm_closed'
[2025-09-24 17:13:39] 🔎 row 733: ✅ accept → dt=1899-12-30 amt=326.00 sign=+1 curr=EUR label=Deposit (type/gateway/descr/drcr/sign) status='rdm_closed'
[2025-09-24 17:13:39] 🔎 row 734: ✅ accept → dt=1901-06-14 amt=531.00 sign=+1 curr=EUR label=Deposit (type/gateway/descr/drcr/sign) status='rdm_closed'
[2025-09-24 17:13:39] 🔎 row 735: ✅ accept → dt=1899-12-30 amt=500.00 sign=+1 curr=EUR label=Deposit (type/gateway/descr/drcr/sign) status='rdm_closed'
[2025-09-24 17:13:39] 🔎 row 736: ✅ accept → dt=1899-12-30 amt=600.00 sign=+1 curr=EUR label=Deposit (type/gateway/descr/drcr/sign) status='rdm_closed'
[2025-09-24 17:13:39] 🔎 row 737: ✅ accept → dt=1899-12-30 amt=700.00 sign=+1 curr=EUR label=Deposit (type/gateway/descr/drcr/sign) status='rdm_closed'
[2025-09-24 17:13:39] 🔎 row 738: ✅ accept → dt=1899-12-30 amt=692.00 sign=+1 curr=EUR label=Deposit (type/gateway/descr/drcr/sign) status='rdm_closed'
[2025-09-24 17:13:39] 🔎 row 739: ✅ accept → dt=1899-12-30 amt=600.00 sign=+1 curr=EUR label=Deposit (type/gateway/descr/drcr/sign) status='rdm_closed'
[2025-09-24 17:13:39] 🔎 row 740: ✅ accept → dt=1899-12-30 amt=250.00 sign=+1 curr=EUR label=Deposit (type/gateway/descr/drcr/sign) status='rdm_closed'
[2025-09-24 17:13:39] 🔎 row 741: ✅ accept → dt=1901-06-23 amt=540.00 sign=+1 curr=EUR label=Deposit (type/gateway/descr/drcr/sign) status='rdm_closed'
[2025-09-24 17:13:39] 🔎 row 742: ✅ accept → dt=1906-04-18 amt=2300.00 sign=+1 curr=EUR label=Deposit (type/gateway/descr/drcr/sign) status='rdm_closed'
[2025-09-24 17:13:39] 🔎 row 743: ✅ accept → dt=1899-12-30 amt=455.00 sign=+1 curr=EUR label=Deposit (type/gateway/descr/drcr/sign) status='rdm_closed'
[2025-09-24 17:13:39] 🔎 row 744: ✅ accept → dt=1902-10-21 amt=1025.00 sign=+1 curr=EUR label=Deposit (type/gateway/descr/drcr/sign) status='rdm_closed'
[2025-09-24 17:13:39] 🔎 row 745: ✅ accept → dt=1899-12-30 amt=1025.00 sign=+1 curr=EUR label=Deposit (type/gateway/descr/drcr/sign) status='rdm_closed'
[2025-09-24 17:13:39] 🔎 row 746: ✅ accept → dt=1903-09-11 amt=1350.00 sign=+1 curr=EUR label=Deposit (type/gateway/descr/drcr/sign) status='rdm_closed'
[2025-09-24 17:13:39] 🔎 row 747: ✅ accept → dt=1899-12-30 amt=900.00 sign=+1 curr=EUR label=Deposit (type/gateway/descr/drcr/sign) status='rdm_closed'
[2025-09-24 17:13:39] 🔎 row 748: ✅ accept → dt=1899-12-30 amt=1060.00 sign=+1 curr=EUR label=Deposit (type/gateway/descr/drcr/sign) status='rdm_closed'
[2025-09-24 17:13:39] 🔎 row 749: ✅ accept → dt=1899-12-30 amt=405.00 sign=+1 curr=EUR label=Deposit (type/gateway/descr/drcr/sign) status='rdm_closed'
[2025-09-24 17:13:39] 🔎 row 750: ✅ accept → dt=1899-12-30 amt=420.00 sign=+1 curr=EUR label=Deposit (type/gateway/descr/drcr/sign) status='rdm_closed'
[2025-09-24 17:13:39] 🔎 row 751: ✅ accept → dt=1899-12-30 amt=426.00 sign=+1 curr=EUR label=Deposit (type/gateway/descr/drcr/sign) status='rdm_closed'
[2025-09-24 17:13:39] 🔎 row 752: ✅ accept → dt=1899-12-30 amt=144.00 sign=+1 curr=EUR label=Deposit (type/gateway/descr/drcr/sign) status='rdm_closed'
[2025-09-24 17:13:39] 🔎 row 753: ✅ accept → dt=1899-12-30 amt=187.00 sign=+1 curr=EUR label=Deposit (type/gateway/descr/drcr/sign) status='rdm_closed'
[2025-09-24 17:13:39] 🔎 row 754: ✅ accept → dt=1902-01-04 amt=735.00 sign=+1 curr=EUR label=Deposit (type/gateway/descr/drcr/sign) status='rdm_closed'
[2025-09-24 17:13:39] 🔎 row 755: ✅ accept → dt=1899-12-30 amt=275.00 sign=+1 curr=EUR label=Deposit (type/gateway/descr/drcr/sign) status='rdm_closed'
[2025-09-24 17:13:39] 🔎 row 756: ✅ accept → dt=1899-12-30 amt=600.00 sign=+1 curr=EUR label=Deposit (type/gateway/descr/drcr/sign) status='rdm_closed'
[2025-09-24 17:13:39] 🔎 row 757: ✅ accept → dt=1899-12-30 amt=625.00 sign=+1 curr=EUR label=Deposit (type/gateway/descr/drcr/sign) status='rdm_closed'
[2025-09-24 17:13:39] 🔎 row 758: ✅ accept → dt=1899-12-30 amt=295.00 sign=+1 curr=EUR label=Deposit (type/gateway/descr/drcr/sign) status='rdm_closed'
[2025-09-24 17:13:39] 🔎 row 759: ✅ accept → dt=1899-12-30 amt=225.00 sign=+1 curr=EUR label=Deposit (type/gateway/descr/drcr/sign) status='rdm_closed'
[2025-09-24 17:13:39] 🔎 row 760: ✅ accept → dt=1901-11-05 amt=675.00 sign=+1 curr=EUR label=Deposit (type/gateway/descr/drcr/sign) status='rdm_closed'
[2025-09-24 17:13:39] 🔎 row 761: ✅ accept → dt=1901-08-17 amt=595.00 sign=+1 curr=EUR label=Deposit (type/gateway/descr/drcr/sign) status='rdm_closed'
[2025-09-24 17:13:39] 🔎 row 762: ✅ accept → dt=1900-04-27 amt=118.00 sign=+1 curr=EUR label=Deposit (type/gateway/descr/drcr/sign) status='rdm_closed'
[2025-09-24 17:13:39] 🔎 row 763: ✅ accept → dt=1900-02-13 amt=45.00 sign=+1 curr=EUR label=Deposit (type/gateway/descr/drcr/sign) status='rdm_closed'
[2025-09-24 17:13:39] 🔎 row 764: ✅ accept → dt=1900-06-28 amt=180.00 sign=+1 curr=EUR label=Deposit (type/gateway/descr/drcr/sign) status='rdm_closed'
[2025-09-24 17:13:39] 🔎 row 765: ✅ accept → dt=1900-04-05 amt=96.00 sign=+1 curr=EUR label=Deposit (type/gateway/descr/drcr/sign) status='rdm_closed'
[2025-09-24 17:13:39] 🔎 row 766: ✅ accept → dt=1900-07-20 amt=202.00 sign=+1 curr=EUR label=Deposit (type/gateway/descr/drcr/sign) status='rdm_closed'
[2025-09-24 17:13:39] 🔎 row 767: ✅ accept → dt=1900-08-09 amt=222.00 sign=+1 curr=EUR label=Deposit (type/gateway/descr/drcr/sign) status='rdm_closed'
[2025-09-24 17:13:39] 🔎 row 768: ✅ accept → dt=1899-12-30 amt=172.00 sign=+1 curr=EUR label=Deposit (type/gateway/descr/drcr/sign) status='rdm_closed'
[2025-09-24 17:13:39] 🔎 row 769: ✅ accept → dt=1900-05-23 amt=144.00 sign=+1 curr=EUR label=Deposit (type/gateway/descr/drcr/sign) status='rdm_closed'
[2025-09-24 17:13:39] 🔎 row 770: ✅ accept → dt=1899-12-30 amt=144.00 sign=+1 curr=EUR label=Deposit (type/gateway/descr/drcr/sign) status='rdm_closed'
[2025-09-24 17:13:39] 🔎 row 771: ✅ accept → dt=1899-12-30 amt=404.00 sign=+1 curr=EUR label=Deposit (type/gateway/descr/drcr/sign) status='rdm_closed'
[2025-09-24 17:13:39] 🔎 row 772: ✅ accept → dt=1899-12-30 amt=539.00 sign=+1 curr=EUR label=Deposit (type/gateway/descr/drcr/sign) status='rdm_closed'
[2025-09-24 17:13:39] 🔎 row 773: ✅ accept → dt=1899-12-30 amt=539.00 sign=+1 curr=EUR label=Deposit (type/gateway/descr/drcr/sign) status='rdm_closed'
[2025-09-24 17:13:39] 🔎 row 774: ✅ accept → dt=1901-03-15 amt=440.00 sign=+1 curr=EUR label=Deposit (type/gateway/descr/drcr/sign) status='rdm_closed'
[2025-09-24 17:13:39] 🔎 row 775: ✅ accept → dt=1899-12-30 amt=290.00 sign=+1 curr=EUR label=Deposit (type/gateway/descr/drcr/sign) status='rdm_closed'
[2025-09-24 17:13:39] 🔎 row 776: ✅ accept → dt=1899-12-30 amt=290.00 sign=+1 curr=EUR label=Deposit (type/gateway/descr/drcr/sign) status='rdm_closed'
[2025-09-24 17:13:39] 🔎 row 777: ✅ accept → dt=1900-06-08 amt=160.00 sign=+1 curr=EUR label=Deposit (type/gateway/descr/drcr/sign) status='rdm_closed'
[2025-09-24 17:13:39] 🔎 row 778: ✅ accept → dt=1900-10-06 amt=280.00 sign=+1 curr=EUR label=Deposit (type/gateway/descr/drcr/sign) status='rdm_closed'
[2025-09-24 17:13:39] 🔎 row 779: ✅ accept → dt=1904-02-09 amt=1501.60 sign=+1 curr=EUR label=Deposit (type/gateway/descr/drcr/sign) status='rdm_closed'
[2025-09-24 17:13:39] 🔎 row 780: ✅ accept → dt=1902-07-18 amt=930.00 sign=+1 curr=EUR label=Deposit (type/gateway/descr/drcr/sign) status='rdm_closed'
[2025-09-24 17:13:39] 🔎 row 781: ✅ accept → dt=1899-12-30 amt=200.00 sign=+1 curr=EUR label=Deposit (type/gateway/descr/drcr/sign) status='rdm_closed'
[2025-09-24 17:13:39] 🔎 row 782: ✅ accept → dt=1902-01-29 amt=760.00 sign=+1 curr=EUR label=Deposit (type/gateway/descr/drcr/sign) status='rdm_closed'
[2025-09-24 17:13:39] 🔎 row 783: ✅ accept → dt=1902-07-07 amt=919.00 sign=+1 curr=EUR label=Deposit (type/gateway/descr/drcr/sign) status='rdm_closed'
[2025-09-24 17:13:39] 🔎 row 784: ✅ accept → dt=1899-12-30 amt=308.00 sign=+1 curr=EUR label=Deposit (type/gateway/descr/drcr/sign) status='rdm_closed'
[2025-09-24 17:13:39] 🔎 row 785: ✅ accept → dt=1901-06-18 amt=535.00 sign=+1 curr=EUR label=Deposit (type/gateway/descr/drcr/sign) status='rdm_closed'
[2025-09-24 17:13:39] 🔎 row 786: ✅ accept → dt=1900-10-14 amt=288.00 sign=+1 curr=EUR label=Deposit (type/gateway/descr/drcr/sign) status='rdm_closed'
[2025-09-24 17:13:39] 🔎 row 787: ✅ accept → dt=1900-04-09 amt=100.00 sign=+1 curr=EUR label=Deposit (type/gateway/descr/drcr/sign) status='rdm_closed'
[2025-09-24 17:13:39] 🔎 row 788: ✅ accept → dt=1899-12-30 amt=100.00 sign=+1 curr=EUR label=Deposit (type/gateway/descr/drcr/sign) status='rdm_closed'
[2025-09-24 17:13:39] 🔎 row 789: ✅ accept → dt=1900-04-04 amt=95.25 sign=+1 curr=EUR label=Deposit (type/gateway/descr/drcr/sign) status='rdm_closed'
[2025-09-24 17:13:39] 🔎 row 790: ✅ accept → dt=1899-12-30 amt=200.00 sign=+1 curr=EUR label=Deposit (type/gateway/descr/drcr/sign) status='rdm_closed'
[2025-09-24 17:13:39] 🔎 row 791: ✅ accept → dt=1899-12-30 amt=1030.00 sign=+1 curr=EUR label=Deposit (type/gateway/descr/drcr/sign) status='rdm_closed'
[2025-09-24 17:13:39] 🔎 row 792: ✅ accept → dt=1899-12-30 amt=556.00 sign=+1 curr=EUR label=Deposit (type/gateway/descr/drcr/sign) status='rdm_closed'
[2025-09-24 17:13:39] 🔎 row 793: ✅ accept → dt=1899-12-30 amt=700.00 sign=+1 curr=EUR label=Deposit (type/gateway/descr/drcr/sign) status='rdm_closed'
[2025-09-24 17:13:39] 🔎 row 794: ✅ accept → dt=1899-12-30 amt=9930.00 sign=+1 curr=EUR label=Deposit (type/gateway/descr/drcr/sign) status='rdm_closed'
[2025-09-24 17:13:39] 🔎 row 795: ✅ accept → dt=1899-12-30 amt=9990.00 sign=+1 curr=EUR label=Deposit (type/gateway/descr/drcr/sign) status='rdm_closed'
[2025-09-24 17:13:39] 🔎 row 796: ✅ accept → dt=1899-12-30 amt=9890.00 sign=+1 curr=EUR label=Deposit (type/gateway/descr/drcr/sign) status='rdm_closed'
[2025-09-24 17:13:39] 🔎 row 797: ✅ accept → dt=1899-12-30 amt=9985.00 sign=+1 curr=EUR label=Deposit (type/gateway/descr/drcr/sign) status='rdm_closed'
[2025-09-24 17:13:39] 🔎 row 798: ✅ accept → dt=1899-12-30 amt=7105.00 sign=+1 curr=EUR label=Deposit (type/gateway/descr/drcr/sign) status='rdm_closed'
[2025-09-24 17:13:39] 🔎 row 799: ✅ accept → dt=1924-06-02 amt=8920.00 sign=+1 curr=EUR label=Deposit (type/gateway/descr/drcr/sign) status='rdm_closed'
[2025-09-24 17:13:39] 🔎 row 800: ✅ accept → dt=1902-09-26 amt=1000.00 sign=+1 curr=EUR label=Deposit (type/gateway/descr/drcr/sign) status='rdm_closed'
[2025-09-24 17:13:39] 🔎 row 801: ✅ accept → dt=1906-07-07 amt=2380.00 sign=+1 curr=EUR label=Deposit (type/gateway/descr/drcr/sign) status='rdm_closed'
[2025-09-24 17:13:39] 🔎 row 802: ✅ accept → dt=1899-12-30 amt=400.00 sign=+1 curr=EUR label=Deposit (type/gateway/descr/drcr/sign) status='rdm_closed'
[2025-09-24 17:13:39] 🔎 row 803: ✅ accept → dt=1899-12-30 amt=400.00 sign=+1 curr=EUR label=Deposit (type/gateway/descr/drcr/sign) status='rdm_closed'
[2025-09-24 17:13:39] 🔎 row 804: ✅ accept → dt=1899-12-30 amt=4000.00 sign=+1 curr=EUR label=Deposit (type/gateway/descr/drcr/sign) status='rdm_closed'
[2025-09-24 17:13:39] 🔎 row 805: ✅ accept → dt=1899-12-30 amt=5490.00 sign=+1 curr=EUR label=Deposit (type/gateway/descr/drcr/sign) status='rdm_closed'
[2025-09-24 17:13:39] 🔎 row 806: ✅ accept → dt=1899-12-30 amt=4500.00 sign=+1 curr=EUR label=Deposit (type/gateway/descr/drcr/sign) status='rdm_closed'
[2025-09-24 17:13:39] 🔎 row 807: ✅ accept → dt=1899-12-30 amt=4500.00 sign=+1 curr=EUR label=Deposit (type/gateway/descr/drcr/sign) status='rdm_closed'
[2025-09-24 17:13:39] 🔎 row 808: ✅ accept → dt=1899-12-30 amt=2000.00 sign=+1 curr=EUR label=Deposit (type/gateway/descr/drcr/sign) status='rdm_closed'
[2025-09-24 17:13:39] 🔎 row 809: ✅ accept → dt=1899-12-30 amt=2270.00 sign=+1 curr=EUR label=Deposit (type/gateway/descr/drcr/sign) status='rdm_closed'
[2025-09-24 17:13:39] 🔎 row 810: ✅ accept → dt=1899-12-30 amt=9325.00 sign=+1 curr=EUR label=Deposit (type/gateway/descr/drcr/sign) status='rdm_closed'
[2025-09-24 17:13:39] 🔎 row 811: ✅ accept → dt=1899-12-30 amt=8000.38 sign=+1 curr=EUR label=Deposit (type/gateway/descr/drcr/sign) status='rdm_closed'
[2025-09-24 17:13:39] 🔎 row 812: ✅ accept → dt=1899-12-30 amt=6006.38 sign=+1 curr=EUR label=Deposit (type/gateway/descr/drcr/sign) status='rdm_closed'
[2025-09-24 17:13:39] 🔎 row 813: ✅ accept → dt=1899-12-30 amt=9065.44 sign=+1 curr=EUR label=Deposit (type/gateway/descr/drcr/sign) status='rdm_closed'
[2025-09-24 17:13:39] 🔎 row 814: ✅ accept → dt=1899-12-30 amt=9950.00 sign=+1 curr=EUR label=Deposit (type/gateway/descr/drcr/sign) status='rdm_closed'
[2025-09-24 17:13:39] 🔎 row 815: ✅ accept → dt=1899-12-30 amt=6005.00 sign=+1 curr=EUR label=Deposit (type/gateway/descr/drcr/sign) status='rdm_closed'
[2025-09-24 17:13:39] 🔎 row 816: ✅ accept → dt=1899-12-30 amt=9000.00 sign=+1 curr=EUR label=Deposit (type/gateway/descr/drcr/sign) status='rdm_closed'
[2025-09-24 17:13:39] 🔎 row 817: ✅ accept → dt=1899-12-30 amt=1000.00 sign=+1 curr=EUR label=Deposit (type/gateway/descr/drcr/sign) status='rdm_closed'
[2025-09-24 17:13:39] 🔎 row 818: ✅ accept → dt=1899-12-30 amt=9900.00 sign=+1 curr=EUR label=Deposit (type/gateway/descr/drcr/sign) status='rdm_closed'
[2025-09-24 17:13:39] 🔎 row 819: ✅ accept → dt=1899-12-30 amt=9901.00 sign=+1 curr=EUR label=Deposit (type/gateway/descr/drcr/sign) status='rdm_closed'
[2025-09-24 17:13:39] 🔎 row 820: ✅ accept → dt=1899-12-30 amt=8174.00 sign=+1 curr=EUR label=Deposit (type/gateway/descr/drcr/sign) status='rdm_closed'
[2025-09-24 17:13:39] 🔎 row 821: ✅ accept → dt=1899-12-30 amt=7699.50 sign=+1 curr=EUR label=Deposit (type/gateway/descr/drcr/sign) status='rdm_closed'
[2025-09-24 17:13:39] 🔎 row 822: ✅ accept → dt=1899-12-30 amt=6605.00 sign=+1 curr=EUR label=Deposit (type/gateway/descr/drcr/sign) status='rdm_closed'
[2025-09-24 17:13:39] 🔎 row 823: ✅ accept → dt=1899-12-30 amt=4379.55 sign=+1 curr=EUR label=Deposit (type/gateway/descr/drcr/sign) status='rdm_closed'
[2025-09-24 17:13:39] 🔎 row 824: ✅ accept → dt=1901-11-10 amt=680.00 sign=+1 curr=EUR label=Deposit (type/gateway/descr/drcr/sign) status='rdm_closed'
[2025-09-24 17:13:39] 🔎 row 825: ✅ accept → dt=1899-12-30 amt=5035.00 sign=+1 curr=EUR label=Deposit (type/gateway/descr/drcr/sign) status='rdm_closed'
[2025-09-24 17:13:39] 🔎 row 826: ✅ accept → dt=1899-12-30 amt=4005.00 sign=+1 curr=EUR label=Deposit (type/gateway/descr/drcr/sign) status='rdm_closed'
[2025-09-24 17:13:39] 🔎 row 827: ✅ accept → dt=1899-12-30 amt=7000.00 sign=+1 curr=EUR label=Deposit (type/gateway/descr/drcr/sign) status='rdm_closed'
[2025-09-24 17:13:39] 🔎 row 828: ✅ accept → dt=1899-12-30 amt=3000.00 sign=+1 curr=EUR label=Deposit (type/gateway/descr/drcr/sign) status='rdm_closed'
[2025-09-24 17:13:39] 🔎 row 829: ✅ accept → dt=1899-12-30 amt=2000.00 sign=+1 curr=EUR label=Deposit (type/gateway/descr/drcr/sign) status='rdm_closed'
[2025-09-24 17:13:39] 🔎 row 830: ✅ accept → dt=1899-12-30 amt=4010.00 sign=+1 curr=EUR label=Deposit (type/gateway/descr/drcr/sign) status='rdm_closed'
[2025-09-24 17:13:39] 🔎 row 831: ✅ accept → dt=1899-12-30 amt=603.00 sign=+1 curr=EUR label=Deposit (type/gateway/descr/drcr/sign) status='rdm_closed'
[2025-09-24 17:13:39] 🔎 row 832: ✅ accept → dt=1899-12-30 amt=4007.00 sign=+1 curr=EUR label=Deposit (type/gateway/descr/drcr/sign) status='rdm_closed'
[2025-09-24 17:13:39] 🔎 row 833: ✅ accept → dt=1899-12-30 amt=4010.00 sign=+1 curr=EUR label=Deposit (type/gateway/descr/drcr/sign) status='rdm_closed'
[2025-09-24 17:13:39] 🔎 row 834: ✅ accept → dt=1907-09-10 amt=2810.00 sign=+1 curr=EUR label=Deposit (type/gateway/descr/drcr/sign) status='rdm_closed'
[2025-09-24 17:13:39] 🔎 row 835: ✅ accept → dt=1899-12-30 amt=4428.15 sign=+1 curr=EUR label=Deposit (type/gateway/descr/drcr/sign) status='rdm_closed'
[2025-09-24 17:13:39] 🔎 row 836: ✅ accept → dt=1899-12-30 amt=4008.15 sign=+1 curr=EUR label=Deposit (type/gateway/descr/drcr/sign) status='rdm_closed'
[2025-09-24 17:13:39] 🔎 row 837: ✅ accept → dt=1909-07-31 amt=3500.00 sign=+1 curr=EUR label=Deposit (type/gateway/descr/drcr/sign) status='rdm_closed'
[2025-09-24 17:13:39] 🔎 row 838: ✅ accept → dt=1908-03-20 amt=3002.00 sign=+1 curr=EUR label=Deposit (type/gateway/descr/drcr/sign) status='rdm_closed'
[2025-09-24 17:13:39] 🔎 row 839: ✅ accept → dt=1899-12-30 amt=3980.14 sign=+1 curr=EUR label=Deposit (type/gateway/descr/drcr/sign) status='rdm_closed'
[2025-09-24 17:13:39] 🔎 row 840: ✅ accept → dt=1899-12-30 amt=1040.00 sign=+1 curr=EUR label=Deposit (type/gateway/descr/drcr/sign) status='rdm_closed'
[2025-09-24 17:13:39] 🔎 row 841: ✅ accept → dt=1899-12-30 amt=1990.00 sign=+1 curr=EUR label=Deposit (type/gateway/descr/drcr/sign) status='rdm_closed'
[2025-09-24 17:13:39] 🔎 row 842: ✅ accept → dt=1899-12-30 amt=3500.00 sign=+1 curr=EUR label=Deposit (type/gateway/descr/drcr/sign) status='rdm_closed'
[2025-09-24 17:13:39] 🔎 row 843: ✅ accept → dt=1899-12-30 amt=1007.00 sign=+1 curr=EUR label=Deposit (type/gateway/descr/drcr/sign) status='rdm_closed'
[2025-09-24 17:13:39] 🔎 row 844: ✅ accept → dt=1899-12-30 amt=3243.00 sign=+1 curr=EUR label=Deposit (type/gateway/descr/drcr/sign) status='rdm_closed'
[2025-09-24 17:13:39] 🔎 row 845: ✅ accept → dt=1909-06-21 amt=3460.00 sign=+1 curr=EUR label=Deposit (type/gateway/descr/drcr/sign) status='rdm_closed'
[2025-09-24 17:13:39] 🔎 row 846: ✅ accept → dt=1899-12-30 amt=2990.00 sign=+1 curr=EUR label=Deposit (type/gateway/descr/drcr/sign) status='rdm_closed'
[2025-09-24 17:13:39] 🔎 row 847: ✅ accept → dt=1899-12-30 amt=1208.00 sign=+1 curr=EUR label=Deposit (type/gateway/descr/drcr/sign) status='rdm_closed'
[2025-09-24 17:13:39] 🔎 row 848: ✅ accept → dt=1899-12-30 amt=3021.00 sign=+1 curr=EUR label=Deposit (type/gateway/descr/drcr/sign) status='rdm_closed'
[2025-09-24 17:13:39] 🔎 row 849: ✅ accept → dt=1910-05-27 amt=3800.00 sign=+1 curr=EUR label=Deposit (type/gateway/descr/drcr/sign) status='rdm_closed'
[2025-09-24 17:13:39] 🔎 row 850: ✅ accept → dt=1906-09-20 amt=2455.00 sign=+1 curr=EUR label=Deposit (type/gateway/descr/drcr/sign) status='rdm_closed'
[2025-09-24 17:13:39] 🔎 row 851: ✅ accept → dt=1899-12-30 amt=700.00 sign=+1 curr=EUR label=Deposit (type/gateway/descr/drcr/sign) status='rdm_closed'
[2025-09-24 17:13:39] 🔎 row 852: ✅ accept → dt=1899-12-30 amt=500.00 sign=+1 curr=EUR label=Deposit (type/gateway/descr/drcr/sign) status='rdm_closed'
[2025-09-24 17:13:39] 🔎 row 853: ✅ accept → dt=1899-12-30 amt=400.00 sign=+1 curr=EUR label=Deposit (type/gateway/descr/drcr/sign) status='rdm_closed'
[2025-09-24 17:13:39] 🔎 row 854: ✅ accept → dt=1899-12-30 amt=1620.00 sign=+1 curr=EUR label=Deposit (type/gateway/descr/drcr/sign) status='rdm_closed'
[2025-09-24 17:13:39] 🔎 row 855: ✅ accept → dt=1905-06-22 amt=2000.00 sign=+1 curr=EUR label=Deposit (type/gateway/descr/drcr/sign) status='rdm_closed'
[2025-09-24 17:13:39] 🔎 row 856: ✅ accept → dt=1908-01-28 amt=2950.00 sign=+1 curr=EUR label=Deposit (type/gateway/descr/drcr/sign) status='rdm_closed'
[2025-09-24 17:13:39] 🔎 row 857: ✅ accept → dt=1905-02-07 amt=1865.00 sign=+1 curr=EUR label=Deposit (type/gateway/descr/drcr/sign) status='rdm_closed'
[2025-09-24 17:13:39] 🔎 row 858: ✅ accept → dt=1899-12-30 amt=1390.00 sign=+1 curr=EUR label=Deposit (type/gateway/descr/drcr/sign) status='rdm_closed'
[2025-09-24 17:13:39] 🔎 row 859: ✅ accept → dt=1899-12-30 amt=1030.00 sign=+1 curr=EUR label=Deposit (type/gateway/descr/drcr/sign) status='rdm_closed'
[2025-09-24 17:13:39] 🔎 row 860: ✅ accept → dt=1905-06-22 amt=2000.00 sign=+1 curr=EUR label=Deposit (type/gateway/descr/drcr/sign) status='rdm_closed'
[2025-09-24 17:13:39] 🔎 row 861: ✅ accept → dt=1906-03-14 amt=2265.00 sign=+1 curr=EUR label=Deposit (type/gateway/descr/drcr/sign) status='rdm_closed'
[2025-09-24 17:13:39] 🔎 row 862: ✅ accept → dt=1899-12-30 amt=200.00 sign=+1 curr=EUR label=Deposit (type/gateway/descr/drcr/sign) status='rdm_closed'
[2025-09-24 17:13:39] 🔎 row 863: ✅ accept → dt=1899-12-30 amt=1005.00 sign=+1 curr=EUR label=Deposit (type/gateway/descr/drcr/sign) status='rdm_closed'
[2025-09-24 17:13:39] 🔎 row 864: ✅ accept → dt=1899-12-30 amt=250.00 sign=+1 curr=EUR label=Deposit (type/gateway/descr/drcr/sign) status='rdm_closed'
[2025-09-24 17:13:39] 🔎 row 865: ✅ accept → dt=1899-12-30 amt=425.00 sign=+1 curr=EUR label=Deposit (type/gateway/descr/drcr/sign) status='rdm_closed'
[2025-09-24 17:13:39] 🔎 row 866: ✅ accept → dt=1899-12-30 amt=3260.00 sign=+1 curr=EUR label=Deposit (type/gateway/descr/drcr/sign) status='rdm_closed'
[2025-09-24 17:13:39] 🔎 row 867: ✅ accept → dt=1899-12-30 amt=3000.00 sign=+1 curr=EUR label=Deposit (type/gateway/descr/drcr/sign) status='rdm_closed'
[2025-09-24 17:13:39] 🔎 row 868: ✅ accept → dt=1899-12-30 amt=2464.00 sign=+1 curr=EUR label=Deposit (type/gateway/descr/drcr/sign) status='rdm_closed'
[2025-09-24 17:13:39] 🔎 row 869: ✅ accept → dt=1899-12-30 amt=500.00 sign=+1 curr=EUR label=Deposit (type/gateway/descr/drcr/sign) status='rdm_closed'
[2025-09-24 17:13:39] 🔎 row 870: ✅ accept → dt=1899-12-30 amt=1085.00 sign=+1 curr=EUR label=Deposit (type/gateway/descr/drcr/sign) status='rdm_closed'
[2025-09-24 17:13:39] 🔎 row 871: ✅ accept → dt=1899-12-30 amt=1000.00 sign=+1 curr=EUR label=Deposit (type/gateway/descr/drcr/sign) status='rdm_closed'
[2025-09-24 17:13:39] 🔎 row 872: ✅ accept → dt=1899-12-30 amt=850.00 sign=+1 curr=EUR label=Deposit (type/gateway/descr/drcr/sign) status='rdm_closed'
[2025-09-24 17:13:39] 🔎 row 873: ✅ accept → dt=1899-12-30 amt=920.00 sign=+1 curr=EUR label=Deposit (type/gateway/descr/drcr/sign) status='rdm_closed'
[2025-09-24 17:13:39] 🔎 row 874: ✅ accept → dt=1899-12-30 amt=850.00 sign=+1 curr=EUR label=Deposit (type/gateway/descr/drcr/sign) status='rdm_closed'
[2025-09-24 17:13:39] 🔎 row 875: ✅ accept → dt=1899-12-30 amt=900.00 sign=+1 curr=EUR label=Deposit (type/gateway/descr/drcr/sign) status='rdm_closed'
[2025-09-24 17:13:39] 🔎 row 876: ✅ accept → dt=1899-12-30 amt=600.00 sign=+1 curr=EUR label=Deposit (type/gateway/descr/drcr/sign) status='rdm_closed'
[2025-09-24 17:13:39] 🔎 row 877: ✅ accept → dt=1899-12-30 amt=659.00 sign=+1 curr=EUR label=Deposit (type/gateway/descr/drcr/sign) status='rdm_closed'
[2025-09-24 17:13:39] 🔎 row 878: ✅ accept → dt=1899-12-30 amt=404.00 sign=+1 curr=EUR label=Deposit (type/gateway/descr/drcr/sign) status='rdm_closed'
[2025-09-24 17:13:39] 🔎 row 879: ✅ accept → dt=1899-12-30 amt=150.00 sign=+1 curr=EUR label=Deposit (type/gateway/descr/drcr/sign) status='rdm_closed'
[2025-09-24 17:13:39] 🔎 row 880: ✅ accept → dt=1902-02-20 amt=782.80 sign=+1 curr=EUR label=Deposit (type/gateway/descr/drcr/sign) status='rdm_closed'
[2025-09-24 17:13:39] 🔎 row 881: ✅ accept → dt=1899-12-30 amt=650.00 sign=+1 curr=EUR label=Deposit (type/gateway/descr/drcr/sign) status='rdm_closed'
[2025-09-24 17:13:39] 🔎 row 882: ✅ accept → dt=1899-12-30 amt=650.00 sign=+1 curr=EUR label=Deposit (type/gateway/descr/drcr/sign) status='rdm_closed'
[2025-09-24 17:13:39] 🔎 row 883: ✅ accept → dt=1902-09-26 amt=1000.95 sign=+1 curr=EUR label=Deposit (type/gateway/descr/drcr/sign) status='rdm_closed'
[2025-09-24 17:13:39] 🔎 row 884: ✅ accept → dt=1899-12-30 amt=404.00 sign=+1 curr=EUR label=Deposit (type/gateway/descr/drcr/sign) status='rdm_closed'
[2025-09-24 17:13:39] 🔎 row 885: ✅ accept → dt=1899-12-30 amt=700.18 sign=+1 curr=EUR label=Deposit (type/gateway/descr/drcr/sign) status='rdm_closed'
[2025-09-24 17:13:39] 🔎 row 886: ✅ accept → dt=1899-12-30 amt=800.18 sign=+1 curr=EUR label=Deposit (type/gateway/descr/drcr/sign) status='rdm_closed'
[2025-09-24 17:13:39] 🔎 row 887: ✅ accept → dt=1899-12-30 amt=200.00 sign=+1 curr=EUR label=Deposit (type/gateway/descr/drcr/sign) status='rdm_closed'
[2025-09-24 17:13:39] 🔎 row 888: ✅ accept → dt=1899-12-30 amt=200.00 sign=+1 curr=EUR label=Deposit (type/gateway/descr/drcr/sign) status='rdm_closed'
[2025-09-24 17:13:39] 🔎 row 889: ✅ accept → dt=1899-12-30 amt=2001.50 sign=+1 curr=EUR label=Deposit (type/gateway/descr/drcr/sign) status='rdm_closed'
[2025-09-24 17:13:39] 🔎 row 890: ✅ accept → dt=1899-12-30 amt=2000.50 sign=+1 curr=EUR label=Deposit (type/gateway/descr/drcr/sign) status='rdm_closed'
[2025-09-24 17:13:40] 🔎 row 891: ✅ accept → dt=1899-12-30 amt=1000.80 sign=+1 curr=EUR label=Deposit (type/gateway/descr/drcr/sign) status='rdm_closed'
[2025-09-24 17:13:40] 🔎 row 892: ✅ accept → dt=1899-12-30 amt=1173.80 sign=+1 curr=EUR label=Deposit (type/gateway/descr/drcr/sign) status='rdm_closed'
[2025-09-24 17:13:40] 🔎 row 893: ✅ accept → dt=1899-12-30 amt=1230.50 sign=+1 curr=EUR label=Deposit (type/gateway/descr/drcr/sign) status='rdm_closed'
[2025-09-24 17:13:40] 🔎 row 894: ✅ accept → dt=1899-12-30 amt=449.47 sign=+1 curr=EUR label=Deposit (type/gateway/descr/drcr/sign) status='rdm_closed'
[2025-09-24 17:13:40] 🔎 row 895: ✅ accept → dt=1903-07-23 amt=1300.30 sign=+1 curr=EUR label=Deposit (type/gateway/descr/drcr/sign) status='rdm_closed'
[2025-09-24 17:13:40] 🔎 row 896: ✅ accept → dt=1899-12-30 amt=1002.24 sign=+1 curr=EUR label=Deposit (type/gateway/descr/drcr/sign) status='rdm_closed'
[2025-09-24 17:13:40] 🔎 row 897: ✅ accept → dt=1899-12-30 amt=502.24 sign=+1 curr=EUR label=Deposit (type/gateway/descr/drcr/sign) status='rdm_closed'
[2025-09-24 17:13:40] 🔎 row 898: ✅ accept → dt=1899-12-30 amt=400.24 sign=+1 curr=EUR label=Deposit (type/gateway/descr/drcr/sign) status='rdm_closed'
[2025-09-24 17:13:40] 🔎 row 899: ✅ accept → dt=1899-12-30 amt=100.00 sign=+1 curr=EUR label=Deposit (type/gateway/descr/drcr/sign) status='rdm_closed'
[2025-09-24 17:13:40] 🔎 row 900: ✅ accept → dt=1899-12-30 amt=100.00 sign=+1 curr=EUR label=Deposit (type/gateway/descr/drcr/sign) status='rdm_closed'
[2025-09-24 17:13:40] 🔎 row 901: ✅ accept → dt=1899-12-30 amt=400.30 sign=+1 curr=EUR label=Deposit (type/gateway/descr/drcr/sign) status='rdm_closed'
[2025-09-24 17:13:40] 🔎 row 902: ✅ accept → dt=1899-12-30 amt=300.25 sign=+1 curr=EUR label=Deposit (type/gateway/descr/drcr/sign) status='rdm_closed'
[2025-09-24 17:13:40] 🔎 row 903: ✅ accept → dt=1899-12-30 amt=305.00 sign=+1 curr=EUR label=Deposit (type/gateway/descr/drcr/sign) status='rdm_closed'
[2025-09-24 17:13:40] 🔎 row 904: ✅ accept → dt=1899-12-30 amt=524.12 sign=+1 curr=EUR label=Deposit (type/gateway/descr/drcr/sign) status='rdm_closed'
[2025-09-24 17:13:40] 🔎 row 905: ✅ accept → dt=1899-12-30 amt=315.00 sign=+1 curr=EUR label=Deposit (type/gateway/descr/drcr/sign) status='rdm_closed'
[2025-09-24 17:13:40] 🔎 row 906: ✅ accept → dt=1906-01-04 amt=2196.00 sign=+1 curr=EUR label=Deposit (type/gateway/descr/drcr/sign) status='rdm_closed'
[2025-09-24 17:13:40] 🔎 row 907: ✅ accept → dt=1899-12-30 amt=2094.00 sign=+1 curr=EUR label=Deposit (type/gateway/descr/drcr/sign) status='rdm_closed'
[2025-09-24 17:13:40] 🔎 row 908: ✅ accept → dt=1899-12-30 amt=2000.00 sign=+1 curr=EUR label=Deposit (type/gateway/descr/drcr/sign) status='rdm_closed'
[2025-09-24 17:13:40] 🔎 row 909: ✅ accept → dt=1899-12-30 amt=2000.72 sign=+1 curr=EUR label=Deposit (type/gateway/descr/drcr/sign) status='rdm_closed'
[2025-09-24 17:13:40] 🔎 row 910: ✅ accept → dt=1902-09-26 amt=1000.63 sign=+1 curr=EUR label=Deposit (type/gateway/descr/drcr/sign) status='rdm_closed'
[2025-09-24 17:13:40] 🔎 row 911: ✅ accept → dt=1899-12-30 amt=500.00 sign=+1 curr=EUR label=Deposit (type/gateway/descr/drcr/sign) status='rdm_closed'
[2025-09-24 17:13:40] 🔎 row 912: ✅ accept → dt=1899-12-30 amt=2400.01 sign=+1 curr=EUR label=Deposit (type/gateway/descr/drcr/sign) status='rdm_closed'
[2025-09-24 17:13:40] 🔎 row 913: ✅ accept → dt=1899-12-30 amt=2535.01 sign=+1 curr=EUR label=Deposit (type/gateway/descr/drcr/sign) status='rdm_closed'
[2025-09-24 17:13:40] 🔎 row 914: ✅ accept → dt=1900-04-09 amt=100.00 sign=+1 curr=EUR label=Deposit (type/gateway/descr/drcr/sign) status='rdm_closed'
[2025-09-24 17:13:40] 🔎 row 915: ✅ accept → dt=1899-12-30 amt=2508.01 sign=+1 curr=EUR label=Deposit (type/gateway/descr/drcr/sign) status='rdm_closed'
[2025-09-24 17:13:40] 🔎 row 916: ✅ accept → dt=1899-12-30 amt=2317.01 sign=+1 curr=EUR label=Deposit (type/gateway/descr/drcr/sign) status='rdm_closed'
[2025-09-24 17:13:40] 🔎 row 917: ✅ accept → dt=1899-12-30 amt=2015.01 sign=+1 curr=EUR label=Deposit (type/gateway/descr/drcr/sign) status='rdm_closed'
[2025-09-24 17:13:40] 🔎 row 918: ✅ accept → dt=1899-12-30 amt=2000.01 sign=+1 curr=EUR label=Deposit (type/gateway/descr/drcr/sign) status='rdm_closed'
[2025-09-24 17:13:40] 🔎 row 919: ✅ accept → dt=1899-12-30 amt=1900.01 sign=+1 curr=EUR label=Deposit (type/gateway/descr/drcr/sign) status='rdm_closed'
[2025-09-24 17:13:40] 🔎 row 920: ✅ accept → dt=1899-12-30 amt=2000.00 sign=+1 curr=EUR label=Deposit (type/gateway/descr/drcr/sign) status='rdm_closed'
[2025-09-24 17:13:40] 🔎 row 921: ✅ accept → dt=1899-12-30 amt=1850.01 sign=+1 curr=EUR label=Deposit (type/gateway/descr/drcr/sign) status='rdm_closed'
[2025-09-24 17:13:40] 🔎 row 922: ✅ accept → dt=1899-12-30 amt=2000.00 sign=+1 curr=EUR label=Deposit (type/gateway/descr/drcr/sign) status='rdm_closed'
[2025-09-24 17:13:40] 🔎 row 923: ✅ accept → dt=1899-12-30 amt=100.00 sign=+1 curr=EUR label=Deposit (type/gateway/descr/drcr/sign) status='rdm_closed'
[2025-09-24 17:13:40] 🔎 row 924: ✅ accept → dt=1899-12-30 amt=1900.00 sign=+1 curr=EUR label=Deposit (type/gateway/descr/drcr/sign) status='rdm_closed'
[2025-09-24 17:13:40] 🔎 row 925: ✅ accept → dt=1899-12-30 amt=2000.00 sign=+1 curr=EUR label=Deposit (type/gateway/descr/drcr/sign) status='rdm_closed'
[2025-09-24 17:13:40] 🔎 row 926: ✅ accept → dt=1902-09-26 amt=1000.00 sign=+1 curr=EUR label=Deposit (type/gateway/descr/drcr/sign) status='rdm_closed'
[2025-09-24 17:13:40] 🔎 row 927: ✅ accept → dt=1899-12-30 amt=1000.00 sign=+1 curr=EUR label=Deposit (type/gateway/descr/drcr/sign) status='rdm_closed'
[2025-09-24 17:13:40] 🔎 row 928: ✅ accept → dt=1899-12-30 amt=936.00 sign=+1 curr=EUR label=Deposit (type/gateway/descr/drcr/sign) status='rdm_closed'
[2025-09-24 17:13:40] 🔎 row 929: ✅ accept → dt=1899-12-30 amt=300.00 sign=+1 curr=EUR label=Deposit (type/gateway/descr/drcr/sign) status='rdm_closed'
[2025-09-24 17:13:40] 🔎 row 930: ✅ accept → dt=1899-12-30 amt=700.64 sign=+1 curr=EUR label=Deposit (type/gateway/descr/drcr/sign) status='rdm_closed'
[2025-09-24 17:13:40] 🔎 row 931: ✅ accept → dt=1899-12-30 amt=800.44 sign=+1 curr=EUR label=Deposit (type/gateway/descr/drcr/sign) status='rdm_closed'
[2025-09-24 17:13:40] 🔎 row 932: ✅ accept → dt=1899-12-30 amt=312.35 sign=+1 curr=EUR label=Deposit (type/gateway/descr/drcr/sign) status='rdm_closed'
[2025-09-24 17:13:40] 🔎 row 933: ✅ accept → dt=1899-12-30 amt=300.00 sign=+1 curr=EUR label=Deposit (type/gateway/descr/drcr/sign) status='rdm_closed'
[2025-09-24 17:13:40] 🔎 row 934: ✅ accept → dt=1901-08-23 amt=601.50 sign=+1 curr=EUR label=Deposit (type/gateway/descr/drcr/sign) status='rdm_closed'
[2025-09-24 17:13:40] 🔎 row 935: ✅ accept → dt=1899-12-30 amt=701.50 sign=+1 curr=EUR label=Deposit (type/gateway/descr/drcr/sign) status='rdm_closed'
[2025-09-24 17:13:40] 🔎 row 936: ✅ accept → dt=1899-12-30 amt=801.50 sign=+1 curr=EUR label=Deposit (type/gateway/descr/drcr/sign) status='rdm_closed'
[2025-09-24 17:13:40] 🔎 row 937: ✅ accept → dt=1899-12-30 amt=100.00 sign=+1 curr=EUR label=Deposit (type/gateway/descr/drcr/sign) status='rdm_closed'
[2025-09-24 17:13:40] 🔎 row 938: ✅ accept → dt=1899-12-30 amt=400.50 sign=+1 curr=EUR label=Deposit (type/gateway/descr/drcr/sign) status='rdm_closed'
[2025-09-24 17:13:40] 🔎 row 939: ✅ accept → dt=1903-10-31 amt=1400.05 sign=+1 curr=EUR label=Deposit (type/gateway/descr/drcr/sign) status='rdm_closed'
[2025-09-24 17:13:40] 🔎 row 940: ⏭️ drop — not final 'rdm_ciosed' (type_raw='pay_instantbank')
[2025-09-24 17:13:40] 🔎 row 941: ✅ accept → dt=1899-12-30 amt=550.00 sign=+1 curr=EUR label=Deposit (type/gateway/descr/drcr/sign) status='rdm_closed'
[2025-09-24 17:13:40] 🔎 row 942: ✅ accept → dt=1899-12-30 amt=200.00 sign=+1 curr=EUR label=Deposit (type/gateway/descr/drcr/sign) status='rdm_closed'
[2025-09-24 17:13:40] 🔎 row 943: ✅ accept → dt=1899-12-30 amt=248.00 sign=+1 curr=EUR label=Deposit (type/gateway/descr/drcr/sign) status='rdm_closed'
[2025-09-24 17:13:40] 🔎 row 944: ⏭️ drop — not final 'rdm_ciosed' (type_raw='pay_instantbank')
[2025-09-24 17:13:40] 🔎 row 945: ⏭️ drop — not final 'rdm_ciosed' (type_raw='pay_instantbank')
[2025-09-24 17:13:40] 🔎 row 946: ⏭️ drop — not final 'rdm_ciosed' (type_raw='pay_instantbank')
[2025-09-24 17:13:40] 🔎 row 947: ✅ accept → dt=1900-08-30 amt=243.50 sign=+1 curr=EUR label=Deposit (type/gateway/descr/drcr/sign) status='rdm_closed'
[2025-09-24 17:13:40] 🔎 row 948: ✅ accept → dt=1899-12-30 amt=150.00 sign=+1 curr=EUR label=Deposit (type/gateway/descr/drcr/sign) status='rdm_closed'
[2025-09-24 17:13:40] 🔎 row 949: ✅ accept → dt=1899-12-30 amt=200.00 sign=+1 curr=EUR label=Deposit (type/gateway/descr/drcr/sign) status='rdm_closed'
[2025-09-24 17:13:40] 🔎 recap: deposits=677007.32, cashouts=0.00, net=677007.32
[2025-09-24 17:13:40] TA logic: Deposits = 677007.3200000003, Cashouts = 0, Net = 677007.3200000003
[2025-09-24 17:13:40] ✅ Created Payment Summary with 944 rows.
[2025-09-24 17:13:40] ✅ Created styled Summary (Currency → Type → Year) with title row.
[2025-09-24 17:13:40] ✅ Created 'Payment Summary EUR' (0 USD rows converted).
[2025-09-24 17:13:40] ✅ Created 'Summary EUR' (pivot-style Currency → Type → Year).
[2025-09-24 17:13:40] ✅ Finished processing: TA_Adnan Transaction History.xlsx
[2025-09-24 17:13:49] ↪️ No moves selected.
