[2025-09-24 17:18:47] 🔗 Auto-tagged from SharePoint: Deal 40148
[2025-09-24 17:18:48] ➕ Added 1 file(s).
[2025-09-24 17:18:52] 📄 Processing TA_Adnan Transaction History.xlsx (Deal 40148) in checking Mode...
[2025-09-24 17:18:56] ✔ Deposit sheets: ['Deposit Transaction History']
[2025-09-24 17:18:56] ✔ Cashout sheets: ['Deposit Transaction History']
[2025-09-24 17:18:56] ℹ️ Same sheet in both lists → will parse once as combined: ['Deposit Transaction History']
[2025-09-24 17:18:56] ✅ Detected header row at Excel row 1: ['Transaction ID', 'User', 'Created', 'Updated', 'Payment Method', 'Status', 'Currency', 'Transaction Amount', 'Initial', 'Credited', 'Settled', 'Refunded', 'Merchant']
[2025-09-24 17:18:56] 🔎 Header row 1: ['Transaction ID', 'User', 'Created', 'Updated', 'Payment Method', 'Status', 'Currency', 'Transaction Amount', 'Initial', 'Credited', 'Settled', 'Refunded', 'Merchant']
[2025-09-24 17:18:56] 🧭 Columns: amount=7, currency=6, type=None, ref_date=2, conf_date=10, status=5, gateway=4, descr=None, drcr=None
[2025-09-24 17:18:56] 🔎 row 2: ✅ accept → dt=1900-07-18 amt=200.00 sign=+1 curr=EUR label=Deposit (type/gateway/descr/drcr/sign) status='dep_settled'
[2025-09-24 17:18:56] 🔎 row 3: ✅ accept → dt=1900-01-14 amt=15.00 sign=+1 curr=EUR label=Deposit (type/gateway/descr/drcr/sign) status='dep_settled'
[2025-09-24 17:18:56] 🔎 row 4: ✅ accept → dt=1900-04-09 amt=100.00 sign=+1 curr=EUR label=Deposit (type/gateway/descr/drcr/sign) status='dep_settled'
[2025-09-24 17:18:56] 🔎 row 5: ✅ accept → dt=1900-04-09 amt=100.00 sign=+1 curr=EUR label=Deposit (type/gateway/descr/drcr/sign) status='dep_settled'
[2025-09-24 17:18:56] 🔎 row 6: ✅ accept → dt=1900-01-19 amt=20.00 sign=+1 curr=EUR label=Deposit (type/gateway/descr/drcr/sign) status='dep_settled'
[2025-09-24 17:18:56] 🔎 row 7: ✅ accept → dt=1900-02-18 amt=50.00 sign=+1 curr=EUR label=Deposit (type/gateway/descr/drcr/sign) status='dep_settled'
[2025-09-24 17:18:56] 🔎 row 8: ✅ accept → dt=1900-02-18 amt=50.00 sign=+1 curr=EUR label=Deposit (type/gateway/descr/drcr/sign) status='dep_settled'
[2025-09-24 17:18:56] 🔎 row 9: ✅ accept → dt=1900-02-18 amt=50.00 sign=+1 curr=EUR label=Deposit (type/gateway/descr/drcr/sign) status='dep_settled'
[2025-09-24 17:18:56] 🔎 row 10: ✅ accept → dt=1900-02-03 amt=35.00 sign=+1 curr=EUR label=Deposit (type/gateway/descr/drcr/sign) status='dep_settled'
[2025-09-24 17:18:56] 🔎 row 11: ✅ accept → dt=1900-02-18 amt=50.00 sign=+1 curr=EUR label=Deposit (type/gateway/descr/drcr/sign) status='dep_settled'
[2025-09-24 17:18:56] 🔎 row 12: ✅ accept → dt=1900-04-09 amt=100.00 sign=+1 curr=EUR label=Deposit (type/gateway/descr/drcr/sign) status='dep_settled'
[2025-09-24 17:18:56] 🔎 row 13: ✅ accept → dt=1900-02-18 amt=50.00 sign=+1 curr=EUR label=Deposit (type/gateway/descr/drcr/sign) status='dep_settled'
[2025-09-24 17:18:56] 🔎 row 14: ✅ accept → dt=1900-04-09 amt=100.00 sign=+1 curr=EUR label=Deposit (type/gateway/descr/drcr/sign) status='dep_settled'
[2025-09-24 17:18:56] 🔎 row 15: ✅ accept → dt=1900-04-09 amt=100.00 sign=+1 curr=EUR label=Deposit (type/gateway/descr/drcr/sign) status='dep_settled'
[2025-09-24 17:18:56] 🔎 row 16: ✅ accept → dt=1900-04-09 amt=100.00 sign=+1 curr=EUR label=Deposit (type/gateway/descr/drcr/sign) status='dep_settled'
[2025-09-24 17:18:56] 🔎 row 17: ✅ accept → dt=1900-04-09 amt=100.00 sign=+1 curr=EUR label=Deposit (type/gateway/descr/drcr/sign) status='dep_settled'
[2025-09-24 17:18:56] 🔎 row 18: ✅ accept → dt=1900-04-09 amt=100.00 sign=+1 curr=EUR label=Deposit (type/gateway/descr/drcr/sign) status='dep_settled'
[2025-09-24 17:18:56] 🔎 row 19: ✅ accept → dt=1900-04-09 amt=100.00 sign=+1 curr=EUR label=Deposit (type/gateway/descr/drcr/sign) status='dep_settled'
[2025-09-24 17:18:56] 🔎 row 20: ✅ accept → dt=1900-07-18 amt=200.00 sign=+1 curr=EUR label=Deposit (type/gateway/descr/drcr/sign) status='dep_settled'
[2025-09-24 17:18:56] 🔎 row 21: ✅ accept → dt=1900-07-18 amt=200.00 sign=+1 curr=EUR label=Deposit (type/gateway/descr/drcr/sign) status='dep_settled'
[2025-09-24 17:18:56] 🔎 row 22: ✅ accept → dt=1900-01-13 amt=14.00 sign=+1 curr=EUR label=Deposit (type/gateway/descr/drcr/sign) status='dep_settled'
[2025-09-24 17:18:56] 🔎 row 23: ✅ accept → dt=1900-04-09 amt=100.00 sign=+1 curr=EUR label=Deposit (type/gateway/descr/drcr/sign) status='dep_settled'
[2025-09-24 17:18:56] 🔎 row 24: ✅ accept → dt=1901-02-03 amt=400.00 sign=+1 curr=EUR label=Deposit (type/gateway/descr/drcr/sign) status='dep_settled'
[2025-09-24 17:18:56] 🔎 row 25: ✅ accept → dt=1900-04-09 amt=100.00 sign=+1 curr=EUR label=Deposit (type/gateway/descr/drcr/sign) status='dep_settled'
[2025-09-24 17:18:56] 🔎 row 26: ✅ accept → dt=1900-04-09 amt=100.00 sign=+1 curr=EUR label=Deposit (type/gateway/descr/drcr/sign) status='dep_settled'
[2025-09-24 17:18:56] 🔎 row 27: ✅ accept → dt=1900-07-18 amt=200.00 sign=+1 curr=EUR label=Deposit (type/gateway/descr/drcr/sign) status='dep_settled'
[2025-09-24 17:18:56] 🔎 row 28: ✅ accept → dt=1900-07-18 amt=200.00 sign=+1 curr=EUR label=Deposit (type/gateway/descr/drcr/sign) status='dep_settled'
[2025-09-24 17:18:56] 🔎 row 29: ✅ accept → dt=1900-07-18 amt=200.00 sign=+1 curr=EUR label=Deposit (type/gateway/descr/drcr/sign) status='dep_settled'
[2025-09-24 17:18:56] 🔎 row 30: ✅ accept → dt=1900-04-09 amt=100.00 sign=+1 curr=EUR label=Deposit (type/gateway/descr/drcr/sign) status='dep_settled'
[2025-09-24 17:18:56] 🔎 row 31: ✅ accept → dt=1900-07-18 amt=200.00 sign=+1 curr=EUR label=Deposit (type/gateway/descr/drcr/sign) status='dep_settled'
[2025-09-24 17:18:56] 🔎 row 32: ✅ accept → dt=1900-10-26 amt=300.00 sign=+1 curr=EUR label=Deposit (type/gateway/descr/drcr/sign) status='dep_settled'
[2025-09-24 17:18:56] 🔎 row 33: ✅ accept → dt=1900-04-09 amt=100.00 sign=+1 curr=EUR label=Deposit (type/gateway/descr/drcr/sign) status='dep_settled'
[2025-09-24 17:18:56] 🔎 row 34: ✅ accept → dt=1900-07-18 amt=200.00 sign=+1 curr=EUR label=Deposit (type/gateway/descr/drcr/sign) status='dep_settled'
[2025-09-24 17:18:56] 🔎 row 35: ✅ accept → dt=1900-07-18 amt=200.00 sign=+1 curr=EUR label=Deposit (type/gateway/descr/drcr/sign) status='dep_settled'
[2025-09-24 17:18:56] 🔎 row 36: ✅ accept → dt=1900-07-18 amt=200.00 sign=+1 curr=EUR label=Deposit (type/gateway/descr/drcr/sign) status='dep_settled'
[2025-09-24 17:18:56] 🔎 row 37: ✅ accept → dt=1900-07-18 amt=200.00 sign=+1 curr=EUR label=Deposit (type/gateway/descr/drcr/sign) status='dep_settled'
[2025-09-24 17:18:56] 🔎 row 38: ✅ accept → dt=1900-02-18 amt=50.00 sign=+1 curr=EUR label=Deposit (type/gateway/descr/drcr/sign) status='dep_settled'
[2025-09-24 17:18:56] 🔎 row 39: ✅ accept → dt=1900-02-18 amt=50.00 sign=+1 curr=EUR label=Deposit (type/gateway/descr/drcr/sign) status='dep_settled'
[2025-09-24 17:18:56] 🔎 row 40: ✅ accept → dt=1900-01-04 amt=5.00 sign=+1 curr=EUR label=Deposit (type/gateway/descr/drcr/sign) status='dep_settled'
[2025-09-24 17:18:56] 🔎 row 41: ✅ accept → dt=1901-05-14 amt=500.00 sign=+1 curr=EUR label=Deposit (type/gateway/descr/drcr/sign) status='dep_settled'
[2025-09-24 17:18:56] 🔎 row 42: ✅ accept → dt=1901-05-14 amt=500.00 sign=+1 curr=EUR label=Deposit (type/gateway/descr/drcr/sign) status='dep_settled'
[2025-09-24 17:18:56] 🔎 row 43: ✅ accept → dt=1900-04-09 amt=100.00 sign=+1 curr=EUR label=Deposit (type/gateway/descr/drcr/sign) status='dep_settled'
[2025-09-24 17:18:56] 🔎 row 44: ✅ accept → dt=1900-04-09 amt=100.00 sign=+1 curr=EUR label=Deposit (type/gateway/descr/drcr/sign) status='dep_settled'
[2025-09-24 17:18:56] 🔎 row 45: ✅ accept → dt=1900-03-15 amt=75.00 sign=+1 curr=EUR label=Deposit (type/gateway/descr/drcr/sign) status='dep_settled'
[2025-09-24 17:18:56] 🔎 row 46: ✅ accept → dt=1900-07-18 amt=200.00 sign=+1 curr=EUR label=Deposit (type/gateway/descr/drcr/sign) status='dep_settled'
[2025-09-24 17:18:56] 🔎 row 47: ✅ accept → dt=1900-09-06 amt=250.00 sign=+1 curr=EUR label=Deposit (type/gateway/descr/drcr/sign) status='dep_settled'
[2025-09-24 17:18:56] 🔎 row 48: ✅ accept → dt=1900-10-26 amt=300.00 sign=+1 curr=EUR label=Deposit (type/gateway/descr/drcr/sign) status='dep_settled'
[2025-09-24 17:18:56] 🔎 row 49: ✅ accept → dt=1900-07-18 amt=200.00 sign=+1 curr=EUR label=Deposit (type/gateway/descr/drcr/sign) status='dep_settled'
[2025-09-24 17:18:56] 🔎 row 50: ✅ accept → dt=1901-05-14 amt=500.00 sign=+1 curr=EUR label=Deposit (type/gateway/descr/drcr/sign) status='dep_settled'
[2025-09-24 17:18:56] 🔎 row 51: ✅ accept → dt=1900-01-09 amt=10.00 sign=+1 curr=EUR label=Deposit (type/gateway/descr/drcr/sign) status='dep_settled'
[2025-09-24 17:18:56] 🔎 row 52: ✅ accept → dt=1900-01-28 amt=29.00 sign=+1 curr=EUR label=Deposit (type/gateway/descr/drcr/sign) status='dep_settled'
[2025-09-24 17:18:56] 🔎 row 53: ✅ accept → dt=1900-02-18 amt=50.00 sign=+1 curr=EUR label=Deposit (type/gateway/descr/drcr/sign) status='dep_settled'
[2025-09-24 17:18:56] 🔎 row 54: ✅ accept → dt=1900-04-09 amt=100.00 sign=+1 curr=EUR label=Deposit (type/gateway/descr/drcr/sign) status='dep_settled'
[2025-09-24 17:18:56] 🔎 row 55: ✅ accept → dt=1900-02-18 amt=50.00 sign=+1 curr=EUR label=Deposit (type/gateway/descr/drcr/sign) status='dep_settled'
[2025-09-24 17:18:56] 🔎 row 56: ✅ accept → dt=1900-07-18 amt=200.00 sign=+1 curr=EUR label=Deposit (type/gateway/descr/drcr/sign) status='dep_settled'
[2025-09-24 17:18:56] 🔎 row 57: ✅ accept → dt=1901-02-03 amt=400.00 sign=+1 curr=EUR label=Deposit (type/gateway/descr/drcr/sign) status='dep_settled'
[2025-09-24 17:18:56] 🔎 row 58: ✅ accept → dt=1901-02-03 amt=400.00 sign=+1 curr=EUR label=Deposit (type/gateway/descr/drcr/sign) status='dep_settled'
[2025-09-24 17:18:56] 🔎 row 59: ✅ accept → dt=1901-08-22 amt=600.00 sign=+1 curr=EUR label=Deposit (type/gateway/descr/drcr/sign) status='dep_settled'
[2025-09-24 17:18:56] 🔎 row 60: ✅ accept → dt=1901-05-14 amt=500.00 sign=+1 curr=EUR label=Deposit (type/gateway/descr/drcr/sign) status='dep_settled'
[2025-09-24 17:18:56] 🔎 row 61: ✅ accept → dt=1901-05-14 amt=500.00 sign=+1 curr=EUR label=Deposit (type/gateway/descr/drcr/sign) status='dep_settled'
[2025-09-24 17:18:56] 🔎 row 62: ✅ accept → dt=1900-02-18 amt=50.00 sign=+1 curr=EUR label=Deposit (type/gateway/descr/drcr/sign) status='dep_settled'
[2025-09-24 17:18:56] 🔎 row 63: ✅ accept → dt=1900-04-09 amt=100.00 sign=+1 curr=EUR label=Deposit (type/gateway/descr/drcr/sign) status='dep_settled'
[2025-09-24 17:18:56] 🔎 row 64: ✅ accept → dt=1900-05-29 amt=150.00 sign=+1 curr=EUR label=Deposit (type/gateway/descr/drcr/sign) status='dep_settled'
[2025-09-24 17:18:56] 🔎 row 65: ✅ accept → dt=1900-07-18 amt=200.00 sign=+1 curr=EUR label=Deposit (type/gateway/descr/drcr/sign) status='dep_settled'
[2025-09-24 17:18:56] 🔎 row 66: ✅ accept → dt=1900-07-18 amt=200.00 sign=+1 curr=EUR label=Deposit (type/gateway/descr/drcr/sign) status='dep_settled'
[2025-09-24 17:18:56] 🔎 row 67: ✅ accept → dt=1901-02-03 amt=400.00 sign=+1 curr=EUR label=Deposit (type/gateway/descr/drcr/sign) status='dep_settled'
[2025-09-24 17:18:56] 🔎 row 68: ✅ accept → dt=1901-08-22 amt=600.00 sign=+1 curr=EUR label=Deposit (type/gateway/descr/drcr/sign) status='dep_settled'
[2025-09-24 17:18:56] 🔎 row 69: ✅ accept → dt=1900-01-04 amt=5.00 sign=+1 curr=EUR label=Deposit (type/gateway/descr/drcr/sign) status='dep_settled'
[2025-09-24 17:18:56] 🔎 row 70: ✅ accept → dt=1901-03-25 amt=450.00 sign=+1 curr=EUR label=Deposit (type/gateway/descr/drcr/sign) status='dep_settled'
[2025-09-24 17:18:56] 🔎 row 71: ✅ accept → dt=1900-02-18 amt=50.00 sign=+1 curr=EUR label=Deposit (type/gateway/descr/drcr/sign) status='dep_settled'
[2025-09-24 17:18:56] 🔎 row 72: ✅ accept → dt=1900-02-18 amt=50.00 sign=+1 curr=EUR label=Deposit (type/gateway/descr/drcr/sign) status='dep_settled'
[2025-09-24 17:18:56] 🔎 row 73: ✅ accept → dt=1900-07-18 amt=200.00 sign=+1 curr=EUR label=Deposit (type/gateway/descr/drcr/sign) status='dep_settled'
[2025-09-24 17:18:56] 🔎 row 74: ✅ accept → dt=1901-05-14 amt=500.00 sign=+1 curr=EUR label=Deposit (type/gateway/descr/drcr/sign) status='dep_settled'
[2025-09-24 17:18:56] 🔎 row 75: ✅ accept → dt=1901-05-14 amt=500.00 sign=+1 curr=EUR label=Deposit (type/gateway/descr/drcr/sign) status='dep_settled'
[2025-09-24 17:18:56] 🔎 row 76: ✅ accept → dt=1900-02-18 amt=50.00 sign=+1 curr=EUR label=Deposit (type/gateway/descr/drcr/sign) status='dep_settled'
[2025-09-24 17:18:56] 🔎 row 77: ✅ accept → dt=1900-02-18 amt=50.00 sign=+1 curr=EUR label=Deposit (type/gateway/descr/drcr/sign) status='dep_settled'
[2025-09-24 17:18:56] 🔎 row 78: ✅ accept → dt=1901-08-22 amt=600.00 sign=+1 curr=EUR label=Deposit (type/gateway/descr/drcr/sign) status='dep_settled'
[2025-09-24 17:18:56] 🔎 row 79: ✅ accept → dt=1900-05-29 amt=150.00 sign=+1 curr=EUR label=Deposit (type/gateway/descr/drcr/sign) status='dep_settled'
[2025-09-24 17:18:57] 🔎 row 80: ✅ accept → dt=1900-04-09 amt=100.00 sign=+1 curr=EUR label=Deposit (type/gateway/descr/drcr/sign) status='dep_settled'
[2025-09-24 17:18:57] 🔎 row 81: ✅ accept → dt=1900-04-09 amt=100.00 sign=+1 curr=EUR label=Deposit (type/gateway/descr/drcr/sign) status='dep_settled'
[2025-09-24 17:18:57] 🔎 row 82: ✅ accept → dt=1900-07-18 amt=200.00 sign=+1 curr=EUR label=Deposit (type/gateway/descr/drcr/sign) status='dep_settled'
[2025-09-24 17:18:57] 🔎 row 83: ✅ accept → dt=1900-07-18 amt=200.00 sign=+1 curr=EUR label=Deposit (type/gateway/descr/drcr/sign) status='dep_settled'
[2025-09-24 17:18:57] 🔎 row 84: ✅ accept → dt=1900-07-18 amt=200.00 sign=+1 curr=EUR label=Deposit (type/gateway/descr/drcr/sign) status='dep_settled'
[2025-09-24 17:18:57] 🔎 row 85: ✅ accept → dt=1900-09-06 amt=250.00 sign=+1 curr=EUR label=Deposit (type/gateway/descr/drcr/sign) status='dep_settled'
[2025-09-24 17:18:57] 🔎 row 86: ✅ accept → dt=1901-03-25 amt=450.00 sign=+1 curr=EUR label=Deposit (type/gateway/descr/drcr/sign) status='dep_settled'
[2025-09-24 17:18:57] 🔎 row 87: ✅ accept → dt=1901-05-14 amt=500.00 sign=+1 curr=EUR label=Deposit (type/gateway/descr/drcr/sign) status='dep_settled'
[2025-09-24 17:18:57] 🔎 row 88: ✅ accept → dt=1901-05-14 amt=500.00 sign=+1 curr=EUR label=Deposit (type/gateway/descr/drcr/sign) status='dep_settled'
[2025-09-24 17:18:57] 🔎 row 89: ✅ accept → dt=1901-05-14 amt=500.00 sign=+1 curr=EUR label=Deposit (type/gateway/descr/drcr/sign) status='dep_settled'
[2025-09-24 17:18:57] 🔎 row 90: ✅ accept → dt=1902-03-10 amt=800.00 sign=+1 curr=EUR label=Deposit (type/gateway/descr/drcr/sign) status='dep_settled'
[2025-09-24 17:18:57] 🔎 row 91: ✅ accept → dt=1901-05-14 amt=500.00 sign=+1 curr=EUR label=Deposit (type/gateway/descr/drcr/sign) status='dep_settled'
[2025-09-24 17:18:57] 🔎 row 92: ✅ accept → dt=1901-05-14 amt=500.00 sign=+1 curr=EUR label=Deposit (type/gateway/descr/drcr/sign) status='dep_settled'
[2025-09-24 17:18:57] 🔎 row 93: ✅ accept → dt=1901-05-14 amt=500.00 sign=+1 curr=EUR label=Deposit (type/gateway/descr/drcr/sign) status='dep_settled'
[2025-09-24 17:18:57] 🔎 row 94: ✅ accept → dt=1901-11-30 amt=700.00 sign=+1 curr=EUR label=Deposit (type/gateway/descr/drcr/sign) status='dep_settled'
[2025-09-24 17:18:57] 🔎 row 95: ✅ accept → dt=1900-01-06 amt=7.00 sign=+1 curr=EUR label=Deposit (type/gateway/descr/drcr/sign) status='dep_settled'
[2025-09-24 17:18:57] 🔎 row 96: ✅ accept → dt=1901-05-14 amt=500.00 sign=+1 curr=EUR label=Deposit (type/gateway/descr/drcr/sign) status='dep_settled'
[2025-09-24 17:18:57] 🔎 row 97: ✅ accept → dt=1902-09-26 amt=1000.00 sign=+1 curr=EUR label=Deposit (type/gateway/descr/drcr/sign) status='dep_settled'
[2025-09-24 17:18:57] 🔎 row 98: ✅ accept → dt=1902-09-26 amt=1000.00 sign=+1 curr=EUR label=Deposit (type/gateway/descr/drcr/sign) status='dep_settled'
[2025-09-24 17:18:57] 🔎 row 99: ✅ accept → dt=1902-09-26 amt=1000.00 sign=+1 curr=EUR label=Deposit (type/gateway/descr/drcr/sign) status='dep_settled'
[2025-09-24 17:18:57] 🔎 row 100: ✅ accept → dt=1902-09-26 amt=1000.00 sign=+1 curr=EUR label=Deposit (type/gateway/descr/drcr/sign) status='dep_settled'
[2025-09-24 17:18:57] 🔎 row 101: ✅ accept → dt=1905-06-22 amt=2000.00 sign=+1 curr=EUR label=Deposit (type/gateway/descr/drcr/sign) status='dep_settled'
[2025-09-24 17:18:57] 🔎 row 102: ✅ accept → dt=1904-10-15 amt=1750.00 sign=+1 curr=EUR label=Deposit (type/gateway/descr/drcr/sign) status='dep_settled'
[2025-09-24 17:18:57] 🔎 row 103: ✅ accept → dt=1901-05-14 amt=500.00 sign=+1 curr=EUR label=Deposit (type/gateway/descr/drcr/sign) status='dep_settled'
[2025-09-24 17:18:57] 🔎 row 104: ✅ accept → dt=1902-09-26 amt=1000.00 sign=+1 curr=EUR label=Deposit (type/gateway/descr/drcr/sign) status='dep_settled'
[2025-09-24 17:18:57] 🔎 row 105: ✅ accept → dt=1905-06-22 amt=2000.00 sign=+1 curr=EUR label=Deposit (type/gateway/descr/drcr/sign) status='dep_settled'
[2025-09-24 17:18:57] 🔎 row 106: ✅ accept → dt=1902-03-10 amt=800.00 sign=+1 curr=EUR label=Deposit (type/gateway/descr/drcr/sign) status='dep_settled'
[2025-09-24 17:18:57] 🔎 row 107: ✅ accept → dt=1901-05-14 amt=500.00 sign=+1 curr=EUR label=Deposit (type/gateway/descr/drcr/sign) status='dep_settled'
[2025-09-24 17:18:57] 🔎 row 108: ✅ accept → dt=1901-05-14 amt=500.00 sign=+1 curr=EUR label=Deposit (type/gateway/descr/drcr/sign) status='dep_settled'
[2025-09-24 17:18:57] 🔎 row 109: ✅ accept → dt=1905-06-22 amt=2000.00 sign=+1 curr=EUR label=Deposit (type/gateway/descr/drcr/sign) status='dep_settled'
[2025-09-24 17:18:57] 🔎 row 110: ✅ accept → dt=1905-06-22 amt=2000.00 sign=+1 curr=EUR label=Deposit (type/gateway/descr/drcr/sign) status='dep_settled'
[2025-09-24 17:18:57] 🔎 row 111: ✅ accept → dt=1901-05-14 amt=500.00 sign=+1 curr=EUR label=Deposit (type/gateway/descr/drcr/sign) status='dep_settled'
[2025-09-24 17:18:57] 🔎 row 112: ✅ accept → dt=1906-11-04 amt=2500.00 sign=+1 curr=EUR label=Deposit (type/gateway/descr/drcr/sign) status='dep_settled'
[2025-09-24 17:18:57] 🔎 row 113: ✅ accept → dt=1902-09-26 amt=1000.00 sign=+1 curr=EUR label=Deposit (type/gateway/descr/drcr/sign) status='dep_settled'
[2025-09-24 17:18:57] 🔎 row 114: ✅ accept → dt=1902-09-26 amt=1000.00 sign=+1 curr=EUR label=Deposit (type/gateway/descr/drcr/sign) status='dep_settled'
[2025-09-24 17:18:57] 🔎 row 115: ✅ accept → dt=1902-09-26 amt=1000.00 sign=+1 curr=EUR label=Deposit (type/gateway/descr/drcr/sign) status='dep_settled'
[2025-09-24 17:18:57] 🔎 row 116: ✅ accept → dt=1902-09-26 amt=1000.00 sign=+1 curr=EUR label=Deposit (type/gateway/descr/drcr/sign) status='dep_settled'
[2025-09-24 17:18:57] 🔎 row 117: ✅ accept → dt=1901-05-14 amt=500.00 sign=+1 curr=EUR label=Deposit (type/gateway/descr/drcr/sign) status='dep_settled'
[2025-09-24 17:18:57] 🔎 row 118: ✅ accept → dt=1901-05-14 amt=500.00 sign=+1 curr=EUR label=Deposit (type/gateway/descr/drcr/sign) status='dep_settled'
[2025-09-24 17:18:57] 🔎 row 119: ✅ accept → dt=1900-04-09 amt=100.00 sign=+1 curr=EUR label=Deposit (type/gateway/descr/drcr/sign) status='dep_settled'
[2025-09-24 17:18:57] 🔎 row 120: ✅ accept → dt=1900-04-09 amt=100.00 sign=+1 curr=EUR label=Deposit (type/gateway/descr/drcr/sign) status='dep_settled'
[2025-09-24 17:18:57] 🔎 row 121: ✅ accept → dt=1900-04-09 amt=100.00 sign=+1 curr=EUR label=Deposit (type/gateway/descr/drcr/sign) status='dep_settled'
[2025-09-24 17:18:57] 🔎 row 122: ✅ accept → dt=1900-05-29 amt=150.00 sign=+1 curr=EUR label=Deposit (type/gateway/descr/drcr/sign) status='dep_settled'
[2025-09-24 17:18:57] 🔎 row 123: ✅ accept → dt=1902-09-26 amt=1000.00 sign=+1 curr=EUR label=Deposit (type/gateway/descr/drcr/sign) status='dep_settled'
[2025-09-24 17:18:57] 🔎 row 124: ✅ accept → dt=1901-05-14 amt=500.00 sign=+1 curr=EUR label=Deposit (type/gateway/descr/drcr/sign) status='dep_settled'
[2025-09-24 17:18:57] 🔎 row 125: ✅ accept → dt=1901-05-14 amt=500.00 sign=+1 curr=EUR label=Deposit (type/gateway/descr/drcr/sign) status='dep_settled'
[2025-09-24 17:18:57] 🔎 row 126: ✅ accept → dt=1902-09-26 amt=1000.00 sign=+1 curr=EUR label=Deposit (type/gateway/descr/drcr/sign) status='dep_settled'
[2025-09-24 17:18:57] 🔎 row 127: ✅ accept → dt=1904-02-08 amt=1500.00 sign=+1 curr=EUR label=Deposit (type/gateway/descr/drcr/sign) status='dep_settled'
[2025-09-24 17:18:57] 🔎 row 128: ✅ accept → dt=1904-02-08 amt=1500.00 sign=+1 curr=EUR label=Deposit (type/gateway/descr/drcr/sign) status='dep_settled'
[2025-09-24 17:18:57] 🔎 row 129: ✅ accept → dt=1906-11-04 amt=2500.00 sign=+1 curr=EUR label=Deposit (type/gateway/descr/drcr/sign) status='dep_settled'
[2025-09-24 17:18:57] 🔎 row 130: ✅ accept → dt=1902-09-26 amt=1000.00 sign=+1 curr=EUR label=Deposit (type/gateway/descr/drcr/sign) status='dep_settled'
[2025-09-24 17:18:57] 🔎 row 131: ✅ accept → dt=1900-02-18 amt=50.00 sign=+1 curr=EUR label=Deposit (type/gateway/descr/drcr/sign) status='dep_settled'
[2025-09-24 17:18:57] 🔎 row 132: ✅ accept → dt=1902-09-26 amt=1000.00 sign=+1 curr=EUR label=Deposit (type/gateway/descr/drcr/sign) status='dep_settled'
[2025-09-24 17:18:57] 🔎 row 133: ✅ accept → dt=1902-09-26 amt=1000.00 sign=+1 curr=EUR label=Deposit (type/gateway/descr/drcr/sign) status='dep_settled'
[2025-09-24 17:18:57] 🔎 row 134: ✅ accept → dt=1902-09-26 amt=1000.00 sign=+1 curr=EUR label=Deposit (type/gateway/descr/drcr/sign) status='dep_settled'
[2025-09-24 17:18:57] 🔎 row 135: ✅ accept → dt=1905-06-22 amt=2000.00 sign=+1 curr=EUR label=Deposit (type/gateway/descr/drcr/sign) status='dep_settled'
[2025-09-24 17:18:57] 🔎 row 136: ✅ accept → dt=1900-09-06 amt=250.00 sign=+1 curr=EUR label=Deposit (type/gateway/descr/drcr/sign) status='dep_settled'
[2025-09-24 17:18:57] 🔎 row 137: ✅ accept → dt=1900-09-06 amt=250.00 sign=+1 curr=EUR label=Deposit (type/gateway/descr/drcr/sign) status='dep_settled'
[2025-09-24 17:18:57] 🔎 row 138: ✅ accept → dt=1901-05-14 amt=500.00 sign=+1 curr=EUR label=Deposit (type/gateway/descr/drcr/sign) status='dep_settled'
[2025-09-24 17:18:57] 🔎 row 139: ✅ accept → dt=1902-09-26 amt=1000.00 sign=+1 curr=EUR label=Deposit (type/gateway/descr/drcr/sign) status='dep_settled'
[2025-09-24 17:18:57] 🔎 row 140: ✅ accept → dt=1902-09-26 amt=1000.00 sign=+1 curr=EUR label=Deposit (type/gateway/descr/drcr/sign) status='dep_settled'
[2025-09-24 17:18:57] 🔎 row 141: ✅ accept → dt=1900-03-20 amt=80.00 sign=+1 curr=EUR label=Deposit (type/gateway/descr/drcr/sign) status='dep_settled'
[2025-09-24 17:18:57] 🔎 row 142: ✅ accept → dt=1900-10-26 amt=300.00 sign=+1 curr=EUR label=Deposit (type/gateway/descr/drcr/sign) status='dep_settled'
[2025-09-24 17:18:57] 🔎 row 143: ✅ accept → dt=1900-10-26 amt=300.00 sign=+1 curr=EUR label=Deposit (type/gateway/descr/drcr/sign) status='dep_settled'
[2025-09-24 17:18:57] 🔎 row 144: ✅ accept → dt=1901-02-03 amt=400.00 sign=+1 curr=EUR label=Deposit (type/gateway/descr/drcr/sign) status='dep_settled'
[2025-09-24 17:18:57] 🔎 row 145: ✅ accept → dt=1901-05-14 amt=500.00 sign=+1 curr=EUR label=Deposit (type/gateway/descr/drcr/sign) status='dep_settled'
[2025-09-24 17:18:57] 🔎 row 146: ✅ accept → dt=1900-10-26 amt=300.00 sign=+1 curr=EUR label=Deposit (type/gateway/descr/drcr/sign) status='dep_settled'
[2025-09-24 17:18:57] 🔎 row 147: ✅ accept → dt=1901-05-14 amt=500.00 sign=+1 curr=EUR label=Deposit (type/gateway/descr/drcr/sign) status='dep_settled'
[2025-09-24 17:18:57] 🔎 row 148: ✅ accept → dt=1901-05-14 amt=500.00 sign=+1 curr=EUR label=Deposit (type/gateway/descr/drcr/sign) status='dep_settled'
[2025-09-24 17:18:57] 🔎 row 149: ✅ accept → dt=1901-05-14 amt=500.00 sign=+1 curr=EUR label=Deposit (type/gateway/descr/drcr/sign) status='dep_settled'
[2025-09-24 17:18:57] 🔎 row 150: ✅ accept → dt=1901-05-14 amt=500.00 sign=+1 curr=EUR label=Deposit (type/gateway/descr/drcr/sign) status='dep_settled'
[2025-09-24 17:18:57] 🔎 row 151: ✅ accept → dt=1901-05-14 amt=500.00 sign=+1 curr=EUR label=Deposit (type/gateway/descr/drcr/sign) status='dep_settled'
[2025-09-24 17:18:57] 🔎 row 152: ✅ accept → dt=1901-05-14 amt=500.00 sign=+1 curr=EUR label=Deposit (type/gateway/descr/drcr/sign) status='dep_settled'
[2025-09-24 17:18:57] 🔎 row 153: ✅ accept → dt=1902-09-26 amt=1000.00 sign=+1 curr=EUR label=Deposit (type/gateway/descr/drcr/sign) status='dep_settled'
[2025-09-24 17:18:57] 🔎 row 154: ✅ accept → dt=1901-05-14 amt=500.00 sign=+1 curr=EUR label=Deposit (type/gateway/descr/drcr/sign) status='dep_settled'
[2025-09-24 17:18:57] 🔎 row 155: ✅ accept → dt=1902-09-26 amt=1000.00 sign=+1 curr=EUR label=Deposit (type/gateway/descr/drcr/sign) status='dep_settled'
[2025-09-24 17:18:57] 🔎 row 156: ✅ accept → dt=1900-07-18 amt=200.00 sign=+1 curr=EUR label=Deposit (type/gateway/descr/drcr/sign) status='dep_settled'
[2025-09-24 17:18:57] 🔎 row 157: ✅ accept → dt=1900-10-26 amt=300.00 sign=+1 curr=EUR label=Deposit (type/gateway/descr/drcr/sign) status='dep_settled'
[2025-09-24 17:18:57] 🔎 row 158: ✅ accept → dt=1901-05-14 amt=500.00 sign=+1 curr=EUR label=Deposit (type/gateway/descr/drcr/sign) status='dep_settled'
[2025-09-24 17:18:57] 🔎 row 159: ✅ accept → dt=1901-05-14 amt=500.00 sign=+1 curr=EUR label=Deposit (type/gateway/descr/drcr/sign) status='dep_settled'
[2025-09-24 17:18:57] 🔎 row 160: ✅ accept → dt=1902-09-26 amt=1000.00 sign=+1 curr=EUR label=Deposit (type/gateway/descr/drcr/sign) status='dep_settled'
[2025-09-24 17:18:57] 🔎 row 161: ✅ accept → dt=1901-11-30 amt=700.00 sign=+1 curr=EUR label=Deposit (type/gateway/descr/drcr/sign) status='dep_settled'
[2025-09-24 17:18:57] 🔎 row 162: ✅ accept → dt=1900-04-09 amt=100.00 sign=+1 curr=EUR label=Deposit (type/gateway/descr/drcr/sign) status='dep_settled'
[2025-09-24 17:18:57] 🔎 row 163: ✅ accept → dt=1900-02-18 amt=50.00 sign=+1 curr=EUR label=Deposit (type/gateway/descr/drcr/sign) status='dep_settled'
[2025-09-24 17:18:57] 🔎 row 164: ✅ accept → dt=1900-04-09 amt=100.00 sign=+1 curr=EUR label=Deposit (type/gateway/descr/drcr/sign) status='dep_settled'
[2025-09-24 17:18:57] 🔎 row 165: ✅ accept → dt=1900-04-09 amt=100.00 sign=+1 curr=EUR label=Deposit (type/gateway/descr/drcr/sign) status='dep_settled'
[2025-09-24 17:18:57] 🔎 row 166: ✅ accept → dt=1900-04-09 amt=100.00 sign=+1 curr=EUR label=Deposit (type/gateway/descr/drcr/sign) status='dep_settled'
[2025-09-24 17:18:57] 🔎 row 167: ✅ accept → dt=1900-03-28 amt=88.00 sign=+1 curr=EUR label=Deposit (type/gateway/descr/drcr/sign) status='dep_settled'
[2025-09-24 17:18:57] 🔎 row 168: ✅ accept → dt=1900-07-18 amt=200.00 sign=+1 curr=EUR label=Deposit (type/gateway/descr/drcr/sign) status='dep_settled'
[2025-09-24 17:18:57] 🔎 row 169: ✅ accept → dt=1900-07-18 amt=200.00 sign=+1 curr=EUR label=Deposit (type/gateway/descr/drcr/sign) status='dep_settled'
[2025-09-24 17:18:57] 🔎 row 170: ✅ accept → dt=1900-04-09 amt=100.00 sign=+1 curr=EUR label=Deposit (type/gateway/descr/drcr/sign) status='dep_settled'
[2025-09-24 17:18:57] 🔎 row 171: ✅ accept → dt=1900-04-09 amt=100.00 sign=+1 curr=EUR label=Deposit (type/gateway/descr/drcr/sign) status='dep_settled'
[2025-09-24 17:18:57] 🔎 row 172: ✅ accept → dt=1900-07-18 amt=200.00 sign=+1 curr=EUR label=Deposit (type/gateway/descr/drcr/sign) status='dep_settled'
[2025-09-24 17:18:57] 🔎 row 173: ✅ accept → dt=1900-07-18 amt=200.00 sign=+1 curr=EUR label=Deposit (type/gateway/descr/drcr/sign) status='dep_settled'
[2025-09-24 17:18:57] 🔎 row 174: ✅ accept → dt=1900-10-26 amt=300.00 sign=+1 curr=EUR label=Deposit (type/gateway/descr/drcr/sign) status='dep_settled'
[2025-09-24 17:18:57] 🔎 row 175: ✅ accept → dt=1900-07-18 amt=200.00 sign=+1 curr=EUR label=Deposit (type/gateway/descr/drcr/sign) status='dep_settled'
[2025-09-24 17:18:57] 🔎 row 176: ✅ accept → dt=1900-07-18 amt=200.00 sign=+1 curr=EUR label=Deposit (type/gateway/descr/drcr/sign) status='dep_settled'
[2025-09-24 17:18:57] 🔎 row 177: ✅ accept → dt=1900-04-09 amt=100.00 sign=+1 curr=EUR label=Deposit (type/gateway/descr/drcr/sign) status='dep_settled'
[2025-09-24 17:18:57] 🔎 row 178: ✅ accept → dt=1900-04-09 amt=100.00 sign=+1 curr=EUR label=Deposit (type/gateway/descr/drcr/sign) status='dep_settled'
[2025-09-24 17:18:57] 🔎 row 179: ✅ accept → dt=1900-01-04 amt=5.00 sign=+1 curr=EUR label=Deposit (type/gateway/descr/drcr/sign) status='dep_settled'
[2025-09-24 17:18:57] 🔎 row 180: ✅ accept → dt=1900-04-09 amt=100.00 sign=+1 curr=EUR label=Deposit (type/gateway/descr/drcr/sign) status='dep_settled'
[2025-09-24 17:18:57] 🔎 row 181: ✅ accept → dt=1900-05-29 amt=150.00 sign=+1 curr=EUR label=Deposit (type/gateway/descr/drcr/sign) status='dep_settled'
[2025-09-24 17:18:57] 🔎 row 182: ✅ accept → dt=1900-04-09 amt=100.00 sign=+1 curr=EUR label=Deposit (type/gateway/descr/drcr/sign) status='dep_settled'
[2025-09-24 17:18:57] 🔎 row 183: ✅ accept → dt=1900-04-09 amt=100.00 sign=+1 curr=EUR label=Deposit (type/gateway/descr/drcr/sign) status='dep_settled'
[2025-09-24 17:18:57] 🔎 row 184: ✅ accept → dt=1900-04-09 amt=100.00 sign=+1 curr=EUR label=Deposit (type/gateway/descr/drcr/sign) status='dep_settled'
[2025-09-24 17:18:57] 🔎 row 185: ✅ accept → dt=1900-04-09 amt=100.00 sign=+1 curr=EUR label=Deposit (type/gateway/descr/drcr/sign) status='dep_settled'
[2025-09-24 17:18:57] 🔎 row 186: ✅ accept → dt=1900-04-09 amt=100.00 sign=+1 curr=EUR label=Deposit (type/gateway/descr/drcr/sign) status='dep_settled'
[2025-09-24 17:18:57] 🔎 row 187: ✅ accept → dt=1900-04-09 amt=100.00 sign=+1 curr=EUR label=Deposit (type/gateway/descr/drcr/sign) status='dep_settled'
[2025-09-24 17:18:57] 🔎 row 188: ✅ accept → dt=1900-04-09 amt=100.00 sign=+1 curr=EUR label=Deposit (type/gateway/descr/drcr/sign) status='dep_settled'
[2025-09-24 17:18:57] 🔎 row 189: ✅ accept → dt=1900-02-18 amt=50.00 sign=+1 curr=EUR label=Deposit (type/gateway/descr/drcr/sign) status='dep_settled'
[2025-09-24 17:18:57] 🔎 row 190: ✅ accept → dt=1900-04-09 amt=100.00 sign=+1 curr=EUR label=Deposit (type/gateway/descr/drcr/sign) status='dep_settled'
[2025-09-24 17:18:57] 🔎 row 191: ✅ accept → dt=1900-07-18 amt=200.00 sign=+1 curr=EUR label=Deposit (type/gateway/descr/drcr/sign) status='dep_settled'
[2025-09-24 17:18:57] 🔎 row 192: ✅ accept → dt=1901-02-03 amt=400.00 sign=+1 curr=EUR label=Deposit (type/gateway/descr/drcr/sign) status='dep_settled'
[2025-09-24 17:18:57] 🔎 row 193: ✅ accept → dt=1900-04-09 amt=100.00 sign=+1 curr=EUR label=Deposit (type/gateway/descr/drcr/sign) status='dep_settled'
[2025-09-24 17:18:57] 🔎 row 194: ✅ accept → dt=1900-07-18 amt=200.00 sign=+1 curr=EUR label=Deposit (type/gateway/descr/drcr/sign) status='dep_settled'
[2025-09-24 17:18:57] 🔎 row 195: ✅ accept → dt=1900-07-18 amt=200.00 sign=+1 curr=EUR label=Deposit (type/gateway/descr/drcr/sign) status='dep_settled'
[2025-09-24 17:18:57] 🔎 row 196: ✅ accept → dt=1900-10-26 amt=300.00 sign=+1 curr=EUR label=Deposit (type/gateway/descr/drcr/sign) status='dep_settled'
[2025-09-24 17:18:57] 🔎 row 197: ✅ accept → dt=1902-09-26 amt=1000.00 sign=+1 curr=EUR label=Deposit (type/gateway/descr/drcr/sign) status='dep_settled'
[2025-09-24 17:18:57] 🔎 row 198: ✅ accept → dt=1902-09-26 amt=1000.00 sign=+1 curr=EUR label=Deposit (type/gateway/descr/drcr/sign) status='dep_settled'
[2025-09-24 17:18:57] 🔎 row 199: ✅ accept → dt=1902-09-26 amt=1000.00 sign=+1 curr=EUR label=Deposit (type/gateway/descr/drcr/sign) status='dep_settled'
[2025-09-24 17:18:57] 🔎 row 200: ✅ accept → dt=1900-07-18 amt=200.00 sign=+1 curr=EUR label=Deposit (type/gateway/descr/drcr/sign) status='dep_settled'
[2025-09-24 17:18:57] 🔎 row 201: ✅ accept → dt=1900-07-18 amt=200.00 sign=+1 curr=EUR label=Deposit (type/gateway/descr/drcr/sign) status='dep_settled'
[2025-09-24 17:18:57] 🔎 row 202: ✅ accept → dt=1900-04-09 amt=100.00 sign=+1 curr=EUR label=Deposit (type/gateway/descr/drcr/sign) status='dep_settled'
[2025-09-24 17:18:57] 🔎 row 203: ✅ accept → dt=1900-02-18 amt=50.00 sign=+1 curr=EUR label=Deposit (type/gateway/descr/drcr/sign) status='dep_settled'
[2025-09-24 17:18:57] 🔎 row 204: ✅ accept → dt=1900-04-09 amt=100.00 sign=+1 curr=EUR label=Deposit (type/gateway/descr/drcr/sign) status='dep_settled'
[2025-09-24 17:18:57] 🔎 row 205: ✅ accept → dt=1900-04-09 amt=100.00 sign=+1 curr=EUR label=Deposit (type/gateway/descr/drcr/sign) status='dep_settled'
[2025-09-24 17:18:57] 🔎 row 206: ✅ accept → dt=1900-04-09 amt=100.00 sign=+1 curr=EUR label=Deposit (type/gateway/descr/drcr/sign) status='dep_settled'
[2025-09-24 17:18:57] 🔎 row 207: ✅ accept → dt=1900-02-18 amt=50.00 sign=+1 curr=EUR label=Deposit (type/gateway/descr/drcr/sign) status='dep_settled'
[2025-09-24 17:18:57] 🔎 row 208: ✅ accept → dt=1900-04-09 amt=100.00 sign=+1 curr=EUR label=Deposit (type/gateway/descr/drcr/sign) status='dep_settled'
[2025-09-24 17:18:57] 🔎 row 209: ✅ accept → dt=1900-04-09 amt=100.00 sign=+1 curr=EUR label=Deposit (type/gateway/descr/drcr/sign) status='dep_settled'
[2025-09-24 17:18:57] 🔎 row 210: ✅ accept → dt=1900-02-18 amt=50.00 sign=+1 curr=EUR label=Deposit (type/gateway/descr/drcr/sign) status='dep_settled'
[2025-09-24 17:18:57] 🔎 row 211: ✅ accept → dt=1900-02-18 amt=50.00 sign=+1 curr=EUR label=Deposit (type/gateway/descr/drcr/sign) status='dep_settled'
[2025-09-24 17:18:57] 🔎 row 212: ✅ accept → dt=1900-04-09 amt=100.00 sign=+1 curr=EUR label=Deposit (type/gateway/descr/drcr/sign) status='dep_settled'
[2025-09-24 17:18:57] 🔎 row 213: ✅ accept → dt=1900-04-09 amt=100.00 sign=+1 curr=EUR label=Deposit (type/gateway/descr/drcr/sign) status='dep_settled'
[2025-09-24 17:18:57] 🔎 row 214: ✅ accept → dt=1900-04-09 amt=100.00 sign=+1 curr=EUR label=Deposit (type/gateway/descr/drcr/sign) status='dep_settled'
[2025-09-24 17:18:57] 🔎 row 215: ✅ accept → dt=1900-02-18 amt=50.00 sign=+1 curr=EUR label=Deposit (type/gateway/descr/drcr/sign) status='dep_settled'
[2025-09-24 17:18:57] 🔎 row 216: ✅ accept → dt=1900-04-09 amt=100.00 sign=+1 curr=EUR label=Deposit (type/gateway/descr/drcr/sign) status='dep_settled'
[2025-09-24 17:18:57] 🔎 row 217: ✅ accept → dt=1900-04-09 amt=100.00 sign=+1 curr=EUR label=Deposit (type/gateway/descr/drcr/sign) status='dep_settled'
[2025-09-24 17:18:57] 🔎 row 218: ✅ accept → dt=1900-04-09 amt=100.00 sign=+1 curr=EUR label=Deposit (type/gateway/descr/drcr/sign) status='dep_settled'
[2025-09-24 17:18:57] 🔎 row 219: ✅ accept → dt=1900-02-18 amt=50.00 sign=+1 curr=EUR label=Deposit (type/gateway/descr/drcr/sign) status='dep_settled'
[2025-09-24 17:18:57] 🔎 row 220: ✅ accept → dt=1900-02-18 amt=50.00 sign=+1 curr=EUR label=Deposit (type/gateway/descr/drcr/sign) status='dep_settled'
[2025-09-24 17:18:57] 🔎 row 221: ✅ accept → dt=1900-02-18 amt=50.00 sign=+1 curr=EUR label=Deposit (type/gateway/descr/drcr/sign) status='dep_settled'
[2025-09-24 17:18:57] 🔎 row 222: ✅ accept → dt=1900-02-18 amt=50.00 sign=+1 curr=EUR label=Deposit (type/gateway/descr/drcr/sign) status='dep_settled'
[2025-09-24 17:18:57] 🔎 row 223: ✅ accept → dt=1900-02-18 amt=50.00 sign=+1 curr=EUR label=Deposit (type/gateway/descr/drcr/sign) status='dep_settled'
[2025-09-24 17:18:57] 🔎 row 224: ✅ accept → dt=1900-02-18 amt=50.00 sign=+1 curr=EUR label=Deposit (type/gateway/descr/drcr/sign) status='dep_settled'
[2025-09-24 17:18:57] 🔎 row 225: ✅ accept → dt=1900-02-18 amt=50.00 sign=+1 curr=EUR label=Deposit (type/gateway/descr/drcr/sign) status='dep_settled'
[2025-09-24 17:18:57] 🔎 row 226: ✅ accept → dt=1900-02-18 amt=50.00 sign=+1 curr=EUR label=Deposit (type/gateway/descr/drcr/sign) status='dep_settled'
[2025-09-24 17:18:57] 🔎 row 227: ✅ accept → dt=1900-02-18 amt=50.00 sign=+1 curr=EUR label=Deposit (type/gateway/descr/drcr/sign) status='dep_settled'
[2025-09-24 17:18:57] 🔎 row 228: ✅ accept → dt=1900-02-18 amt=50.00 sign=+1 curr=EUR label=Deposit (type/gateway/descr/drcr/sign) status='dep_settled'
[2025-09-24 17:18:57] 🔎 row 229: ✅ accept → dt=1900-02-18 amt=50.00 sign=+1 curr=EUR label=Deposit (type/gateway/descr/drcr/sign) status='dep_settled'
[2025-09-24 17:18:57] 🔎 row 230: ✅ accept → dt=1900-04-09 amt=100.00 sign=+1 curr=EUR label=Deposit (type/gateway/descr/drcr/sign) status='dep_settled'
[2025-09-24 17:18:57] 🔎 row 231: ✅ accept → dt=1900-04-09 amt=100.00 sign=+1 curr=EUR label=Deposit (type/gateway/descr/drcr/sign) status='dep_settled'
[2025-09-24 17:18:57] 🔎 row 232: ✅ accept → dt=1900-04-09 amt=100.00 sign=+1 curr=EUR label=Deposit (type/gateway/descr/drcr/sign) status='dep_settled'
[2025-09-24 17:18:57] 🔎 row 233: ✅ accept → dt=1900-04-09 amt=100.00 sign=+1 curr=EUR label=Deposit (type/gateway/descr/drcr/sign) status='dep_settled'
[2025-09-24 17:18:57] 🔎 row 234: ✅ accept → dt=1900-02-18 amt=50.00 sign=+1 curr=EUR label=Deposit (type/gateway/descr/drcr/sign) status='dep_settled'
[2025-09-24 17:18:57] 🔎 row 235: ✅ accept → dt=1900-02-18 amt=50.00 sign=+1 curr=EUR label=Deposit (type/gateway/descr/drcr/sign) status='dep_settled'
[2025-09-24 17:18:57] 🔎 row 236: ✅ accept → dt=1900-01-09 amt=10.00 sign=+1 curr=EUR label=Deposit (type/gateway/descr/drcr/sign) status='dep_settled'
[2025-09-24 17:18:57] 🔎 row 237: ✅ accept → dt=1900-01-19 amt=20.00 sign=+1 curr=EUR label=Deposit (type/gateway/descr/drcr/sign) status='dep_settled'
[2025-09-24 17:18:57] 🔎 row 238: ✅ accept → dt=1900-02-18 amt=50.00 sign=+1 curr=EUR label=Deposit (type/gateway/descr/drcr/sign) status='dep_settled'
[2025-09-24 17:18:57] 🔎 row 239: ✅ accept → dt=1900-04-09 amt=100.00 sign=+1 curr=EUR label=Deposit (type/gateway/descr/drcr/sign) status='dep_settled'
[2025-09-24 17:18:57] 🔎 row 240: ✅ accept → dt=1900-02-18 amt=50.00 sign=+1 curr=EUR label=Deposit (type/gateway/descr/drcr/sign) status='dep_settled'
[2025-09-24 17:18:57] 🔎 row 241: ✅ accept → dt=1900-02-18 amt=50.00 sign=+1 curr=EUR label=Deposit (type/gateway/descr/drcr/sign) status='dep_settled'
[2025-09-24 17:18:57] 🔎 row 242: ✅ accept → dt=1900-05-29 amt=150.00 sign=+1 curr=EUR label=Deposit (type/gateway/descr/drcr/sign) status='dep_settled'
[2025-09-24 17:18:57] 🔎 row 243: ✅ accept → dt=1900-04-09 amt=100.00 sign=+1 curr=EUR label=Deposit (type/gateway/descr/drcr/sign) status='dep_settled'
[2025-09-24 17:18:57] 🔎 row 244: ✅ accept → dt=1900-04-09 amt=100.00 sign=+1 curr=EUR label=Deposit (type/gateway/descr/drcr/sign) status='dep_settled'
[2025-09-24 17:18:57] 🔎 row 245: ✅ accept → dt=1900-02-18 amt=50.00 sign=+1 curr=EUR label=Deposit (type/gateway/descr/drcr/sign) status='dep_settled'
[2025-09-24 17:18:57] 🔎 row 246: ✅ accept → dt=1900-04-09 amt=100.00 sign=+1 curr=EUR label=Deposit (type/gateway/descr/drcr/sign) status='dep_settled'
[2025-09-24 17:18:57] 🔎 row 247: ✅ accept → dt=1900-04-09 amt=100.00 sign=+1 curr=EUR label=Deposit (type/gateway/descr/drcr/sign) status='dep_settled'
[2025-09-24 17:18:57] 🔎 row 248: ✅ accept → dt=1900-04-09 amt=100.00 sign=+1 curr=EUR label=Deposit (type/gateway/descr/drcr/sign) status='dep_settled'
[2025-09-24 17:18:57] 🔎 row 249: ✅ accept → dt=1900-04-09 amt=100.00 sign=+1 curr=EUR label=Deposit (type/gateway/descr/drcr/sign) status='dep_settled'
[2025-09-24 17:18:57] 🔎 row 250: ✅ accept → dt=1900-04-09 amt=100.00 sign=+1 curr=EUR label=Deposit (type/gateway/descr/drcr/sign) status='dep_settled'
[2025-09-24 17:18:57] 🔎 row 251: ✅ accept → dt=1900-04-09 amt=100.00 sign=+1 curr=EUR label=Deposit (type/gateway/descr/drcr/sign) status='dep_settled'
[2025-09-24 17:18:57] 🔎 row 252: ✅ accept → dt=1900-04-09 amt=100.00 sign=+1 curr=EUR label=Deposit (type/gateway/descr/drcr/sign) status='dep_settled'
[2025-09-24 17:18:57] 🔎 row 253: ✅ accept → dt=1900-02-18 amt=50.00 sign=+1 curr=EUR label=Deposit (type/gateway/descr/drcr/sign) status='dep_settled'
[2025-09-24 17:18:57] 🔎 row 254: ✅ accept → dt=1900-04-09 amt=100.00 sign=+1 curr=EUR label=Deposit (type/gateway/descr/drcr/sign) status='dep_settled'
[2025-09-24 17:18:57] 🔎 row 255: ✅ accept → dt=1900-04-09 amt=100.00 sign=+1 curr=EUR label=Deposit (type/gateway/descr/drcr/sign) status='dep_settled'
[2025-09-24 17:18:57] 🔎 row 256: ✅ accept → dt=1900-04-09 amt=100.00 sign=+1 curr=EUR label=Deposit (type/gateway/descr/drcr/sign) status='dep_settled'
[2025-09-24 17:18:57] 🔎 row 257: ✅ accept → dt=1900-04-09 amt=100.00 sign=+1 curr=EUR label=Deposit (type/gateway/descr/drcr/sign) status='dep_settled'
[2025-09-24 17:18:57] 🔎 row 258: ✅ accept → dt=1900-04-09 amt=100.00 sign=+1 curr=EUR label=Deposit (type/gateway/descr/drcr/sign) status='dep_settled'
[2025-09-24 17:18:57] 🔎 row 259: ✅ accept → dt=1900-04-09 amt=100.00 sign=+1 curr=EUR label=Deposit (type/gateway/descr/drcr/sign) status='dep_settled'
[2025-09-24 17:18:57] 🔎 row 260: ✅ accept → dt=1900-02-18 amt=50.00 sign=+1 curr=EUR label=Deposit (type/gateway/descr/drcr/sign) status='dep_settled'
[2025-09-24 17:18:57] 🔎 row 261: ✅ accept → dt=1900-04-09 amt=100.00 sign=+1 curr=EUR label=Deposit (type/gateway/descr/drcr/sign) status='dep_settled'
[2025-09-24 17:18:57] 🔎 row 262: ✅ accept → dt=1900-02-18 amt=50.00 sign=+1 curr=EUR label=Deposit (type/gateway/descr/drcr/sign) status='dep_settled'
[2025-09-24 17:18:57] 🔎 row 263: ✅ accept → dt=1900-02-18 amt=50.00 sign=+1 curr=EUR label=Deposit (type/gateway/descr/drcr/sign) status='dep_settled'
[2025-09-24 17:18:57] 🔎 row 264: ✅ accept → dt=1900-02-18 amt=50.00 sign=+1 curr=EUR label=Deposit (type/gateway/descr/drcr/sign) status='dep_settled'
[2025-09-24 17:18:57] 🔎 row 265: ✅ accept → dt=1900-02-18 amt=50.00 sign=+1 curr=EUR label=Deposit (type/gateway/descr/drcr/sign) status='dep_settled'
[2025-09-24 17:18:57] 🔎 row 266: ✅ accept → dt=1900-02-18 amt=50.00 sign=+1 curr=EUR label=Deposit (type/gateway/descr/drcr/sign) status='dep_settled'
[2025-09-24 17:18:57] 🔎 row 267: ✅ accept → dt=1900-02-18 amt=50.00 sign=+1 curr=EUR label=Deposit (type/gateway/descr/drcr/sign) status='dep_settled'
[2025-09-24 17:18:57] 🔎 row 268: ✅ accept → dt=1900-02-18 amt=50.00 sign=+1 curr=EUR label=Deposit (type/gateway/descr/drcr/sign) status='dep_settled'
[2025-09-24 17:18:57] 🔎 row 269: ✅ accept → dt=1900-04-09 amt=100.00 sign=+1 curr=EUR label=Deposit (type/gateway/descr/drcr/sign) status='dep_settled'
[2025-09-24 17:18:57] 🔎 row 270: ✅ accept → dt=1900-02-18 amt=50.00 sign=+1 curr=EUR label=Deposit (type/gateway/descr/drcr/sign) status='dep_settled'
[2025-09-24 17:18:57] 🔎 row 271: ✅ accept → dt=1900-05-29 amt=150.00 sign=+1 curr=EUR label=Deposit (type/gateway/descr/drcr/sign) status='dep_settled'
[2025-09-24 17:18:57] 🔎 row 272: ✅ accept → dt=1900-02-18 amt=50.00 sign=+1 curr=EUR label=Deposit (type/gateway/descr/drcr/sign) status='dep_settled'
[2025-09-24 17:18:57] 🔎 row 273: ✅ accept → dt=1900-02-18 amt=50.00 sign=+1 curr=EUR label=Deposit (type/gateway/descr/drcr/sign) status='dep_settled'
[2025-09-24 17:18:57] 🔎 row 274: ✅ accept → dt=1900-02-18 amt=50.00 sign=+1 curr=EUR label=Deposit (type/gateway/descr/drcr/sign) status='dep_settled'
[2025-09-24 17:18:57] 🔎 row 275: ✅ accept → dt=1900-04-09 amt=100.00 sign=+1 curr=EUR label=Deposit (type/gateway/descr/drcr/sign) status='dep_settled'
[2025-09-24 17:18:57] 🔎 row 276: ✅ accept → dt=1900-04-09 amt=100.00 sign=+1 curr=EUR label=Deposit (type/gateway/descr/drcr/sign) status='dep_settled'
[2025-09-24 17:18:57] 🔎 row 277: ✅ accept → dt=1900-04-09 amt=100.00 sign=+1 curr=EUR label=Deposit (type/gateway/descr/drcr/sign) status='dep_settled'
[2025-09-24 17:18:57] 🔎 row 278: ✅ accept → dt=1900-04-09 amt=100.00 sign=+1 curr=EUR label=Deposit (type/gateway/descr/drcr/sign) status='dep_settled'
[2025-09-24 17:18:57] 🔎 row 279: ✅ accept → dt=1900-04-09 amt=100.00 sign=+1 curr=EUR label=Deposit (type/gateway/descr/drcr/sign) status='dep_settled'
[2025-09-24 17:18:57] 🔎 row 280: ✅ accept → dt=1900-04-09 amt=100.00 sign=+1 curr=EUR label=Deposit (type/gateway/descr/drcr/sign) status='dep_settled'
[2025-09-24 17:18:58] 🔎 row 281: ✅ accept → dt=1900-04-09 amt=100.00 sign=+1 curr=EUR label=Deposit (type/gateway/descr/drcr/sign) status='dep_settled'
[2025-09-24 17:18:58] 🔎 row 282: ✅ accept → dt=1900-04-09 amt=100.00 sign=+1 curr=EUR label=Deposit (type/gateway/descr/drcr/sign) status='dep_settled'
[2025-09-24 17:18:58] 🔎 row 283: ✅ accept → dt=1900-07-18 amt=200.00 sign=+1 curr=EUR label=Deposit (type/gateway/descr/drcr/sign) status='dep_settled'
[2025-09-24 17:18:58] 🔎 row 284: ✅ accept → dt=1900-07-18 amt=200.00 sign=+1 curr=EUR label=Deposit (type/gateway/descr/drcr/sign) status='dep_settled'
[2025-09-24 17:18:58] 🔎 row 285: ✅ accept → dt=1900-04-09 amt=100.00 sign=+1 curr=EUR label=Deposit (type/gateway/descr/drcr/sign) status='dep_settled'
[2025-09-24 17:18:58] 🔎 row 286: ✅ accept → dt=1900-07-18 amt=200.00 sign=+1 curr=EUR label=Deposit (type/gateway/descr/drcr/sign) status='dep_settled'
[2025-09-24 17:18:58] 🔎 row 287: ✅ accept → dt=1900-07-18 amt=200.00 sign=+1 curr=EUR label=Deposit (type/gateway/descr/drcr/sign) status='dep_settled'
[2025-09-24 17:18:58] 🔎 row 288: ✅ accept → dt=1900-07-18 amt=200.00 sign=+1 curr=EUR label=Deposit (type/gateway/descr/drcr/sign) status='dep_settled'
[2025-09-24 17:18:58] 🔎 row 289: ✅ accept → dt=1900-04-09 amt=100.00 sign=+1 curr=EUR label=Deposit (type/gateway/descr/drcr/sign) status='dep_settled'
[2025-09-24 17:18:58] 🔎 row 290: ✅ accept → dt=1900-04-09 amt=100.00 sign=+1 curr=EUR label=Deposit (type/gateway/descr/drcr/sign) status='dep_settled'
[2025-09-24 17:18:58] 🔎 row 291: ✅ accept → dt=1900-04-09 amt=100.00 sign=+1 curr=EUR label=Deposit (type/gateway/descr/drcr/sign) status='dep_settled'
[2025-09-24 17:18:58] 🔎 row 292: ✅ accept → dt=1900-04-09 amt=100.00 sign=+1 curr=EUR label=Deposit (type/gateway/descr/drcr/sign) status='dep_settled'
[2025-09-24 17:18:58] 🔎 row 293: ✅ accept → dt=1900-04-09 amt=100.00 sign=+1 curr=EUR label=Deposit (type/gateway/descr/drcr/sign) status='dep_settled'
[2025-09-24 17:18:58] 🔎 row 294: ✅ accept → dt=1900-04-09 amt=100.00 sign=+1 curr=EUR label=Deposit (type/gateway/descr/drcr/sign) status='dep_settled'
[2025-09-24 17:18:58] 🔎 row 295: ✅ accept → dt=1900-04-09 amt=100.00 sign=+1 curr=EUR label=Deposit (type/gateway/descr/drcr/sign) status='dep_settled'
[2025-09-24 17:18:58] 🔎 row 296: ✅ accept → dt=1900-05-29 amt=150.00 sign=+1 curr=EUR label=Deposit (type/gateway/descr/drcr/sign) status='dep_settled'
[2025-09-24 17:18:58] 🔎 row 297: ✅ accept → dt=1900-05-29 amt=150.00 sign=+1 curr=EUR label=Deposit (type/gateway/descr/drcr/sign) status='dep_settled'
[2025-09-24 17:18:58] 🔎 row 298: ✅ accept → dt=1900-05-29 amt=150.00 sign=+1 curr=EUR label=Deposit (type/gateway/descr/drcr/sign) status='dep_settled'
[2025-09-24 17:18:58] 🔎 row 299: ✅ accept → dt=1900-07-18 amt=200.00 sign=+1 curr=EUR label=Deposit (type/gateway/descr/drcr/sign) status='dep_settled'
[2025-09-24 17:18:58] 🔎 row 300: ✅ accept → dt=1900-07-18 amt=200.00 sign=+1 curr=EUR label=Deposit (type/gateway/descr/drcr/sign) status='dep_settled'
[2025-09-24 17:18:58] 🔎 row 301: ✅ accept → dt=1900-04-09 amt=100.00 sign=+1 curr=EUR label=Deposit (type/gateway/descr/drcr/sign) status='dep_settled'
[2025-09-24 17:18:58] 🔎 row 302: ✅ accept → dt=1900-04-09 amt=100.00 sign=+1 curr=EUR label=Deposit (type/gateway/descr/drcr/sign) status='dep_settled'
[2025-09-24 17:18:58] 🔎 row 303: ✅ accept → dt=1900-07-18 amt=200.00 sign=+1 curr=EUR label=Deposit (type/gateway/descr/drcr/sign) status='dep_settled'
[2025-09-24 17:18:58] 🔎 row 304: ✅ accept → dt=1900-07-18 amt=200.00 sign=+1 curr=EUR label=Deposit (type/gateway/descr/drcr/sign) status='dep_settled'
[2025-09-24 17:18:58] 🔎 row 305: ✅ accept → dt=1900-04-09 amt=100.00 sign=+1 curr=EUR label=Deposit (type/gateway/descr/drcr/sign) status='dep_settled'
[2025-09-24 17:18:58] 🔎 row 306: ✅ accept → dt=1900-07-18 amt=200.00 sign=+1 curr=EUR label=Deposit (type/gateway/descr/drcr/sign) status='dep_settled'
[2025-09-24 17:18:58] 🔎 row 307: ✅ accept → dt=1900-07-18 amt=200.00 sign=+1 curr=EUR label=Deposit (type/gateway/descr/drcr/sign) status='dep_settled'
[2025-09-24 17:18:58] 🔎 row 308: ✅ accept → dt=1900-07-18 amt=200.00 sign=+1 curr=EUR label=Deposit (type/gateway/descr/drcr/sign) status='dep_settled'
[2025-09-24 17:18:58] 🔎 row 309: ✅ accept → dt=1900-07-18 amt=200.00 sign=+1 curr=EUR label=Deposit (type/gateway/descr/drcr/sign) status='dep_settled'
[2025-09-24 17:18:58] 🔎 row 310: ✅ accept → dt=1900-02-18 amt=50.00 sign=+1 curr=EUR label=Deposit (type/gateway/descr/drcr/sign) status='dep_settled'
[2025-09-24 17:18:58] 🔎 row 311: ✅ accept → dt=1900-04-09 amt=100.00 sign=+1 curr=EUR label=Deposit (type/gateway/descr/drcr/sign) status='dep_settled'
[2025-09-24 17:18:58] 🔎 row 312: ✅ accept → dt=1900-04-09 amt=100.00 sign=+1 curr=EUR label=Deposit (type/gateway/descr/drcr/sign) status='dep_settled'
[2025-09-24 17:18:58] 🔎 row 313: ✅ accept → dt=1900-05-29 amt=150.00 sign=+1 curr=EUR label=Deposit (type/gateway/descr/drcr/sign) status='dep_settled'
[2025-09-24 17:18:58] 🔎 row 314: ✅ accept → dt=1900-04-09 amt=100.00 sign=+1 curr=EUR label=Deposit (type/gateway/descr/drcr/sign) status='dep_settled'
[2025-09-24 17:18:58] 🔎 row 315: ✅ accept → dt=1900-04-09 amt=100.00 sign=+1 curr=EUR label=Deposit (type/gateway/descr/drcr/sign) status='dep_settled'
[2025-09-24 17:18:58] 🔎 row 316: ✅ accept → dt=1900-05-29 amt=150.00 sign=+1 curr=EUR label=Deposit (type/gateway/descr/drcr/sign) status='dep_settled'
[2025-09-24 17:18:58] 🔎 row 317: ✅ accept → dt=1900-05-29 amt=150.00 sign=+1 curr=EUR label=Deposit (type/gateway/descr/drcr/sign) status='dep_settled'
[2025-09-24 17:18:58] 🔎 row 318: ✅ accept → dt=1900-05-29 amt=150.00 sign=+1 curr=EUR label=Deposit (type/gateway/descr/drcr/sign) status='dep_settled'
[2025-09-24 17:18:58] 🔎 row 319: ✅ accept → dt=1900-04-09 amt=100.00 sign=+1 curr=EUR label=Deposit (type/gateway/descr/drcr/sign) status='dep_settled'
[2025-09-24 17:18:58] 🔎 row 320: ✅ accept → dt=1900-04-09 amt=100.00 sign=+1 curr=EUR label=Deposit (type/gateway/descr/drcr/sign) status='dep_settled'
[2025-09-24 17:18:58] 🔎 row 321: ✅ accept → dt=1900-02-18 amt=50.00 sign=+1 curr=EUR label=Deposit (type/gateway/descr/drcr/sign) status='dep_settled'
[2025-09-24 17:18:58] 🔎 row 322: ✅ accept → dt=1900-01-29 amt=30.00 sign=+1 curr=EUR label=Deposit (type/gateway/descr/drcr/sign) status='dep_settled'
[2025-09-24 17:18:58] 🔎 row 323: ✅ accept → dt=1900-05-09 amt=130.00 sign=+1 curr=EUR label=Deposit (type/gateway/descr/drcr/sign) status='dep_settled'
[2025-09-24 17:18:58] 🔎 row 324: ✅ accept → dt=1900-08-17 amt=230.00 sign=+1 curr=EUR label=Deposit (type/gateway/descr/drcr/sign) status='dep_settled'
[2025-09-24 17:18:58] 🔎 row 325: ✅ accept → dt=1900-02-18 amt=50.00 sign=+1 curr=EUR label=Deposit (type/gateway/descr/drcr/sign) status='dep_settled'
[2025-09-24 17:18:58] 🔎 row 326: ✅ accept → dt=1900-02-18 amt=50.00 sign=+1 curr=EUR label=Deposit (type/gateway/descr/drcr/sign) status='dep_settled'
[2025-09-24 17:18:58] 🔎 row 327: ✅ accept → dt=1900-01-29 amt=30.00 sign=+1 curr=EUR label=Deposit (type/gateway/descr/drcr/sign) status='dep_settled'
[2025-09-24 17:18:58] 🔎 row 328: ✅ accept → dt=1900-02-18 amt=50.00 sign=+1 curr=EUR label=Deposit (type/gateway/descr/drcr/sign) status='dep_settled'
[2025-09-24 17:18:58] 🔎 row 329: ✅ accept → dt=1900-02-18 amt=50.00 sign=+1 curr=EUR label=Deposit (type/gateway/descr/drcr/sign) status='dep_settled'
[2025-09-24 17:18:58] 🔎 row 330: ✅ accept → dt=1900-02-18 amt=50.00 sign=+1 curr=EUR label=Deposit (type/gateway/descr/drcr/sign) status='dep_settled'
[2025-09-24 17:18:58] 🔎 row 331: ✅ accept → dt=1900-02-18 amt=50.00 sign=+1 curr=EUR label=Deposit (type/gateway/descr/drcr/sign) status='dep_settled'
[2025-09-24 17:18:58] 🔎 row 332: ✅ accept → dt=1900-02-18 amt=50.00 sign=+1 curr=EUR label=Deposit (type/gateway/descr/drcr/sign) status='dep_settled'
[2025-09-24 17:18:58] 🔎 row 333: ✅ accept → dt=1900-02-18 amt=50.00 sign=+1 curr=EUR label=Deposit (type/gateway/descr/drcr/sign) status='dep_settled'
[2025-09-24 17:18:58] 🔎 row 334: ✅ accept → dt=1900-09-06 amt=250.00 sign=+1 curr=EUR label=Deposit (type/gateway/descr/drcr/sign) status='dep_settled'
[2025-09-24 17:18:58] 🔎 row 335: ✅ accept → dt=1900-09-06 amt=250.00 sign=+1 curr=EUR label=Deposit (type/gateway/descr/drcr/sign) status='dep_settled'
[2025-09-24 17:18:58] 🔎 row 336: ✅ accept → dt=1900-09-06 amt=250.00 sign=+1 curr=EUR label=Deposit (type/gateway/descr/drcr/sign) status='dep_settled'
[2025-09-24 17:18:58] 🔎 row 337: ✅ accept → dt=1900-09-06 amt=250.00 sign=+1 curr=EUR label=Deposit (type/gateway/descr/drcr/sign) status='dep_settled'
[2025-09-24 17:18:58] 🔎 row 338: ✅ accept → dt=1900-05-29 amt=150.00 sign=+1 curr=EUR label=Deposit (type/gateway/descr/drcr/sign) status='dep_settled'
[2025-09-24 17:18:58] 🔎 row 339: ✅ accept → dt=1900-04-09 amt=100.00 sign=+1 curr=EUR label=Deposit (type/gateway/descr/drcr/sign) status='dep_settled'
[2025-09-24 17:18:58] 🔎 row 340: ✅ accept → dt=1900-04-09 amt=100.00 sign=+1 curr=EUR label=Deposit (type/gateway/descr/drcr/sign) status='dep_settled'
[2025-09-24 17:18:58] 🔎 row 341: ✅ accept → dt=1900-04-09 amt=100.00 sign=+1 curr=EUR label=Deposit (type/gateway/descr/drcr/sign) status='dep_settled'
[2025-09-24 17:18:58] 🔎 row 342: ✅ accept → dt=1900-04-09 amt=100.00 sign=+1 curr=EUR label=Deposit (type/gateway/descr/drcr/sign) status='dep_settled'
[2025-09-24 17:18:58] 🔎 row 343: ✅ accept → dt=1900-04-09 amt=100.00 sign=+1 curr=EUR label=Deposit (type/gateway/descr/drcr/sign) status='dep_settled'
[2025-09-24 17:18:58] 🔎 row 344: ✅ accept → dt=1900-04-09 amt=100.00 sign=+1 curr=EUR label=Deposit (type/gateway/descr/drcr/sign) status='dep_settled'
[2025-09-24 17:18:58] 🔎 row 345: ✅ accept → dt=1900-04-09 amt=100.00 sign=+1 curr=EUR label=Deposit (type/gateway/descr/drcr/sign) status='dep_settled'
[2025-09-24 17:18:58] 🔎 row 346: ✅ accept → dt=1900-04-09 amt=100.00 sign=+1 curr=EUR label=Deposit (type/gateway/descr/drcr/sign) status='dep_settled'
[2025-09-24 17:18:58] 🔎 row 347: ✅ accept → dt=1901-02-03 amt=400.00 sign=+1 curr=EUR label=Deposit (type/gateway/descr/drcr/sign) status='dep_settled'
[2025-09-24 17:18:58] 🔎 row 348: ✅ accept → dt=1901-05-14 amt=500.00 sign=+1 curr=EUR label=Deposit (type/gateway/descr/drcr/sign) status='dep_settled'
[2025-09-24 17:18:58] 🔎 row 349: ✅ accept → dt=1901-02-03 amt=400.00 sign=+1 curr=EUR label=Deposit (type/gateway/descr/drcr/sign) status='dep_settled'
[2025-09-24 17:18:58] 🔎 row 350: ✅ accept → dt=1900-09-06 amt=250.00 sign=+1 curr=EUR label=Deposit (type/gateway/descr/drcr/sign) status='dep_settled'
[2025-09-24 17:18:58] 🔎 row 351: ✅ accept → dt=1900-09-06 amt=250.00 sign=+1 curr=EUR label=Deposit (type/gateway/descr/drcr/sign) status='dep_settled'
[2025-09-24 17:18:58] 🔎 row 352: ✅ accept → dt=1900-04-09 amt=100.00 sign=+1 curr=EUR label=Deposit (type/gateway/descr/drcr/sign) status='dep_settled'
[2025-09-24 17:18:58] 🔎 row 353: ✅ accept → dt=1900-04-09 amt=100.00 sign=+1 curr=EUR label=Deposit (type/gateway/descr/drcr/sign) status='dep_settled'
[2025-09-24 17:18:58] 🔎 row 354: ✅ accept → dt=1901-05-14 amt=500.00 sign=+1 curr=EUR label=Deposit (type/gateway/descr/drcr/sign) status='dep_settled'
[2025-09-24 17:18:58] 🔎 row 355: ✅ accept → dt=1901-05-14 amt=500.00 sign=+1 curr=EUR label=Deposit (type/gateway/descr/drcr/sign) status='dep_settled'
[2025-09-24 17:18:58] 🔎 row 356: ✅ accept → dt=1901-05-14 amt=500.00 sign=+1 curr=EUR label=Deposit (type/gateway/descr/drcr/sign) status='dep_settled'
[2025-09-24 17:18:58] 🔎 row 357: ✅ accept → dt=1901-05-14 amt=500.00 sign=+1 curr=EUR label=Deposit (type/gateway/descr/drcr/sign) status='dep_settled'
[2025-09-24 17:18:58] 🔎 row 358: ✅ accept → dt=1901-05-14 amt=500.00 sign=+1 curr=EUR label=Deposit (type/gateway/descr/drcr/sign) status='dep_settled'
[2025-09-24 17:18:58] 🔎 row 359: ✅ accept → dt=1900-12-15 amt=350.00 sign=+1 curr=EUR label=Deposit (type/gateway/descr/drcr/sign) status='dep_settled'
[2025-09-24 17:18:58] 🔎 row 360: ✅ accept → dt=1900-09-06 amt=250.00 sign=+1 curr=EUR label=Deposit (type/gateway/descr/drcr/sign) status='dep_settled'
[2025-09-24 17:18:58] 🔎 row 361: ✅ accept → dt=1900-04-09 amt=100.00 sign=+1 curr=EUR label=Deposit (type/gateway/descr/drcr/sign) status='dep_settled'
[2025-09-24 17:18:58] 🔎 row 362: ✅ accept → dt=1900-04-09 amt=100.00 sign=+1 curr=EUR label=Deposit (type/gateway/descr/drcr/sign) status='dep_settled'
[2025-09-24 17:18:58] 🔎 row 363: ✅ accept → dt=1900-04-09 amt=100.00 sign=+1 curr=EUR label=Deposit (type/gateway/descr/drcr/sign) status='dep_settled'
[2025-09-24 17:18:58] 🔎 row 364: ✅ accept → dt=1900-04-09 amt=100.00 sign=+1 curr=EUR label=Deposit (type/gateway/descr/drcr/sign) status='dep_settled'
[2025-09-24 17:18:58] 🔎 row 365: ✅ accept → dt=1900-04-09 amt=100.00 sign=+1 curr=EUR label=Deposit (type/gateway/descr/drcr/sign) status='dep_settled'
[2025-09-24 17:18:58] 🔎 row 366: ✅ accept → dt=1900-04-09 amt=100.00 sign=+1 curr=EUR label=Deposit (type/gateway/descr/drcr/sign) status='dep_settled'
[2025-09-24 17:18:58] 🔎 row 367: ✅ accept → dt=1900-04-09 amt=100.00 sign=+1 curr=EUR label=Deposit (type/gateway/descr/drcr/sign) status='dep_settled'
[2025-09-24 17:18:58] 🔎 row 368: ✅ accept → dt=1900-04-09 amt=100.00 sign=+1 curr=EUR label=Deposit (type/gateway/descr/drcr/sign) status='dep_settled'
[2025-09-24 17:18:58] 🔎 row 369: ✅ accept → dt=1900-04-09 amt=100.00 sign=+1 curr=EUR label=Deposit (type/gateway/descr/drcr/sign) status='dep_settled'
[2025-09-24 17:18:58] 🔎 row 370: ✅ accept → dt=1900-04-09 amt=100.00 sign=+1 curr=EUR label=Deposit (type/gateway/descr/drcr/sign) status='dep_settled'
[2025-09-24 17:18:58] 🔎 row 371: ✅ accept → dt=1900-04-09 amt=100.00 sign=+1 curr=EUR label=Deposit (type/gateway/descr/drcr/sign) status='dep_settled'
[2025-09-24 17:18:58] 🔎 row 372: ✅ accept → dt=1900-07-18 amt=200.00 sign=+1 curr=EUR label=Deposit (type/gateway/descr/drcr/sign) status='dep_settled'
[2025-09-24 17:18:58] 🔎 row 373: ✅ accept → dt=1900-10-26 amt=300.00 sign=+1 curr=EUR label=Deposit (type/gateway/descr/drcr/sign) status='dep_settled'
[2025-09-24 17:18:58] 🔎 row 374: ✅ accept → dt=1900-10-26 amt=300.00 sign=+1 curr=EUR label=Deposit (type/gateway/descr/drcr/sign) status='dep_settled'
[2025-09-24 17:18:58] 🔎 row 375: ✅ accept → dt=1900-09-06 amt=250.00 sign=+1 curr=EUR label=Deposit (type/gateway/descr/drcr/sign) status='dep_settled'
[2025-09-24 17:18:58] 🔎 row 376: ✅ accept → dt=1900-09-06 amt=250.00 sign=+1 curr=EUR label=Deposit (type/gateway/descr/drcr/sign) status='dep_settled'
[2025-09-24 17:18:58] 🔎 row 377: ✅ accept → dt=1900-07-18 amt=200.00 sign=+1 curr=EUR label=Deposit (type/gateway/descr/drcr/sign) status='dep_settled'
[2025-09-24 17:18:58] 🔎 row 378: ✅ accept → dt=1900-07-18 amt=200.00 sign=+1 curr=EUR label=Deposit (type/gateway/descr/drcr/sign) status='dep_settled'
[2025-09-24 17:18:58] 🔎 row 379: ✅ accept → dt=1900-07-18 amt=200.00 sign=+1 curr=EUR label=Deposit (type/gateway/descr/drcr/sign) status='dep_settled'
[2025-09-24 17:18:58] 🔎 row 380: ✅ accept → dt=1900-07-18 amt=200.00 sign=+1 curr=EUR label=Deposit (type/gateway/descr/drcr/sign) status='dep_settled'
[2025-09-24 17:18:58] 🔎 row 381: ✅ accept → dt=1900-07-18 amt=200.00 sign=+1 curr=EUR label=Deposit (type/gateway/descr/drcr/sign) status='dep_settled'
[2025-09-24 17:18:58] 🔎 row 382: ✅ accept → dt=1900-07-18 amt=200.00 sign=+1 curr=EUR label=Deposit (type/gateway/descr/drcr/sign) status='dep_settled'
[2025-09-24 17:18:58] 🔎 row 383: ✅ accept → dt=1900-07-18 amt=200.00 sign=+1 curr=EUR label=Deposit (type/gateway/descr/drcr/sign) status='dep_settled'
[2025-09-24 17:18:58] 🔎 row 384: ✅ accept → dt=1900-04-09 amt=100.00 sign=+1 curr=EUR label=Deposit (type/gateway/descr/drcr/sign) status='dep_settled'
[2025-09-24 17:18:58] 🔎 row 385: ✅ accept → dt=1900-07-18 amt=200.00 sign=+1 curr=EUR label=Deposit (type/gateway/descr/drcr/sign) status='dep_settled'
[2025-09-24 17:18:58] 🔎 row 386: ✅ accept → dt=1900-07-18 amt=200.00 sign=+1 curr=EUR label=Deposit (type/gateway/descr/drcr/sign) status='dep_settled'
[2025-09-24 17:18:58] 🔎 row 387: ✅ accept → dt=1900-04-09 amt=100.00 sign=+1 curr=EUR label=Deposit (type/gateway/descr/drcr/sign) status='dep_settled'
[2025-09-24 17:18:58] 🔎 row 388: ✅ accept → dt=1900-02-18 amt=50.00 sign=+1 curr=EUR label=Deposit (type/gateway/descr/drcr/sign) status='dep_settled'
[2025-09-24 17:18:58] 🔎 row 389: ✅ accept → dt=1900-07-18 amt=200.00 sign=+1 curr=EUR label=Deposit (type/gateway/descr/drcr/sign) status='dep_settled'
[2025-09-24 17:18:58] 🔎 row 390: ✅ accept → dt=1900-09-06 amt=250.00 sign=+1 curr=EUR label=Deposit (type/gateway/descr/drcr/sign) status='dep_settled'
[2025-09-24 17:18:58] 🔎 row 391: ✅ accept → dt=1900-09-06 amt=250.00 sign=+1 curr=EUR label=Deposit (type/gateway/descr/drcr/sign) status='dep_settled'
[2025-09-24 17:18:58] 🔎 row 392: ✅ accept → dt=1900-05-29 amt=150.00 sign=+1 curr=EUR label=Deposit (type/gateway/descr/drcr/sign) status='dep_settled'
[2025-09-24 17:18:58] 🔎 row 393: ✅ accept → dt=1900-05-29 amt=150.00 sign=+1 curr=EUR label=Deposit (type/gateway/descr/drcr/sign) status='dep_settled'
[2025-09-24 17:18:58] 🔎 row 394: ✅ accept → dt=1900-09-06 amt=250.00 sign=+1 curr=EUR label=Deposit (type/gateway/descr/drcr/sign) status='dep_settled'
[2025-09-24 17:18:58] 🔎 row 395: ✅ accept → dt=1900-07-18 amt=200.00 sign=+1 curr=EUR label=Deposit (type/gateway/descr/drcr/sign) status='dep_settled'
[2025-09-24 17:18:58] 🔎 row 396: ✅ accept → dt=1900-05-29 amt=150.00 sign=+1 curr=EUR label=Deposit (type/gateway/descr/drcr/sign) status='dep_settled'
[2025-09-24 17:18:58] 🔎 row 397: ✅ accept → dt=1900-07-18 amt=200.00 sign=+1 curr=EUR label=Deposit (type/gateway/descr/drcr/sign) status='dep_settled'
[2025-09-24 17:18:58] 🔎 row 398: ✅ accept → dt=1900-07-18 amt=200.00 sign=+1 curr=EUR label=Deposit (type/gateway/descr/drcr/sign) status='dep_settled'
[2025-09-24 17:18:58] 🔎 row 399: ✅ accept → dt=1900-07-18 amt=200.00 sign=+1 curr=EUR label=Deposit (type/gateway/descr/drcr/sign) status='dep_settled'
[2025-09-24 17:18:58] 🔎 row 400: ✅ accept → dt=1900-07-18 amt=200.00 sign=+1 curr=EUR label=Deposit (type/gateway/descr/drcr/sign) status='dep_settled'
[2025-09-24 17:18:58] 🔎 row 401: ✅ accept → dt=1900-07-18 amt=200.00 sign=+1 curr=EUR label=Deposit (type/gateway/descr/drcr/sign) status='dep_settled'
[2025-09-24 17:18:58] 🔎 row 402: ✅ accept → dt=1900-07-18 amt=200.00 sign=+1 curr=EUR label=Deposit (type/gateway/descr/drcr/sign) status='dep_settled'
[2025-09-24 17:18:58] 🔎 row 403: ✅ accept → dt=1900-10-26 amt=300.00 sign=+1 curr=EUR label=Deposit (type/gateway/descr/drcr/sign) status='dep_settled'
[2025-09-24 17:18:58] 🔎 row 404: ✅ accept → dt=1900-07-18 amt=200.00 sign=+1 curr=EUR label=Deposit (type/gateway/descr/drcr/sign) status='dep_settled'
[2025-09-24 17:18:58] 🔎 row 405: ✅ accept → dt=1900-07-18 amt=200.00 sign=+1 curr=EUR label=Deposit (type/gateway/descr/drcr/sign) status='dep_settled'
[2025-09-24 17:18:58] 🔎 row 406: ✅ accept → dt=1900-05-29 amt=150.00 sign=+1 curr=EUR label=Deposit (type/gateway/descr/drcr/sign) status='dep_settled'
[2025-09-24 17:18:58] 🔎 row 407: ✅ accept → dt=1900-05-29 amt=150.00 sign=+1 curr=EUR label=Deposit (type/gateway/descr/drcr/sign) status='dep_settled'
[2025-09-24 17:18:58] 🔎 row 408: ✅ accept → dt=1900-05-29 amt=150.00 sign=+1 curr=EUR label=Deposit (type/gateway/descr/drcr/sign) status='dep_settled'
[2025-09-24 17:18:58] 🔎 row 409: ✅ accept → dt=1900-05-29 amt=150.00 sign=+1 curr=EUR label=Deposit (type/gateway/descr/drcr/sign) status='dep_settled'
[2025-09-24 17:18:58] 🔎 row 410: ✅ accept → dt=1900-07-18 amt=200.00 sign=+1 curr=EUR label=Deposit (type/gateway/descr/drcr/sign) status='dep_settled'
[2025-09-24 17:18:58] 🔎 row 411: ✅ accept → dt=1900-04-09 amt=100.00 sign=+1 curr=EUR label=Deposit (type/gateway/descr/drcr/sign) status='dep_settled'
[2025-09-24 17:18:58] 🔎 row 412: ✅ accept → dt=1900-07-18 amt=200.00 sign=+1 curr=EUR label=Deposit (type/gateway/descr/drcr/sign) status='dep_settled'
[2025-09-24 17:18:58] 🔎 row 413: ✅ accept → dt=1901-02-03 amt=400.00 sign=+1 curr=EUR label=Deposit (type/gateway/descr/drcr/sign) status='dep_settled'
[2025-09-24 17:18:58] 🔎 row 414: ✅ accept → dt=1901-02-03 amt=400.00 sign=+1 curr=EUR label=Deposit (type/gateway/descr/drcr/sign) status='dep_settled'
[2025-09-24 17:18:58] 🔎 row 415: ✅ accept → dt=1901-02-03 amt=400.00 sign=+1 curr=EUR label=Deposit (type/gateway/descr/drcr/sign) status='dep_settled'
[2025-09-24 17:18:58] 🔎 row 416: ✅ accept → dt=1900-07-18 amt=200.00 sign=+1 curr=EUR label=Deposit (type/gateway/descr/drcr/sign) status='dep_settled'
[2025-09-24 17:18:58] 🔎 row 417: ✅ accept → dt=1900-07-18 amt=200.00 sign=+1 curr=EUR label=Deposit (type/gateway/descr/drcr/sign) status='dep_settled'
[2025-09-24 17:18:58] 🔎 row 418: ✅ accept → dt=1900-07-18 amt=200.00 sign=+1 curr=EUR label=Deposit (type/gateway/descr/drcr/sign) status='dep_settled'
[2025-09-24 17:18:58] 🔎 row 419: ✅ accept → dt=1900-04-09 amt=100.00 sign=+1 curr=EUR label=Deposit (type/gateway/descr/drcr/sign) status='dep_settled'
[2025-09-24 17:18:58] 🔎 row 420: ✅ accept → dt=1900-04-09 amt=100.00 sign=+1 curr=EUR label=Deposit (type/gateway/descr/drcr/sign) status='dep_settled'
[2025-09-24 17:18:58] 🔎 row 421: ✅ accept → dt=1900-07-18 amt=200.00 sign=+1 curr=EUR label=Deposit (type/gateway/descr/drcr/sign) status='dep_settled'
[2025-09-24 17:18:58] 🔎 row 422: ✅ accept → dt=1900-02-08 amt=40.00 sign=+1 curr=EUR label=Deposit (type/gateway/descr/drcr/sign) status='dep_settled'
[2025-09-24 17:18:58] 🔎 row 423: ✅ accept → dt=1900-05-29 amt=150.00 sign=+1 curr=EUR label=Deposit (type/gateway/descr/drcr/sign) status='dep_settled'
[2025-09-24 17:18:58] 🔎 row 424: ✅ accept → dt=1900-07-18 amt=200.00 sign=+1 curr=EUR label=Deposit (type/gateway/descr/drcr/sign) status='dep_settled'
[2025-09-24 17:18:58] 🔎 row 425: ✅ accept → dt=1900-01-19 amt=20.00 sign=+1 curr=EUR label=Deposit (type/gateway/descr/drcr/sign) status='dep_settled'
[2025-09-24 17:18:58] 🔎 row 426: ✅ accept → dt=1900-07-18 amt=200.00 sign=+1 curr=EUR label=Deposit (type/gateway/descr/drcr/sign) status='dep_settled'
[2025-09-24 17:18:58] 🔎 row 427: ✅ accept → dt=1901-05-14 amt=500.00 sign=+1 curr=EUR label=Deposit (type/gateway/descr/drcr/sign) status='dep_settled'
[2025-09-24 17:18:58] 🔎 row 428: ✅ accept → dt=1900-09-06 amt=250.00 sign=+1 curr=EUR label=Deposit (type/gateway/descr/drcr/sign) status='dep_settled'
[2025-09-24 17:18:58] 🔎 row 429: ✅ accept → dt=1900-09-06 amt=250.00 sign=+1 curr=EUR label=Deposit (type/gateway/descr/drcr/sign) status='dep_settled'
[2025-09-24 17:18:58] 🔎 row 430: ✅ accept → dt=1900-09-06 amt=250.00 sign=+1 curr=EUR label=Deposit (type/gateway/descr/drcr/sign) status='dep_settled'
[2025-09-24 17:18:58] 🔎 row 431: ✅ accept → dt=1900-09-06 amt=250.00 sign=+1 curr=EUR label=Deposit (type/gateway/descr/drcr/sign) status='dep_settled'
[2025-09-24 17:18:58] 🔎 row 432: ✅ accept → dt=1900-09-06 amt=250.00 sign=+1 curr=EUR label=Deposit (type/gateway/descr/drcr/sign) status='dep_settled'
[2025-09-24 17:18:58] 🔎 row 433: ✅ accept → dt=1900-09-06 amt=250.00 sign=+1 curr=EUR label=Deposit (type/gateway/descr/drcr/sign) status='dep_settled'
[2025-09-24 17:18:58] 🔎 row 434: ✅ accept → dt=1901-05-14 amt=500.00 sign=+1 curr=EUR label=Deposit (type/gateway/descr/drcr/sign) status='dep_settled'
[2025-09-24 17:18:58] 🔎 row 435: ✅ accept → dt=1901-05-14 amt=500.00 sign=+1 curr=EUR label=Deposit (type/gateway/descr/drcr/sign) status='dep_settled'
[2025-09-24 17:18:58] 🔎 row 436: ✅ accept → dt=1901-05-14 amt=500.00 sign=+1 curr=EUR label=Deposit (type/gateway/descr/drcr/sign) status='dep_settled'
[2025-09-24 17:18:58] 🔎 row 437: ✅ accept → dt=1900-12-15 amt=350.00 sign=+1 curr=EUR label=Deposit (type/gateway/descr/drcr/sign) status='dep_settled'
[2025-09-24 17:18:58] 🔎 row 438: ✅ accept → dt=1900-12-15 amt=350.00 sign=+1 curr=EUR label=Deposit (type/gateway/descr/drcr/sign) status='dep_settled'
[2025-09-24 17:18:58] 🔎 row 439: ✅ accept → dt=1900-05-29 amt=150.00 sign=+1 curr=EUR label=Deposit (type/gateway/descr/drcr/sign) status='dep_settled'
[2025-09-24 17:18:58] 🔎 row 440: ✅ accept → dt=1901-05-14 amt=500.00 sign=+1 curr=EUR label=Deposit (type/gateway/descr/drcr/sign) status='dep_settled'
[2025-09-24 17:18:58] 🔎 row 441: ✅ accept → dt=1901-05-14 amt=500.00 sign=+1 curr=EUR label=Deposit (type/gateway/descr/drcr/sign) status='dep_settled'
[2025-09-24 17:18:58] 🔎 row 442: ✅ accept → dt=1901-05-14 amt=500.00 sign=+1 curr=EUR label=Deposit (type/gateway/descr/drcr/sign) status='dep_settled'
[2025-09-24 17:18:58] 🔎 row 443: ✅ accept → dt=1900-09-06 amt=250.00 sign=+1 curr=EUR label=Deposit (type/gateway/descr/drcr/sign) status='dep_settled'
[2025-09-24 17:18:58] 🔎 row 444: ✅ accept → dt=1900-09-06 amt=250.00 sign=+1 curr=EUR label=Deposit (type/gateway/descr/drcr/sign) status='dep_settled'
[2025-09-24 17:18:58] 🔎 row 445: ✅ accept → dt=1900-09-06 amt=250.00 sign=+1 curr=EUR label=Deposit (type/gateway/descr/drcr/sign) status='dep_settled'
[2025-09-24 17:18:58] 🔎 row 446: ✅ accept → dt=1900-09-06 amt=250.00 sign=+1 curr=EUR label=Deposit (type/gateway/descr/drcr/sign) status='dep_settled'
[2025-09-24 17:18:58] 🔎 row 447: ✅ accept → dt=1900-07-18 amt=200.00 sign=+1 curr=EUR label=Deposit (type/gateway/descr/drcr/sign) status='dep_settled'
[2025-09-24 17:18:58] 🔎 row 448: ✅ accept → dt=1900-07-18 amt=200.00 sign=+1 curr=EUR label=Deposit (type/gateway/descr/drcr/sign) status='dep_settled'
[2025-09-24 17:18:58] 🔎 row 449: ✅ accept → dt=1900-07-18 amt=200.00 sign=+1 curr=EUR label=Deposit (type/gateway/descr/drcr/sign) status='dep_settled'
[2025-09-24 17:18:58] 🔎 row 450: ✅ accept → dt=1900-07-18 amt=200.00 sign=+1 curr=EUR label=Deposit (type/gateway/descr/drcr/sign) status='dep_settled'
[2025-09-24 17:18:58] 🔎 row 451: ✅ accept → dt=1900-07-18 amt=200.00 sign=+1 curr=EUR label=Deposit (type/gateway/descr/drcr/sign) status='dep_settled'
[2025-09-24 17:18:58] 🔎 row 452: ✅ accept → dt=1900-07-18 amt=200.00 sign=+1 curr=EUR label=Deposit (type/gateway/descr/drcr/sign) status='dep_settled'
[2025-09-24 17:18:58] 🔎 row 453: ✅ accept → dt=1900-09-06 amt=250.00 sign=+1 curr=EUR label=Deposit (type/gateway/descr/drcr/sign) status='dep_settled'
[2025-09-24 17:18:58] 🔎 row 454: ✅ accept → dt=1900-04-09 amt=100.00 sign=+1 curr=EUR label=Deposit (type/gateway/descr/drcr/sign) status='dep_settled'
[2025-09-24 17:18:58] 🔎 row 455: ✅ accept → dt=1900-09-06 amt=250.00 sign=+1 curr=EUR label=Deposit (type/gateway/descr/drcr/sign) status='dep_settled'
[2025-09-24 17:18:58] 🔎 row 456: ✅ accept → dt=1900-09-06 amt=250.00 sign=+1 curr=EUR label=Deposit (type/gateway/descr/drcr/sign) status='dep_settled'
[2025-09-24 17:18:58] 🔎 row 457: ✅ accept → dt=1900-01-29 amt=30.00 sign=+1 curr=EUR label=Deposit (type/gateway/descr/drcr/sign) status='dep_settled'
[2025-09-24 17:18:58] 🔎 row 458: ✅ accept → dt=1901-05-14 amt=500.00 sign=+1 curr=EUR label=Deposit (type/gateway/descr/drcr/sign) status='dep_settled'
[2025-09-24 17:18:58] 🔎 row 459: ✅ accept → dt=1900-01-04 amt=5.00 sign=+1 curr=EUR label=Deposit (type/gateway/descr/drcr/sign) status='dep_settled'
[2025-09-24 17:18:58] 🔎 row 460: ✅ accept → dt=1902-09-26 amt=1000.00 sign=+1 curr=EUR label=Deposit (type/gateway/descr/drcr/sign) status='dep_settled'
[2025-09-24 17:18:58] 🔎 row 461: ✅ accept → dt=1900-01-04 amt=5.00 sign=+1 curr=EUR label=Deposit (type/gateway/descr/drcr/sign) status='dep_settled'
[2025-09-24 17:18:58] 🔎 row 462: ✅ accept → dt=1905-06-22 amt=2000.00 sign=+1 curr=EUR label=Deposit (type/gateway/descr/drcr/sign) status='dep_settled'
[2025-09-24 17:18:58] 🔎 row 463: ✅ accept → dt=1900-07-18 amt=200.00 sign=+1 curr=EUR label=Deposit (type/gateway/descr/drcr/sign) status='dep_settled'
[2025-09-24 17:18:58] 🔎 row 464: ✅ accept → dt=1900-07-18 amt=200.00 sign=+1 curr=EUR label=Deposit (type/gateway/descr/drcr/sign) status='dep_settled'
[2025-09-24 17:18:58] 🔎 row 465: ✅ accept → dt=1900-07-18 amt=200.00 sign=+1 curr=EUR label=Deposit (type/gateway/descr/drcr/sign) status='dep_settled'
[2025-09-24 17:18:58] 🔎 row 466: ✅ accept → dt=1900-07-18 amt=200.00 sign=+1 curr=EUR label=Deposit (type/gateway/descr/drcr/sign) status='dep_settled'
[2025-09-24 17:18:58] 🔎 row 467: ✅ accept → dt=1900-07-18 amt=200.00 sign=+1 curr=EUR label=Deposit (type/gateway/descr/drcr/sign) status='dep_settled'
[2025-09-24 17:18:58] 🔎 row 468: ✅ accept → dt=1900-07-18 amt=200.00 sign=+1 curr=EUR label=Deposit (type/gateway/descr/drcr/sign) status='dep_settled'
[2025-09-24 17:18:58] 🔎 row 469: ✅ accept → dt=1900-07-18 amt=200.00 sign=+1 curr=EUR label=Deposit (type/gateway/descr/drcr/sign) status='dep_settled'
[2025-09-24 17:18:58] 🔎 row 470: ✅ accept → dt=1900-07-18 amt=200.00 sign=+1 curr=EUR label=Deposit (type/gateway/descr/drcr/sign) status='dep_settled'
[2025-09-24 17:18:58] 🔎 row 471: ✅ accept → dt=1900-07-18 amt=200.00 sign=+1 curr=EUR label=Deposit (type/gateway/descr/drcr/sign) status='dep_settled'
[2025-09-24 17:18:58] 🔎 row 472: ✅ accept → dt=1900-04-09 amt=100.00 sign=+1 curr=EUR label=Deposit (type/gateway/descr/drcr/sign) status='dep_settled'
[2025-09-24 17:18:58] 🔎 row 473: ✅ accept → dt=1900-02-18 amt=50.00 sign=+1 curr=EUR label=Deposit (type/gateway/descr/drcr/sign) status='dep_settled'
[2025-09-24 17:18:58] 🔎 row 474: ✅ accept → dt=1900-04-09 amt=100.00 sign=+1 curr=EUR label=Deposit (type/gateway/descr/drcr/sign) status='dep_settled'
[2025-09-24 17:18:58] 🔎 row 475: ✅ accept → dt=1900-04-09 amt=100.00 sign=+1 curr=EUR label=Deposit (type/gateway/descr/drcr/sign) status='dep_settled'
[2025-09-24 17:18:58] 🔎 row 476: ✅ accept → dt=1900-04-09 amt=100.00 sign=+1 curr=EUR label=Deposit (type/gateway/descr/drcr/sign) status='dep_settled'
[2025-09-24 17:18:58] 🔎 row 477: ✅ accept → dt=1900-01-10 amt=11.00 sign=+1 curr=EUR label=Deposit (type/gateway/descr/drcr/sign) status='dep_settled'
[2025-09-24 17:18:58] 🔎 row 478: ✅ accept → dt=1900-04-09 amt=100.00 sign=+1 curr=EUR label=Deposit (type/gateway/descr/drcr/sign) status='dep_settled'
[2025-09-24 17:18:58] 🔎 row 479: ✅ accept → dt=1900-04-09 amt=100.00 sign=+1 curr=EUR label=Deposit (type/gateway/descr/drcr/sign) status='dep_settled'
[2025-09-24 17:18:58] 🔎 row 480: ✅ accept → dt=1900-04-09 amt=100.00 sign=+1 curr=EUR label=Deposit (type/gateway/descr/drcr/sign) status='dep_settled'
[2025-09-24 17:18:58] 🔎 row 481: ✅ accept → dt=1900-04-09 amt=100.00 sign=+1 curr=EUR label=Deposit (type/gateway/descr/drcr/sign) status='dep_settled'
[2025-09-24 17:18:58] 🔎 row 482: ✅ accept → dt=1900-04-09 amt=100.00 sign=+1 curr=EUR label=Deposit (type/gateway/descr/drcr/sign) status='dep_settled'
[2025-09-24 17:18:58] 🔎 row 483: ✅ accept → dt=1900-02-18 amt=50.00 sign=+1 curr=EUR label=Deposit (type/gateway/descr/drcr/sign) status='dep_settled'
[2025-09-24 17:18:58] 🔎 row 484: ✅ accept → dt=1900-01-04 amt=5.00 sign=+1 curr=EUR label=Deposit (type/gateway/descr/drcr/sign) status='dep_settled'
[2025-09-24 17:18:58] 🔎 row 485: ✅ accept → dt=1900-07-18 amt=200.00 sign=+1 curr=EUR label=Deposit (type/gateway/descr/drcr/sign) status='dep_settled'
[2025-09-24 17:18:58] 🔎 row 486: ✅ accept → dt=1900-07-18 amt=200.00 sign=+1 curr=EUR label=Deposit (type/gateway/descr/drcr/sign) status='dep_settled'
[2025-09-24 17:18:58] 🔎 row 487: ✅ accept → dt=1900-07-18 amt=200.00 sign=+1 curr=EUR label=Deposit (type/gateway/descr/drcr/sign) status='dep_settled'
[2025-09-24 17:18:58] 🔎 row 488: ✅ accept → dt=1900-07-18 amt=200.00 sign=+1 curr=EUR label=Deposit (type/gateway/descr/drcr/sign) status='dep_settled'
[2025-09-24 17:18:58] 🔎 row 489: ✅ accept → dt=1900-07-18 amt=200.00 sign=+1 curr=EUR label=Deposit (type/gateway/descr/drcr/sign) status='dep_settled'
[2025-09-24 17:18:59] 🔎 row 490: ✅ accept → dt=1900-07-18 amt=200.00 sign=+1 curr=EUR label=Deposit (type/gateway/descr/drcr/sign) status='dep_settled'
[2025-09-24 17:18:59] 🔎 row 491: ✅ accept → dt=1900-07-18 amt=200.00 sign=+1 curr=EUR label=Deposit (type/gateway/descr/drcr/sign) status='dep_settled'
[2025-09-24 17:18:59] 🔎 row 492: ✅ accept → dt=1900-07-18 amt=200.00 sign=+1 curr=EUR label=Deposit (type/gateway/descr/drcr/sign) status='dep_settled'
[2025-09-24 17:18:59] 🔎 row 493: ✅ accept → dt=1900-07-18 amt=200.00 sign=+1 curr=EUR label=Deposit (type/gateway/descr/drcr/sign) status='dep_settled'
[2025-09-24 17:18:59] 🔎 row 494: ✅ accept → dt=1900-04-09 amt=100.00 sign=+1 curr=EUR label=Deposit (type/gateway/descr/drcr/sign) status='dep_settled'
[2025-09-24 17:18:59] 🔎 row 495: ✅ accept → dt=1900-04-09 amt=100.00 sign=+1 curr=EUR label=Deposit (type/gateway/descr/drcr/sign) status='dep_settled'
[2025-09-24 17:18:59] 🔎 row 496: ✅ accept → dt=1900-04-09 amt=100.00 sign=+1 curr=EUR label=Deposit (type/gateway/descr/drcr/sign) status='dep_settled'
[2025-09-24 17:18:59] 🔎 row 497: ✅ accept → dt=1900-04-09 amt=100.00 sign=+1 curr=EUR label=Deposit (type/gateway/descr/drcr/sign) status='dep_settled'
[2025-09-24 17:18:59] 🔎 row 498: ✅ accept → dt=1900-04-09 amt=100.00 sign=+1 curr=EUR label=Deposit (type/gateway/descr/drcr/sign) status='dep_settled'
[2025-09-24 17:18:59] 🔎 row 499: ✅ accept → dt=1900-04-09 amt=100.00 sign=+1 curr=EUR label=Deposit (type/gateway/descr/drcr/sign) status='dep_settled'
[2025-09-24 17:18:59] 🔎 row 500: ✅ accept → dt=1900-07-18 amt=200.00 sign=+1 curr=EUR label=Deposit (type/gateway/descr/drcr/sign) status='dep_settled'
[2025-09-24 17:18:59] 🔎 row 501: ✅ accept → dt=1900-07-18 amt=200.00 sign=+1 curr=EUR label=Deposit (type/gateway/descr/drcr/sign) status='dep_settled'
[2025-09-24 17:18:59] 🔎 row 502: ✅ accept → dt=1900-07-18 amt=200.00 sign=+1 curr=EUR label=Deposit (type/gateway/descr/drcr/sign) status='dep_settled'
[2025-09-24 17:18:59] 🔎 row 503: ✅ accept → dt=1900-07-18 amt=200.00 sign=+1 curr=EUR label=Deposit (type/gateway/descr/drcr/sign) status='dep_settled'
[2025-09-24 17:18:59] 🔎 row 504: ✅ accept → dt=1900-04-09 amt=100.00 sign=+1 curr=EUR label=Deposit (type/gateway/descr/drcr/sign) status='dep_settled'
[2025-09-24 17:18:59] 🔎 row 505: ✅ accept → dt=1901-05-14 amt=500.00 sign=+1 curr=EUR label=Deposit (type/gateway/descr/drcr/sign) status='dep_settled'
[2025-09-24 17:18:59] 🔎 row 506: ✅ accept → dt=1900-10-26 amt=300.00 sign=+1 curr=EUR label=Deposit (type/gateway/descr/drcr/sign) status='dep_settled'
[2025-09-24 17:18:59] 🔎 row 507: ✅ accept → dt=1900-10-26 amt=300.00 sign=+1 curr=EUR label=Deposit (type/gateway/descr/drcr/sign) status='dep_settled'
[2025-09-24 17:18:59] 🔎 row 508: ✅ accept → dt=1900-10-26 amt=300.00 sign=+1 curr=EUR label=Deposit (type/gateway/descr/drcr/sign) status='dep_settled'
[2025-09-24 17:18:59] 🔎 row 509: ✅ accept → dt=1900-04-09 amt=100.00 sign=+1 curr=EUR label=Deposit (type/gateway/descr/drcr/sign) status='dep_settled'
[2025-09-24 17:18:59] 🔎 row 510: ✅ accept → dt=1900-04-09 amt=100.00 sign=+1 curr=EUR label=Deposit (type/gateway/descr/drcr/sign) status='dep_settled'
[2025-09-24 17:18:59] 🔎 row 511: ✅ accept → dt=1900-04-09 amt=100.00 sign=+1 curr=EUR label=Deposit (type/gateway/descr/drcr/sign) status='dep_settled'
[2025-09-24 17:18:59] 🔎 row 512: ✅ accept → dt=1901-05-14 amt=500.00 sign=+1 curr=EUR label=Deposit (type/gateway/descr/drcr/sign) status='dep_settled'
[2025-09-24 17:18:59] 🔎 row 513: ✅ accept → dt=1900-07-18 amt=200.00 sign=+1 curr=EUR label=Deposit (type/gateway/descr/drcr/sign) status='dep_settled'
[2025-09-24 17:18:59] 🔎 row 514: ✅ accept → dt=1900-04-09 amt=100.00 sign=+1 curr=EUR label=Deposit (type/gateway/descr/drcr/sign) status='dep_settled'
[2025-09-24 17:18:59] 🔎 row 515: ✅ accept → dt=1901-05-14 amt=500.00 sign=+1 curr=EUR label=Deposit (type/gateway/descr/drcr/sign) status='dep_settled'
[2025-09-24 17:18:59] 🔎 row 516: ✅ accept → dt=1901-05-14 amt=500.00 sign=+1 curr=EUR label=Deposit (type/gateway/descr/drcr/sign) status='dep_settled'
[2025-09-24 17:18:59] 🔎 row 517: ✅ accept → dt=1900-09-06 amt=250.00 sign=+1 curr=EUR label=Deposit (type/gateway/descr/drcr/sign) status='dep_settled'
[2025-09-24 17:18:59] 🔎 row 518: ✅ accept → dt=1900-09-06 amt=250.00 sign=+1 curr=EUR label=Deposit (type/gateway/descr/drcr/sign) status='dep_settled'
[2025-09-24 17:18:59] 🔎 row 519: ✅ accept → dt=1900-09-06 amt=250.00 sign=+1 curr=EUR label=Deposit (type/gateway/descr/drcr/sign) status='dep_settled'
[2025-09-24 17:18:59] 🔎 row 520: ✅ accept → dt=1900-09-06 amt=250.00 sign=+1 curr=EUR label=Deposit (type/gateway/descr/drcr/sign) status='dep_settled'
[2025-09-24 17:18:59] 🔎 row 521: ✅ accept → dt=1900-09-06 amt=250.00 sign=+1 curr=EUR label=Deposit (type/gateway/descr/drcr/sign) status='dep_settled'
[2025-09-24 17:18:59] 🔎 row 522: ✅ accept → dt=1900-09-06 amt=250.00 sign=+1 curr=EUR label=Deposit (type/gateway/descr/drcr/sign) status='dep_settled'
[2025-09-24 17:18:59] 🔎 row 523: ✅ accept → dt=1900-09-06 amt=250.00 sign=+1 curr=EUR label=Deposit (type/gateway/descr/drcr/sign) status='dep_settled'
[2025-09-24 17:18:59] 🔎 row 524: ✅ accept → dt=1900-09-06 amt=250.00 sign=+1 curr=EUR label=Deposit (type/gateway/descr/drcr/sign) status='dep_settled'
[2025-09-24 17:18:59] 🔎 row 525: ✅ accept → dt=1900-09-06 amt=250.00 sign=+1 curr=EUR label=Deposit (type/gateway/descr/drcr/sign) status='dep_settled'
[2025-09-24 17:18:59] 🔎 row 526: ✅ accept → dt=1900-09-06 amt=250.00 sign=+1 curr=EUR label=Deposit (type/gateway/descr/drcr/sign) status='dep_settled'
[2025-09-24 17:18:59] 🔎 row 527: ✅ accept → dt=1900-04-09 amt=100.00 sign=+1 curr=EUR label=Deposit (type/gateway/descr/drcr/sign) status='dep_settled'
[2025-09-24 17:18:59] 🔎 row 528: ✅ accept → dt=1900-04-09 amt=100.00 sign=+1 curr=EUR label=Deposit (type/gateway/descr/drcr/sign) status='dep_settled'
[2025-09-24 17:18:59] 🔎 row 529: ✅ accept → dt=1900-04-09 amt=100.00 sign=+1 curr=EUR label=Deposit (type/gateway/descr/drcr/sign) status='dep_settled'
[2025-09-24 17:18:59] 🔎 row 530: ✅ accept → dt=1900-04-09 amt=100.00 sign=+1 curr=EUR label=Deposit (type/gateway/descr/drcr/sign) status='dep_settled'
[2025-09-24 17:18:59] 🔎 row 531: ✅ accept → dt=1900-04-09 amt=100.00 sign=+1 curr=EUR label=Deposit (type/gateway/descr/drcr/sign) status='dep_settled'
[2025-09-24 17:18:59] 🔎 row 532: ✅ accept → dt=1900-03-15 amt=75.00 sign=+1 curr=EUR label=Deposit (type/gateway/descr/drcr/sign) status='dep_settled'
[2025-09-24 17:18:59] 🔎 row 533: ✅ accept → dt=1900-03-15 amt=75.00 sign=+1 curr=EUR label=Deposit (type/gateway/descr/drcr/sign) status='dep_settled'
[2025-09-24 17:18:59] 🔎 row 534: ✅ accept → dt=1900-06-23 amt=175.00 sign=+1 curr=EUR label=Deposit (type/gateway/descr/drcr/sign) status='dep_settled'
[2025-09-24 17:18:59] 🔎 row 535: ✅ accept → dt=1900-06-23 amt=175.00 sign=+1 curr=EUR label=Deposit (type/gateway/descr/drcr/sign) status='dep_settled'
[2025-09-24 17:18:59] 🔎 row 536: ✅ accept → dt=1900-06-23 amt=175.00 sign=+1 curr=EUR label=Deposit (type/gateway/descr/drcr/sign) status='dep_settled'
[2025-09-24 17:18:59] 🔎 row 537: ✅ accept → dt=1900-06-23 amt=175.00 sign=+1 curr=EUR label=Deposit (type/gateway/descr/drcr/sign) status='dep_settled'
[2025-09-24 17:18:59] 🔎 row 538: ✅ accept → dt=1900-06-23 amt=175.00 sign=+1 curr=EUR label=Deposit (type/gateway/descr/drcr/sign) status='dep_settled'
[2025-09-24 17:18:59] 🔎 row 539: ✅ accept → dt=1900-06-23 amt=175.00 sign=+1 curr=EUR label=Deposit (type/gateway/descr/drcr/sign) status='dep_settled'
[2025-09-24 17:18:59] 🔎 row 540: ✅ accept → dt=1901-05-14 amt=500.00 sign=+1 curr=EUR label=Deposit (type/gateway/descr/drcr/sign) status='dep_settled'
[2025-09-24 17:18:59] 🔎 row 541: ✅ accept → dt=1900-09-06 amt=250.00 sign=+1 curr=EUR label=Deposit (type/gateway/descr/drcr/sign) status='dep_settled'
[2025-09-24 17:18:59] 🔎 row 542: ✅ accept → dt=1900-09-06 amt=250.00 sign=+1 curr=EUR label=Deposit (type/gateway/descr/drcr/sign) status='dep_settled'
[2025-09-24 17:18:59] 🔎 row 543: ✅ accept → dt=1900-09-06 amt=250.00 sign=+1 curr=EUR label=Deposit (type/gateway/descr/drcr/sign) status='dep_settled'
[2025-09-24 17:18:59] 🔎 row 544: ✅ accept → dt=1900-09-06 amt=250.00 sign=+1 curr=EUR label=Deposit (type/gateway/descr/drcr/sign) status='dep_settled'
[2025-09-24 17:18:59] 🔎 row 545: ✅ accept → dt=1900-09-06 amt=250.00 sign=+1 curr=EUR label=Deposit (type/gateway/descr/drcr/sign) status='dep_settled'
[2025-09-24 17:18:59] 🔎 row 546: ✅ accept → dt=1900-09-06 amt=250.00 sign=+1 curr=EUR label=Deposit (type/gateway/descr/drcr/sign) status='dep_settled'
[2025-09-24 17:18:59] 🔎 row 547: ✅ accept → dt=1900-09-06 amt=250.00 sign=+1 curr=EUR label=Deposit (type/gateway/descr/drcr/sign) status='dep_settled'
[2025-09-24 17:18:59] 🔎 row 548: ✅ accept → dt=1901-05-14 amt=500.00 sign=+1 curr=EUR label=Deposit (type/gateway/descr/drcr/sign) status='dep_settled'
[2025-09-24 17:18:59] 🔎 row 549: ✅ accept → dt=1900-07-18 amt=200.00 sign=+1 curr=EUR label=Deposit (type/gateway/descr/drcr/sign) status='dep_settled'
[2025-09-24 17:18:59] 🔎 row 550: ✅ accept → dt=1900-07-18 amt=200.00 sign=+1 curr=EUR label=Deposit (type/gateway/descr/drcr/sign) status='dep_settled'
[2025-09-24 17:18:59] 🔎 row 551: ✅ accept → dt=1900-10-26 amt=300.00 sign=+1 curr=EUR label=Deposit (type/gateway/descr/drcr/sign) status='dep_settled'
[2025-09-24 17:18:59] 🔎 row 552: ✅ accept → dt=1900-10-26 amt=300.00 sign=+1 curr=EUR label=Deposit (type/gateway/descr/drcr/sign) status='dep_settled'
[2025-09-24 17:18:59] 🔎 row 553: ✅ accept → dt=1900-10-26 amt=300.00 sign=+1 curr=EUR label=Deposit (type/gateway/descr/drcr/sign) status='dep_settled'
[2025-09-24 17:18:59] 🔎 row 554: ✅ accept → dt=1900-09-06 amt=250.00 sign=+1 curr=EUR label=Deposit (type/gateway/descr/drcr/sign) status='dep_settled'
[2025-09-24 17:18:59] 🔎 row 555: ✅ accept → dt=1900-09-06 amt=250.00 sign=+1 curr=EUR label=Deposit (type/gateway/descr/drcr/sign) status='dep_settled'
[2025-09-24 17:18:59] 🔎 row 556: ✅ accept → dt=1900-09-06 amt=250.00 sign=+1 curr=EUR label=Deposit (type/gateway/descr/drcr/sign) status='dep_settled'
[2025-09-24 17:18:59] 🔎 row 557: ✅ accept → dt=1900-09-06 amt=250.00 sign=+1 curr=EUR label=Deposit (type/gateway/descr/drcr/sign) status='dep_settled'
[2025-09-24 17:18:59] 🔎 row 558: ✅ accept → dt=1900-09-06 amt=250.00 sign=+1 curr=EUR label=Deposit (type/gateway/descr/drcr/sign) status='dep_settled'
[2025-09-24 17:18:59] 🔎 row 559: ✅ accept → dt=1900-09-06 amt=250.00 sign=+1 curr=EUR label=Deposit (type/gateway/descr/drcr/sign) status='dep_settled'
[2025-09-24 17:18:59] 🔎 row 560: ✅ accept → dt=1900-09-06 amt=250.00 sign=+1 curr=EUR label=Deposit (type/gateway/descr/drcr/sign) status='dep_settled'
[2025-09-24 17:18:59] 🔎 row 561: ✅ accept → dt=1900-09-06 amt=250.00 sign=+1 curr=EUR label=Deposit (type/gateway/descr/drcr/sign) status='dep_settled'
[2025-09-24 17:18:59] 🔎 row 562: ✅ accept → dt=1901-05-14 amt=500.00 sign=+1 curr=EUR label=Deposit (type/gateway/descr/drcr/sign) status='dep_settled'
[2025-09-24 17:18:59] 🔎 row 563: ✅ accept → dt=1901-05-14 amt=500.00 sign=+1 curr=EUR label=Deposit (type/gateway/descr/drcr/sign) status='dep_settled'
[2025-09-24 17:18:59] 🔎 row 564: ✅ accept → dt=1900-07-18 amt=200.00 sign=+1 curr=EUR label=Deposit (type/gateway/descr/drcr/sign) status='dep_settled'
[2025-09-24 17:18:59] 🔎 row 565: ✅ accept → dt=1900-07-18 amt=200.00 sign=+1 curr=EUR label=Deposit (type/gateway/descr/drcr/sign) status='dep_settled'
[2025-09-24 17:18:59] 🔎 row 566: ✅ accept → dt=1900-04-09 amt=100.00 sign=+1 curr=EUR label=Deposit (type/gateway/descr/drcr/sign) status='dep_settled'
[2025-09-24 17:18:59] 🔎 row 567: ✅ accept → dt=1900-04-09 amt=100.00 sign=+1 curr=EUR label=Deposit (type/gateway/descr/drcr/sign) status='dep_settled'
[2025-09-24 17:18:59] 🔎 row 568: ✅ accept → dt=1900-04-09 amt=100.00 sign=+1 curr=EUR label=Deposit (type/gateway/descr/drcr/sign) status='dep_settled'
[2025-09-24 17:18:59] 🔎 row 569: ✅ accept → dt=1900-04-09 amt=100.00 sign=+1 curr=EUR label=Deposit (type/gateway/descr/drcr/sign) status='dep_settled'
[2025-09-24 17:18:59] 🔎 row 570: ✅ accept → dt=1900-04-09 amt=100.00 sign=+1 curr=EUR label=Deposit (type/gateway/descr/drcr/sign) status='dep_settled'
[2025-09-24 17:18:59] 🔎 row 571: ✅ accept → dt=1900-07-18 amt=200.00 sign=+1 curr=EUR label=Deposit (type/gateway/descr/drcr/sign) status='dep_settled'
[2025-09-24 17:18:59] 🔎 row 572: ✅ accept → dt=1901-05-14 amt=500.00 sign=+1 curr=EUR label=Deposit (type/gateway/descr/drcr/sign) status='dep_settled'
[2025-09-24 17:18:59] 🔎 row 573: ✅ accept → dt=1901-05-14 amt=500.00 sign=+1 curr=EUR label=Deposit (type/gateway/descr/drcr/sign) status='dep_settled'
[2025-09-24 17:18:59] 🔎 row 574: ✅ accept → dt=1901-05-14 amt=500.00 sign=+1 curr=EUR label=Deposit (type/gateway/descr/drcr/sign) status='dep_settled'
[2025-09-24 17:18:59] 🔎 row 575: ✅ accept → dt=1900-07-18 amt=200.00 sign=+1 curr=EUR label=Deposit (type/gateway/descr/drcr/sign) status='dep_settled'
[2025-09-24 17:18:59] 🔎 row 576: ✅ accept → dt=1900-07-18 amt=200.00 sign=+1 curr=EUR label=Deposit (type/gateway/descr/drcr/sign) status='dep_settled'
[2025-09-24 17:18:59] 🔎 row 577: ✅ accept → dt=1900-07-18 amt=200.00 sign=+1 curr=EUR label=Deposit (type/gateway/descr/drcr/sign) status='dep_settled'
[2025-09-24 17:18:59] 🔎 row 578: ✅ accept → dt=1900-07-18 amt=200.00 sign=+1 curr=EUR label=Deposit (type/gateway/descr/drcr/sign) status='dep_settled'
[2025-09-24 17:18:59] 🔎 row 579: ✅ accept → dt=1900-04-09 amt=100.00 sign=+1 curr=EUR label=Deposit (type/gateway/descr/drcr/sign) status='dep_settled'
[2025-09-24 17:18:59] 🔎 row 580: ✅ accept → dt=1900-04-09 amt=100.00 sign=+1 curr=EUR label=Deposit (type/gateway/descr/drcr/sign) status='dep_settled'
[2025-09-24 17:18:59] 🔎 row 581: ✅ accept → dt=1900-07-18 amt=200.00 sign=+1 curr=EUR label=Deposit (type/gateway/descr/drcr/sign) status='dep_settled'
[2025-09-24 17:18:59] 🔎 row 582: ✅ accept → dt=1900-07-18 amt=200.00 sign=+1 curr=EUR label=Deposit (type/gateway/descr/drcr/sign) status='dep_settled'
[2025-09-24 17:18:59] 🔎 row 583: ✅ accept → dt=1900-10-26 amt=300.00 sign=+1 curr=EUR label=Deposit (type/gateway/descr/drcr/sign) status='dep_settled'
[2025-09-24 17:18:59] 🔎 row 584: ✅ accept → dt=1900-07-18 amt=200.00 sign=+1 curr=EUR label=Deposit (type/gateway/descr/drcr/sign) status='dep_settled'
[2025-09-24 17:18:59] 🔎 row 585: ✅ accept → dt=1900-07-18 amt=200.00 sign=+1 curr=EUR label=Deposit (type/gateway/descr/drcr/sign) status='dep_settled'
[2025-09-24 17:18:59] 🔎 row 586: ✅ accept → dt=1900-10-26 amt=300.00 sign=+1 curr=EUR label=Deposit (type/gateway/descr/drcr/sign) status='dep_settled'
[2025-09-24 17:18:59] 🔎 row 587: ✅ accept → dt=1901-05-14 amt=500.00 sign=+1 curr=EUR label=Deposit (type/gateway/descr/drcr/sign) status='dep_settled'
[2025-09-24 17:18:59] 🔎 row 588: ✅ accept → dt=1900-09-06 amt=250.00 sign=+1 curr=EUR label=Deposit (type/gateway/descr/drcr/sign) status='dep_settled'
[2025-09-24 17:18:59] 🔎 row 589: ✅ accept → dt=1900-09-06 amt=250.00 sign=+1 curr=EUR label=Deposit (type/gateway/descr/drcr/sign) status='dep_settled'
[2025-09-24 17:18:59] 🔎 row 590: ✅ accept → dt=1900-09-06 amt=250.00 sign=+1 curr=EUR label=Deposit (type/gateway/descr/drcr/sign) status='dep_settled'
[2025-09-24 17:18:59] 🔎 row 591: ✅ accept → dt=1900-09-06 amt=250.00 sign=+1 curr=EUR label=Deposit (type/gateway/descr/drcr/sign) status='dep_settled'
[2025-09-24 17:18:59] 🔎 row 592: ✅ accept → dt=1900-09-06 amt=250.00 sign=+1 curr=EUR label=Deposit (type/gateway/descr/drcr/sign) status='dep_settled'
[2025-09-24 17:18:59] 🔎 row 593: ✅ accept → dt=1900-09-06 amt=250.00 sign=+1 curr=EUR label=Deposit (type/gateway/descr/drcr/sign) status='dep_settled'
[2025-09-24 17:18:59] 🔎 row 594: ✅ accept → dt=1900-09-06 amt=250.00 sign=+1 curr=EUR label=Deposit (type/gateway/descr/drcr/sign) status='dep_settled'
[2025-09-24 17:18:59] 🔎 row 595: ✅ accept → dt=1900-09-06 amt=250.00 sign=+1 curr=EUR label=Deposit (type/gateway/descr/drcr/sign) status='dep_settled'
[2025-09-24 17:18:59] 🔎 row 596: ✅ accept → dt=1900-09-06 amt=250.00 sign=+1 curr=EUR label=Deposit (type/gateway/descr/drcr/sign) status='dep_settled'
[2025-09-24 17:18:59] 🔎 row 597: ✅ accept → dt=1901-05-14 amt=500.00 sign=+1 curr=EUR label=Deposit (type/gateway/descr/drcr/sign) status='dep_settled'
[2025-09-24 17:18:59] 🔎 row 598: ✅ accept → dt=1900-05-29 amt=150.00 sign=+1 curr=EUR label=Deposit (type/gateway/descr/drcr/sign) status='dep_settled'
[2025-09-24 17:18:59] 🔎 row 599: ✅ accept → dt=1900-04-09 amt=100.00 sign=+1 curr=EUR label=Deposit (type/gateway/descr/drcr/sign) status='dep_settled'
[2025-09-24 17:18:59] 🔎 row 600: ✅ accept → dt=1900-07-18 amt=200.00 sign=+1 curr=EUR label=Deposit (type/gateway/descr/drcr/sign) status='dep_settled'
[2025-09-24 17:18:59] 🔎 row 601: ✅ accept → dt=1900-04-09 amt=100.00 sign=+1 curr=EUR label=Deposit (type/gateway/descr/drcr/sign) status='dep_settled'
[2025-09-24 17:18:59] 🔎 row 602: ✅ accept → dt=1900-09-06 amt=250.00 sign=+1 curr=EUR label=Deposit (type/gateway/descr/drcr/sign) status='dep_settled'
[2025-09-24 17:18:59] 🔎 row 603: ✅ accept → dt=1900-02-18 amt=50.00 sign=+1 curr=EUR label=Deposit (type/gateway/descr/drcr/sign) status='dep_settled'
[2025-09-24 17:18:59] 🔎 row 604: ✅ accept → dt=1900-09-06 amt=250.00 sign=+1 curr=EUR label=Deposit (type/gateway/descr/drcr/sign) status='dep_settled'
[2025-09-24 17:18:59] 🔎 row 605: ✅ accept → dt=1900-04-09 amt=100.00 sign=+1 curr=EUR label=Deposit (type/gateway/descr/drcr/sign) status='dep_settled'
[2025-09-24 17:18:59] 🔎 row 606: ✅ accept → dt=1900-04-09 amt=100.00 sign=+1 curr=EUR label=Deposit (type/gateway/descr/drcr/sign) status='dep_settled'
[2025-09-24 17:18:59] 🔎 row 607: ✅ accept → dt=1900-10-26 amt=300.00 sign=+1 curr=EUR label=Deposit (type/gateway/descr/drcr/sign) status='dep_settled'
[2025-09-24 17:18:59] 🔎 row 608: ✅ accept → dt=1900-10-26 amt=300.00 sign=+1 curr=EUR label=Deposit (type/gateway/descr/drcr/sign) status='dep_settled'
[2025-09-24 17:18:59] 🔎 row 609: ✅ accept → dt=1900-10-26 amt=300.00 sign=+1 curr=EUR label=Deposit (type/gateway/descr/drcr/sign) status='dep_settled'
[2025-09-24 17:18:59] 🔎 row 610: ✅ accept → dt=1900-09-06 amt=250.00 sign=+1 curr=EUR label=Deposit (type/gateway/descr/drcr/sign) status='dep_settled'
[2025-09-24 17:18:59] 🔎 row 611: ✅ accept → dt=1901-05-14 amt=500.00 sign=+1 curr=EUR label=Deposit (type/gateway/descr/drcr/sign) status='dep_settled'
[2025-09-24 17:18:59] 🔎 row 612: ✅ accept → dt=1900-09-06 amt=250.00 sign=+1 curr=EUR label=Deposit (type/gateway/descr/drcr/sign) status='dep_settled'
[2025-09-24 17:18:59] 🔎 row 613: ✅ accept → dt=1900-04-09 amt=100.00 sign=+1 curr=EUR label=Deposit (type/gateway/descr/drcr/sign) status='dep_settled'
[2025-09-24 17:18:59] 🔎 row 614: ✅ accept → dt=1900-07-18 amt=200.00 sign=+1 curr=EUR label=Deposit (type/gateway/descr/drcr/sign) status='dep_settled'
[2025-09-24 17:18:59] 🔎 row 615: ✅ accept → dt=1900-07-18 amt=200.00 sign=+1 curr=EUR label=Deposit (type/gateway/descr/drcr/sign) status='dep_settled'
[2025-09-24 17:18:59] 🔎 row 616: ✅ accept → dt=1900-04-09 amt=100.00 sign=+1 curr=EUR label=Deposit (type/gateway/descr/drcr/sign) status='dep_settled'
[2025-09-24 17:18:59] 🔎 row 617: ✅ accept → dt=1900-10-26 amt=300.00 sign=+1 curr=EUR label=Deposit (type/gateway/descr/drcr/sign) status='dep_settled'
[2025-09-24 17:18:59] 🔎 row 618: ✅ accept → dt=1900-10-26 amt=300.00 sign=+1 curr=EUR label=Deposit (type/gateway/descr/drcr/sign) status='dep_settled'
[2025-09-24 17:18:59] 🔎 row 619: ✅ accept → dt=1900-07-18 amt=200.00 sign=+1 curr=EUR label=Deposit (type/gateway/descr/drcr/sign) status='dep_settled'
[2025-09-24 17:18:59] 🔎 row 620: ✅ accept → dt=1900-07-18 amt=200.00 sign=+1 curr=EUR label=Deposit (type/gateway/descr/drcr/sign) status='dep_settled'
[2025-09-24 17:18:59] 🔎 row 621: ✅ accept → dt=1900-07-18 amt=200.00 sign=+1 curr=EUR label=Deposit (type/gateway/descr/drcr/sign) status='dep_settled'
[2025-09-24 17:18:59] 🔎 row 622: ✅ accept → dt=1900-07-18 amt=200.00 sign=+1 curr=EUR label=Deposit (type/gateway/descr/drcr/sign) status='dep_settled'
[2025-09-24 17:18:59] 🔎 row 623: ✅ accept → dt=1900-07-18 amt=200.00 sign=+1 curr=EUR label=Deposit (type/gateway/descr/drcr/sign) status='dep_settled'
[2025-09-24 17:18:59] 🔎 row 624: ✅ accept → dt=1900-07-18 amt=200.00 sign=+1 curr=EUR label=Deposit (type/gateway/descr/drcr/sign) status='dep_settled'
[2025-09-24 17:18:59] 🔎 row 625: ✅ accept → dt=1900-10-26 amt=300.00 sign=+1 curr=EUR label=Deposit (type/gateway/descr/drcr/sign) status='dep_settled'
[2025-09-24 17:18:59] 🔎 row 626: ✅ accept → dt=1904-04-23 amt=1575.00 sign=+1 curr=EUR label=Deposit (type/gateway/descr/drcr/sign) status='rdm_closed'
[2025-09-24 17:18:59] 🔎 row 627: ✅ accept → dt=1905-02-17 amt=1875.00 sign=+1 curr=EUR label=Deposit (type/gateway/descr/drcr/sign) status='rdm_closed'
[2025-09-24 17:18:59] 🔎 row 628: ✅ accept → dt=2021-09-29 amt=850.00 sign=+1 curr=EUR label=Deposit (type/gateway/descr/drcr/sign) status='rdm_closed'
[2025-09-24 17:18:59] 🔎 row 629: ✅ accept → dt=2021-09-28 amt=1500.00 sign=+1 curr=EUR label=Deposit (type/gateway/descr/drcr/sign) status='rdm_closed'
[2025-09-24 17:18:59] 🔎 row 630: ✅ accept → dt=1904-12-04 amt=1800.00 sign=+1 curr=EUR label=Deposit (type/gateway/descr/drcr/sign) status='rdm_closed'
[2025-09-24 17:18:59] 🔎 row 631: ✅ accept → dt=1905-01-23 amt=1850.00 sign=+1 curr=EUR label=Deposit (type/gateway/descr/drcr/sign) status='rdm_closed'
[2025-09-24 17:18:59] 🔎 row 632: ✅ accept → dt=2021-09-26 amt=2000.00 sign=+1 curr=EUR label=Deposit (type/gateway/descr/drcr/sign) status='rdm_closed'
[2025-09-24 17:18:59] 🔎 row 633: ✅ accept → dt=1905-03-14 amt=1900.00 sign=+1 curr=EUR label=Deposit (type/gateway/descr/drcr/sign) status='rdm_closed'
[2025-09-24 17:18:59] 🔎 row 634: ✅ accept → dt=1904-10-05 amt=1740.00 sign=+1 curr=EUR label=Deposit (type/gateway/descr/drcr/sign) status='rdm_closed'
[2025-09-24 17:18:59] 🔎 row 635: ✅ accept → dt=2021-09-24 amt=1150.00 sign=+1 curr=EUR label=Deposit (type/gateway/descr/drcr/sign) status='rdm_closed'
[2025-09-24 17:18:59] 🔎 row 636: ✅ accept → dt=2021-09-24 amt=1250.00 sign=+1 curr=EUR label=Deposit (type/gateway/descr/drcr/sign) status='rdm_closed'
[2025-09-24 17:18:59] 🔎 row 637: ✅ accept → dt=2021-09-24 amt=500.00 sign=+1 curr=EUR label=Deposit (type/gateway/descr/drcr/sign) status='rdm_closed'
[2025-09-24 17:18:59] 🔎 row 638: ✅ accept → dt=2021-09-24 amt=1050.00 sign=+1 curr=EUR label=Deposit (type/gateway/descr/drcr/sign) status='rdm_closed'
[2025-09-24 17:18:59] 🔎 row 639: ✅ accept → dt=1905-07-02 amt=2010.00 sign=+1 curr=EUR label=Deposit (type/gateway/descr/drcr/sign) status='rdm_closed'
[2025-09-24 17:18:59] 🔎 row 640: ✅ accept → dt=1903-01-22 amt=1118.00 sign=+1 curr=EUR label=Deposit (type/gateway/descr/drcr/sign) status='rdm_closed'
[2025-09-24 17:18:59] 🔎 row 641: ✅ accept → dt=1903-01-06 amt=1102.00 sign=+1 curr=EUR label=Deposit (type/gateway/descr/drcr/sign) status='rdm_closed'
[2025-09-24 17:18:59] 🔎 row 642: ✅ accept → dt=2021-09-20 amt=907.00 sign=+1 curr=EUR label=Deposit (type/gateway/descr/drcr/sign) status='rdm_closed'
[2025-09-24 17:18:59] 🔎 row 643: ✅ accept → dt=2021-09-20 amt=10.00 sign=+1 curr=EUR label=Deposit (type/gateway/descr/drcr/sign) status='rdm_closed'
[2025-09-24 17:18:59] 🔎 row 644: ✅ accept → dt=1900-10-26 amt=300.00 sign=+1 curr=EUR label=Deposit (type/gateway/descr/drcr/sign) status='rdm_closed'
[2025-09-24 17:18:59] 🔎 row 645: ✅ accept → dt=1902-09-26 amt=1000.00 sign=+1 curr=EUR label=Deposit (type/gateway/descr/drcr/sign) status='rdm_closed'
[2025-09-24 17:18:59] 🔎 row 646: ✅ accept → dt=1901-05-14 amt=500.00 sign=+1 curr=EUR label=Deposit (type/gateway/descr/drcr/sign) status='rdm_closed'
[2025-09-24 17:18:59] 🔎 row 647: ✅ accept → dt=1905-01-01 amt=1828.00 sign=+1 curr=EUR label=Deposit (type/gateway/descr/drcr/sign) status='rdm_closed'
[2025-09-24 17:18:59] 🔎 row 648: ✅ accept → dt=2021-09-20 amt=175.00 sign=+1 curr=EUR label=Deposit (type/gateway/descr/drcr/sign) status='rdm_closed'
[2025-09-24 17:18:59] 🔎 row 649: ✅ accept → dt=1904-02-08 amt=1500.00 sign=+1 curr=EUR label=Deposit (type/gateway/descr/drcr/sign) status='rdm_closed'
[2025-09-24 17:18:59] 🔎 row 650: ✅ accept → dt=1902-10-11 amt=1015.00 sign=+1 curr=EUR label=Deposit (type/gateway/descr/drcr/sign) status='rdm_closed'
[2025-09-24 17:18:59] 🔎 row 651: ✅ accept → dt=1903-03-05 amt=1160.00 sign=+1 curr=EUR label=Deposit (type/gateway/descr/drcr/sign) status='rdm_closed'
[2025-09-24 17:18:59] 🔎 row 652: ✅ accept → dt=1904-11-24 amt=1790.00 sign=+1 curr=EUR label=Deposit (type/gateway/descr/drcr/sign) status='rdm_closed'
[2025-09-24 17:18:59] 🔎 row 653: ✅ accept → dt=1905-06-22 amt=2000.00 sign=+1 curr=EUR label=Deposit (type/gateway/descr/drcr/sign) status='rdm_closed'
[2025-09-24 17:18:59] 🔎 row 654: ✅ accept → dt=1907-11-14 amt=2875.00 sign=+1 curr=EUR label=Deposit (type/gateway/descr/drcr/sign) status='rdm_closed'
[2025-09-24 17:18:59] 🔎 row 655: ✅ accept → dt=1906-11-04 amt=2500.00 sign=+1 curr=EUR label=Deposit (type/gateway/descr/drcr/sign) status='rdm_closed'
[2025-09-24 17:18:59] 🔎 row 656: ✅ accept → dt=1902-09-26 amt=1000.00 sign=+1 curr=EUR label=Deposit (type/gateway/descr/drcr/sign) status='rdm_closed'
[2025-09-24 17:18:59] 🔎 row 657: ✅ accept → dt=1902-09-07 amt=981.00 sign=+1 curr=EUR label=Deposit (type/gateway/descr/drcr/sign) status='rdm_closed'
[2025-09-24 17:18:59] 🔎 row 658: ✅ accept → dt=1902-07-03 amt=915.00 sign=+1 curr=EUR label=Deposit (type/gateway/descr/drcr/sign) status='rdm_closed'
[2025-09-24 17:18:59] 🔎 row 659: ✅ accept → dt=1903-12-30 amt=1460.00 sign=+1 curr=EUR label=Deposit (type/gateway/descr/drcr/sign) status='rdm_closed'
[2025-09-24 17:18:59] 🔎 row 660: ✅ accept → dt=2021-09-12 amt=1510.00 sign=+1 curr=EUR label=Deposit (type/gateway/descr/drcr/sign) status='rdm_closed'
[2025-09-24 17:18:59] 🔎 row 661: ✅ accept → dt=1904-02-08 amt=1500.00 sign=+1 curr=EUR label=Deposit (type/gateway/descr/drcr/sign) status='rdm_closed'
[2025-09-24 17:18:59] 🔎 row 662: ✅ accept → dt=1901-12-07 amt=707.00 sign=+1 curr=EUR label=Deposit (type/gateway/descr/drcr/sign) status='rdm_closed'
[2025-09-24 17:18:59] 🔎 row 663: ✅ accept → dt=1902-09-27 amt=1001.00 sign=+1 curr=EUR label=Deposit (type/gateway/descr/drcr/sign) status='rdm_closed'
[2025-09-24 17:18:59] 🔎 row 664: ✅ accept → dt=1903-09-05 amt=1344.00 sign=+1 curr=EUR label=Deposit (type/gateway/descr/drcr/sign) status='rdm_closed'
[2025-09-24 17:18:59] 🔎 row 665: ✅ accept → dt=2021-09-11 amt=2030.00 sign=+1 curr=EUR label=Deposit (type/gateway/descr/drcr/sign) status='rdm_closed'
[2025-09-24 17:18:59] 🔎 row 666: ✅ accept → dt=1904-02-10 amt=1502.00 sign=+1 curr=EUR label=Deposit (type/gateway/descr/drcr/sign) status='rdm_closed'
[2025-09-24 17:18:59] 🔎 row 667: ✅ accept → dt=1901-08-12 amt=590.00 sign=+1 curr=EUR label=Deposit (type/gateway/descr/drcr/sign) status='rdm_closed'
[2025-09-24 17:18:59] 🔎 row 668: ✅ accept → dt=2021-08-21 amt=575.00 sign=+1 curr=EUR label=Deposit (type/gateway/descr/drcr/sign) status='rdm_closed'
[2025-09-24 17:18:59] 🔎 row 669: ✅ accept → dt=1902-07-13 amt=925.00 sign=+1 curr=EUR label=Deposit (type/gateway/descr/drcr/sign) status='rdm_closed'
[2025-09-24 17:18:59] 🔎 row 670: ✅ accept → dt=1902-10-21 amt=1025.00 sign=+1 curr=EUR label=Deposit (type/gateway/descr/drcr/sign) status='rdm_closed'
[2025-09-24 17:18:59] 🔎 row 671: ✅ accept → dt=1906-11-04 amt=2500.00 sign=+1 curr=EUR label=Deposit (type/gateway/descr/drcr/sign) status='rdm_closed'
[2025-09-24 17:18:59] 🔎 row 672: ✅ accept → dt=1904-12-04 amt=1800.00 sign=+1 curr=EUR label=Deposit (type/gateway/descr/drcr/sign) status='rdm_closed'
[2025-09-24 17:18:59] 🔎 row 673: ✅ accept → dt=2021-08-18 amt=1000.00 sign=+1 curr=EUR label=Deposit (type/gateway/descr/drcr/sign) status='rdm_closed'
