[2025-09-23 13:55:28] 🧹 Hidden checked note line: [] Checked (28.02.2025)
[2025-09-23 13:55:28] 🧹 Hidden checked note line: [] Checked (28.02.2025)
[2025-09-23 13:55:28] 🧹 Hidden checked note line: [] Checked (28.02.2025)
[2025-09-23 13:55:28] 🧹 Hidden checked note line: [] Checked (28.02.2025)
[2025-09-23 13:55:28] 🧹 Hidden checked note line: [] Checked (28.02.2025)
[2025-09-23 13:55:28] 🧹 Hidden checked note line: [] Checked (28.02.2025)
[2025-09-23 13:55:28] 🧹 Hidden checked note line: [] Checked (28.02.2025)
[2025-09-23 13:55:28] 🧹 Hidden checked note line: [] Checked (7.7.2025)
[2025-09-23 13:55:28] 🧹 Hidden checked note line: [] Checked (28.02.2025)
[2025-09-23 13:55:28] 🧹 Hidden checked note line: [] Checked (28.02.2025)
[2025-09-23 13:55:28] 🧹 Hidden checked note line: [] Checked (28.02.2025)
[2025-09-23 13:55:28] 🧹 Hidden checked note line: [] Checked (17.03.2025)
[2025-09-23 13:55:28] 🧹 Hidden checked note line: [] Checked (28.02.2025)
[2025-09-23 13:55:28] 🧹 Hidden checked note line: [] Checked (28.02.2025)
[2025-09-23 13:55:28] 🧹 Hidden checked note line: [] Checked (28.02.2025)
[2025-09-23 13:55:28] 🧹 Hidden checked note line: [] Checked (28.02.2025)
[2025-09-23 13:55:28] 🧹 Hidden checked note line: [] Checked (28.02.2025)
[2025-09-23 13:55:28] 🧹 Hidden checked note line: [] Checked (28.02.2025)
[2025-09-23 13:55:28] 🧹 Hidden checked note line: [] Checked (28.02.2025)
[2025-09-23 13:55:28] 🧹 Hidden checked note line: [] Checked (24.02.2025)
[2025-09-23 13:55:28] 🧹 Hidden checked note line: [] Checked (28.02.2025)
[2025-09-23 13:55:28] 🧹 Hidden checked note line: [] Checked (7.7.2025)
[2025-09-23 13:55:28] 🧹 Hidden checked note line: [] Checked (28.02.2025)
[2025-09-23 13:55:28] 🧹 Hidden checked note line: [] Checked (24.02.2025)
[2025-09-23 13:55:28] 🧹 Hidden checked note line: [] Checked (27.02.2025)
[2025-09-23 13:55:28] 🧹 Hidden checked note line: [] Checked (24.02.2025)
[2025-09-23 13:55:28] 🧹 Hidden checked note line: [] Checked (24.02.2025)
[2025-09-23 13:55:28] 🧹 Hidden checked note line: [] Checked (24.02.2025)
[2025-09-23 13:55:28] 🧹 Hidden checked note line: [] Checked (27.02.2025)
[2025-09-23 13:55:28] 🧹 Hidden checked note line: [] Checked (28.02.2025)
[2025-09-23 13:55:28] 🧹 Hidden checked note line: [] Checked (7.7.2025)
[2025-09-23 13:55:28] 🧹 Hidden checked note line: [] Checked (24.02.2025)
[2025-09-23 13:55:28] 🧹 Hidden checked note line: [] Checked (19.08.2025)
[2025-09-23 13:55:28] 🧹 Hidden checked note line: [] Checked (24.02.2025)
[2025-09-23 13:55:29] 🧹 Hidden checked note line: [] Checked (25.02.2025)
[2025-09-23 13:55:29] 🧹 Hidden checked note line: [] Checked (17.03.2025)
[2025-09-23 13:55:29] 🧹 Hidden checked note line: [] Checked (28.02.2025)
[2025-09-23 13:55:29] 🧹 Hidden checked note line: [] Checked (10.03.2025)
[2025-09-23 13:55:29] 🧹 Hidden checked note line: [] Checked (10.03.2025)
[2025-09-23 13:55:29] 🧹 Hidden checked note line: [] Checked (25.02.2025)
[2025-09-23 13:55:29] 🧹 Hidden checked note line: [] Checked (24.02.2025)
[2025-09-23 13:55:29] 🧹 Hidden checked note line: [] Checked (24.02.2025)
[2025-09-23 13:55:29] 🧹 Hidden checked note line: [] Checked (24.02.2025)
[2025-09-23 13:55:29] 🧹 Hidden checked note line: [] Checked (27.02.2025)
[2025-09-23 13:55:29] 🧹 Hidden checked note line: [] Checked (28.02.2025)
[2025-09-23 13:55:29] 🧹 Hidden checked note line: [] Checked (28.02.2025)
[2025-09-23 13:55:29] 🧹 Hidden checked note line: [] Checked (28.02.2025)
[2025-09-23 13:55:29] 🧹 Hidden checked note line: [] Checked (24.02.2025)
[2025-09-23 13:55:29] 🧹 Hidden checked note line: [] Checked (24.02.2025)
[2025-09-23 13:55:29] 🧹 Hidden checked note line: [] Checked (24.02.2025)
[2025-09-23 13:55:29] 🧹 Hidden checked note line: [] Checked (27.02.2025)
[2025-09-23 13:55:29] 🧹 Hidden checked note line: [] Checked (28.02.2025)
[2025-09-23 13:55:29] 🧹 Hidden checked note line: [] Checked (28.02.2025)
[2025-09-23 13:55:29] 🧹 Hidden checked note line: [] Checked (28.02.2025)
[2025-09-23 13:55:29] 🧹 Hidden checked note line: [] Checked (28.02.2025)
[2025-09-23 13:55:29] 🧹 Hidden checked note line: [] Checked (28.02.2025)
[2025-09-23 13:55:29] 🧹 Hidden checked note line: [] Checked (28.02.2025)
[2025-09-23 13:55:29] 🧹 Hidden checked note line: [] Checked (28.02.2025)
[2025-09-23 13:55:29] 🧹 Hidden checked note line: [] Checked (28.02.2025)
[2025-09-23 13:55:29] 🧹 Hidden checked note line: [] Checked (7.7.2025)
[2025-09-23 13:55:29] 🧹 Hidden checked note line: [] Checked (7.7.2025)
[2025-09-23 13:55:29] 🧹 Hidden checked note line: [] Checked (28.02.2025)
[2025-09-23 13:55:29] 🧹 Hidden checked note line: [] Checked (2.20.2025)
[2025-09-23 13:55:30] 🧹 Hidden checked note line: [] Checked (7.7.2025)
[2025-09-23 13:55:30] 🧹 Hidden checked note line: [] Checked (2.20.2025)
[2025-09-23 13:55:30] 🧹 Hidden checked note line: [] Checked (2.20.2025)
[2025-09-23 13:55:30] 🧹 Hidden checked note line: [] Checked (24.02.2025)
[2025-09-23 13:55:30] 🧹 Hidden checked note line: [] Checked (24.02.2025)
[2025-09-23 13:55:30] 🧹 Hidden checked note line: [] Checked (27.02.2025)
[2025-09-23 13:55:30] 🧹 Hidden checked note line: [] Checked (27.02.2025)
[2025-09-23 13:55:30] 🧹 Hidden checked note line: [] Checked (28.02.2025)
[2025-09-23 13:55:30] 🧹 Hidden checked note line: [] Checked (28.02.2025)
[2025-09-23 13:55:30] 🧹 Hidden checked note line: [] Checked (28.02.2025)
[2025-09-23 13:55:30] 🧹 Hidden checked note line: [] Checked (28.02.2025)
[2025-09-23 13:55:30] 🧹 Hidden checked note line: [] Checked (28.02.2025)
[2025-09-23 13:55:30] 🧹 Hidden checked note line: [] Checked (28.02.2025)
[2025-09-23 13:55:30] 🧹 Hidden checked note line: [] Checked (2.24.2025)
[2025-09-23 13:55:30] 🧹 Hidden checked note line: [] Checked (10.03.2025)
[2025-09-23 13:55:30] 🧹 Hidden checked note line: [] Checked (28.02.2025)
[2025-09-23 13:55:30] 🧹 Hidden checked note line: [] Checked (28.02.2025)
[2025-09-23 13:55:30] 🧹 Hidden checked note line: [] Checked (28.02.2025)
[2025-09-23 13:55:30] 🧹 Hidden checked note line: [] Checked (17.03.2025)
[2025-09-23 13:55:30] 🧹 Hidden checked note line: [] Checked (28.02.2025)
[2025-09-23 13:55:30] 🧹 Hidden checked note line: [] Checked (28.02.2025)
[2025-09-23 13:55:30] 🧹 Hidden checked note line: [] Checked (7.7.2025)
[2025-09-23 13:55:30] 🧹 Hidden checked note line: [] Checked (28.02.2025)
[2025-09-23 13:55:30] 🧹 Hidden checked note line: [] Checked (28.02.2025)
[2025-09-23 13:55:30] 🧹 Hidden checked note line: [] Checked (28.02.2025)
[2025-09-23 13:55:30] [] - 15619 | Minas Calisir, One Casino | [] Opponent 'ProviderConfig[DB](name=One Casino Limited)' not supported for calculations
[2025-09-23 13:55:30] Provider not supported. Please calculate manually.
[2025-09-23 13:55:30] [] Calculation failed for: 15619 due to calculation error
[2025-09-23 13:55:30] [] - 22332 | Jan Nathanael Hoekstra, Betsson | [] Case calculated / Files uploaded (Source: webhook).
[2025-09-23 13:55:31] Lead was moved to next stage in NL pipeline
[2025-09-23 13:55:31] [] - 22334 | Jan Nathanael Hoekstra, Krooncasino | [] Case calculated / Files uploaded (Source: webhook).
[2025-09-23 13:55:31] Lead was moved to next stage in NL pipeline
[2025-09-23 13:55:31] [] - 23140 | Geijtenbeek-Vink Petra, Bobcasino | [] GameChanger Calculation failed
[2025-09-23 13:55:31] [] No payments, GameChanger is not proceeding in this case.
[2025-09-23 13:55:31] [] - 23142 | Geijtenbeek-Vink Petra, Oranjecasino | [] GameChanger Calculation failed.
[2025-09-23 13:55:31] This case will take a long time due to the large amount of bets. The script in the end provided a result but failed when it tried to create an IB file.
[2025-09-23 13:55:31] ```
[2025-09-23 13:55:31] Row numbers must be between 1 and 1048576
[2025-09-23 13:55:31] Traceback (most recent call last):
[2025-09-23 13:55:31] File &quot;/Users/guangyuhe/PycharmProjects/landing_calc1/gt_process_automatisation/decorators.py&quot;, line 211, in wrapper
[2025-09-23 13:55:31] result = func(*args, **kwargs)
[2025-09-23 13:55:31] ^^^^^^^^^^^^^^^^^^^^^
[2025-09-23 13:55:31] File &quot;/Users/guangyuhe/PycharmProjects/landing_calc1/gt_process_automatisation/scripts/casino_scripts/CAS23a_calculate_client_activecampaign.py&quot;, line 353, in calculate_client
[2025-09-23 13:55:31] save_report_and_dfs_to_excel(
[2025-09-23 13:55:31] File &quot;/Users/guangyuhe/PycharmProjects/landing_calc1/utils/utils_save_IB_report_to_excel.py&quot;, line 238, in save_report_and_dfs_to_excel
[2025-09-23 13:55:31] cell = ws.cell(row=r_idx, column=c_idx, value=value)
[2025-09-23 13:55:31] ^^^^^^^^^^^^^^^^^^^^^^^^^^^^^^^^^^^^^^^^^^^^^
[2025-09-23 13:55:31] File &quot;/Users/guangyuhe/PycharmProjects/landing_calc1/venv/lib/python3.11/site-packages/openpyxl/worksheet/worksheet.py&quot;, line 240, in cell
[2025-09-23 13:55:31] cell = self._get_cell(row, column)
[2025-09-23 13:55:31] ^^^^^^^^^^^^^^^^^^^^^^^^^^^
[2025-09-23 13:55:31] File &quot;/Users/guangyuhe/PycharmProjects/landing_calc1/venv/lib/python3.11/site-packages/openpyxl/worksheet/worksheet.py&quot;, line 253, in _get_cell
[2025-09-23 13:55:31] raise ValueError(&quot;Row numbers must be between 1 and 1048576&quot;)
[2025-09-23 13:55:31] ValueError: Row numbers must be between 1 and 1048576
[2025-09-23 13:55:31] ´´´
[2025-09-23 13:55:31] [] - 23544 | De ruiter Kevin, Bobcasino | [] Case calculated / Files uploaded (Source: webhook).
[2025-09-23 13:55:31] Lead was moved to next stage in NL pipeline
[2025-09-23 13:55:31] [] - 23626 | Petrus Johannes Frederik Dreise, Avalon78 | [] Case calculated / Files uploaded (Source: webhook).
[2025-09-23 13:55:31] Lead was moved to next stage in NL pipeline
[2025-09-23 13:55:31] [] - 23632 | Petrus Johannes Frederik Dreise, GSlot | [] Case calculated / Files uploaded (Source: webhook).
[2025-09-23 13:55:31] Lead was moved to next stage in NL pipeline
[2025-09-23 13:55:31] [] - 23635 | Petrus Johannes Frederik Dreise, LeoVegas | [] Case calculated / Files uploaded (Source: webhook).
[2025-09-23 13:55:31] Lead was moved to next stage in NL pipeline
[2025-09-23 13:55:31] Amount is below 1000 EUR
[2025-09-23 13:55:31] [] - 24718 | (Hilde) Elke Drok, Oranjecasino | [] Error processing file
[2025-09-23 13:55:31] Error loading sheets from database
[2025-09-23 13:55:31] No column of '['Amount']' found in table (Pre) Deposits with columns ['Date', 'AMOUNT / EUROCENTS', 'STATUS', 'SUBSTATUS', 'sheet_name', 'TA_Source', 'DATA_Source', 'row_type', 'is_relevant', 'ExchangeRate'].
[2025-09-23 13:55:31] Traceback (most recent call last):
[2025-09-23 13:55:31] File &quot;/usr/src/app/gt_process_automatisation/scripts/casino_scripts/CAS23a_calculate_client_activecampaign.py&quot;, line 193, in calculate_client
[2025-09-23 13:55:31] reader = get_file_reader(folder, file, zoho_client=db_lead, limitation_period=limitation_period).do_calculation(recalculate=recalculate)
[2025-09-23 13:55:32] ^^^^^^^^^^^^^^^^^^^^^^^^^^^^^^^^^^^^^^^^^^^^^^^^^^^^^^^^^^^^^^^^^^^^^^^^^^^^^^^^^^^^^^^^^^^^^^^^^^^^^^^^^^^^^^^^^^^^^^^^^^^^^^^
[2025-09-23 13:55:32] File &quot;/usr/src/app/casino/extraction/excel/excel_extraction.py&quot;, line 248, in do_calculation
[2025-09-23 13:55:32] sheet_object.normalize_amounts()
[2025-09-23 13:55:32] File &quot;/usr/src/app/casino/models.py&quot;, line 2120, in normalize_amounts
[2025-09-23 13:55:32] check_normalizing_config(normalize_original_amount, df.columns.tolist())
[2025-09-23 13:55:32] File &quot;/usr/src/app/casino/models.py&quot;, line 2111, in check_normalizing_config
[2025-09-23 13:55:32] assert any([col in df_columns for col in
[2025-09-23 13:55:32] ^^^^^^^^^^^^^^^^^^^^^^^^^^^^^^^^^
[2025-09-23 13:55:32] AssertionError: No column of '['Amount']' found in table (Pre) Deposits with columns ['Date', 'AMOUNT / EUROCENTS', 'STATUS', 'SUBSTATUS', 'sheet_name', 'TA_Source', 'DATA_Source', 'row_type', 'is_relevant', 'ExchangeRate'].
[2025-09-23 13:55:32] [] Calculation failed for: 24718 due to calculation error
[2025-09-23 13:55:32] [] Error processing file
[2025-09-23 13:55:32] Error loading sheets from database
[2025-09-23 13:55:32] No column of '['Amount']' found in table (Pre) Deposits with columns ['Date', 'AMOUNT / EUROCENTS', 'STATUS', 'SUBSTATUS', 'sheet_name', 'TA_Source', 'DATA_Source', 'row_type', 'is_relevant', 'ExchangeRate'].
[2025-09-23 13:55:32] Traceback (most recent call last):
[2025-09-23 13:55:32] File &quot;/usr/src/app/gt_process_automatisation/scripts/casino_scripts/CAS23a_calculate_client_activecampaign.py&quot;, line 213, in calculate_client
[2025-09-23 13:55:32] reader = get_file_reader(folder, file, zoho_client=db_lead, limitation_period=limitation_period).do_calculation(recalculate=recalculate)
[2025-09-23 13:55:32] ^^^^^^^^^^^^^^^^^^^^^^^^^^^^^^^^^^^^^^^^^^^^^^^^^^^^^^^^^^^^^^^^^^^^^^^^^^^^^^^^^^^^^^^^^^^^^^^^^^^^^^^^^^^^^^^^^^^^^^^^^^^^^^^
[2025-09-23 13:55:32] File &quot;/usr/src/app/casino/extraction/excel/excel_extraction.py&quot;, line 248, in do_calculation
[2025-09-23 13:55:32] sheet_object.normalize_amounts()
[2025-09-23 13:55:32] File &quot;/usr/src/app/casino/models.py&quot;, line 2120, in normalize_amounts
[2025-09-23 13:55:32] check_normalizing_config(normalize_original_amount, df.columns.tolist())
[2025-09-23 13:55:32] File &quot;/usr/src/app/casino/models.py&quot;, line 2111, in check_normalizing_config
[2025-09-23 13:55:32] assert any([col in df_columns for col in
[2025-09-23 13:55:32] ^^^^^^^^^^^^^^^^^^^^^^^^^^^^^^^^^
[2025-09-23 13:55:32] AssertionError: No column of '['Amount']' found in table (Pre) Deposits with columns ['Date', 'AMOUNT / EUROCENTS', 'STATUS', 'SUBSTATUS', 'sheet_name', 'TA_Source', 'DATA_Source', 'row_type', 'is_relevant', 'ExchangeRate'].
[2025-09-23 13:55:32] [] Calculation failed for: 24718 due to calculation error
[2025-09-23 13:55:32] [] - 29441 | Rafal Augustyniak, N1 Interactive Ltd. | [] Case calculated / Files uploaded (Source: webhook).
[2025-09-23 13:55:32] Lead was moved to next stage in NL pipeline
[2025-09-23 13:55:32] [] - 30096 | Robbie van Heertum, King Billy | [] Lead has no GamblingProvider. Please add a Opponent.
[2025-09-23 13:55:32] [] Calculation failed for: 30096 due to calculation error
[2025-09-23 13:55:32] [] No data found in the files
[2025-09-23 13:55:32] No data was found in the files by the script.
[2025-09-23 13:55:32] Please check the files.
[2025-09-23 13:55:32] [] Calculation failed for: 30096 due to calculation error
[2025-09-23 13:55:32] [] - 37644 | Marc Perlo, 888 | [] Can not calculate. Unconverted pdf files are present: TA_GamingDetails_888.pdf
[2025-09-23 13:55:32] [] Calculation failed for: 37644 due to calculation error
[2025-09-23 13:55:32] [] - 45032 | Youri Thorig, Casumo | [] Opponent 'ProviderConfig[DB](name=Casumo Services Limited)' not supported for calculations
[2025-09-23 13:55:32] Provider not supported. Please calculate manually.
[2025-09-23 13:55:32] [] Calculation failed for: 45032 due to calculation error
[2025-09-23 13:55:32] [] - 46370 | de  Groot Haig, N1 interactive Ltd | [] Case calculated / Files uploaded (Source: webhook).
[2025-09-23 13:55:32] Lead was moved to next stage in NL pipeline
[2025-09-23 13:55:32] [] - 19624 | Chayen Wittmer, Betchan | [] Case calculated / Files uploaded (Source: webhook).
[2025-09-23 13:55:32] Lead was moved to next stage in NL pipeline
[2025-09-23 13:55:32] [] - 19637 | Chayen Wittmer, LeoVegas | [] Case calculated / Files uploaded (Source: webhook).
[2025-09-23 13:55:32] Lead was moved to next stage in NL pipeline
[2025-09-23 13:55:32] [] - 21670 | Fabian Wink, Avalon78 | [] Case calculated / Files uploaded (Source: webhook).
[2025-09-23 13:55:32] Lead was moved to next stage in NL pipeline
[2025-09-23 13:55:32] Amount is below 1000 EUR
[2025-09-23 13:55:32] [] - 21672 | Fabian Wink, Betsson | [] Case calculated / Files uploaded (Source: webhook).
[2025-09-23 13:55:32] Lead was moved to next stage in NL pipeline
[2025-09-23 13:55:32] [] - 21673 | Fabian Wink, Bobcasino | [] Case calculated / Files uploaded (Source: webhook).
[2025-09-23 13:55:33] Lead was moved to next stage in NL pipeline
[2025-09-23 13:55:33] Amount is below 1000 EUR
[2025-09-23 13:55:33] [] - 21675 | Fabian Wink, Casino Rex | [] Case calculated / Files uploaded (Source: webhook).
[2025-09-23 13:55:33] Lead was moved to next stage in NL pipeline
[2025-09-23 13:55:33] Amount is below 1000 EUR
[2025-09-23 13:55:33] [] - 21676 | Fabian Wink, CasinoEuro | [] Case could not be calculated: errors found
[2025-09-23 13:55:33] The case still has errors and could not be calculated.
[2025-09-23 13:55:33] [] - 21677 | Fabian Wink, Cookie Casino | [] Case calculated / Files uploaded (Source: webhook).
[2025-09-23 13:55:33] Lead was moved to next stage in NL pipeline
[2025-09-23 13:55:33] [] - 21678 | Fabian Wink, Evospin | [] Case calculated / Files uploaded (Source: webhook).
[2025-09-23 13:55:33] Stage was changed in the meantime. Current stage: 38. Did not move to next stage.
[2025-09-23 13:55:33] [] Case calculated / Files uploaded (Source: webhook).
[2025-09-23 13:55:33] Lead was moved to next stage in NL pipeline
[2025-09-23 13:55:33] Amount is below 1000 EUR
[2025-09-23 13:55:33] [] - 21679 | Fabian Wink, Maneki | [] Case calculated / Files uploaded (Source: webhook).
[2025-09-23 13:55:33] Lead was moved to next stage in NL pipeline
[2025-09-23 13:55:33] [] - 21680 | Fabian Wink, Millionaria | [] Opponent not selected.
[2025-09-23 13:55:33] [] - 21683 | Fabian Wink, OctoCasino | [] Opponent not selected.
[2025-09-23 13:55:33] [] - 21684 | Fabian Wink, Pino Casino | [] Can not calculate. Unconverted pdf files are present: TA_PinoCasino.pdf
[2025-09-23 13:55:33] [] Calculation failed for: 21684 due to internal error
[2025-09-23 13:55:33] [] Detected unconverted files and starting PDF extraction.
[2025-09-23 13:55:33] [] Case calculated / Files uploaded (Source: webhook).
[2025-09-23 13:55:33] Lead was moved to next stage in NL pipeline
[2025-09-23 13:55:33] Amount is below 1000 EUR
[2025-09-23 13:55:33] [] - 21686 | Fabian Wink, Rizk | [] Case could not be calculated: errors found
[2025-09-23 13:55:33] The case still has errors and could not be calculated.
[2025-09-23 13:55:33] [] - 21687 | Fabian Wink, Slothunter | [] Case calculated / Files uploaded (Source: webhook).
[2025-09-23 13:55:33] Lead was moved to next stage in NL pipeline
[2025-09-23 13:55:33] [] Case could not be calculated: errors found
[2025-09-23 13:55:33] The case still has errors and could not be calculated.
[2025-09-23 13:55:33] Amount is below 1000 EUR
[2025-09-23 13:55:33] [] - 21688 | Fabian Wink, Spinia | [] Case could not be calculated: errors found
[2025-09-23 13:55:33] The case still has errors and could not be calculated.
[2025-09-23 13:55:33] [] - 8439 | Roy Deneke, Krooncasino | [] Case calculated / Files uploaded (Source: webhook).
[2025-09-23 13:55:33] Lead was moved to next stage in NL pipeline
[2025-09-23 13:55:33] [] - 10180 | Dennis Tjoonk, 888 | [] Opponent 'ProviderConfig[DB](name=Virtual Digital Services Ltd)' not supported for calculations
[2025-09-23 13:55:33] Provider not supported. Please calculate manually.
[2025-09-23 13:55:33] [] - 15373 | Justin Vangent1@hotmail.com, Betchan | [] The same request has been submitted again.
[2025-09-23 13:55:33] [] Case calculated / Files uploaded (Source: webhook).
[2025-09-23 13:55:33] Lead was moved to next stage in NL pipeline
[2025-09-23 13:55:33] [] - 18588 | Stephan Westerdijk, Krooncasino | [] Case calculated / Files uploaded (Source: webhook).
[2025-09-23 13:55:33] Lead was moved to next stage in NL pipeline
[2025-09-23 13:55:33] [] - 20000 | Michael Hovenga, Bobcasino | [] Case could not be calculated: errors found
[2025-09-23 13:55:33] The case still has errors and could not be calculated.
[2025-09-23 13:55:33] [] - 27583 | Sachs-Wissingh Petra, N1 interactive Ltd. | [] Case calculated / Files uploaded (Source: webhook).
[2025-09-23 13:55:33] Lead was moved to next stage in NL pipeline
[2025-09-23 13:55:33] [] - 27919 | Koopmans Marc, William Hill | [] Opponent 'ProviderConfig[DB](name=WHG (International) Ltd)' not supported for calculations
[2025-09-23 13:55:33] Provider not supported. Please calculate manually.
[2025-09-23 13:55:33] [] Calculation failed for: 27919 due to calculation error
[2025-09-23 13:55:33] [] - 27923 | Ronald Poots, N1 Casino | [] TA_N1casino uploaded in Sharepoint
[2025-09-23 13:55:34] [] Case calculated / Files uploaded (Source: webhook).
[2025-09-23 13:55:34] Lead was moved to next stage in NL pipeline
[2025-09-23 13:55:34] [] - 3631 | Roy Van der Velde, N1 Casino | [] Case calculated / Files uploaded (Source: webhook).
[2025-09-23 13:55:34] Lead was moved to next stage in NL pipeline
[2025-09-23 13:55:34] [] - 11930 | Max van Eijk, William Hill | [] Opponent 'ProviderConfig[DB](name=WHG (International) Ltd)' not supported for calculations
[2025-09-23 13:55:34] Provider not supported. Please calculate manually.
[2025-09-23 13:55:34] [] Calculation failed for: 11930 due to calculation error
[2025-09-23 13:55:34] [] - 12866 | Shugailys Sophia, Pino Casino | [] Case calculated / Files uploaded (Source: webhook).
[2025-09-23 13:55:34] Lead was moved to next stage in NL pipeline
[2025-09-23 13:55:34] [] - 27515 | jacek kowalczyk, Duxcasino | [] Detected unconverted files and starting PDF extraction.
[2025-09-23 13:55:34] [] Detected unconverted files and starting PDF extraction.
[2025-09-23 13:55:34] [] - 37865 | Maurice Van daalen, 888 | (no notes)
[2025-09-23 13:55:34] [] - 5505 | Kevin Van uden, Bobcasino | [] Case calculated / Files uploaded (Source: webhook).
[2025-09-23 13:55:34] Lead was moved to next stage in NL pipeline
[2025-09-23 13:55:34] Amount is below 1000 EUR
[2025-09-23 13:55:34] [] - 5507 | Kevin Van uden, Crazy Fox | [] Case could not be calculated: errors found
[2025-09-23 13:55:34] The case still has errors and could not be calculated.
[2025-09-23 13:55:34] [] Case calculated / Files uploaded (Source: webhook).
[2025-09-23 13:55:34] Lead was moved to next stage in NL pipeline
[2025-09-23 13:55:34] [] - 25362 | Benjamin Oderkerk, Krooncasino | [] Error processing file
[2025-09-23 13:55:34] Error loading sheets from database
[2025-09-23 13:55:34] No column of '['Amount']' found in table (Pre) Deposits with columns ['Date', 'AMOUNT / EUROCENTS', 'STATUS', 'SUBSTATUS', 'sheet_name', 'TA_Source', 'DATA_Source', 'row_type', 'is_relevant', 'ExchangeRate'].
[2025-09-23 13:55:34] Traceback (most recent call last):
[2025-09-23 13:55:34] File &quot;/usr/src/app/gt_process_automatisation/scripts/casino_scripts/CAS23a_calculate_client_activecampaign.py&quot;, line 193, in calculate_client
[2025-09-23 13:55:34] reader = get_file_reader(folder, file, zoho_client=db_lead, limitation_period=limitation_period).do_calculation(recalculate=recalculate)
[2025-09-23 13:55:34] ^^^^^^^^^^^^^^^^^^^^^^^^^^^^^^^^^^^^^^^^^^^^^^^^^^^^^^^^^^^^^^^^^^^^^^^^^^^^^^^^^^^^^^^^^^^^^^^^^^^^^^^^^^^^^^^^^^^^^^^^^^^^^^^
[2025-09-23 13:55:34] File &quot;/usr/src/app/casino/extraction/excel/excel_extraction.py&quot;, line 248, in do_calculation
[2025-09-23 13:55:34] sheet_object.normalize_amounts()
[2025-09-23 13:55:34] File &quot;/usr/src/app/casino/models.py&quot;, line 2119, in normalize_amounts
[2025-09-23 13:55:34] check_normalizing_config(normalize_original_amount, df.columns.tolist())
[2025-09-23 13:55:34] File &quot;/usr/src/app/casino/models.py&quot;, line 2110, in check_normalizing_config
[2025-09-23 13:55:34] assert any([col in df_columns for col in
[2025-09-23 13:55:34] ^^^^^^^^^^^^^^^^^^^^^^^^^^^^^^^^^
[2025-09-23 13:55:34] AssertionError: No column of '['Amount']' found in table (Pre) Deposits with columns ['Date', 'AMOUNT / EUROCENTS', 'STATUS', 'SUBSTATUS', 'sheet_name', 'TA_Source', 'DATA_Source', 'row_type', 'is_relevant', 'ExchangeRate'].
[2025-09-23 13:55:34] [] Calculation failed for: 25362 due to calculation error
[2025-09-23 13:55:34] [] - 28066 | Jelle Veenvliet, 888 | [] Opponent 'ProviderConfig[DB](name=Virtual Digital Services Ltd)' not supported for calculations
[2025-09-23 13:55:34] Provider not supported. Please calculate manually.
[2025-09-23 13:55:34] [] Calculation failed for: 28066 due to calculation error
[2025-09-23 13:55:34] [] - 5636 | Daniel Coen, King Billy | [] Case calculated / Files uploaded (Source: webhook).
[2025-09-23 13:55:34] Lead was moved to next stage in NL pipeline
[2025-09-23 13:55:34] [] - 15068 | Kursad Budak, Spinia | [] The same request has been submitted again.
[2025-09-23 13:55:34] [] Case calculated / Files uploaded (Source: webhook).
[2025-09-23 13:55:34] Lead was moved to next stage in NL pipeline
[2025-09-23 13:55:34] [] - 15690 | Mirwais Sefati, One Casino | [] Opponent 'ProviderConfig[DB](name=One Casino Limited)' not supported for calculations
[2025-09-23 13:55:34] Provider not supported. Please calculate manually.
[2025-09-23 13:55:34] [] Calculation failed for: 15690 due to calculation error
[2025-09-23 13:55:34] [] - 29951 | Lukasz Władysław Bogusz Bogusz, One Casino | [] Opponent 'ProviderConfig[DB](name=One Casino Limited)' not supported for calculations
[2025-09-23 13:55:34] Provider not supported. Please calculate manually.
[2025-09-23 13:55:34] [] Calculation failed for: 29951 due to calculation error
[2025-09-23 13:55:35] [] - 29952 | Lukasz Władysław Bogusz Bogusz, Rizk | [] Lead has no GamblingProvider. Please add a Opponent.
[2025-09-23 13:55:35] [] Calculation failed for: 29952 due to calculation error
[2025-09-23 13:55:35] [] Case calculated / Files uploaded (Source: webhook).
[2025-09-23 13:55:35] Lead was moved to next stage in NL pipeline
[2025-09-23 13:55:35] [] - 40804 | Daan Pouw, MasonSlots | [] Case calculated / Files uploaded (Source: webhook).
[2025-09-23 13:55:35] Lead was moved to next stage in NL pipeline
[2025-09-23 13:55:35] [] - 2528 | Jacobus Petrus (Sjaak) Bijman, 888 | [] Opponent 'ProviderConfig[DB](name=Virtual Digital Services Ltd)' not supported for calculations
[2025-09-23 13:55:35] Provider not supported. Please calculate manually.
[2025-09-23 13:55:35] [] Calculation failed for: 2528 due to calculation error
[2025-09-23 13:55:35] [] - 4058 | Rick van Beuningen, 888 | [] Opponent 'ProviderConfig[DB](name=Virtual Digital Services Ltd)' not supported for calculations
[2025-09-23 13:55:35] Provider not supported. Please calculate manually.
[2025-09-23 13:55:35] [] Calculation failed for: 4058 due to calculation error
[2025-09-23 13:55:35] [] Can not calculate. Unconverted pdf files are present: TA_888.pdf
[2025-09-23 13:55:35] [] Calculation failed for: 4058 due to calculation error
[2025-09-23 13:55:35] [] Can not calculate. Unconverted pdf files are present: TA_888.pdf
[2025-09-23 13:55:35] [] Calculation failed for: 4058 due to calculation error
[2025-09-23 13:55:35] [] - 4062 | Rick van Beuningen, LeoVegas | [] Case calculated / Files uploaded (Source: webhook).
[2025-09-23 13:55:35] Lead was moved to next stage in NL pipeline
[2025-09-23 13:55:35] [] - 5571 | Roy Timmermans, Bobcasino | (no notes)
[2025-09-23 13:55:35] [] - 6565 | Bertus Stik, PokerStars | [] No data found in the files
[2025-09-23 13:55:35] No data was found in the files by the script.
[2025-09-23 13:55:35] Please check the files.
[2025-09-23 13:55:35] [] HTML-encoded XLS documents and manually adjusted replacements will be uploaded.
[2025-09-23 13:55:35] [] The data from the original documents are not normalized. The script can not calculate them.
[2025-09-23 13:55:35] [] TA_Pokerstars requested via outlook (info@goldenstein.nl) - data in Sharepoint seems invalid /corrupted
[2025-09-23 13:55:35] [] Error processing file
[2025-09-23 13:55:35] Error loading sheets from database
[2025-09-23 13:55:35] Amount format is not consistent in column Amount
[2025-09-23 13:55:35] Traceback (most recent call last):
[2025-09-23 13:55:35] File &quot;/usr/src/app/gt_process_automatisation/scripts/casino_scripts/CAS23a_calculate_client_activecampaign.py&quot;, line 213, in calculate_client
[2025-09-23 13:55:35] reader = get_file_reader(folder, file, zoho_client=db_lead, limitation_period=limitation_period).do_calculation(recalculate=recalculate)
[2025-09-23 13:55:35] ^^^^^^^^^^^^^^^^^^^^^^^^^^^^^^^^^^^^^^^^^^^^^^^^^^^^^^^^^^^^^^^^^^^^^^^^^^^^^^^^^^^^^^^^^^^^^^^^^^^^^^^^^^^^^^^^^^^^^^^^^^^^^^^
[2025-09-23 13:55:35] File &quot;/usr/src/app/casino/extraction/excel/excel_extraction.py&quot;, line 213, in do_calculation
[2025-09-23 13:55:35] sheet_object.string_to_float()
[2025-09-23 13:55:35] File &quot;/usr/src/app/casino/models.py&quot;, line 1893, in string_to_float
[2025-09-23 13:55:35] df = string_to_float(df, config.amount_columns, config.amount_format)
[2025-09-23 13:55:35] ^^^^^^^^^^^^^^^^^^^^^^^^^^^^^^^^^^^^^^^^^^^^^^^^^^^^^^^^^^^^^^^^
[2025-09-23 13:55:35] File &quot;/usr/src/app/casino/extraction/cleaning/amounts.py&quot;, line 39, in string_to_float
[2025-09-23 13:55:35] raise ValueError(f&quot;Amount format is not consistent in column {amount_column}&quot;)
[2025-09-23 13:55:35] ValueError: Amount format is not consistent in column Amount
[2025-09-23 13:55:35] [] Calculation failed for: 6565 due to calculation error
[2025-09-23 13:55:35] [] Error processing file
[2025-09-23 13:55:35] Error loading sheets from database
[2025-09-23 13:55:35] Amount format is not consistent in column Amount
[2025-09-23 13:55:35] Traceback (most recent call last):
[2025-09-23 13:55:35] File &quot;/usr/src/app/gt_process_automatisation/scripts/casino_scripts/CAS23a_calculate_client_activecampaign.py&quot;, line 213, in calculate_client
[2025-09-23 13:55:35] reader = get_file_reader(folder, file, zoho_client=db_lead, limitation_period=limitation_period).do_calculation(recalculate=recalculate)
[2025-09-23 13:55:35] ^^^^^^^^^^^^^^^^^^^^^^^^^^^^^^^^^^^^^^^^^^^^^^^^^^^^^^^^^^^^^^^^^^^^^^^^^^^^^^^^^^^^^^^^^^^^^^^^^^^^^^^^^^^^^^^^^^^^^^^^^^^^^^^
[2025-09-23 13:55:35] File &quot;/usr/src/app/casino/extraction/excel/excel_extraction.py&quot;, line 213, in do_calculation
[2025-09-23 13:55:35] sheet_object.string_to_float()
[2025-09-23 13:55:35] File &quot;/usr/src/app/casino/models.py&quot;, line 1893, in string_to_float
[2025-09-23 13:55:36] df = string_to_float(df, config.amount_columns, config.amount_format)
[2025-09-23 13:55:36] ^^^^^^^^^^^^^^^^^^^^^^^^^^^^^^^^^^^^^^^^^^^^^^^^^^^^^^^^^^^^^^^^
[2025-09-23 13:55:36] File &quot;/usr/src/app/casino/extraction/cleaning/amounts.py&quot;, line 39, in string_to_float
[2025-09-23 13:55:36] raise ValueError(f&quot;Amount format is not consistent in column {amount_column}&quot;)
[2025-09-23 13:55:36] ValueError: Amount format is not consistent in column Amount
[2025-09-23 13:55:36] [] Calculation failed for: 6565 due to calculation error
[2025-09-23 13:55:36] [] Error processing file
[2025-09-23 13:55:36] Error loading sheets from database
[2025-09-23 13:55:36] Amount format is not consistent in column Amount
[2025-09-23 13:55:36] Traceback (most recent call last):
[2025-09-23 13:55:36] File &quot;/usr/src/app/gt_process_automatisation/scripts/casino_scripts/CAS23a_calculate_client_activecampaign.py&quot;, line 213, in calculate_client
[2025-09-23 13:55:36] reader = get_file_reader(folder, file, zoho_client=db_lead, limitation_period=limitation_period).do_calculation(recalculate=recalculate)
[2025-09-23 13:55:36] ^^^^^^^^^^^^^^^^^^^^^^^^^^^^^^^^^^^^^^^^^^^^^^^^^^^^^^^^^^^^^^^^^^^^^^^^^^^^^^^^^^^^^^^^^^^^^^^^^^^^^^^^^^^^^^^^^^^^^^^^^^^^^^^
[2025-09-23 13:55:36] File &quot;/usr/src/app/casino/extraction/excel/excel_extraction.py&quot;, line 213, in do_calculation
[2025-09-23 13:55:36] sheet_object.string_to_float()
[2025-09-23 13:55:36] File &quot;/usr/src/app/casino/models.py&quot;, line 1893, in string_to_float
[2025-09-23 13:55:36] df = string_to_float(df, config.amount_columns, config.amount_format)
[2025-09-23 13:55:36] ^^^^^^^^^^^^^^^^^^^^^^^^^^^^^^^^^^^^^^^^^^^^^^^^^^^^^^^^^^^^^^^^
[2025-09-23 13:55:36] File &quot;/usr/src/app/casino/extraction/cleaning/amounts.py&quot;, line 39, in string_to_float
[2025-09-23 13:55:36] raise ValueError(f&quot;Amount format is not consistent in column {amount_column}&quot;)
[2025-09-23 13:55:36] ValueError: Amount format is not consistent in column Amount
[2025-09-23 13:55:36] [] Calculation failed for: 6565 due to calculation error
[2025-09-23 13:55:36] [] Error processing file
[2025-09-23 13:55:36] Error loading sheets from database
[2025-09-23 13:55:36] Amount format is not consistent in column Amount
[2025-09-23 13:55:36] Traceback (most recent call last):
[2025-09-23 13:55:36] File &quot;/usr/src/app/gt_process_automatisation/scripts/casino_scripts/CAS23a_calculate_client_activecampaign.py&quot;, line 213, in calculate_client
[2025-09-23 13:55:36] reader = get_file_reader(folder, file, zoho_client=db_lead, limitation_period=limitation_period).do_calculation(recalculate=recalculate)
[2025-09-23 13:55:36] ^^^^^^^^^^^^^^^^^^^^^^^^^^^^^^^^^^^^^^^^^^^^^^^^^^^^^^^^^^^^^^^^^^^^^^^^^^^^^^^^^^^^^^^^^^^^^^^^^^^^^^^^^^^^^^^^^^^^^^^^^^^^^^^
[2025-09-23 13:55:36] File &quot;/usr/src/app/casino/extraction/excel/excel_extraction.py&quot;, line 213, in do_calculation
[2025-09-23 13:55:36] sheet_object.string_to_float()
[2025-09-23 13:55:36] File &quot;/usr/src/app/casino/models.py&quot;, line 1893, in string_to_float
[2025-09-23 13:55:36] df = string_to_float(df, config.amount_columns, config.amount_format)
[2025-09-23 13:55:36] ^^^^^^^^^^^^^^^^^^^^^^^^^^^^^^^^^^^^^^^^^^^^^^^^^^^^^^^^^^^^^^^^
[2025-09-23 13:55:36] File &quot;/usr/src/app/casino/extraction/cleaning/amounts.py&quot;, line 39, in string_to_float
[2025-09-23 13:55:36] raise ValueError(f&quot;Amount format is not consistent in column {amount_column}&quot;)
[2025-09-23 13:55:36] ValueError: Amount format is not consistent in column Amount
[2025-09-23 13:55:36] [] Calculation failed for: 6565 due to calculation error
[2025-09-23 13:55:36] [] Error processing file
[2025-09-23 13:55:36] Error loading sheets from database
[2025-09-23 13:55:36] Amount format is not consistent in column Amount
[2025-09-23 13:55:36] Traceback (most recent call last):
[2025-09-23 13:55:36] File &quot;/usr/src/app/gt_process_automatisation/scripts/casino_scripts/CAS23a_calculate_client_activecampaign.py&quot;, line 213, in calculate_client
[2025-09-23 13:55:36] reader = get_file_reader(folder, file, zoho_client=db_lead, limitation_period=limitation_period).do_calculation(recalculate=recalculate)
[2025-09-23 13:55:36] ^^^^^^^^^^^^^^^^^^^^^^^^^^^^^^^^^^^^^^^^^^^^^^^^^^^^^^^^^^^^^^^^^^^^^^^^^^^^^^^^^^^^^^^^^^^^^^^^^^^^^^^^^^^^^^^^^^^^^^^^^^^^^^^
[2025-09-23 13:55:36] File &quot;/usr/src/app/casino/extraction/excel/excel_extraction.py&quot;, line 213, in do_calculation
[2025-09-23 13:55:36] sheet_object.string_to_float()
[2025-09-23 13:55:36] File &quot;/usr/src/app/casino/models.py&quot;, line 1893, in string_to_float
[2025-09-23 13:55:36] df = string_to_float(df, config.amount_columns, config.amount_format)
[2025-09-23 13:55:36] ^^^^^^^^^^^^^^^^^^^^^^^^^^^^^^^^^^^^^^^^^^^^^^^^^^^^^^^^^^^^^^^^
[2025-09-23 13:55:37] File &quot;/usr/src/app/casino/extraction/cleaning/amounts.py&quot;, line 39, in string_to_float
[2025-09-23 13:55:37] raise ValueError(f&quot;Amount format is not consistent in column {amount_column}&quot;)
[2025-09-23 13:55:37] ValueError: Amount format is not consistent in column Amount
[2025-09-23 13:55:37] [] Calculation failed for: 6565 due to calculation error
[2025-09-23 13:55:37] [] - 7175 | Gok Gulveli, Bobcasino | [] Case calculated / Files uploaded (Source: webhook).
[2025-09-23 13:55:37] Lead was moved to next stage in NL pipeline
[2025-09-23 13:55:37] [] - 9698 | Jordy Degeling, LeoVegas | [] Can not calculate. Unconverted pdf files are present: TA_Leovegas Jordy Degeling.pdf
[2025-09-23 13:55:37] [] Calculation failed for: 9698 due to calculation error
[2025-09-23 13:55:37] [] Can not calculate. Unconverted pdf files are present: TA_Leovegas Jordy Degeling.pdf
[2025-09-23 13:55:37] [] Calculation failed for: 9698 due to calculation error
[2025-09-23 13:55:37] [] Case calculated / Files uploaded (Source: webhook).
[2025-09-23 13:55:37] Lead was moved to next stage in NL pipeline
[2025-09-23 13:55:37] [] - 11789 | Gijsbert Dompeling, William Hill | [] Opponent 'ProviderConfig[DB](name=WHG (International) Ltd)' not supported for calculations
[2025-09-23 13:55:37] Provider not supported. Please calculate manually.
[2025-09-23 13:55:37] [] - 24744 | Sebastiaan van der Meulen, Royal Panda | [] Case calculated / Files uploaded (Source: webhook).
[2025-09-23 13:55:37] Lead was moved to next stage in NL pipeline
[2025-09-23 13:55:37] [] - 32235 | Mohamed Essaghir, MasonSlots | [] Case calculated / Files uploaded (Source: webhook).
[2025-09-23 13:55:37] Lead was moved to next stage in NL pipeline
[2025-09-23 13:55:37] [] - 2576 | Brian Molema, Cookie Casino | [] Case calculated / Files uploaded (Source: webhook).
[2025-09-23 13:55:37] Lead was moved to next stage in NL pipeline
[2025-09-23 13:55:37] [] - 3026 | Van den Berg Robin, Maneki | [] Case calculated / Files uploaded (Source: webhook).
[2025-09-23 13:55:37] Lead was moved to next stage in NL pipeline
[2025-09-23 13:55:37] [] - 3990 | Weustenraad Joris, LeoVegas | [] Provider not found in the config table. Please check the provider name or if a configuration needs to be added.
[2025-09-23 13:55:37] [] Case calculated / Files uploaded (Source: webhook).
[2025-09-23 13:55:37] Lead was moved to next stage in NL pipeline
[2025-09-23 13:55:37] [] - 6720 | Christian Hokse, Dreamz | [] No data found in the files
[2025-09-23 13:55:37] No data was found in the files by the script.
[2025-09-23 13:55:37] Please check the files.
[2025-09-23 13:55:37] [] - 8059 | Franklin Leurs Leurs, Evospin | [] Case calculated / Files uploaded (Source: webhook).
[2025-09-23 13:55:37] Lead was moved to next stage in NL pipeline
[2025-09-23 13:55:37] Amount is below 1000 EUR
[2025-09-23 13:55:37] [] - 8076 | Franklin Leurs Leurs, Pino Casino | [] Document only has one pending entry in the transaction, calculation is not possible.
[2025-09-23 13:55:37] [] - 8084 | Franklin Leurs Leurs, Spinia | [] Case could not be calculated: errors found
[2025-09-23 13:55:37] The case still has errors and could not be calculated.
[2025-09-23 13:55:37] [] Calculation failed for: 8084 due to internal error
[2025-09-23 13:55:37] [] Case calculated / Files uploaded (Source: webhook).
[2025-09-23 13:55:37] Lead was moved to next stage in NL pipeline
[2025-09-23 13:55:37] [] - 8376 | Meltem Erdogan Erdogan, Krooncasino | [] Case calculated / Files uploaded (Source: webhook).
[2025-09-23 13:55:37] Lead was moved to next stage in NL pipeline
[2025-09-23 13:55:37] Amount is below 1000 EUR
[2025-09-23 13:55:37] [] - 11356 | Eef Tuitert, GiooCasino | [] Case calculated / Files uploaded (Source: webhook).
[2025-09-23 13:55:37] Lead was moved to next stage in NL pipeline
[2025-09-23 13:55:37] [] - 17052 | Jordi Stoffels, MasonSlots | [] Case could not be calculated: critical errors
[2025-09-23 13:55:37] The case still has errors and could not be calculated.
[2025-09-23 13:55:37] [] - 18986 | Demy Toornstra, One Casino | [] Opponent 'ProviderConfig[DB](name=One Casino Limited)' not supported for calculations
[2025-09-23 13:55:37] Provider not supported. Please calculate manually.
[2025-09-23 13:55:37] [] - 19547 | David Hol, Betsson | [] Case could not be calculated: errors found
[2025-09-23 13:55:37] The case still has errors and could not be calculated.
[2025-09-23 13:55:37] [] - 21218 | gijs dekkers, N1 Casino | [] Case calculated / Files uploaded (Source: webhook).
[2025-09-23 13:55:38] Lead was moved to next stage in NL pipeline
[2025-09-23 13:55:38] [] - 28311 | gino spijkers, 888 | [] Opponent 'ProviderConfig[DB](name=Virtual Digital Services Ltd)' not supported for calculations
[2025-09-23 13:55:38] Provider not supported. Please calculate manually.
[2025-09-23 13:55:38] [] Calculation failed for: 28311 due to calculation error
[2025-09-23 13:55:38] [] - 29214 | Nigel Inpijn, MasonSlots | [] Case calculated / Files uploaded (Source: webhook).
[2025-09-23 13:55:38] Lead was moved to next stage in NL pipeline
[2025-09-23 13:55:38] [] The same request has been submitted again.
[2025-09-23 13:55:38] [] - 30101 | Bert Relker, LeoVegas | [] The same request has been submitted again.
[2025-09-23 13:55:38] [] Case calculated / Files uploaded (Source: webhook).
[2025-09-23 13:55:38] Lead was moved to next stage in NL pipeline
[2025-09-23 13:55:38] [] - 9866 | De Boer Martijn, Betsson | [] Case calculated / Files uploaded (Source: webhook).
[2025-09-23 13:55:38] Lead was moved to next stage in NL pipeline
[2025-09-23 13:55:38] Amount is below 1000 EUR
[2025-09-23 13:55:38] [] - 9974 | Olivier van Vliet, Krooncasino | [] Case calculated / Files uploaded (Source: webhook).
[2025-09-23 13:55:38] Lead was moved to next stage in NL pipeline
[2025-09-23 13:55:38] [] - 10044 | Robert van Popering, Mr. Green | [] Can not calculate. Unconverted pdf files are present: TA_Mr Green.pdf
[2025-09-23 13:55:38] [] Calculation failed for: 10044 due to calculation error
[2025-09-23 13:55:38] [] Detected unconverted files and starting PDF extraction.
[2025-09-23 13:55:38] [] Case calculated / Files uploaded (Source: webhook).
[2025-09-23 13:55:38] Lead was moved to next stage in NL pipeline
[2025-09-23 13:55:38] [] - 12112 | lamin sanha, Betsson | [] Case calculated / Files uploaded (Source: webhook).
[2025-09-23 13:55:38] Lead was moved to next stage in NL pipeline
[2025-09-23 13:55:38] [] - 12113 | lamin sanha, BWIN | [] Error processing file
[2025-09-23 13:55:38] Error loading sheets from database
[2025-09-23 13:55:38] No column of '['Txn Amount']' found in table Withdrawals with columns ['Date &amp; time', 'Account / credit card', 'Type', 'Client type / platform', 'Merchant / method', 'Amount', 'Status', 'sheet_name', 'TA_Source', 'DATA_Source', 'row_type', 'is_relevant', 'is_withdrawal', 'ExchangeRate'].
[2025-09-23 13:55:38] Traceback (most recent call last):
[2025-09-23 13:55:38] File &quot;/usr/src/app/gt_process_automatisation/scripts/casino_scripts/CAS23a_calculate_client_activecampaign.py&quot;, line 213, in calculate_client
[2025-09-23 13:55:38] reader = get_file_reader(folder, file, zoho_client=db_lead, limitation_period=limitation_period).do_calculation(recalculate=recalculate)
[2025-09-23 13:55:38] ^^^^^^^^^^^^^^^^^^^^^^^^^^^^^^^^^^^^^^^^^^^^^^^^^^^^^^^^^^^^^^^^^^^^^^^^^^^^^^^^^^^^^^^^^^^^^^^^^^^^^^^^^^^^^^^^^^^^^^^^^^^^^^^
[2025-09-23 13:55:38] File &quot;/usr/src/app/casino/extraction/excel/excel_extraction.py&quot;, line 248, in do_calculation
[2025-09-23 13:55:38] sheet_object.normalize_amounts()
[2025-09-23 13:55:38] File &quot;/usr/src/app/casino/models.py&quot;, line 2120, in normalize_amounts
[2025-09-23 13:55:38] check_normalizing_config(normalize_original_amount, df.columns.tolist())
[2025-09-23 13:55:38] File &quot;/usr/src/app/casino/models.py&quot;, line 2111, in check_normalizing_config
[2025-09-23 13:55:38] assert any([col in df_columns for col in
[2025-09-23 13:55:38] ^^^^^^^^^^^^^^^^^^^^^^^^^^^^^^^^^
[2025-09-23 13:55:38] AssertionError: No column of '['Txn Amount']' found in table Withdrawals with columns ['Date &amp; time', 'Account / credit card', 'Type', 'Client type / platform', 'Merchant / method', 'Amount', 'Status', 'sheet_name', 'TA_Source', 'DATA_Source', 'row_type', 'is_relevant', 'is_withdrawal', 'ExchangeRate'].
[2025-09-23 13:55:38] [] Calculation failed for: 12113 due to calculation error
[2025-09-23 13:55:38] [] Error processing file
[2025-09-23 13:55:38] Error loading sheets from database
[2025-09-23 13:55:38] No column of '['Txn Amount']' found in table Withdrawals with columns ['Date &amp; time', 'Account / credit card', 'Type', 'Client type / platform', 'Merchant / method', 'Amount', 'Status', 'sheet_name', 'TA_Source', 'DATA_Source', 'row_type', 'is_relevant', 'is_withdrawal', 'ExchangeRate'].
[2025-09-23 13:55:38] Traceback (most recent call last):
[2025-09-23 13:55:38] File &quot;/usr/src/app/gt_process_automatisation/scripts/casino_scripts/CAS23a_calculate_client_activecampaign.py&quot;, line 213, in calculate_client
[2025-09-23 13:55:38] reader = get_file_reader(folder, file, zoho_client=db_lead, limitation_period=limitation_period).do_calculation(recalculate=recalculate)
[2025-09-23 13:55:38] ^^^^^^^^^^^^^^^^^^^^^^^^^^^^^^^^^^^^^^^^^^^^^^^^^^^^^^^^^^^^^^^^^^^^^^^^^^^^^^^^^^^^^^^^^^^^^^^^^^^^^^^^^^^^^^^^^^^^^^^^^^^^^^^
[2025-09-23 13:55:38] File &quot;/usr/src/app/casino/extraction/excel/excel_extraction.py&quot;, line 248, in do_calculation
[2025-09-23 13:55:38] sheet_object.normalize_amounts()
[2025-09-23 13:55:38] File &quot;/usr/src/app/casino/models.py&quot;, line 2120, in normalize_amounts
[2025-09-23 13:55:38] check_normalizing_config(normalize_original_amount, df.columns.tolist())
[2025-09-23 13:55:38] File &quot;/usr/src/app/casino/models.py&quot;, line 2111, in check_normalizing_config
[2025-09-23 13:55:38] assert any([col in df_columns for col in
[2025-09-23 13:55:38] ^^^^^^^^^^^^^^^^^^^^^^^^^^^^^^^^^
[2025-09-23 13:55:39] AssertionError: No column of '['Txn Amount']' found in table Withdrawals with columns ['Date &amp; time', 'Account / credit card', 'Type', 'Client type / platform', 'Merchant / method', 'Amount', 'Status', 'sheet_name', 'TA_Source', 'DATA_Source', 'row_type', 'is_relevant', 'is_withdrawal', 'ExchangeRate'].
[2025-09-23 13:55:39] [] Calculation failed for: 12113 due to calculation error
[2025-09-23 13:55:39] [] - 16251 | Rachèl Jongedijk, Betsson | [] Case calculated / Files uploaded (Source: webhook).
[2025-09-23 13:55:39] Lead was moved to next stage in NL pipeline
[2025-09-23 13:55:39] Amount is below 1000 EUR
[2025-09-23 13:55:39] [] - 16318 | Rachèl Jongedijk, N1 Casino | [] Case calculated / Files uploaded (Source: webhook).
[2025-09-23 13:55:39] Lead was moved to next stage in NL pipeline
[2025-09-23 13:55:39] [] Case calculated / Files uploaded (Source: webhook).
[2025-09-23 13:55:39] Lead was moved to next stage in NL pipeline
[2025-09-23 13:55:39] [] Case calculated / Files uploaded (Source: webhook).
[2025-09-23 13:55:39] Lead was moved to next stage in NL pipeline
[2025-09-23 13:55:39] [] - 17822 | Tessa Zuiderveld, Spinia | [] Case calculated / Files uploaded (Source: webhook).
[2025-09-23 13:55:39] Lead was moved to next stage in NL pipeline
[2025-09-23 13:55:39] [] - 20256 | Tom Veenstra, Krooncasino | [] Case calculated / Files uploaded (Source: webhook).
[2025-09-23 13:55:39] Lead was moved to next stage in NL pipeline
[2025-09-23 13:55:39] [] - 22839 | Femke Janssens, Cookie Casino | [] Case calculated / Files uploaded (Source: webhook).
[2025-09-23 13:55:39] Lead was moved to next stage in NL pipeline
[2025-09-23 13:55:39] [] - 25746 | Schoonheijm Ophra, Winny | [] Case calculated / Files uploaded (Source: webhook).
[2025-09-23 13:55:39] Lead was moved to next stage in NL pipeline
[2025-09-23 13:55:39] [] - 25816 | Tiago jorge Dia santos, Duxcasino | [] Case calculated / Files uploaded (Source: webhook).
[2025-09-23 13:55:39] Lead was moved to next stage in NL pipeline
[2025-09-23 13:55:39] [] - 26566 | Johannes Franciscus van Mierlo, Crazy Fox | [] TA_Crazyfox upload
[2025-09-23 13:55:39] [] No data found in the files
[2025-09-23 13:55:39] No data was found in the files by the script.
[2025-09-23 13:55:39] Please check the files.
[2025-09-23 13:55:39] [] Calculation failed for: 26566 due to calculation error
[2025-09-23 13:55:39] [] New N1 csv layout, need identification
[2025-09-23 13:55:39] [] No data found in the files
[2025-09-23 13:55:39] No data was found in the files by the script.
[2025-09-23 13:55:39] Please check the files.
[2025-09-23 13:55:39] [] Calculation failed for: 26566 due to calculation error
[2025-09-23 13:55:39] [] - 27330 | Thijs Opten, Avalon78 | [] Case calculated / Files uploaded (Source: webhook).
[2025-09-23 13:55:39] Lead was moved to next stage in NL pipeline
[2025-09-23 13:55:39] [] - 32048 | Tobias Horsten, LeoVegas | [] Case calculated / Files uploaded (Source: webhook).
[2025-09-23 13:55:39] Lead was moved to next stage in NL pipeline
[2025-09-23 13:55:39] [] - 37816 | Ricardo Keur, PokerStars | [] ww opgevraagd
[2025-09-23 13:55:39] [] WW opnieuw opgevraagd
[2025-09-23 13:55:39] [] Case calculated / Files uploaded (Source: webhook).
[2025-09-23 13:55:39] Lead was moved to next stage in NL pipeline
[2025-09-23 13:55:39] [] - 45549 | Lath Al-Jawrani, N1 interactive Ltd. | [] Detected unconverted files and starting PDF extraction.
[2025-09-23 13:55:39] [] Case calculated / Files uploaded (Source: webhook).
[2025-09-23 13:55:39] Lead was moved to next stage in NL pipeline
[2025-09-23 13:55:39] [] - 51743 | huseyin tercan, N1 interactive Ltd | [] Case calculated / Files uploaded (Source: webhook).
[2025-09-23 13:55:39] Lead was moved to next stage in NL pipeline
[2025-09-23 13:55:39] [] - 15575 | Aiko Vegter, Oranjecasino | [] Case calculated / Files uploaded (Source: webhook).
[2025-09-23 13:55:39] Lead was moved to next stage in NL pipeline
[2025-09-23 13:55:39] [] - 2442 | Roel Hermans, Avalon78 | [] Case calculated / Files uploaded (Source: webhook).
[2025-09-23 13:55:39] Lead was moved to next stage in NL pipeline
[2025-09-23 13:55:39] [] - 2446 | Roel Hermans, Mr. Green | [] Detected unconverted files and starting PDF extraction.
[2025-09-23 13:55:39] [] Case calculated / Files uploaded (Source: webhook).
[2025-09-23 13:55:39] Lead was moved to next stage in NL pipeline
[2025-09-23 13:55:40] [] - 2447 | Roel Hermans, Oranjecasino | [] Case could not be calculated: errors found
[2025-09-23 13:55:40] The case still has errors and could not be calculated.
[2025-09-23 13:55:40] [] Calculation failed for: 2447 due to internal error
[2025-09-23 13:55:40] [] Case calculated / Files uploaded (Source: webhook).
[2025-09-23 13:55:40] Lead was moved to next stage in NL pipeline
[2025-09-23 13:55:40] Amount is below 1.000 EUR
[2025-09-23 13:55:40] [] - 2450 | Roel Hermans, William Hill | [] Opponent 'ProviderConfig[DB](name=WHG (International) Ltd)' not supported for calculations
[2025-09-23 13:55:40] Provider not supported. Please calculate manually.
[2025-09-23 13:55:40] [] Calculation failed for: 2450 due to calculation error
[2025-09-23 13:55:40] [] - 2451 | Roel Hermans, Krooncasino | [] andere lead van betsson met alle TA's doorgezet voor berekening
[2025-09-23 13:55:40] [] Case could not be calculated: errors found
[2025-09-23 13:55:40] The case still has errors and could not be calculated.
[2025-09-23 13:55:40] [] Calculation failed for: 2451 due to internal error
[2025-09-23 13:55:40] [] Case calculated / Files uploaded (Source: webhook).
[2025-09-23 13:55:40] Lead was moved to next stage in NL pipeline
[2025-09-23 13:55:40] Amount is below than 1000 EUR
[2025-09-23 13:55:40] [] - 4822 | Wesley Kamphuis, Maneki | [] Case calculated / Files uploaded (Source: webhook).
[2025-09-23 13:55:40] Stage was changed in the meantime. Current stage: 35. Did not move to next stage.
[2025-09-23 13:55:40] Amount is below 1000 EUR
[2025-09-23 13:55:40] [] - 7171 | Mart Spijkerman, LeoVegas | [] Case calculated / Files uploaded (Source: webhook).
[2025-09-23 13:55:40] Lead was moved to next stage in NL pipeline
[2025-09-23 13:55:40] [] The same request has been submitted again.
[2025-09-23 13:55:40] [] - 13167 | Bram van Boesschoten, Spinia | [] Case calculated / Files uploaded (Source: webhook).
[2025-09-23 13:55:40] Stage was changed in the meantime. Current stage: 35. Did not move to next stage.
[2025-09-23 13:55:40] Amount is below 1000 EUR
[2025-09-23 13:55:40] [] - 13202 | Michael De vries, Duxcasino | [] Case calculated / Files uploaded (Source: webhook).
[2025-09-23 13:55:40] Stage was changed in the meantime. Current stage: 35. Did not move to next stage.
[2025-09-23 13:55:40] [] Checekd (27.02.2025)
[2025-09-23 13:55:40] [] - 13509 | Dennis Tijs, Avalon78 | [] Case calculated / Files uploaded (Source: webhook).
[2025-09-23 13:55:40] Lead was moved to next stage in NL pipeline
[2025-09-23 13:55:40] Amount is below 1000 EUR
[2025-09-23 13:55:40] [] - 15176 | Steven Tavernier, LeoVegas | [] The same request has been submitted again.
[2025-09-23 13:55:40] [] Provider not found in the config table. Please check the provider name or if a configuration needs to be added.
[2025-09-23 13:55:40] [] Case calculated / Files uploaded (Source: webhook).
[2025-09-23 13:55:40] Lead was moved to next stage in NL pipeline
[2025-09-23 13:55:40] Amount is below 1000 EUR
[2025-09-23 13:55:40] [] - 20942 | Abdoullah Bousaada, GSlot | [] Can not calculate. Unconverted pdf files are present: TA_Gslot.pdf
[2025-09-23 13:55:40] [] Calculation failed for: 20942 due to internal error
[2025-09-23 13:55:40] [] Can not calculate. Unconverted pdf files are present: TA_Gslot.pdf
[2025-09-23 13:55:40] [] Calculation failed for: 20942 due to calculation error
[2025-09-23 13:55:40] [] Detected unconverted files and starting PDF extraction.
[2025-09-23 13:55:40] [] Case calculated / Files uploaded (Source: webhook).
[2025-09-23 13:55:40] Lead was moved to next stage in NL pipeline
[2025-09-23 13:55:40] [] Case calculated / Files uploaded (Source: webhook).
[2025-09-23 13:55:40] Lead was moved to next stage in NL pipeline
[2025-09-23 13:55:40] Amount is below 1000 EUR
[2025-09-23 13:55:40] [] - 21477 | Naseer Yaqoob, Spinia | [] Case calculated / Files uploaded (Source: webhook).
[2025-09-23 13:55:40] Lead was moved to next stage in NL pipeline
[2025-09-23 13:55:40] Amount is below 1000 EUR
[2025-09-23 13:55:40] [] - 25253 | Dennis Wanders, Betsson | [] Case calculated / Files uploaded (Source: webhook).
[2025-09-23 13:55:40] Lead was moved to next stage in NL pipeline
[2025-09-23 13:55:41] [] - 25257 | Dennis Wanders, ComeOn | [] No data found in the files
[2025-09-23 13:55:41] No data was found in the files by the script.
[2025-09-23 13:55:41] Please check the files.
[2025-09-23 13:55:41] [] Calculation failed for: 25257 due to calculation error
[2025-09-23 13:55:41] [] - 30247 | Ernst-Jan Ouwersloot, Royal Panda | [] Case calculated / Files uploaded (Source: webhook).
[2025-09-23 13:55:41] Lead was moved to next stage in NL pipeline
[2025-09-23 13:55:41] [] - 48031 | Andreas Voorbraak, N1 interactive Ltd | [] Calculation failed for: 48031 due to calculation error
[2025-09-23 13:55:41] [] Calculation failed for: 48031 due to internal error
[2025-09-23 13:55:41] [] Case could not be calculated: errors found
[2025-09-23 13:55:41] The case still has errors and could not be calculated.
[2025-09-23 13:55:41] [] Calculation failed for: 48031 due to internal error
[2025-09-23 13:55:41] [] Case could not be calculated: errors found
[2025-09-23 13:55:41] The case still has errors and could not be calculated.
[2025-09-23 13:55:41] [] Calculation failed for: 48031 due to calculation error
[2025-09-23 13:55:41] [] Calculation failed for: 48031 due to calculation error
[2025-09-23 13:55:41] [] Calculation failed for: 48031 due to calculation error
[2025-09-23 13:55:41] [] Calculation failed for: 48031 due to calculation error
[2025-09-23 13:55:41] [] Calculation failed for: 48031 due to calculation error
[2025-09-23 13:55:41] [] Calculation failed for: 48031 due to calculation error
[2025-09-23 13:55:41] [] Calculation failed for: 48031 due to calculation error
[2025-09-23 13:55:41] [] Calculation failed for: 48031 due to calculation error
[2025-09-23 13:55:41] [] Calculation failed for: 48031 due to internal error
[2025-09-23 13:55:41] [] Calculation failed for: 48031 due to calculation error
[2025-09-23 13:55:41] [] Calculation failed for: 48031 due to calculation error
[2025-09-23 13:55:41] [] Calculation failed for: 48031 due to calculation error
[2025-09-23 13:55:41] [] Calculation failed for: 48031 due to calculation error
[2025-09-23 13:55:41] [] Calculation failed for: 48031 due to calculation error
[2025-09-23 13:55:41] [] Calculation failed for: 48031 due to calculation error
[2025-09-23 13:55:41] [] Calculation failed for: 48031 due to calculation error
[2025-09-23 13:55:41] [] Calculation failed for: 48031 due to calculation error
[2025-09-23 13:55:41] [] Calculation failed for: 48031 due to calculation error
[2025-09-23 13:55:41] [] Calculation failed for: 48031 due to calculation error
[2025-09-23 13:55:41] [] Calculation failed for: 48031 due to internal error
[2025-09-23 13:55:41] [] Calculation failed for: 48031 due to calculation error
[2025-09-23 13:55:41] [] Case could not be calculated: errors found
[2025-09-23 13:55:41] The case still has errors and could not be calculated.
[2025-09-23 13:55:41] [] Calculation failed for: 48031 due to calculation error
[2025-09-23 13:55:41] [] Calculation failed for: 48031 due to calculation error
[2025-09-23 13:55:41] [] Calculation failed for: 48031 due to internal error
[2025-09-23 13:55:41] [] Calculation failed for: 48031 due to internal error
[2025-09-23 13:55:41] [] Calculation failed for: 48031 due to internal error
[2025-09-23 13:55:41] [] Calculation failed for: 48031 due to calculation error
[2025-09-23 13:55:41] [] Calculation failed for: 48031 due to calculation error
[2025-09-23 13:55:41] [] Calculation failed for: 48031 due to internal error
[2025-09-23 13:55:41] [] Calculation failed for: 48031 due to calculation error
[2025-09-23 13:55:41] [] Calculation failed for: 48031 due to calculation error
[2025-09-23 13:55:41] [] Calculation failed for: 48031 due to internal error
[2025-09-23 13:55:41] [] Calculation failed for: 48031 due to calculation error
[2025-09-23 13:55:41] [] Calculation failed for: 48031 due to internal error
[2025-09-23 13:55:41] [] Calculation failed for: 48031 due to internal error
[2025-09-23 13:55:41] [] Calculation failed for: 48031 due to internal error
[2025-09-23 13:55:41] [] Calculation failed for: 48031 due to internal error
[2025-09-23 13:55:41] [] Calculation failed for: 48031 due to calculation error
[2025-09-23 13:55:42] [] Calculation failed for: 48031 due to calculation error
[2025-09-23 13:55:42] [] Calculation failed for: 48031 due to internal error
[2025-09-23 13:55:42] [] Calculation failed for: 48031 due to calculation error
[2025-09-23 13:55:42] [] Calculation failed for: 48031 due to internal error
[2025-09-23 13:55:42] [] Calculation failed for: 48031 due to internal error
[2025-09-23 13:55:42] [] Calculation failed for: 48031 due to internal error
[2025-09-23 13:55:42] [] Calculation failed for: 48031 due to internal error
[2025-09-23 13:55:42] [] Calculation failed for: 48031 due to internal error
[2025-09-23 13:55:42] [] Calculation failed for: 48031 due to calculation error
[2025-09-23 13:55:42] [] Calculation failed for: 48031 due to internal error
[2025-09-23 13:55:42] [] Calculation failed for: 48031 due to calculation error
[2025-09-23 13:55:42] [] Calculation failed for: 48031 due to calculation error
[2025-09-23 13:55:42] [] Calculation failed for: 48031 due to calculation error
[2025-09-23 13:55:42] [] Calculation failed for: 48031 due to calculation error
[2025-09-23 13:55:42] [] Calculation failed for: 48031 due to calculation error
[2025-09-23 13:55:42] [] Calculation failed for: 48031 due to calculation error
[2025-09-23 13:55:42] [] Calculation failed for: 48031 due to internal error
[2025-09-23 13:55:42] [] Calculation failed for: 48031 due to calculation error
[2025-09-23 13:55:42] [] Calculation failed for: 48031 due to internal error
[2025-09-23 13:55:42] [] Case could not be calculated: errors found
[2025-09-23 13:55:42] The case still has errors and could not be calculated.
[2025-09-23 13:55:42] [] Calculation failed for: 48031 due to internal error
[2025-09-23 13:55:42] [] Calculation failed for: 48031 due to calculation error
[2025-09-23 13:55:42] [] Calculation failed for: 48031 due to calculation error
[2025-09-23 13:55:42] [] Calculation failed for: 48031 due to internal error
[2025-09-23 13:55:42] [] Case could not be calculated: errors found
[2025-09-23 13:55:42] The case still has errors and could not be calculated.
[2025-09-23 13:55:42] [] Calculation failed for: 48031 due to calculation error
[2025-09-23 13:55:42] [] Calculation failed for: 48031 due to calculation error
[2025-09-23 13:55:42] [] Calculation failed for: 48031 due to calculation error
[2025-09-23 13:55:42] [] Calculation failed for: 48031 due to internal error
[2025-09-23 13:55:42] [] Case could not be calculated: errors found
[2025-09-23 13:55:42] The case still has errors and could not be calculated.
[2025-09-23 13:55:42] [] Calculation failed for: 48031 due to calculation error
[2025-09-23 13:55:42] [] Calculation failed for: 48031 due to calculation error
[2025-09-23 13:55:42] [] Calculation failed for: 48031 due to internal error
[2025-09-23 13:55:42] [] Calculation failed for: 48031 due to calculation error
[2025-09-23 13:55:42] [] Calculation failed for: 48031 due to calculation error
[2025-09-23 13:55:42] [] Calculation failed for: 48031 due to calculation error
[2025-09-23 13:55:42] [] Calculation failed for: 48031 due to calculation error
[2025-09-23 13:55:42] [] Calculation failed for: 48031 due to calculation error
[2025-09-23 13:55:42] [] Calculation failed for: 48031 due to calculation error
[2025-09-23 13:55:42] [] Calculation failed for: 48031 due to calculation error
[2025-09-23 13:55:42] [] Calculation failed for: 48031 due to calculation error
[2025-09-23 13:55:42] [] Calculation failed for: 48031 due to calculation error
[2025-09-23 13:55:42] [] Calculation failed for: 48031 due to calculation error
[2025-09-23 13:55:42] [] Calculation failed for: 48031 due to calculation error
[2025-09-23 13:55:42] [] Calculation failed for: 48031 due to calculation error
[2025-09-23 13:55:42] [] Calculation failed for: 48031 due to internal error
[2025-09-23 13:55:42] [] Calculation failed for: 48031 due to calculation error
[2025-09-23 13:55:42] [] Calculation failed for: 48031 due to calculation error
[2025-09-23 13:55:42] [] Calculation failed for: 48031 due to calculation error
[2025-09-23 13:55:43] [] Calculation failed for: 48031 due to calculation error
[2025-09-23 13:55:43] [] Calculation failed for: 48031 due to calculation error
[2025-09-23 13:55:43] [] Calculation failed for: 48031 due to calculation error
[2025-09-23 13:55:43] [] Calculation failed for: 48031 due to calculation error
[2025-09-23 13:55:43] [] Case could not be calculated: errors found
[2025-09-23 13:55:43] The case still has errors and could not be calculated.
[2025-09-23 13:55:43] [] Calculation failed for: 48031 due to calculation error
[2025-09-23 13:55:43] [] Calculation failed for: 48031 due to calculation error
[2025-09-23 13:55:43] [] Calculation failed for: 48031 due to calculation error
[2025-09-23 13:55:43] [] Calculation failed for: 48031 due to calculation error
[2025-09-23 13:55:43] [] Calculation failed for: 48031 due to calculation error
[2025-09-23 13:55:43] [] Case could not be calculated: errors found
[2025-09-23 13:55:43] The case still has errors and could not be calculated.
[2025-09-23 13:55:43] [] Calculation failed for: 48031 due to calculation error
[2025-09-23 13:55:43] [] Calculation failed for: 48031 due to calculation error
[2025-09-23 13:55:43] [] Calculation failed for: 48031 due to calculation error
[2025-09-23 13:55:43] [] Calculation failed for: 48031 due to calculation error
[2025-09-23 13:55:43] [] Calculation failed for: 48031 due to calculation error
[2025-09-23 13:55:43] [] Calculation failed for: 48031 due to calculation error
[2025-09-23 13:55:43] [] Calculation failed for: 48031 due to calculation error
[2025-09-23 13:55:43] [] Calculation failed for: 48031 due to calculation error
[2025-09-23 13:55:43] [] Calculation failed for: 48031 due to calculation error
[2025-09-23 13:55:43] [] Calculation failed for: 48031 due to calculation error
[2025-09-23 13:55:43] [] Calculation failed for: 48031 due to calculation error
[2025-09-23 13:55:43] [] Calculation failed for: 48031 due to calculation error
[2025-09-23 13:55:43] [] Calculation failed for: 48031 due to calculation error
[2025-09-23 13:55:43] [] Calculation failed for: 48031 due to calculation error
[2025-09-23 13:55:43] [] Calculation failed for: 48031 due to calculation error
[2025-09-23 13:55:43] [] Calculation failed for: 48031 due to calculation error
[2025-09-23 13:55:43] [] Calculation failed for: 48031 due to calculation error
[2025-09-23 13:55:43] [] Calculation failed for: 48031 due to calculation error
[2025-09-23 13:55:43] [] Calculation failed for: 48031 due to calculation error
[2025-09-23 13:55:43] [] Calculation failed for: 48031 due to calculation error
[2025-09-23 13:55:43] [] Calculation failed for: 48031 due to calculation error
[2025-09-23 13:55:43] [] Calculation failed for: 48031 due to calculation error
[2025-09-23 13:55:43] [] Calculation failed for: 48031 due to calculation error
[2025-09-23 13:55:43] [] Calculation failed for: 48031 due to calculation error
[2025-09-23 13:55:43] [] Calculation failed for: 48031 due to calculation error
[2025-09-23 13:55:43] [] Calculation failed for: 48031 due to calculation error
[2025-09-23 13:55:43] [] Calculation failed for: 48031 due to calculation error
[2025-09-23 13:55:43] [] Calculation failed for: 48031 due to calculation error
[2025-09-23 13:55:43] [] Calculation failed for: 48031 due to calculation error
[2025-09-23 13:55:43] [] Calculation failed for: 48031 due to calculation error
[2025-09-23 13:55:43] [] Calculation failed for: 48031 due to calculation error
[2025-09-23 13:55:43] [] Calculation failed for: 48031 due to calculation error
[2025-09-23 13:55:43] [] Calculation failed for: 48031 due to calculation error
[2025-09-23 13:55:43] [] Calculation failed for: 48031 due to calculation error
[2025-09-23 13:55:43] [] Calculation failed for: 48031 due to calculation error
[2025-09-23 13:55:43] [] Calculation failed for: 48031 due to calculation error
[2025-09-23 13:55:43] [] Calculation failed for: 48031 due to calculation error
[2025-09-23 13:55:43] [] Calculation failed for: 48031 due to calculation error
[2025-09-23 13:55:43] [] Calculation failed for: 48031 due to calculation error
[2025-09-23 13:55:43] [] Calculation failed for: 48031 due to calculation error
[2025-09-23 13:55:43] [] Calculation failed for: 48031 due to calculation error
[2025-09-23 13:55:44] [] Calculation failed for: 48031 due to calculation error
[2025-09-23 13:55:44] [] Calculation failed for: 48031 due to calculation error
[2025-09-23 13:55:44] [] Calculation failed for: 48031 due to calculation error
[2025-09-23 13:55:44] [] Calculation failed for: 48031 due to calculation error
[2025-09-23 13:55:44] [] Calculation failed for: 48031 due to calculation error
[2025-09-23 13:55:44] [] Calculation failed for: 48031 due to calculation error
[2025-09-23 13:55:44] [] Calculation failed for: 48031 due to calculation error
[2025-09-23 13:55:44] [] Calculation failed for: 48031 due to calculation error
[2025-09-23 13:55:44] [] Calculation failed for: 48031 due to calculation error
[2025-09-23 13:55:44] [] Calculation failed for: 48031 due to calculation error
[2025-09-23 13:55:44] [] Calculation failed for: 48031 due to calculation error
[2025-09-23 13:55:44] [] Calculation failed for: 48031 due to calculation error
[2025-09-23 13:55:44] [] Calculation failed for: 48031 due to calculation error
[2025-09-23 13:55:44] [] Calculation failed for: 48031 due to calculation error
[2025-09-23 13:55:44] [] Calculation failed for: 48031 due to calculation error
[2025-09-23 13:55:44] [] Calculation failed for: 48031 due to calculation error
[2025-09-23 13:55:44] [] Calculation failed for: 48031 due to calculation error
[2025-09-23 13:55:44] [] Case could not be calculated: errors found
[2025-09-23 13:55:44] The case still has errors and could not be calculated.
[2025-09-23 13:55:44] [] Calculation failed for: 48031 due to calculation error
[2025-09-23 13:55:44] [] Calculation failed for: 48031 due to calculation error
[2025-09-23 13:55:44] [] Calculation failed for: 48031 due to calculation error
[2025-09-23 13:55:44] [] Calculation failed for: 48031 due to calculation error
[2025-09-23 13:55:44] [] Calculation failed for: 48031 due to calculation error
[2025-09-23 13:55:44] [] Calculation failed for: 48031 due to calculation error
[2025-09-23 13:55:44] [] Calculation failed for: 48031 due to calculation error
[2025-09-23 13:55:44] [] Calculation failed for: 48031 due to calculation error
[2025-09-23 13:55:44] [] Calculation failed for: 48031 due to calculation error
[2025-09-23 13:55:44] [] Calculation failed for: 48031 due to calculation error
[2025-09-23 13:55:44] [] Calculation failed for: 48031 due to calculation error
[2025-09-23 13:55:44] [] Calculation failed for: 48031 due to calculation error
[2025-09-23 13:55:44] [] Calculation failed for: 48031 due to calculation error
[2025-09-23 13:55:44] [] Calculation failed for: 48031 due to calculation error
[2025-09-23 13:55:44] [] Calculation failed for: 48031 due to calculation error
[2025-09-23 13:55:44] [] Calculation failed for: 48031 due to calculation error
[2025-09-23 13:55:44] [] Calculation failed for: 48031 due to calculation error
[2025-09-23 13:55:44] [] Calculation failed for: 48031 due to calculation error
[2025-09-23 13:55:44] [] Calculation failed for: 48031 due to calculation error
[2025-09-23 13:55:44] [] Calculation failed for: 48031 due to calculation error
[2025-09-23 13:55:44] [] Case could not be calculated: errors found
[2025-09-23 13:55:44] The case still has errors and could not be calculated.
[2025-09-23 13:55:44] [] Calculation failed for: 48031 due to calculation error
[2025-09-23 13:55:44] [] Calculation failed for: 48031 due to calculation error
[2025-09-23 13:55:44] [] Calculation failed for: 48031 due to calculation error
[2025-09-23 13:55:44] [] Calculation failed for: 48031 due to calculation error
[2025-09-23 13:55:44] [] Calculation failed for: 48031 due to calculation error
[2025-09-23 13:55:44] [] Calculation failed for: 48031 due to calculation error
[2025-09-23 13:55:44] [] Calculation failed for: 48031 due to calculation error
[2025-09-23 13:55:44] [] Calculation failed for: 48031 due to calculation error
[2025-09-23 13:55:44] [] Calculation failed for: 48031 due to calculation error
[2025-09-23 13:55:44] [] Calculation failed for: 48031 due to calculation error
[2025-09-23 13:55:44] [] Calculation failed for: 48031 due to calculation error
[2025-09-23 13:55:45] [] Calculation failed for: 48031 due to calculation error
[2025-09-23 13:55:45] [] Calculation failed for: 48031 due to calculation error
[2025-09-23 13:55:45] [] Calculation failed for: 48031 due to calculation error
[2025-09-23 13:55:45] [] Calculation failed for: 48031 due to calculation error
[2025-09-23 13:55:45] [] Calculation failed for: 48031 due to calculation error
[2025-09-23 13:55:45] [] Calculation failed for: 48031 due to calculation error
[2025-09-23 13:55:45] [] Calculation failed for: 48031 due to internal error
[2025-09-23 13:55:45] [] Calculation failed for: 48031 due to calculation error
[2025-09-23 13:55:45] [] Calculation failed for: 48031 due to calculation error
[2025-09-23 13:55:45] [] Calculation failed for: 48031 due to calculation error
[2025-09-23 13:55:45] [] Calculation failed for: 48031 due to calculation error
[2025-09-23 13:55:45] [] Calculation failed for: 48031 due to calculation error
[2025-09-23 13:55:45] [] Calculation failed for: 48031 due to calculation error
[2025-09-23 13:55:45] [] Calculation failed for: 48031 due to calculation error
[2025-09-23 13:55:45] [] Calculation failed for: 48031 due to calculation error
[2025-09-23 13:55:45] [] Calculation failed for: 48031 due to calculation error
[2025-09-23 13:55:45] [] Calculation failed for: 48031 due to calculation error
[2025-09-23 13:55:45] [] Calculation failed for: 48031 due to calculation error
[2025-09-23 13:55:45] [] Calculation failed for: 48031 due to calculation error
[2025-09-23 13:55:45] [] Calculation failed for: 48031 due to calculation error
[2025-09-23 13:55:45] [] Calculation failed for: 48031 due to calculation error
[2025-09-23 13:55:45] [] Calculation failed for: 48031 due to calculation error
[2025-09-23 13:55:45] [] Calculation failed for: 48031 due to internal error
[2025-09-23 13:55:45] [] Calculation failed for: 48031 due to calculation error
[2025-09-23 13:55:45] [] Calculation failed for: 48031 due to calculation error
[2025-09-23 13:55:45] [] Calculation failed for: 48031 due to calculation error
[2025-09-23 13:55:45] [] Calculation failed for: 48031 due to calculation error
[2025-09-23 13:55:45] [] Calculation failed for: 48031 due to calculation error
[2025-09-23 13:55:45] [] Calculation failed for: 48031 due to calculation error
[2025-09-23 13:55:45] [] Calculation failed for: 48031 due to calculation error
[2025-09-23 13:55:45] [] Calculation failed for: 48031 due to calculation error
[2025-09-23 13:55:45] [] Calculation failed for: 48031 due to internal error
[2025-09-23 13:55:45] [] Calculation failed for: 48031 due to calculation error
[2025-09-23 13:55:45] [] Calculation failed for: 48031 due to calculation error
[2025-09-23 13:55:45] [] Calculation failed for: 48031 due to calculation error
[2025-09-23 13:55:45] [] Calculation failed for: 48031 due to calculation error
[2025-09-23 13:55:45] [] Calculation failed for: 48031 due to calculation error
[2025-09-23 13:55:45] [] Calculation failed for: 48031 due to calculation error
[2025-09-23 13:55:45] [] Calculation failed for: 48031 due to internal error
[2025-09-23 13:55:45] [] Calculation failed for: 48031 due to calculation error
[2025-09-23 13:55:45] [] Calculation failed for: 48031 due to calculation error
[2025-09-23 13:55:45] [] Calculation failed for: 48031 due to calculation error
[2025-09-23 13:55:45] [] Calculation failed for: 48031 due to calculation error
[2025-09-23 13:55:45] [] Calculation failed for: 48031 due to calculation error
[2025-09-23 13:55:45] [] Calculation failed for: 48031 due to calculation error
[2025-09-23 13:55:45] [] Calculation failed for: 48031 due to calculation error
[2025-09-23 13:55:45] [] Calculation failed for: 48031 due to calculation error
[2025-09-23 13:55:45] [] Calculation failed for: 48031 due to calculation error
[2025-09-23 13:55:45] [] Calculation failed for: 48031 due to calculation error
[2025-09-23 13:55:45] [] Calculation failed for: 48031 due to calculation error
[2025-09-23 13:55:45] [] Calculation failed for: 48031 due to calculation error
[2025-09-23 13:55:45] [] Calculation failed for: 48031 due to calculation error
[2025-09-23 13:55:45] [] Calculation failed for: 48031 due to calculation error
[2025-09-23 13:55:45] [] Calculation failed for: 48031 due to calculation error
[2025-09-23 13:55:46] [] Calculation failed for: 48031 due to calculation error
[2025-09-23 13:55:46] [] Calculation failed for: 48031 due to calculation error
[2025-09-23 13:55:46] [] Calculation failed for: 48031 due to calculation error
[2025-09-23 13:55:46] [] Calculation failed for: 48031 due to calculation error
[2025-09-23 13:55:46] [] Calculation failed for: 48031 due to calculation error
[2025-09-23 13:55:46] [] Calculation failed for: 48031 due to calculation error
[2025-09-23 13:55:46] [] Calculation failed for: 48031 due to calculation error
[2025-09-23 13:55:46] [] Calculation failed for: 48031 due to calculation error
[2025-09-23 13:55:46] [] Calculation failed for: 48031 due to calculation error
[2025-09-23 13:55:46] [] Calculation failed for: 48031 due to calculation error
[2025-09-23 13:55:46] [] Calculation failed for: 48031 due to calculation error
[2025-09-23 13:55:46] [] Calculation failed for: 48031 due to calculation error
[2025-09-23 13:55:46] [] Calculation failed for: 48031 due to calculation error
[2025-09-23 13:55:46] [] Calculation failed for: 48031 due to calculation error
[2025-09-23 13:55:46] [] Calculation failed for: 48031 due to calculation error
[2025-09-23 13:55:46] [] Calculation failed for: 48031 due to calculation error
[2025-09-23 13:55:46] [] Calculation failed for: 48031 due to calculation error
[2025-09-23 13:55:46] [] Calculation failed for: 48031 due to calculation error
[2025-09-23 13:55:46] [] Calculation failed for: 48031 due to calculation error
[2025-09-23 13:55:46] [] Case could not be calculated: errors found
[2025-09-23 13:55:46] The case still has errors and could not be calculated.
[2025-09-23 13:55:46] [] Calculation failed for: 48031 due to calculation error
[2025-09-23 13:55:46] [] Calculation failed for: 48031 due to calculation error
[2025-09-23 13:55:46] [] Calculation failed for: 48031 due to calculation error
[2025-09-23 13:55:46] [] Calculation failed for: 48031 due to calculation error
[2025-09-23 13:55:46] [] Case could not be calculated: errors found
[2025-09-23 13:55:46] The case still has errors and could not be calculated.
[2025-09-23 13:55:46] [] Calculation failed for: 48031 due to calculation error
[2025-09-23 13:55:46] [] Calculation failed for: 48031 due to calculation error
[2025-09-23 13:55:46] [] Calculation failed for: 48031 due to calculation error
[2025-09-23 13:55:46] [] Calculation failed for: 48031 due to calculation error
[2025-09-23 13:55:46] [] Calculation failed for: 48031 due to calculation error
[2025-09-23 13:55:46] [] Calculation failed for: 48031 due to calculation error
[2025-09-23 13:55:46] [] Calculation failed for: 48031 due to calculation error
[2025-09-23 13:55:46] [] Calculation failed for: 48031 due to calculation error
[2025-09-23 13:55:46] [] Case could not be calculated: errors found
[2025-09-23 13:55:46] The case still has errors and could not be calculated.
[2025-09-23 13:55:46] [] Calculation failed for: 48031 due to calculation error
[2025-09-23 13:55:46] [] Calculation failed for: 48031 due to calculation error
[2025-09-23 13:55:46] [] Calculation failed for: 48031 due to calculation error
[2025-09-23 13:55:46] [] Calculation failed for: 48031 due to calculation error
[2025-09-23 13:55:46] [] Calculation failed for: 48031 due to internal error
[2025-09-23 13:55:46] [] Calculation failed for: 48031 due to calculation error
[2025-09-23 13:55:46] [] Calculation failed for: 48031 due to calculation error
[2025-09-23 13:55:46] [] Calculation failed for: 48031 due to calculation error
[2025-09-23 13:55:46] [] Calculation failed for: 48031 due to calculation error
[2025-09-23 13:55:46] [] Calculation failed for: 48031 due to calculation error
[2025-09-23 13:55:46] [] Calculation failed for: 48031 due to calculation error
[2025-09-23 13:55:46] [] Calculation failed for: 48031 due to calculation error
[2025-09-23 13:55:46] [] Calculation failed for: 48031 due to calculation error
[2025-09-23 13:55:46] [] Calculation failed for: 48031 due to calculation error
[2025-09-23 13:55:46] [] Calculation failed for: 48031 due to calculation error
[2025-09-23 13:55:46] [] Calculation failed for: 48031 due to calculation error
[2025-09-23 13:55:47] [] Calculation failed for: 48031 due to calculation error
[2025-09-23 13:55:47] [] Calculation failed for: 48031 due to calculation error
[2025-09-23 13:55:47] [] Calculation failed for: 48031 due to calculation error
[2025-09-23 13:55:47] [] Calculation failed for: 48031 due to calculation error
[2025-09-23 13:55:47] [] Calculation failed for: 48031 due to calculation error
[2025-09-23 13:55:47] [] Calculation failed for: 48031 due to calculation error
[2025-09-23 13:55:47] [] Calculation failed for: 48031 due to calculation error
[2025-09-23 13:55:47] [] Calculation failed for: 48031 due to calculation error
[2025-09-23 13:55:47] [] Calculation failed for: 48031 due to calculation error
[2025-09-23 13:55:47] [] Calculation failed for: 48031 due to calculation error
[2025-09-23 13:55:47] [] Calculation failed for: 48031 due to internal error
[2025-09-23 13:55:47] [] Calculation failed for: 48031 due to calculation error
[2025-09-23 13:55:47] [] Calculation failed for: 48031 due to calculation error
[2025-09-23 13:55:47] [] Calculation failed for: 48031 due to calculation error
[2025-09-23 13:55:47] [] Calculation failed for: 48031 due to calculation error
[2025-09-23 13:55:47] [] Case could not be calculated: errors found
[2025-09-23 13:55:47] The case still has errors and could not be calculated.
[2025-09-23 13:55:47] [] Calculation failed for: 48031 due to calculation error
[2025-09-23 13:55:47] [] Calculation failed for: 48031 due to calculation error
[2025-09-23 13:55:47] [] Calculation failed for: 48031 due to calculation error
[2025-09-23 13:55:47] [] Calculation failed for: 48031 due to calculation error
[2025-09-23 13:55:47] [] Calculation failed for: 48031 due to calculation error
[2025-09-23 13:55:47] [] Calculation failed for: 48031 due to calculation error
[2025-09-23 13:55:47] [] Calculation failed for: 48031 due to calculation error
[2025-09-23 13:55:47] [] Calculation failed for: 48031 due to calculation error
[2025-09-23 13:55:47] [] Calculation failed for: 48031 due to calculation error
[2025-09-23 13:55:47] [] Calculation failed for: 48031 due to calculation error
[2025-09-23 13:55:47] [] Calculation failed for: 48031 due to calculation error
[2025-09-23 13:55:47] [] Calculation failed for: 48031 due to calculation error
[2025-09-23 13:55:47] [] Calculation failed for: 48031 due to calculation error
[2025-09-23 13:55:47] [] Calculation failed for: 48031 due to calculation error
[2025-09-23 13:55:47] [] Calculation failed for: 48031 due to calculation error
[2025-09-23 13:55:47] [] Calculation failed for: 48031 due to calculation error
[2025-09-23 13:55:47] [] Calculation failed for: 48031 due to calculation error
[2025-09-23 13:55:47] [] Calculation failed for: 48031 due to calculation error
[2025-09-23 13:55:47] [] Calculation failed for: 48031 due to calculation error
[2025-09-23 13:55:47] [] Calculation failed for: 48031 due to calculation error
[2025-09-23 13:55:47] [] Calculation failed for: 48031 due to calculation error
[2025-09-23 13:55:47] [] Calculation failed for: 48031 due to calculation error
[2025-09-23 13:55:47] [] Calculation failed for: 48031 due to calculation error
[2025-09-23 13:55:47] [] Calculation failed for: 48031 due to internal error
[2025-09-23 13:55:47] [] Calculation failed for: 48031 due to calculation error
[2025-09-23 13:55:47] [] Calculation failed for: 48031 due to calculation error
[2025-09-23 13:55:47] [] Calculation failed for: 48031 due to calculation error
[2025-09-23 13:55:47] [] Calculation failed for: 48031 due to calculation error
[2025-09-23 13:55:47] [] Calculation failed for: 48031 due to calculation error
[2025-09-23 13:55:47] [] Case could not be calculated: errors found
[2025-09-23 13:55:47] The case still has errors and could not be calculated.
[2025-09-23 13:55:47] [] Calculation failed for: 48031 due to calculation error
[2025-09-23 13:55:47] [] Calculation failed for: 48031 due to calculation error
[2025-09-23 13:55:47] [] Calculation failed for: 48031 due to calculation error
[2025-09-23 13:55:47] [] Calculation failed for: 48031 due to calculation error
[2025-09-23 13:55:48] [] Calculation failed for: 48031 due to calculation error
[2025-09-23 13:55:48] [] Calculation failed for: 48031 due to calculation error
[2025-09-23 13:55:48] [] Calculation failed for: 48031 due to calculation error
[2025-09-23 13:55:48] [] Case could not be calculated: errors found
[2025-09-23 13:55:48] The case still has errors and could not be calculated.
[2025-09-23 13:55:48] [] Calculation failed for: 48031 due to calculation error
[2025-09-23 13:55:48] [] Case could not be calculated: errors found
[2025-09-23 13:55:48] The case still has errors and could not be calculated.
[2025-09-23 13:55:48] [] Calculation failed for: 48031 due to calculation error
[2025-09-23 13:55:48] [] Calculation failed for: 48031 due to calculation error
[2025-09-23 13:55:48] [] Calculation failed for: 48031 due to calculation error
[2025-09-23 13:55:48] [] Calculation failed for: 48031 due to calculation error
[2025-09-23 13:55:48] [] Calculation failed for: 48031 due to calculation error
[2025-09-23 13:55:48] [] Calculation failed for: 48031 due to calculation error
[2025-09-23 13:55:48] [] Calculation failed for: 48031 due to calculation error
[2025-09-23 13:55:48] [] Calculation failed for: 48031 due to internal error
[2025-09-23 13:55:48] [] Calculation failed for: 48031 due to calculation error
[2025-09-23 13:55:48] [] Calculation failed for: 48031 due to calculation error
[2025-09-23 13:55:48] [] Calculation failed for: 48031 due to calculation error
[2025-09-23 13:55:48] [] Calculation failed for: 48031 due to calculation error
[2025-09-23 13:55:48] [] Calculation failed for: 48031 due to calculation error
[2025-09-23 13:55:48] [] Calculation failed for: 48031 due to calculation error
[2025-09-23 13:55:48] [] Calculation failed for: 48031 due to calculation error
[2025-09-23 13:55:48] [] Calculation failed for: 48031 due to calculation error
[2025-09-23 13:55:48] [] Calculation failed for: 48031 due to calculation error
[2025-09-23 13:55:48] [] Calculation failed for: 48031 due to calculation error
[2025-09-23 13:55:48] [] Calculation failed for: 48031 due to calculation error
[2025-09-23 13:55:48] [] Calculation failed for: 48031 due to calculation error
[2025-09-23 13:55:48] [] Calculation failed for: 48031 due to calculation error
[2025-09-23 13:55:48] [] Calculation failed for: 48031 due to calculation error
[2025-09-23 13:55:48] [] Calculation failed for: 48031 due to calculation error
[2025-09-23 13:55:48] [] Calculation failed for: 48031 due to calculation error
[2025-09-23 13:55:48] [] Calculation failed for: 48031 due to calculation error
[2025-09-23 13:55:48] [] Calculation failed for: 48031 due to calculation error
[2025-09-23 13:55:48] [] Calculation failed for: 48031 due to calculation error
[2025-09-23 13:55:48] [] Calculation failed for: 48031 due to calculation error
[2025-09-23 13:55:48] [] Calculation failed for: 48031 due to calculation error
[2025-09-23 13:55:48] [] Calculation failed for: 48031 due to calculation error
[2025-09-23 13:55:48] [] Calculation failed for: 48031 due to calculation error
[2025-09-23 13:55:48] [] Calculation failed for: 48031 due to calculation error
[2025-09-23 13:55:48] [] Calculation failed for: 48031 due to calculation error
[2025-09-23 13:55:48] [] Calculation failed for: 48031 due to calculation error
[2025-09-23 13:55:48] [] Calculation failed for: 48031 due to calculation error
[2025-09-23 13:55:48] [] Calculation failed for: 48031 due to calculation error
[2025-09-23 13:55:48] [] Calculation failed for: 48031 due to calculation error
[2025-09-23 13:55:48] [] Calculation failed for: 48031 due to calculation error
[2025-09-23 13:55:48] [] Calculation failed for: 48031 due to calculation error
[2025-09-23 13:55:48] [] Calculation failed for: 48031 due to calculation error
[2025-09-23 13:55:48] [] Calculation failed for: 48031 due to calculation error
[2025-09-23 13:55:48] [] Calculation failed for: 48031 due to calculation error
[2025-09-23 13:55:48] [] Calculation failed for: 48031 due to calculation error
[2025-09-23 13:55:48] [] Calculation failed for: 48031 due to calculation error
[2025-09-23 13:55:48] [] Calculation failed for: 48031 due to calculation error
[2025-09-23 13:55:49] [] Calculation failed for: 48031 due to calculation error
[2025-09-23 13:55:49] [] Calculation failed for: 48031 due to calculation error
[2025-09-23 13:55:49] [] Calculation failed for: 48031 due to calculation error
[2025-09-23 13:55:49] [] Calculation failed for: 48031 due to calculation error
[2025-09-23 13:55:49] [] Calculation failed for: 48031 due to calculation error
[2025-09-23 13:55:49] [] Calculation failed for: 48031 due to calculation error
[2025-09-23 13:55:49] [] Calculation failed for: 48031 due to calculation error
[2025-09-23 13:55:49] [] Calculation failed for: 48031 due to calculation error
[2025-09-23 13:55:49] [] Calculation failed for: 48031 due to calculation error
[2025-09-23 13:55:49] [] Calculation failed for: 48031 due to calculation error
[2025-09-23 13:55:49] [] Calculation failed for: 48031 due to calculation error
[2025-09-23 13:55:49] [] Calculation failed for: 48031 due to calculation error
[2025-09-23 13:55:49] [] Calculation failed for: 48031 due to calculation error
[2025-09-23 13:55:49] [] Calculation failed for: 48031 due to internal error
[2025-09-23 13:55:49] [] Calculation failed for: 48031 due to calculation error
[2025-09-23 13:55:49] [] Calculation failed for: 48031 due to calculation error
[2025-09-23 13:55:49] [] Calculation failed for: 48031 due to calculation error
[2025-09-23 13:55:49] [] Calculation failed for: 48031 due to calculation error
[2025-09-23 13:55:49] [] Calculation failed for: 48031 due to calculation error
[2025-09-23 13:55:49] [] Calculation failed for: 48031 due to calculation error
[2025-09-23 13:55:49] [] Calculation failed for: 48031 due to calculation error
[2025-09-23 13:55:49] [] Calculation failed for: 48031 due to calculation error
[2025-09-23 13:55:49] [] Calculation failed for: 48031 due to calculation error
[2025-09-23 13:55:49] [] Calculation failed for: 48031 due to calculation error
[2025-09-23 13:55:49] [] Calculation failed for: 48031 due to calculation error
[2025-09-23 13:55:49] [] Calculation failed for: 48031 due to calculation error
[2025-09-23 13:55:49] [] Calculation failed for: 48031 due to calculation error
[2025-09-23 13:55:49] [] Calculation failed for: 48031 due to calculation error
[2025-09-23 13:55:49] [] Calculation failed for: 48031 due to calculation error
[2025-09-23 13:55:49] [] Calculation failed for: 48031 due to calculation error
[2025-09-23 13:55:49] [] Calculation failed for: 48031 due to calculation error
[2025-09-23 13:55:49] [] Calculation failed for: 48031 due to calculation error
[2025-09-23 13:55:49] [] Calculation failed for: 48031 due to calculation error
[2025-09-23 13:55:49] [] Calculation failed for: 48031 due to calculation error
[2025-09-23 13:55:49] [] Calculation failed for: 48031 due to calculation error
[2025-09-23 13:55:49] [] Calculation failed for: 48031 due to calculation error
[2025-09-23 13:55:49] [] Calculation failed for: 48031 due to calculation error
[2025-09-23 13:55:49] [] Calculation failed for: 48031 due to calculation error
[2025-09-23 13:55:49] [] Calculation failed for: 48031 due to calculation error
[2025-09-23 13:55:49] [] Calculation failed for: 48031 due to calculation error
[2025-09-23 13:55:49] [] Calculation failed for: 48031 due to calculation error
[2025-09-23 13:55:49] [] Calculation failed for: 48031 due to calculation error
[2025-09-23 13:55:49] [] Calculation failed for: 48031 due to calculation error
[2025-09-23 13:55:49] [] Calculation failed for: 48031 due to calculation error
[2025-09-23 13:55:49] [] Calculation failed for: 48031 due to calculation error
[2025-09-23 13:55:49] [] Calculation failed for: 48031 due to calculation error
[2025-09-23 13:55:49] [] Calculation failed for: 48031 due to calculation error
[2025-09-23 13:55:49] [] Calculation failed for: 48031 due to calculation error
[2025-09-23 13:55:49] [] Calculation failed for: 48031 due to calculation error
[2025-09-23 13:55:49] [] Calculation failed for: 48031 due to calculation error
[2025-09-23 13:55:49] [] Calculation failed for: 48031 due to calculation error
[2025-09-23 13:55:49] [] Calculation failed for: 48031 due to calculation error
[2025-09-23 13:55:50] [] Calculation failed for: 48031 due to calculation error
[2025-09-23 13:55:50] [] Calculation failed for: 48031 due to calculation error
[2025-09-23 13:55:50] [] Calculation failed for: 48031 due to calculation error
[2025-09-23 13:55:50] [] Calculation failed for: 48031 due to calculation error
[2025-09-23 13:55:50] [] Calculation failed for: 48031 due to calculation error
[2025-09-23 13:55:50] [] Calculation failed for: 48031 due to calculation error
[2025-09-23 13:55:50] [] Calculation failed for: 48031 due to calculation error
[2025-09-23 13:55:50] [] Calculation failed for: 48031 due to calculation error
[2025-09-23 13:55:50] [] Calculation failed for: 48031 due to calculation error
[2025-09-23 13:55:50] [] Calculation failed for: 48031 due to calculation error
[2025-09-23 13:55:50] [] Calculation failed for: 48031 due to calculation error
[2025-09-23 13:55:50] [] Calculation failed for: 48031 due to calculation error
[2025-09-23 13:55:50] [] Calculation failed for: 48031 due to calculation error
[2025-09-23 13:55:50] [] Calculation failed for: 48031 due to calculation error
[2025-09-23 13:55:50] [] Calculation failed for: 48031 due to calculation error
[2025-09-23 13:55:50] [] Calculation failed for: 48031 due to calculation error
[2025-09-23 13:55:50] [] Calculation failed for: 48031 due to calculation error
[2025-09-23 13:55:50] [] Calculation failed for: 48031 due to calculation error
[2025-09-23 13:55:50] [] Calculation failed for: 48031 due to calculation error
[2025-09-23 13:55:50] [] Calculation failed for: 48031 due to calculation error
[2025-09-23 13:55:50] [] Calculation failed for: 48031 due to calculation error
[2025-09-23 13:55:50] [] Calculation failed for: 48031 due to calculation error
[2025-09-23 13:55:50] [] Calculation failed for: 48031 due to calculation error
[2025-09-23 13:55:50] [] Calculation failed for: 48031 due to calculation error
[2025-09-23 13:55:50] [] Calculation failed for: 48031 due to calculation error
[2025-09-23 13:55:50] [] Calculation failed for: 48031 due to calculation error
[2025-09-23 13:55:50] [] Calculation failed for: 48031 due to calculation error
[2025-09-23 13:55:50] [] Calculation failed for: 48031 due to calculation error
[2025-09-23 13:55:50] [] Calculation failed for: 48031 due to calculation error
[2025-09-23 13:55:50] [] Calculation failed for: 48031 due to calculation error
[2025-09-23 13:55:50] [] Calculation failed for: 48031 due to calculation error
[2025-09-23 13:55:50] [] Calculation failed for: 48031 due to calculation error
[2025-09-23 13:55:50] [] Calculation failed for: 48031 due to calculation error
[2025-09-23 13:55:50] [] Calculation failed for: 48031 due to calculation error
[2025-09-23 13:55:50] [] Calculation failed for: 48031 due to calculation error
[2025-09-23 13:55:50] [] Calculation failed for: 48031 due to calculation error
[2025-09-23 13:55:50] [] Calculation failed for: 48031 due to calculation error
[2025-09-23 13:55:50] [] Calculation failed for: 48031 due to calculation error
[2025-09-23 13:55:50] [] Calculation failed for: 48031 due to calculation error
[2025-09-23 13:55:50] [] Calculation failed for: 48031 due to calculation error
[2025-09-23 13:55:50] [] Calculation failed for: 48031 due to calculation error
[2025-09-23 13:55:50] [] Calculation failed for: 48031 due to calculation error
[2025-09-23 13:55:50] [] Calculation failed for: 48031 due to calculation error
[2025-09-23 13:55:50] [] Calculation failed for: 48031 due to calculation error
[2025-09-23 13:55:50] [] Calculation failed for: 48031 due to calculation error
[2025-09-23 13:55:50] [] Calculation failed for: 48031 due to calculation error
[2025-09-23 13:55:50] [] Calculation failed for: 48031 due to calculation error
[2025-09-23 13:55:50] [] Calculation failed for: 48031 due to calculation error
[2025-09-23 13:55:50] [] Calculation failed for: 48031 due to calculation error
[2025-09-23 13:55:50] [] Calculation failed for: 48031 due to calculation error
[2025-09-23 13:55:50] [] Calculation failed for: 48031 due to calculation error
[2025-09-23 13:55:50] [] Calculation failed for: 48031 due to calculation error
[2025-09-23 13:55:50] [] Calculation failed for: 48031 due to calculation error
[2025-09-23 13:55:50] [] Calculation failed for: 48031 due to calculation error
[2025-09-23 13:55:51] [] Calculation failed for: 48031 due to calculation error
[2025-09-23 13:55:51] [] Calculation failed for: 48031 due to calculation error
[2025-09-23 13:55:51] [] Calculation failed for: 48031 due to calculation error
[2025-09-23 13:55:51] [] Calculation failed for: 48031 due to calculation error
[2025-09-23 13:55:51] [] Calculation failed for: 48031 due to calculation error
[2025-09-23 13:55:51] [] Calculation failed for: 48031 due to calculation error
[2025-09-23 13:55:51] [] Calculation failed for: 48031 due to calculation error
[2025-09-23 13:55:51] [] Calculation failed for: 48031 due to calculation error
[2025-09-23 13:55:51] [] Calculation failed for: 48031 due to calculation error
[2025-09-23 13:55:51] [] Calculation failed for: 48031 due to calculation error
[2025-09-23 13:55:51] [] Calculation failed for: 48031 due to calculation error
[2025-09-23 13:55:51] [] Calculation failed for: 48031 due to calculation error
[2025-09-23 13:55:51] [] Calculation failed for: 48031 due to calculation error
[2025-09-23 13:55:51] [] Calculation failed for: 48031 due to calculation error
[2025-09-23 13:55:51] [] Calculation failed for: 48031 due to calculation error
[2025-09-23 13:55:51] [] Calculation failed for: 48031 due to calculation error
[2025-09-23 13:55:51] [] Calculation failed for: 48031 due to calculation error
[2025-09-23 13:55:51] [] Calculation failed for: 48031 due to calculation error
[2025-09-23 13:55:51] [] Calculation failed for: 48031 due to calculation error
[2025-09-23 13:55:51] [] Calculation failed for: 48031 due to calculation error
[2025-09-23 13:55:51] [] Calculation failed for: 48031 due to calculation error
[2025-09-23 13:55:51] [] Calculation failed for: 48031 due to calculation error
[2025-09-23 13:55:51] [] Calculation failed for: 48031 due to calculation error
[2025-09-23 13:55:51] [] Calculation failed for: 48031 due to calculation error
[2025-09-23 13:55:51] [] Calculation failed for: 48031 due to calculation error
[2025-09-23 13:55:51] [] Calculation failed for: 48031 due to calculation error
[2025-09-23 13:55:51] [] Calculation failed for: 48031 due to calculation error
[2025-09-23 13:55:51] [] Calculation failed for: 48031 due to calculation error
[2025-09-23 13:55:51] [] Calculation failed for: 48031 due to calculation error
[2025-09-23 13:55:51] [] Calculation failed for: 48031 due to calculation error
[2025-09-23 13:55:51] [] Calculation failed for: 48031 due to calculation error
[2025-09-23 13:55:51] [] Calculation failed for: 48031 due to calculation error
[2025-09-23 13:55:51] [] Calculation failed for: 48031 due to calculation error
[2025-09-23 13:55:51] [] Calculation failed for: 48031 due to calculation error
[2025-09-23 13:55:51] [] Calculation failed for: 48031 due to calculation error
[2025-09-23 13:55:51] [] Calculation failed for: 48031 due to calculation error
[2025-09-23 13:55:51] [] Calculation failed for: 48031 due to calculation error
[2025-09-23 13:55:51] [] Calculation failed for: 48031 due to calculation error
[2025-09-23 13:55:51] [] Calculation failed for: 48031 due to calculation error
[2025-09-23 13:55:51] [] Calculation failed for: 48031 due to calculation error
[2025-09-23 13:55:51] [] Calculation failed for: 48031 due to calculation error
[2025-09-23 13:55:51] [] Calculation failed for: 48031 due to calculation error
[2025-09-23 13:55:51] [] Calculation failed for: 48031 due to calculation error
[2025-09-23 13:55:51] [] Calculation failed for: 48031 due to calculation error
[2025-09-23 13:55:51] [] Calculation failed for: 48031 due to calculation error
[2025-09-23 13:55:51] [] Case calculated / Files uploaded (Source: webhook).
[2025-09-23 13:55:51] Lead was moved to next stage in NL pipeline
[2025-09-23 13:55:51] [] - 52941 | Kamal Bizjan, N1 interactive Ltd | [] The same request has been submitted again.
[2025-09-23 13:55:51] [] Case calculated / Files uploaded (Source: webhook).
[2025-09-23 13:55:51] Lead was moved to next stage in NL pipeline
[2025-09-23 13:55:51] [] - 28555 | Marcel Wollrabe, One Casino | [] Opponent 'ProviderConfig[DB](name=One Casino Limited)' not supported for calculations
[2025-09-23 13:55:51] Provider not supported. Please calculate manually.
[2025-09-23 13:55:51] [] Calculation failed for: 28555 due to calculation error
[2025-09-23 13:55:51] [] Opponent 'ProviderConfig[DB](name=One Casino Limited)' not supported for calculations
[2025-09-23 13:55:52] Provider not supported. Please calculate manually.
[2025-09-23 13:55:52] [] Calculation failed for: 28555 due to calculation error
[2025-09-23 13:55:52] [] - 28624 | Vincent Hoekman, BML Group Ltd. | [] Lead has no GamblingProvider. Please add a Opponent.
[2025-09-23 13:55:52] [] Calculation failed for: 28624 due to calculation error
[2025-09-23 13:55:52] [] Guts and Rizk should be calculated together - both BML Group
[2025-09-23 13:55:52] [] Case calculated / Files uploaded (Source: webhook).
[2025-09-23 13:55:52] Lead was moved to next stage in NL pipeline
[2025-09-23 13:55:52] [] - 3262 | Tarik Benamar, MasonSlots | [] The same request has been submitted again.
[2025-09-23 13:55:52] [] Case calculated / Files uploaded (Source: webhook).
[2025-09-23 13:55:52] Lead was moved to next stage in NL pipeline
[2025-09-23 13:55:52] Amount is Below 1000 EUR
[2025-09-23 13:55:52] [] - 6844 | Daniel van der Bent, Spinia | [] Case could not be calculated: errors found
[2025-09-23 13:55:52] The case still has errors and could not be calculated.
[2025-09-23 13:55:52] [] - 10024 | Alexander Laarman, LeoVegas | [] The same request has been submitted again.
[2025-09-23 13:55:52] [] Case calculated / Files uploaded (Source: test).
[2025-09-23 13:55:52] Lead was moved to next stage in NL pipeline
[2025-09-23 13:55:52] [] Case calculated / Files uploaded (Source: webhook).
[2025-09-23 13:55:52] Lead was moved to next stage in NL pipeline
[2025-09-23 13:55:52] [] - 14926 | Helene van der Meer, Spinia | [] Case calculated / Files uploaded (Source: webhook).
[2025-09-23 13:55:52] Lead was moved to next stage in NL pipeline
[2025-09-23 13:55:52] [] The same request has been submitted again.
[2025-09-23 13:55:52] [] - 16578 | Robin Nawijn, N1 Casino | [] Case could not be calculated: errors found
[2025-09-23 13:55:52] The case still has errors and could not be calculated.
[2025-09-23 13:55:52] [] - 19891 | Kaj van Wamel, N1 Casino | [] Case calculated / Files uploaded (Source: webhook).
[2025-09-23 13:55:52] Lead was moved to next stage in NL pipeline
[2025-09-23 13:55:52] Amount is below 1000 EUR
[2025-09-23 13:55:52] [] - 19893 | Kaj van Wamel, Slothunter | [] Case calculated / Files uploaded (Source: webhook).
[2025-09-23 13:55:52] Lead was moved to next stage in NL pipeline
[2025-09-23 13:55:52] Amount is below 1000 EUR
[2025-09-23 13:55:52] [] - 20252 | Nick Bottenheft, Krooncasino | [] Case calculated / Files uploaded (Source: webhook).
[2025-09-23 13:55:52] Lead was moved to next stage in NL pipeline
[2025-09-23 13:55:52] [] - 20670 | Michael Smit, Cookie Casino | [] Case could not be calculated: errors found
[2025-09-23 13:55:52] The case still has errors and could not be calculated.
[2025-09-23 13:55:52] [] Case calculated / Files uploaded (Source: webhook).
[2025-09-23 13:55:52] Lead was moved to next stage in NL pipeline
[2025-09-23 13:55:52] [] - 24979 | Senno Michel, Betsafe | [] No data found in the files
[2025-09-23 13:55:52] No data was found in the files by the script.
[2025-09-23 13:55:52] Please check the files.
[2025-09-23 13:55:52] [] Document in Dutch
[2025-09-23 13:55:52] [] - 29741 | timo neijts, Cookie Casino | [] Case calculated / Files uploaded (Source: webhook).
[2025-09-23 13:55:52] Lead was moved to next stage in NL pipeline
[2025-09-23 13:55:52] [] - 29998 | Nasrudin Abdulkadir ahmed, N1 interactive Ltd. | [] Case calculated / Files uploaded (Source: webhook).
[2025-09-23 13:55:52] Lead was moved to next stage in NL pipeline
[2025-09-23 13:55:52] Amount is below 1000 EUR
[2025-09-23 13:55:52] [] - 25929 | Fabian Wink, Casino Kakadu | [] Case calculated / Files uploaded (Source: webhook).
[2025-09-23 13:55:52] Lead was moved to next stage in NL pipeline
[2025-09-23 13:55:52] Amount is below 1000 EUR
[2025-09-23 13:55:52] [] - 25930 | Fabian Wink, Duxcasino | [] Can not calculate. Unconverted pdf files are present: TA_DuxCasino.pdf
[2025-09-23 13:55:52] [] Calculation failed for: 25930 due to calculation error
[2025-09-23 13:55:52] [] Detected unconverted files and starting PDF extraction.
[2025-09-23 13:55:52] [] Case calculated / Files uploaded (Source: webhook).
[2025-09-23 13:55:52] Lead was moved to next stage in NL pipeline
[2025-09-23 13:55:52] Amount is below 1000 EUR
[2025-09-23 13:55:53] [] - 25931 | Fabian Wink, Oranjecasino | [] Case calculated / Files uploaded (Source: webhook).
[2025-09-23 13:55:53] Lead was moved to next stage in NL pipeline
[2025-09-23 13:55:53] [] - 22709 | Steven Tavernier, ComeOn Casino | [] No data found in the files
[2025-09-23 13:55:53] No data was found in the files by the script.
[2025-09-23 13:55:53] Please check the files.
[2025-09-23 13:55:53] [] - 40136 | Job van Maastricht, Pokerstars | [] Error processing file
[2025-09-23 13:55:53] Error loading sheets from database
[2025-09-23 13:55:53] Error reading the Excel file: TA_Pokerstars.xlsx. Maybe due to the encrypted document.
[2025-09-23 13:55:53] Traceback (most recent call last):
[2025-09-23 13:55:53] File &quot;/usr/src/app/casino/extraction/excel/excel_extraction.py&quot;, line 317, in load_file
[2025-09-23 13:55:53] self.file_object = pd.ExcelFile(self.file_path)
[2025-09-23 13:55:53] ^^^^^^^^^^^^^^^^^^^^^^^^^^^^
[2025-09-23 13:55:53] File &quot;/usr/local/lib/python3.12/site-packages/pandas/io/excel/_base.py&quot;, line 1567, in __init__
[2025-09-23 13:55:53] self._reader = self._engines[engine](
[2025-09-23 13:55:53] ^^^^^^^^^^^^^^^^^^^^^^
[2025-09-23 13:55:53] File &quot;/usr/local/lib/python3.12/site-packages/pandas/io/excel/_xlrd.py&quot;, line 46, in __init__
[2025-09-23 13:55:53] super().__init__(
[2025-09-23 13:55:53] File &quot;/usr/local/lib/python3.12/site-packages/pandas/io/excel/_base.py&quot;, line 573, in __init__
[2025-09-23 13:55:53] self.book = self.load_workbook(self.handles.handle, engine_kwargs)
[2025-09-23 13:55:53] ^^^^^^^^^^^^^^^^^^^^^^^^^^^^^^^^^^^^^^^^^^^^^^^^^^^^^^
[2025-09-23 13:55:53] File &quot;/usr/local/lib/python3.12/site-packages/pandas/io/excel/_xlrd.py&quot;, line 63, in load_workbook
[2025-09-23 13:55:53] return open_workbook(file_contents=data, **engine_kwargs)
[2025-09-23 13:55:53] ^^^^^^^^^^^^^^^^^^^^^^^^^^^^^^^^^^^^^^^^^^^^^^^^^^
[2025-09-23 13:55:53] File &quot;/usr/local/lib/python3.12/site-packages/xlrd/__init__.py&quot;, line 172, in open_workbook
[2025-09-23 13:55:53] bk = open_workbook_xls(
[2025-09-23 13:55:53] ^^^^^^^^^^^^^^^^^^
[2025-09-23 13:55:53] File &quot;/usr/local/lib/python3.12/site-packages/xlrd/book.py&quot;, line 68, in open_workbook_xls
[2025-09-23 13:55:53] bk.biff2_8_load(
[2025-09-23 13:55:53] File &quot;/usr/local/lib/python3.12/site-packages/xlrd/book.py&quot;, line 645, in biff2_8_load
[2025-09-23 13:55:53] raise XLRDError(&quot;Can't find workbook in OLE2 compound document&quot;)
[2025-09-23 13:55:53] xlrd.biffh.XLRDError: Can't find workbook in OLE2 compound document
[2025-09-23 13:55:53] The above exception was the direct cause of the following exception:
[2025-09-23 13:55:53] Traceback (most recent call last):
[2025-09-23 13:55:53] File &quot;/usr/src/app/gt_process_automatisation/scripts/casino_scripts/CAS23a_calculate_client_activecampaign.py&quot;, line 213, in calculate_client
[2025-09-23 13:55:53] reader = get_file_reader(folder, file, zoho_client=db_lead, limitation_period=limitation_period).do_calculation(recalculate=recalculate)
[2025-09-23 13:55:53] ^^^^^^^^^^^^^^^^^^^^^^^^^^^^^^^^^^^^^^^^^^^^^^^^^^^^^^^^^^^^^^^^^^^^^^^^^^^^^^^^^^^^^^^^^^^^^^^^^^^^^^^^^^^^^^^^^^^^^^^^^^^^^^^
[2025-09-23 13:55:53] File &quot;/usr/src/app/casino/extraction/excel/excel_extraction.py&quot;, line 126, in do_calculation
[2025-09-23 13:55:53] file_object = self.load_file()
[2025-09-23 13:55:53] ^^^^^^^^^^^^^^^^
[2025-09-23 13:55:53] File &quot;/usr/src/app/casino/extraction/excel/excel_extraction.py&quot;, line 320, in load_file
[2025-09-23 13:55:53] raise ValueError(f&quot;Error reading the Excel file: {self.file_name}. Maybe due to the encrypted document.&quot;) from e
[2025-09-23 13:55:53] ValueError: Error reading the Excel file: TA_Pokerstars.xlsx. Maybe due to the encrypted document.
[2025-09-23 13:55:53] [] Calculation failed for: 40136 due to calculation error
[2025-09-23 13:55:53] [] Error processing file
[2025-09-23 13:55:53] Error loading sheets from database
[2025-09-23 13:55:53] Error reading the Excel file: TA_Pokerstars.xlsx. Maybe due to the encrypted document.
[2025-09-23 13:55:53] Traceback (most recent call last):
[2025-09-23 13:55:53] File &quot;/usr/src/app/casino/extraction/excel/excel_extraction.py&quot;, line 317, in load_file
[2025-09-23 13:55:53] self.file_object = pd.ExcelFile(self.file_path)
[2025-09-23 13:55:53] ^^^^^^^^^^^^^^^^^^^^^^^^^^^^
[2025-09-23 13:55:53] File &quot;/usr/local/lib/python3.12/site-packages/pandas/io/excel/_base.py&quot;, line 1567, in __init__
[2025-09-23 13:55:53] self._reader = self._engines[engine](
[2025-09-23 13:55:54] ^^^^^^^^^^^^^^^^^^^^^^
[2025-09-23 13:55:54] File &quot;/usr/local/lib/python3.12/site-packages/pandas/io/excel/_xlrd.py&quot;, line 46, in __init__
[2025-09-23 13:55:54] super().__init__(
[2025-09-23 13:55:54] File &quot;/usr/local/lib/python3.12/site-packages/pandas/io/excel/_base.py&quot;, line 573, in __init__
[2025-09-23 13:55:54] self.book = self.load_workbook(self.handles.handle, engine_kwargs)
[2025-09-23 13:55:54] ^^^^^^^^^^^^^^^^^^^^^^^^^^^^^^^^^^^^^^^^^^^^^^^^^^^^^^
[2025-09-23 13:55:54] File &quot;/usr/local/lib/python3.12/site-packages/pandas/io/excel/_xlrd.py&quot;, line 63, in load_workbook
[2025-09-23 13:55:54] return open_workbook(file_contents=data, **engine_kwargs)
[2025-09-23 13:55:54] ^^^^^^^^^^^^^^^^^^^^^^^^^^^^^^^^^^^^^^^^^^^^^^^^^^
[2025-09-23 13:55:54] File &quot;/usr/local/lib/python3.12/site-packages/xlrd/__init__.py&quot;, line 172, in open_workbook
[2025-09-23 13:55:54] bk = open_workbook_xls(
[2025-09-23 13:55:54] ^^^^^^^^^^^^^^^^^^
[2025-09-23 13:55:54] File &quot;/usr/local/lib/python3.12/site-packages/xlrd/book.py&quot;, line 68, in open_workbook_xls
[2025-09-23 13:55:54] bk.biff2_8_load(
[2025-09-23 13:55:54] File &quot;/usr/local/lib/python3.12/site-packages/xlrd/book.py&quot;, line 645, in biff2_8_load
[2025-09-23 13:55:54] raise XLRDError(&quot;Can't find workbook in OLE2 compound document&quot;)
[2025-09-23 13:55:54] xlrd.biffh.XLRDError: Can't find workbook in OLE2 compound document
[2025-09-23 13:55:54] The above exception was the direct cause of the following exception:
[2025-09-23 13:55:54] Traceback (most recent call last):
[2025-09-23 13:55:54] File &quot;/usr/src/app/gt_process_automatisation/scripts/casino_scripts/CAS23a_calculate_client_activecampaign.py&quot;, line 213, in calculate_client
[2025-09-23 13:55:54] reader = get_file_reader(folder, file, zoho_client=db_lead, limitation_period=limitation_period).do_calculation(recalculate=recalculate)
[2025-09-23 13:55:54] ^^^^^^^^^^^^^^^^^^^^^^^^^^^^^^^^^^^^^^^^^^^^^^^^^^^^^^^^^^^^^^^^^^^^^^^^^^^^^^^^^^^^^^^^^^^^^^^^^^^^^^^^^^^^^^^^^^^^^^^^^^^^^^^
[2025-09-23 13:55:54] File &quot;/usr/src/app/casino/extraction/excel/excel_extraction.py&quot;, line 126, in do_calculation
[2025-09-23 13:55:54] file_object = self.load_file()
[2025-09-23 13:55:54] ^^^^^^^^^^^^^^^^
[2025-09-23 13:55:54] File &quot;/usr/src/app/casino/extraction/excel/excel_extraction.py&quot;, line 320, in load_file
[2025-09-23 13:55:54] raise ValueError(f&quot;Error reading the Excel file: {self.file_name}. Maybe due to the encrypted document.&quot;) from e
[2025-09-23 13:55:54] ValueError: Error reading the Excel file: TA_Pokerstars.xlsx. Maybe due to the encrypted document.
[2025-09-23 13:55:54] [] Calculation failed for: 40136 due to calculation error
[2025-09-23 13:55:54] [] Case calculated / Files uploaded (Source: webhook).
[2025-09-23 13:55:54] Lead was moved to next stage in NL pipeline
[2025-09-23 13:55:54] [] - 45122 | Josh Daniel Dijkhuizen, PokerStars | [] ww opgevraagd
[2025-09-23 13:55:54] [] Case calculated / Files uploaded (Source: webhook).
[2025-09-23 13:55:54] Lead was moved to next stage in NL pipeline
[2025-09-23 13:55:54] [] - 47331 | Tom Dam, William Hill | [] Can not calculate. Unconverted pdf files are present: TA_WilliamHill.pdf
[2025-09-23 13:55:54] [] Calculation failed for: 47331 due to calculation error
[2025-09-23 13:55:54] [] - 47336 | Abderrahim Amazyan, Bwin.com | [] No data found in the files
[2025-09-23 13:55:54] No data was found in the files by the script.
[2025-09-23 13:55:54] Please check the files.
[2025-09-23 13:55:54] [] Calculation failed for: 47336 due to calculation error
