[2025-09-04 12:47:22] ➕ Added 1 file(s).
[2025-09-04 12:47:24] 📄 Processing Test TA Pokerstars.xlsx in checking Mode...
[2025-09-04 12:47:27] ✔ Deposit sheets: ['Credit Status']
[2025-09-04 12:47:27] ✔ Cashout sheets: ['Credit Status']
[2025-09-04 12:47:27] ❌ Error in C:/Users/salbahaca/Downloads/Test TA Pokerstars.xlsx: ❌ Unsupported file prefix in Checking Mode (use TA_ or IB_).
[2025-09-04 12:47:32] 📄 Processing Test TA Pokerstars.xlsx in calculation Mode...
[2025-09-04 12:47:33] ✔ Deposit sheets: ['Credit Status']
[2025-09-04 12:47:33] ✔ Cashout sheets: ['Credit Status']
[2025-09-04 12:47:33] ℹ️ Same sheet in both lists → will parse once as combined: ['Credit Status']
[2025-09-04 12:47:33] ✅ Detected header row at Excel row 3: ['Date/Time', 'Type', 'TransId', 'Account Currency', 'Account Amount', 'Billing Currency', 'Billing Amount', 'Balance', 'GateWay', 'Descriptor', 'Original Trans']
[2025-09-04 12:47:33] 🔎 Header row 3: ['Date/Time', 'Type', 'TransId', 'Account Currency', 'Account Amount', 'Billing Currency', 'Billing Amount', 'Balance', 'GateWay', 'Descriptor', 'Original Trans']
[2025-09-04 12:47:33] 🧭 Columns: amount=6, currency=3, type=1, ref_date=0, conf_date=None, status=None, gateway=8, descr=None, drcr=None
[2025-09-04 12:47:33] 🔎 row 4: 📑 section = 'EC-Karte #*****************'
[2025-09-04 12:47:33] 🔎 row 5: ✅ accept → dt=2022-05-21 amt=1500.00 sign=+1 curr=USD label=Deposit (type/gateway/descr/drcr/sign) status='auto'
[2025-09-04 12:47:33] 🔎 row 6: ✅ accept → dt=2022-05-21 amt=1500.00 sign=+1 curr=USD label=Deposit (type/gateway/descr/drcr/sign) status='auto'
[2025-09-04 12:47:33] 🔎 row 7: ✅ accept → dt=2022-05-21 amt=1200.00 sign=+1 curr=USD label=Deposit (type/gateway/descr/drcr/sign) status='auto'
[2025-09-04 12:47:33] 🔎 row 8: ✅ accept → dt=2022-05-22 amt=1500.00 sign=+1 curr=USD label=Deposit (type/gateway/descr/drcr/sign) status='auto'
[2025-09-04 12:47:33] 🔎 row 9: ✅ accept → dt=2022-05-22 amt=100.00 sign=+1 curr=USD label=Deposit (type/gateway/descr/drcr/sign) status='auto'
[2025-09-04 12:47:33] 🔎 row 10: ✅ accept → dt=2022-05-30 amt=1500.00 sign=+1 curr=USD label=Deposit (type/gateway/descr/drcr/sign) status='auto'
[2025-09-04 12:47:33] 🔎 row 11: ✅ accept → dt=2022-05-30 amt=1000.00 sign=+1 curr=USD label=Deposit (type/gateway/descr/drcr/sign) status='auto'
[2025-09-04 12:47:33] 🔎 row 12: ⏭️ skip — bad date ref=None conf=None
[2025-09-04 12:47:33] 🔎 row 13: 📑 section = 'BBVA #****************'
[2025-09-04 12:47:33] 🔎 row 14: ✅ accept → dt=2022-03-20 amt=1500.00 sign=+1 curr=USD label=Deposit (type/gateway/descr/drcr/sign) status='auto'
[2025-09-04 12:47:33] 🔎 row 15: ✅ accept → dt=2022-03-20 amt=1500.00 sign=+1 curr=USD label=Deposit (type/gateway/descr/drcr/sign) status='auto'
[2025-09-04 12:47:33] 🔎 row 16: ✅ accept → dt=2022-08-04 amt=1100.00 sign=+1 curr=USD label=Deposit (type/gateway/descr/drcr/sign) status='auto'
[2025-09-04 12:47:33] 🔎 row 17: ✅ accept → dt=2022-08-04 amt=1000.00 sign=+1 curr=USD label=Deposit (type/gateway/descr/drcr/sign) status='auto'
[2025-09-04 12:47:33] 🔎 row 18: ✅ accept → dt=2022-08-05 amt=1500.00 sign=+1 curr=USD label=Deposit (type/gateway/descr/drcr/sign) status='auto'
[2025-09-04 12:47:33] 🔎 row 19: ✅ accept → dt=2022-08-05 amt=700.00 sign=+1 curr=USD label=Deposit (type/gateway/descr/drcr/sign) status='auto'
[2025-09-04 12:47:33] 🔎 row 20: ⏭️ skip — bad date ref=None conf=None
[2025-09-04 12:47:33] 🔎 row 21: 📑 section = 'VISA #4***********6238'
[2025-09-04 12:47:33] 🔎 row 22: ✅ accept → dt=2021-10-17 amt=1290.00 sign=+1 curr=USD label=Deposit (type/gateway/descr/drcr/sign) status='auto'
[2025-09-04 12:47:33] 🔎 row 23: ✅ accept → dt=2021-10-17 amt=1500.00 sign=+1 curr=USD label=Deposit (type/gateway/descr/drcr/sign) status='auto'
[2025-09-04 12:47:33] 🔎 row 24: ✅ accept → dt=2021-10-17 amt=780.00 sign=+1 curr=USD label=Deposit (type/gateway/descr/drcr/sign) status='auto'
[2025-09-04 12:47:33] 🔎 row 25: ⏭️ skip — bad date ref=None conf=None
[2025-09-04 12:47:33] 🔎 row 26: 📑 section = 'INST_BONUS #1********'
[2025-09-04 12:47:33] 🔎 row 27: ✅ accept → dt=2021-09-13 amt=45.15 sign=+1 curr=USD label=Deposit (type/gateway/descr/drcr/sign) status='auto'
[2025-09-04 12:47:33] 🔎 row 28: ⏭️ skip — bad date ref=None conf=None
[2025-09-04 12:47:33] 🔎 row 29: 📑 section = 'MASTERCARD #5***********9611'
[2025-09-04 12:47:33] 🔎 row 30: ✅ accept → dt=2021-08-22 amt=1500.00 sign=+1 curr=USD label=Deposit (type/gateway/descr/drcr/sign) status='auto'
[2025-09-04 12:47:33] 🔎 row 31: ✅ accept → dt=2021-04-09 amt=1500.00 sign=+1 curr=USD label=Deposit (type/gateway/descr/drcr/sign) status='auto'
[2025-09-04 12:47:33] 🔎 row 32: ✅ accept → dt=2021-04-09 amt=1500.00 sign=+1 curr=USD label=Deposit (type/gateway/descr/drcr/sign) status='auto'
[2025-09-04 12:47:33] 🔎 row 33: ✅ accept → dt=2021-04-09 amt=1500.00 sign=+1 curr=USD label=Deposit (type/gateway/descr/drcr/sign) status='auto'
[2025-09-04 12:47:33] 🔎 row 34: ✅ accept → dt=2021-04-09 amt=500.00 sign=+1 curr=USD label=Deposit (type/gateway/descr/drcr/sign) status='auto'
[2025-09-04 12:47:33] 🔎 row 35: ✅ accept → dt=2021-05-09 amt=1500.00 sign=+1 curr=USD label=Deposit (type/gateway/descr/drcr/sign) status='auto'
[2025-09-04 12:47:33] 🔎 row 36: ✅ accept → dt=2021-05-09 amt=1500.00 sign=+1 curr=USD label=Deposit (type/gateway/descr/drcr/sign) status='auto'
[2025-09-04 12:47:33] 🔎 row 37: ✅ accept → dt=2021-12-09 amt=1500.00 sign=+1 curr=USD label=Deposit (type/gateway/descr/drcr/sign) status='auto'
[2025-09-04 12:47:33] 🔎 row 38: ✅ accept → dt=2021-12-09 amt=1500.00 sign=+1 curr=USD label=Deposit (type/gateway/descr/drcr/sign) status='auto'
[2025-09-04 12:47:33] 🔎 row 39: ✅ accept → dt=2021-12-09 amt=1500.00 sign=+1 curr=USD label=Deposit (type/gateway/descr/drcr/sign) status='auto'
[2025-09-04 12:47:33] 🔎 row 40: ✅ accept → dt=2021-12-09 amt=500.00 sign=+1 curr=USD label=Deposit (type/gateway/descr/drcr/sign) status='auto'
[2025-09-04 12:47:33] 🔎 row 41: ⏭️ skip — bad date ref=None conf=None
[2025-09-04 12:47:33] 🔎 row 42: 📑 section = 'MASTERCARD #5***********1995'
[2025-09-04 12:47:33] 🔎 row 43: ✅ accept → dt=2021-07-03 amt=300.00 sign=+1 curr=USD label=Deposit (type/gateway/descr/drcr/sign) status='auto'
[2025-09-04 12:47:34] 🔎 row 44: ✅ accept → dt=2021-07-03 amt=300.00 sign=+1 curr=USD label=Deposit (type/gateway/descr/drcr/sign) status='auto'
[2025-09-04 12:47:34] 🔎 row 45: ✅ accept → dt=2021-07-03 amt=1500.00 sign=+1 curr=USD label=Deposit (type/gateway/descr/drcr/sign) status='auto'
[2025-09-04 12:47:34] 🔎 row 46: ✅ accept → dt=2021-07-03 amt=200.00 sign=+1 curr=USD label=Deposit (type/gateway/descr/drcr/sign) status='auto'
[2025-09-04 12:47:34] 🔎 row 47: ✅ accept → dt=2021-07-03 amt=1500.00 sign=+1 curr=USD label=Deposit (type/gateway/descr/drcr/sign) status='auto'
[2025-09-04 12:47:34] 🔎 row 48: ✅ accept → dt=2021-07-03 amt=1200.00 sign=+1 curr=USD label=Deposit (type/gateway/descr/drcr/sign) status='auto'
[2025-09-04 12:47:34] 🔎 row 49: ⏭️ skip — bad date ref=None conf=None
[2025-09-04 12:47:34] 🔎 row 50: 📑 section = 'MASTERCARD #5***********3432'
[2025-09-04 12:47:34] 🔎 row 51: ✅ accept → dt=2021-09-01 amt=1200.00 sign=+1 curr=USD label=Deposit (type/gateway/descr/drcr/sign) status='auto'
[2025-09-04 12:47:34] 🔎 row 52: ✅ accept → dt=2021-09-01 amt=1000.00 sign=+1 curr=USD label=Deposit (type/gateway/descr/drcr/sign) status='auto'
[2025-09-04 12:47:34] 🔎 row 53: ✅ accept → dt=2021-09-01 amt=30.00 sign=+1 curr=USD label=Deposit (type/gateway/descr/drcr/sign) status='auto'
[2025-09-04 12:47:34] 🔎 row 54: ✅ accept → dt=2021-10-01 amt=900.00 sign=+1 curr=USD label=Deposit (type/gateway/descr/drcr/sign) status='auto'
[2025-09-04 12:47:34] 🔎 row 55: ✅ accept → dt=2021-10-01 amt=900.00 sign=+1 curr=USD label=Deposit (type/gateway/descr/drcr/sign) status='auto'
[2025-09-04 12:47:34] 🔎 row 56: ✅ accept → dt=2021-10-01 amt=100.00 sign=+1 curr=USD label=Deposit (type/gateway/descr/drcr/sign) status='auto'
[2025-09-04 12:47:34] 🔎 row 57: ✅ accept → dt=2021-10-01 amt=950.00 sign=+1 curr=USD label=Deposit (type/gateway/descr/drcr/sign) status='auto'
[2025-09-04 12:47:34] 🔎 row 58: ✅ accept → dt=2021-01-13 amt=1200.00 sign=+1 curr=USD label=Deposit (type/gateway/descr/drcr/sign) status='auto'
[2025-09-04 12:47:34] 🔎 row 59: ✅ accept → dt=2021-01-13 amt=200.00 sign=+1 curr=USD label=Deposit (type/gateway/descr/drcr/sign) status='auto'
[2025-09-04 12:47:34] 🔎 row 60: ✅ accept → dt=2021-01-13 amt=40.00 sign=+1 curr=USD label=Deposit (type/gateway/descr/drcr/sign) status='auto'
[2025-09-04 12:47:34] 🔎 row 61: ⏭️ skip — bad date ref=None conf=None
[2025-09-04 12:47:34] 🔎 row 62: 📑 section = 'CREDITADJUST #'
[2025-09-04 12:47:34] 🔎 row 63: ✅ accept → dt=2020-05-10 amt=3170.00 sign=+1 curr=USD label=Deposit (type/gateway/descr/drcr/sign) status='auto'
[2025-09-04 12:47:34] 🔎 row 64: ⏭️ skip — bad date ref=None conf=None
[2025-09-04 12:47:34] 🔎 row 65: 📑 section = 'MASTERCARD #5***********7207'
[2025-09-04 12:47:34] 🔎 row 66: ✅ accept → dt=2020-07-18 amt=1300.00 sign=+1 curr=USD label=Deposit (type/gateway/descr/drcr/sign) status='auto'
[2025-09-04 12:47:34] 🔎 row 67: ⏭️ skip — bad date ref=None conf=None
[2025-09-04 12:47:34] 🔎 row 68: 📑 section = 'INST_BONUS #5*******'
[2025-09-04 12:47:34] 🔎 row 69: ✅ accept → dt=2020-05-27 amt=70.00 sign=+1 curr=USD label=Deposit (type/gateway/descr/drcr/sign) status='auto'
[2025-09-04 12:47:34] 🔎 row 70: ⏭️ skip — bad date ref=None conf=None
[2025-09-04 12:47:34] 🔎 row 71: 📑 section = 'INST_BONUS #4*******'
[2025-09-04 12:47:34] 🔎 row 72: ✅ accept → dt=2020-03-18 amt=65.00 sign=+1 curr=USD label=Deposit (type/gateway/descr/drcr/sign) status='auto'
[2025-09-04 12:47:34] 🔎 row 73: ✅ accept → dt=2020-03-20 amt=118.42 sign=+1 curr=USD label=Deposit (type/gateway/descr/drcr/sign) status='auto'
[2025-09-04 12:47:34] 🔎 row 74: ⏭️ skip — bad date ref=None conf=None
[2025-09-04 12:47:34] 🔎 row 75: 📑 section = 'MASTERCARD #5***********8895'
[2025-09-04 12:47:34] 🔎 row 76: ✅ accept → dt=2020-07-03 amt=500.00 sign=+1 curr=USD label=Deposit (type/gateway/descr/drcr/sign) status='auto'
[2025-09-04 12:47:34] 🔎 row 77: ⏭️ skip — bad date ref=None conf=None
[2025-09-04 12:47:34] 🔎 row 78: 📑 section = 'MASTERCARD #5***********5578'
[2025-09-04 12:47:34] 🔎 row 79: ✅ accept → dt=2020-02-02 amt=1395.00 sign=+1 curr=USD label=Deposit (type/gateway/descr/drcr/sign) status='auto'
[2025-09-04 12:47:34] 🔎 row 80: ✅ accept → dt=2020-02-02 amt=1394.00 sign=+1 curr=USD label=Deposit (type/gateway/descr/drcr/sign) status='auto'
[2025-09-04 12:47:34] 🔎 row 81: ✅ accept → dt=2020-02-02 amt=700.00 sign=+1 curr=USD label=Deposit (type/gateway/descr/drcr/sign) status='auto'
[2025-09-04 12:47:34] 🔎 row 82: ✅ accept → dt=2020-08-02 amt=1400.00 sign=+1 curr=USD label=Deposit (type/gateway/descr/drcr/sign) status='auto'
[2025-09-04 12:47:34] 🔎 row 83: ✅ accept → dt=2020-08-02 amt=1400.00 sign=+1 curr=USD label=Deposit (type/gateway/descr/drcr/sign) status='auto'
[2025-09-04 12:47:34] 🔎 row 84: ✅ accept → dt=2020-09-02 amt=1100.00 sign=+1 curr=USD label=Deposit (type/gateway/descr/drcr/sign) status='auto'
[2025-09-04 12:47:34] 🔎 row 85: ✅ accept → dt=2020-02-13 amt=1400.00 sign=+1 curr=USD label=Deposit (type/gateway/descr/drcr/sign) status='auto'
[2025-09-04 12:47:34] 🔎 row 86: ✅ accept → dt=2020-02-13 amt=1400.00 sign=+1 curr=USD label=Deposit (type/gateway/descr/drcr/sign) status='auto'
[2025-09-04 12:47:34] 🔎 row 87: ✅ accept → dt=2020-02-13 amt=200.00 sign=+1 curr=USD label=Deposit (type/gateway/descr/drcr/sign) status='auto'
[2025-09-04 12:47:34] 🔎 row 88: ✅ accept → dt=2020-02-16 amt=1400.00 sign=+1 curr=USD label=Deposit (type/gateway/descr/drcr/sign) status='auto'
[2025-09-04 12:47:34] 🔎 row 89: ✅ accept → dt=2020-02-16 amt=800.00 sign=+1 curr=USD label=Deposit (type/gateway/descr/drcr/sign) status='auto'
[2025-09-04 12:47:34] 🔎 row 90: ✅ accept → dt=2020-02-16 amt=700.00 sign=+1 curr=USD label=Deposit (type/gateway/descr/drcr/sign) status='auto'
[2025-09-04 12:47:34] 🔎 row 91: ✅ accept → dt=2020-02-16 amt=550.00 sign=+1 curr=USD label=Deposit (type/gateway/descr/drcr/sign) status='auto'
[2025-09-04 12:47:34] 🔎 row 92: ✅ accept → dt=2020-02-20 amt=1100.00 sign=+1 curr=USD label=Deposit (type/gateway/descr/drcr/sign) status='auto'
[2025-09-04 12:47:34] 🔎 row 93: ✅ accept → dt=2020-02-20 amt=150.00 sign=+1 curr=USD label=Deposit (type/gateway/descr/drcr/sign) status='auto'
[2025-09-04 12:47:34] 🔎 row 94: ⏭️ skip — bad date ref=None conf=None
[2025-09-04 12:47:34] 🔎 row 95: 📑 section = 'MASTERCARD #5***********3618'
[2025-09-04 12:47:34] 🔎 row 96: ✅ accept → dt=2020-01-20 amt=74.00 sign=+1 curr=USD label=Deposit (type/gateway/descr/drcr/sign) status='auto'
[2025-09-04 12:47:34] 🔎 row 97: ⏭️ skip — bad date ref=None conf=None
[2025-09-04 12:47:34] 🔎 row 98: 📑 section = 'LIVEEVENTPAYOUT #'
[2025-09-04 12:47:34] 🔎 row 99: ✅ accept → dt=2019-01-09 amt=8080.00 sign=+1 curr=EUR label=Deposit (type/gateway/descr/drcr/sign) status='auto'
[2025-09-04 12:47:34] 🔎 row 100: ✅ accept → dt=2019-10-14 amt=69756.00 sign=+1 curr=USD label=Deposit (type/gateway/descr/drcr/sign) status='auto'
[2025-09-04 12:47:34] 🔎 row 101: ⏭️ skip — bad date ref=None conf=None
[2025-09-04 12:47:34] 🔎 row 102: 📑 section = 'MUCHBETTER #3**********'
[2025-09-04 12:47:34] 🔎 row 103: ✅ accept → dt=2019-01-08 amt=700.00 sign=+1 curr=USD label=Deposit (type/gateway/descr/drcr/sign) status='auto'
[2025-09-04 12:47:34] 🔎 row 104: ✅ accept → dt=2019-04-08 amt=800.00 sign=+1 curr=USD label=Deposit (type/gateway/descr/drcr/sign) status='auto'
[2025-09-04 12:47:34] 🔎 row 105: ✅ accept → dt=2019-07-08 amt=500.00 sign=+1 curr=USD label=Deposit (type/gateway/descr/drcr/sign) status='auto'
[2025-09-04 12:47:34] 🔎 row 106: ✅ accept → dt=2019-09-16 amt=900.00 sign=+1 curr=USD label=Deposit (type/gateway/descr/drcr/sign) status='auto'
[2025-09-04 12:47:34] 🔎 row 107: ✅ accept → dt=2019-09-16 amt=500.00 sign=+1 curr=USD label=Deposit (type/gateway/descr/drcr/sign) status='auto'
[2025-09-04 12:47:34] 🔎 row 108: ✅ accept → dt=2019-09-16 amt=900.00 sign=+1 curr=USD label=Deposit (type/gateway/descr/drcr/sign) status='auto'
[2025-09-04 12:47:34] 🔎 row 109: ✅ accept → dt=2019-09-16 amt=700.00 sign=+1 curr=USD label=Deposit (type/gateway/descr/drcr/sign) status='auto'
[2025-09-04 12:47:34] 🔎 row 110: ✅ accept → dt=2019-09-17 amt=1500.00 sign=+1 curr=USD label=Deposit (type/gateway/descr/drcr/sign) status='auto'
[2025-09-04 12:47:34] 🔎 row 111: ✅ accept → dt=2019-09-17 amt=600.00 sign=+1 curr=USD label=Deposit (type/gateway/descr/drcr/sign) status='auto'
[2025-09-04 12:47:34] 🔎 row 112: ✅ accept → dt=2019-09-18 amt=1500.00 sign=+1 curr=USD label=Deposit (type/gateway/descr/drcr/sign) status='auto'
[2025-09-04 12:47:34] 🔎 row 113: ✅ accept → dt=2019-09-18 amt=926.00 sign=+1 curr=USD label=Deposit (type/gateway/descr/drcr/sign) status='auto'
[2025-09-04 12:47:34] 🔎 row 114: ✅ accept → dt=2019-09-19 amt=1500.00 sign=+1 curr=USD label=Deposit (type/gateway/descr/drcr/sign) status='auto'
[2025-09-04 12:47:34] 🔎 row 115: ✅ accept → dt=2019-09-19 amt=288.00 sign=+1 curr=USD label=Deposit (type/gateway/descr/drcr/sign) status='auto'
[2025-09-04 12:47:34] 🔎 row 116: ✅ accept → dt=2019-09-20 amt=2700.00 sign=+1 curr=USD label=Deposit (type/gateway/descr/drcr/sign) status='auto'
[2025-09-04 12:47:34] 🔎 row 117: ✅ accept → dt=2019-09-20 amt=1000.00 sign=+1 curr=USD label=Deposit (type/gateway/descr/drcr/sign) status='auto'
[2025-09-04 12:47:34] 🔎 row 118: ✅ accept → dt=2019-09-20 amt=1500.00 sign=+1 curr=USD label=Deposit (type/gateway/descr/drcr/sign) status='auto'
[2025-09-04 12:47:34] 🔎 row 119: ✅ accept → dt=2019-09-20 amt=1500.00 sign=+1 curr=USD label=Deposit (type/gateway/descr/drcr/sign) status='auto'
[2025-09-04 12:47:34] 🔎 row 120: ✅ accept → dt=2019-09-22 amt=1599.00 sign=+1 curr=USD label=Deposit (type/gateway/descr/drcr/sign) status='auto'
[2025-09-04 12:47:34] 🔎 row 121: ✅ accept → dt=2019-09-22 amt=3100.00 sign=+1 curr=USD label=Deposit (type/gateway/descr/drcr/sign) status='auto'
[2025-09-04 12:47:34] 🔎 row 122: ✅ accept → dt=2019-09-22 amt=2600.00 sign=+1 curr=USD label=Deposit (type/gateway/descr/drcr/sign) status='auto'
[2025-09-04 12:47:34] 🔎 row 123: ✅ accept → dt=2019-09-23 amt=682.00 sign=+1 curr=USD label=Deposit (type/gateway/descr/drcr/sign) status='auto'
[2025-09-04 12:47:34] 🔎 row 124: ✅ accept → dt=2019-09-23 amt=500.00 sign=+1 curr=USD label=Deposit (type/gateway/descr/drcr/sign) status='auto'
[2025-09-04 12:47:34] 🔎 row 125: ✅ accept → dt=2019-09-26 amt=1666.00 sign=+1 curr=USD label=Deposit (type/gateway/descr/drcr/sign) status='auto'
[2025-09-04 12:47:34] 🔎 row 126: ✅ accept → dt=2019-09-26 amt=1676.00 sign=+1 curr=USD label=Deposit (type/gateway/descr/drcr/sign) status='auto'
[2025-09-04 12:47:34] 🔎 row 127: ✅ accept → dt=2019-09-30 amt=1630.00 sign=+1 curr=USD label=Deposit (type/gateway/descr/drcr/sign) status='auto'
[2025-09-04 12:47:34] 🔎 row 128: ✅ accept → dt=2019-01-10 amt=1650.00 sign=+1 curr=USD label=Deposit (type/gateway/descr/drcr/sign) status='auto'
[2025-09-04 12:47:34] 🔎 row 129: ✅ accept → dt=2019-01-10 amt=1648.00 sign=+1 curr=USD label=Deposit (type/gateway/descr/drcr/sign) status='auto'
[2025-09-04 12:47:34] 🔎 row 130: ✅ accept → dt=2019-03-10 amt=1500.00 sign=+1 curr=USD label=Deposit (type/gateway/descr/drcr/sign) status='auto'
[2025-09-04 12:47:34] 🔎 row 131: ✅ accept → dt=2019-04-10 amt=1500.00 sign=+1 curr=USD label=Deposit (type/gateway/descr/drcr/sign) status='auto'
[2025-09-04 12:47:34] 🔎 row 132: ✅ accept → dt=2019-11-10 amt=1500.00 sign=+1 curr=USD label=Deposit (type/gateway/descr/drcr/sign) status='auto'
[2025-09-04 12:47:34] 🔎 row 133: ✅ accept → dt=2019-11-10 amt=300.00 sign=+1 curr=USD label=Deposit (type/gateway/descr/drcr/sign) status='auto'
[2025-09-04 12:47:34] 🔎 row 134: ✅ accept → dt=2019-12-10 amt=2300.00 sign=+1 curr=USD label=Deposit (type/gateway/descr/drcr/sign) status='auto'
[2025-09-04 12:47:34] 🔎 row 135: ✅ accept → dt=2019-12-10 amt=2500.00 sign=+1 curr=USD label=Deposit (type/gateway/descr/drcr/sign) status='auto'
[2025-09-04 12:47:34] 🔎 row 136: ✅ accept → dt=2019-10-22 amt=10000.00 sign=+1 curr=USD label=Deposit (type/gateway/descr/drcr/sign) status='auto'
[2025-09-04 12:47:34] 🔎 row 137: ✅ accept → dt=2019-10-24 amt=10000.00 sign=+1 curr=USD label=Deposit (type/gateway/descr/drcr/sign) status='auto'
[2025-09-04 12:47:34] 🔎 row 138: ✅ accept → dt=2019-08-12 amt=2000.00 sign=+1 curr=USD label=Deposit (type/gateway/descr/drcr/sign) status='auto'
[2025-09-04 12:47:34] 🔎 row 139: ✅ accept → dt=2019-08-12 amt=300.00 sign=+1 curr=USD label=Deposit (type/gateway/descr/drcr/sign) status='auto'
[2025-09-04 12:47:34] 🔎 row 140: ✅ accept → dt=2019-11-12 amt=3000.00 sign=+1 curr=USD label=Deposit (type/gateway/descr/drcr/sign) status='auto'
[2025-09-04 12:47:34] 🔎 row 141: ✅ accept → dt=2019-12-12 amt=5000.00 sign=+1 curr=USD label=Deposit (type/gateway/descr/drcr/sign) status='auto'
[2025-09-04 12:47:34] 🔎 row 142: ✅ accept → dt=2019-12-13 amt=5000.00 sign=+1 curr=USD label=Deposit (type/gateway/descr/drcr/sign) status='auto'
[2025-09-04 12:47:34] 🔎 row 143: ✅ accept → dt=2019-12-13 amt=5000.00 sign=+1 curr=USD label=Deposit (type/gateway/descr/drcr/sign) status='auto'
[2025-09-04 12:47:34] 🔎 row 144: ✅ accept → dt=2019-12-13 amt=7000.00 sign=+1 curr=USD label=Deposit (type/gateway/descr/drcr/sign) status='auto'
[2025-09-04 12:47:34] 🔎 row 145: ✅ accept → dt=2019-12-13 amt=2100.00 sign=+1 curr=USD label=Deposit (type/gateway/descr/drcr/sign) status='auto'
[2025-09-04 12:47:34] 🔎 row 146: ✅ accept → dt=2020-01-01 amt=1000.00 sign=+1 curr=USD label=Deposit (type/gateway/descr/drcr/sign) status='auto'
[2025-09-04 12:47:34] 🔎 row 147: ✅ accept → dt=2020-01-01 amt=10000.00 sign=+1 curr=USD label=Deposit (type/gateway/descr/drcr/sign) status='auto'
[2025-09-04 12:47:34] 🔎 row 148: ✅ accept → dt=2020-05-01 amt=5000.00 sign=+1 curr=USD label=Deposit (type/gateway/descr/drcr/sign) status='auto'
[2025-09-04 12:47:34] 🔎 row 149: ✅ accept → dt=2020-12-01 amt=10000.00 sign=+1 curr=USD label=Deposit (type/gateway/descr/drcr/sign) status='auto'
[2025-09-04 12:47:34] 🔎 row 150: ✅ accept → dt=2020-02-23 amt=1800.00 sign=+1 curr=USD label=Deposit (type/gateway/descr/drcr/sign) status='auto'
[2025-09-04 12:47:35] 🔎 row 151: ✅ accept → dt=2020-02-24 amt=1399.00 sign=+1 curr=USD label=Deposit (type/gateway/descr/drcr/sign) status='auto'
[2025-09-04 12:47:35] 🔎 row 152: ✅ accept → dt=2020-08-03 amt=1485.00 sign=+1 curr=USD label=Deposit (type/gateway/descr/drcr/sign) status='auto'
[2025-09-04 12:47:35] 🔎 row 153: ✅ accept → dt=2020-11-03 amt=700.00 sign=+1 curr=USD label=Deposit (type/gateway/descr/drcr/sign) status='auto'
[2025-09-04 12:47:35] 🔎 row 154: ✅ accept → dt=2020-03-13 amt=790.00 sign=+1 curr=USD label=Deposit (type/gateway/descr/drcr/sign) status='auto'
[2025-09-04 12:47:35] 🔎 row 155: ✅ accept → dt=2020-03-22 amt=5300.00 sign=+1 curr=USD label=Deposit (type/gateway/descr/drcr/sign) status='auto'
[2025-09-04 12:47:35] 🔎 row 156: ✅ accept → dt=2020-03-22 amt=3000.00 sign=+1 curr=USD label=Deposit (type/gateway/descr/drcr/sign) status='auto'
[2025-09-04 12:47:35] 🔎 row 157: ✅ accept → dt=2020-03-22 amt=200.00 sign=+1 curr=USD label=Deposit (type/gateway/descr/drcr/sign) status='auto'
[2025-09-04 12:47:35] 🔎 row 158: ✅ accept → dt=2020-12-04 amt=1200.00 sign=+1 curr=USD label=Deposit (type/gateway/descr/drcr/sign) status='auto'
[2025-09-04 12:47:35] 🔎 row 159: ✅ accept → dt=2020-04-26 amt=2000.00 sign=+1 curr=USD label=Deposit (type/gateway/descr/drcr/sign) status='auto'
[2025-09-04 12:47:35] 🔎 row 160: ✅ accept → dt=2020-04-26 amt=1500.00 sign=+1 curr=USD label=Deposit (type/gateway/descr/drcr/sign) status='auto'
[2025-09-04 12:47:35] 🔎 row 161: ✅ accept → dt=2020-03-05 amt=2500.00 sign=+1 curr=USD label=Deposit (type/gateway/descr/drcr/sign) status='auto'
[2025-09-04 12:47:35] 🔎 row 162: ✅ accept → dt=2020-03-05 amt=1000.00 sign=+1 curr=USD label=Deposit (type/gateway/descr/drcr/sign) status='auto'
[2025-09-04 12:47:35] 🔎 row 163: ✅ accept → dt=2020-05-05 amt=5000.00 sign=+1 curr=USD label=Deposit (type/gateway/descr/drcr/sign) status='auto'
[2025-09-04 12:47:35] 🔎 row 164: ✅ accept → dt=2020-05-05 amt=5000.00 sign=+1 curr=USD label=Deposit (type/gateway/descr/drcr/sign) status='auto'
[2025-09-04 12:47:35] 🔎 row 165: ✅ accept → dt=2020-06-05 amt=5500.00 sign=+1 curr=USD label=Deposit (type/gateway/descr/drcr/sign) status='auto'
[2025-09-04 12:47:35] 🔎 row 166: ✅ accept → dt=2020-06-05 amt=2000.00 sign=+1 curr=USD label=Deposit (type/gateway/descr/drcr/sign) status='auto'
[2025-09-04 12:47:35] 🔎 row 167: ✅ accept → dt=2020-07-05 amt=5000.00 sign=+1 curr=USD label=Deposit (type/gateway/descr/drcr/sign) status='auto'
[2025-09-04 12:47:35] 🔎 row 168: ✅ accept → dt=2020-07-05 amt=5000.00 sign=+1 curr=USD label=Deposit (type/gateway/descr/drcr/sign) status='auto'
[2025-09-04 12:47:35] 🔎 row 169: ✅ accept → dt=2020-07-05 amt=5000.00 sign=+1 curr=USD label=Deposit (type/gateway/descr/drcr/sign) status='auto'
[2025-09-04 12:47:35] 🔎 row 170: ✅ accept → dt=2020-10-05 amt=10000.00 sign=+1 curr=USD label=Deposit (type/gateway/descr/drcr/sign) status='auto'
[2025-09-04 12:47:35] 🔎 row 171: ✅ accept → dt=2020-05-13 amt=1700.00 sign=+1 curr=USD label=Deposit (type/gateway/descr/drcr/sign) status='auto'
[2025-09-04 12:47:35] 🔎 row 172: ✅ accept → dt=2020-05-13 amt=5500.00 sign=+1 curr=USD label=Deposit (type/gateway/descr/drcr/sign) status='auto'
[2025-09-04 12:47:35] 🔎 row 173: ✅ accept → dt=2020-05-13 amt=100.00 sign=+1 curr=USD label=Deposit (type/gateway/descr/drcr/sign) status='auto'
[2025-09-04 12:47:35] 🔎 row 174: ✅ accept → dt=2020-05-13 amt=1000.00 sign=+1 curr=USD label=Deposit (type/gateway/descr/drcr/sign) status='auto'
[2025-09-04 12:47:35] 🔎 row 175: ✅ accept → dt=2020-05-13 amt=5000.00 sign=+1 curr=USD label=Deposit (type/gateway/descr/drcr/sign) status='auto'
[2025-09-04 12:47:35] 🔎 row 176: ✅ accept → dt=2020-05-27 amt=2500.00 sign=+1 curr=USD label=Deposit (type/gateway/descr/drcr/sign) status='auto'
[2025-09-04 12:47:35] 🔎 row 177: ✅ accept → dt=2020-05-27 amt=5000.00 sign=+1 curr=USD label=Deposit (type/gateway/descr/drcr/sign) status='auto'
[2025-09-04 12:47:35] 🔎 row 178: ✅ accept → dt=2020-05-28 amt=1400.00 sign=+1 curr=USD label=Deposit (type/gateway/descr/drcr/sign) status='auto'
[2025-09-04 12:47:35] 🔎 row 179: ✅ accept → dt=2020-05-31 amt=3500.00 sign=+1 curr=USD label=Deposit (type/gateway/descr/drcr/sign) status='auto'
[2025-09-04 12:47:35] 🔎 row 180: ✅ accept → dt=2020-05-31 amt=5000.00 sign=+1 curr=USD label=Deposit (type/gateway/descr/drcr/sign) status='auto'
[2025-09-04 12:47:35] 🔎 row 181: ✅ accept → dt=2020-08-06 amt=710.69 sign=-1 curr=USD label=Redeem (type/gateway/descr/drcr/sign) status='auto'
[2025-09-04 12:47:35] 🔎 row 182: ✅ accept → dt=2020-06-14 amt=5688.50 sign=-1 curr=USD label=Redeem (type/gateway/descr/drcr/sign) status='auto'
[2025-09-04 12:47:35] 🔎 row 183: ✅ accept → dt=2020-06-14 amt=5171.91 sign=-1 curr=USD label=Redeem (type/gateway/descr/drcr/sign) status='auto'
[2025-09-04 12:47:35] 🔎 row 184: ✅ accept → dt=2020-05-07 amt=4314.03 sign=-1 curr=USD label=Redeem (type/gateway/descr/drcr/sign) status='auto'
[2025-09-04 12:47:35] 🔎 row 185: ✅ accept → dt=2020-07-18 amt=1000.00 sign=+1 curr=USD label=Deposit (type/gateway/descr/drcr/sign) status='auto'
[2025-09-04 12:47:35] 🔎 row 186: ✅ accept → dt=2020-07-18 amt=1000.00 sign=+1 curr=USD label=Deposit (type/gateway/descr/drcr/sign) status='auto'
[2025-09-04 12:47:35] 🔎 row 187: ✅ accept → dt=2020-07-19 amt=5000.00 sign=+1 curr=USD label=Deposit (type/gateway/descr/drcr/sign) status='auto'
[2025-09-04 12:47:35] 🔎 row 188: ✅ accept → dt=2020-07-19 amt=5000.00 sign=+1 curr=USD label=Deposit (type/gateway/descr/drcr/sign) status='auto'
[2025-09-04 12:47:35] 🔎 row 189: ✅ accept → dt=2020-07-19 amt=500.00 sign=+1 curr=USD label=Deposit (type/gateway/descr/drcr/sign) status='auto'
[2025-09-04 12:47:35] 🔎 row 190: ✅ accept → dt=2020-07-25 amt=600.00 sign=+1 curr=USD label=Deposit (type/gateway/descr/drcr/sign) status='auto'
[2025-09-04 12:47:35] 🔎 row 191: ✅ accept → dt=2020-07-26 amt=900.00 sign=+1 curr=USD label=Deposit (type/gateway/descr/drcr/sign) status='auto'
[2025-09-04 12:47:35] 🔎 row 192: ✅ accept → dt=2020-07-26 amt=7000.00 sign=+1 curr=USD label=Deposit (type/gateway/descr/drcr/sign) status='auto'
[2025-09-04 12:47:35] 🔎 row 193: ✅ accept → dt=2020-07-26 amt=500.00 sign=+1 curr=USD label=Deposit (type/gateway/descr/drcr/sign) status='auto'
[2025-09-04 12:47:35] 🔎 row 194: ✅ accept → dt=2020-07-26 amt=500.00 sign=+1 curr=USD label=Deposit (type/gateway/descr/drcr/sign) status='auto'
[2025-09-04 12:47:35] 🔎 row 195: ✅ accept → dt=2020-07-26 amt=900.00 sign=+1 curr=USD label=Deposit (type/gateway/descr/drcr/sign) status='auto'
[2025-09-04 12:47:35] 🔎 row 196: ✅ accept → dt=2020-02-08 amt=300.00 sign=+1 curr=USD label=Deposit (type/gateway/descr/drcr/sign) status='auto'
[2025-09-04 12:47:35] 🔎 row 197: ✅ accept → dt=2020-02-08 amt=5000.00 sign=+1 curr=USD label=Deposit (type/gateway/descr/drcr/sign) status='auto'
[2025-09-04 12:47:35] 🔎 row 198: ✅ accept → dt=2020-02-08 amt=500.00 sign=+1 curr=USD label=Deposit (type/gateway/descr/drcr/sign) status='auto'
[2025-09-04 12:47:35] 🔎 row 199: ✅ accept → dt=2020-02-08 amt=300.00 sign=+1 curr=USD label=Deposit (type/gateway/descr/drcr/sign) status='auto'
[2025-09-04 12:47:35] 🔎 row 200: ✅ accept → dt=2020-02-08 amt=269.00 sign=+1 curr=USD label=Deposit (type/gateway/descr/drcr/sign) status='auto'
[2025-09-04 12:47:35] 🔎 row 201: ✅ accept → dt=2020-02-08 amt=7000.00 sign=+1 curr=USD label=Deposit (type/gateway/descr/drcr/sign) status='auto'
[2025-09-04 12:47:35] 🔎 row 202: ✅ accept → dt=2020-02-08 amt=369.00 sign=+1 curr=USD label=Deposit (type/gateway/descr/drcr/sign) status='auto'
[2025-09-04 12:47:35] 🔎 row 203: ✅ accept → dt=2020-12-08 amt=1000.00 sign=+1 curr=USD label=Deposit (type/gateway/descr/drcr/sign) status='auto'
[2025-09-04 12:47:35] 🔎 row 204: ✅ accept → dt=2020-08-16 amt=500.00 sign=+1 curr=USD label=Deposit (type/gateway/descr/drcr/sign) status='auto'
[2025-09-04 12:47:35] 🔎 row 205: ✅ accept → dt=2020-08-16 amt=500.00 sign=+1 curr=USD label=Deposit (type/gateway/descr/drcr/sign) status='auto'
[2025-09-04 12:47:35] 🔎 row 206: ✅ accept → dt=2020-08-16 amt=500.00 sign=+1 curr=USD label=Deposit (type/gateway/descr/drcr/sign) status='auto'
[2025-09-04 12:47:35] 🔎 row 207: ✅ accept → dt=2020-08-16 amt=1500.00 sign=+1 curr=USD label=Deposit (type/gateway/descr/drcr/sign) status='auto'
[2025-09-04 12:47:35] 🔎 row 208: ✅ accept → dt=2020-08-16 amt=750.00 sign=+1 curr=USD label=Deposit (type/gateway/descr/drcr/sign) status='auto'
[2025-09-04 12:47:35] 🔎 row 209: ✅ accept → dt=2020-08-16 amt=4500.00 sign=+1 curr=USD label=Deposit (type/gateway/descr/drcr/sign) status='auto'
[2025-09-04 12:47:35] 🔎 row 210: ✅ accept → dt=2020-08-30 amt=800.00 sign=+1 curr=USD label=Deposit (type/gateway/descr/drcr/sign) status='auto'
[2025-09-04 12:47:35] 🔎 row 211: ✅ accept → dt=2020-08-30 amt=2000.00 sign=+1 curr=USD label=Deposit (type/gateway/descr/drcr/sign) status='auto'
[2025-09-04 12:47:35] 🔎 row 212: ✅ accept → dt=2020-08-30 amt=1000.00 sign=+1 curr=USD label=Deposit (type/gateway/descr/drcr/sign) status='auto'
[2025-09-04 12:47:35] 🔎 row 213: ✅ accept → dt=2020-08-30 amt=1000.00 sign=+1 curr=USD label=Deposit (type/gateway/descr/drcr/sign) status='auto'
[2025-09-04 12:47:35] 🔎 row 214: ✅ accept → dt=2020-08-30 amt=5000.00 sign=+1 curr=USD label=Deposit (type/gateway/descr/drcr/sign) status='auto'
[2025-09-04 12:47:35] 🔎 row 215: ✅ accept → dt=2020-01-09 amt=1000.00 sign=+1 curr=USD label=Deposit (type/gateway/descr/drcr/sign) status='auto'
[2025-09-04 12:47:35] 🔎 row 216: ✅ accept → dt=2020-01-09 amt=900.00 sign=+1 curr=USD label=Deposit (type/gateway/descr/drcr/sign) status='auto'
[2025-09-04 12:47:35] 🔎 row 217: ✅ accept → dt=2020-01-09 amt=2000.00 sign=+1 curr=USD label=Deposit (type/gateway/descr/drcr/sign) status='auto'
[2025-09-04 12:47:35] 🔎 row 218: ✅ accept → dt=2020-01-09 amt=5000.00 sign=+1 curr=USD label=Deposit (type/gateway/descr/drcr/sign) status='auto'
[2025-09-04 12:47:35] 🔎 row 219: ✅ accept → dt=2020-05-09 amt=500.00 sign=+1 curr=USD label=Deposit (type/gateway/descr/drcr/sign) status='auto'
[2025-09-04 12:47:35] 🔎 row 220: ✅ accept → dt=2020-06-09 amt=510.00 sign=+1 curr=USD label=Deposit (type/gateway/descr/drcr/sign) status='auto'
[2025-09-04 12:47:35] 🔎 row 221: ✅ accept → dt=2020-06-09 amt=50.00 sign=+1 curr=USD label=Deposit (type/gateway/descr/drcr/sign) status='auto'
[2025-09-04 12:47:35] 🔎 row 222: ✅ accept → dt=2020-10-09 amt=400.00 sign=+1 curr=USD label=Deposit (type/gateway/descr/drcr/sign) status='auto'
[2025-09-04 12:47:35] 🔎 row 223: ✅ accept → dt=2020-09-13 amt=1000.00 sign=+1 curr=USD label=Deposit (type/gateway/descr/drcr/sign) status='auto'
[2025-09-04 12:47:35] 🔎 row 224: ✅ accept → dt=2020-09-13 amt=400.00 sign=+1 curr=USD label=Deposit (type/gateway/descr/drcr/sign) status='auto'
[2025-09-04 12:47:35] 🔎 row 225: ✅ accept → dt=2020-09-13 amt=400.00 sign=+1 curr=USD label=Deposit (type/gateway/descr/drcr/sign) status='auto'
[2025-09-04 12:47:35] 🔎 row 226: ✅ accept → dt=2020-09-13 amt=500.00 sign=+1 curr=USD label=Deposit (type/gateway/descr/drcr/sign) status='auto'
[2025-09-04 12:47:35] 🔎 row 227: ✅ accept → dt=2020-09-13 amt=2000.00 sign=+1 curr=USD label=Deposit (type/gateway/descr/drcr/sign) status='auto'
[2025-09-04 12:47:35] 🔎 row 228: ✅ accept → dt=2020-09-13 amt=750.00 sign=+1 curr=USD label=Deposit (type/gateway/descr/drcr/sign) status='auto'
[2025-09-04 12:47:35] 🔎 row 229: ✅ accept → dt=2020-09-20 amt=300.00 sign=+1 curr=USD label=Deposit (type/gateway/descr/drcr/sign) status='auto'
[2025-09-04 12:47:35] 🔎 row 230: ✅ accept → dt=2020-09-20 amt=500.00 sign=+1 curr=USD label=Deposit (type/gateway/descr/drcr/sign) status='auto'
[2025-09-04 12:47:35] 🔎 row 231: ✅ accept → dt=2020-09-20 amt=450.00 sign=+1 curr=USD label=Deposit (type/gateway/descr/drcr/sign) status='auto'
[2025-09-04 12:47:35] 🔎 row 232: ✅ accept → dt=2020-09-20 amt=3000.00 sign=+1 curr=USD label=Deposit (type/gateway/descr/drcr/sign) status='auto'
[2025-09-04 12:47:35] 🔎 row 233: ✅ accept → dt=2020-09-20 amt=1000.00 sign=+1 curr=USD label=Deposit (type/gateway/descr/drcr/sign) status='auto'
[2025-09-04 12:47:35] 🔎 row 234: ✅ accept → dt=2020-09-20 amt=1000.00 sign=+1 curr=USD label=Deposit (type/gateway/descr/drcr/sign) status='auto'
[2025-09-04 12:47:35] 🔎 row 235: ✅ accept → dt=2020-09-21 amt=300.00 sign=+1 curr=USD label=Deposit (type/gateway/descr/drcr/sign) status='auto'
[2025-09-04 12:47:35] 🔎 row 236: ✅ accept → dt=2020-11-14 amt=2500.00 sign=+1 curr=USD label=Deposit (type/gateway/descr/drcr/sign) status='auto'
[2025-09-04 12:47:35] 🔎 row 237: ✅ accept → dt=2020-11-14 amt=500.00 sign=+1 curr=USD label=Deposit (type/gateway/descr/drcr/sign) status='auto'
[2025-09-04 12:47:35] 🔎 row 238: ✅ accept → dt=2020-11-14 amt=340.00 sign=+1 curr=USD label=Deposit (type/gateway/descr/drcr/sign) status='auto'
[2025-09-04 12:47:35] 🔎 row 239: ✅ accept → dt=2020-11-14 amt=500.00 sign=+1 curr=USD label=Deposit (type/gateway/descr/drcr/sign) status='auto'
[2025-09-04 12:47:35] 🔎 row 240: ✅ accept → dt=2020-11-14 amt=2000.00 sign=+1 curr=USD label=Deposit (type/gateway/descr/drcr/sign) status='auto'
[2025-09-04 12:47:35] 🔎 row 241: ✅ accept → dt=2020-11-15 amt=1000.00 sign=+1 curr=USD label=Deposit (type/gateway/descr/drcr/sign) status='auto'
[2025-09-04 12:47:35] 🔎 row 242: ✅ accept → dt=2020-11-15 amt=1500.00 sign=+1 curr=USD label=Deposit (type/gateway/descr/drcr/sign) status='auto'
[2025-09-04 12:47:35] 🔎 row 243: ✅ accept → dt=2020-11-15 amt=3000.00 sign=+1 curr=USD label=Deposit (type/gateway/descr/drcr/sign) status='auto'
[2025-09-04 12:47:35] 🔎 row 244: ✅ accept → dt=2020-11-15 amt=4500.00 sign=+1 curr=USD label=Deposit (type/gateway/descr/drcr/sign) status='auto'
[2025-09-04 12:47:35] 🔎 row 245: ✅ accept → dt=2020-12-13 amt=1000.00 sign=+1 curr=USD label=Deposit (type/gateway/descr/drcr/sign) status='auto'
[2025-09-04 12:47:35] 🔎 row 246: ✅ accept → dt=2020-12-13 amt=1250.00 sign=+1 curr=USD label=Deposit (type/gateway/descr/drcr/sign) status='auto'
[2025-09-04 12:47:35] 🔎 row 247: ✅ accept → dt=2020-12-13 amt=700.00 sign=+1 curr=USD label=Deposit (type/gateway/descr/drcr/sign) status='auto'
[2025-09-04 12:47:35] 🔎 row 248: ✅ accept → dt=2020-12-13 amt=4200.00 sign=+1 curr=USD label=Deposit (type/gateway/descr/drcr/sign) status='auto'
[2025-09-04 12:47:35] 🔎 row 249: ✅ accept → dt=2020-12-20 amt=600.00 sign=+1 curr=USD label=Deposit (type/gateway/descr/drcr/sign) status='auto'
[2025-09-04 12:47:35] 🔎 row 250: ✅ accept → dt=2020-12-28 amt=1000.00 sign=+1 curr=USD label=Deposit (type/gateway/descr/drcr/sign) status='auto'
[2025-09-04 12:47:35] 🔎 row 251: ✅ accept → dt=2020-12-28 amt=300.00 sign=+1 curr=USD label=Deposit (type/gateway/descr/drcr/sign) status='auto'
[2025-09-04 12:47:35] 🔎 row 252: ✅ accept → dt=2020-12-28 amt=600.00 sign=+1 curr=USD label=Deposit (type/gateway/descr/drcr/sign) status='auto'
[2025-09-04 12:47:35] 🔎 row 253: ✅ accept → dt=2020-12-28 amt=220.00 sign=+1 curr=USD label=Deposit (type/gateway/descr/drcr/sign) status='auto'
[2025-09-04 12:47:35] 🔎 row 254: ✅ accept → dt=2020-12-30 amt=1250.00 sign=+1 curr=USD label=Deposit (type/gateway/descr/drcr/sign) status='auto'
[2025-09-04 12:47:35] 🔎 row 255: ✅ accept → dt=2021-01-01 amt=300.00 sign=+1 curr=USD label=Deposit (type/gateway/descr/drcr/sign) status='auto'
[2025-09-04 12:47:35] 🔎 row 256: ✅ accept → dt=2021-03-01 amt=1000.00 sign=+1 curr=USD label=Deposit (type/gateway/descr/drcr/sign) status='auto'
[2025-09-04 12:47:35] 🔎 row 257: ✅ accept → dt=2021-03-01 amt=50.00 sign=+1 curr=USD label=Deposit (type/gateway/descr/drcr/sign) status='auto'
[2025-09-04 12:47:35] 🔎 row 258: ✅ accept → dt=2021-04-01 amt=800.00 sign=+1 curr=USD label=Deposit (type/gateway/descr/drcr/sign) status='auto'
[2025-09-04 12:47:35] 🔎 row 259: ✅ accept → dt=2021-01-13 amt=100.00 sign=+1 curr=USD label=Deposit (type/gateway/descr/drcr/sign) status='auto'
[2025-09-04 12:47:35] 🔎 row 260: ✅ accept → dt=2021-01-15 amt=1000.00 sign=+1 curr=USD label=Deposit (type/gateway/descr/drcr/sign) status='auto'
[2025-09-04 12:47:35] 🔎 row 261: ✅ accept → dt=2021-01-15 amt=180.00 sign=+1 curr=USD label=Deposit (type/gateway/descr/drcr/sign) status='auto'
[2025-09-04 12:47:35] 🔎 row 262: ✅ accept → dt=2021-01-15 amt=2000.00 sign=+1 curr=USD label=Deposit (type/gateway/descr/drcr/sign) status='auto'
[2025-09-04 12:47:35] 🔎 row 263: ✅ accept → dt=2021-01-15 amt=1500.00 sign=+1 curr=USD label=Deposit (type/gateway/descr/drcr/sign) status='auto'
[2025-09-04 12:47:36] 🔎 row 264: ✅ accept → dt=2021-01-17 amt=1500.00 sign=+1 curr=USD label=Deposit (type/gateway/descr/drcr/sign) status='auto'
[2025-09-04 12:47:36] 🔎 row 265: ✅ accept → dt=2021-01-17 amt=4000.00 sign=+1 curr=USD label=Deposit (type/gateway/descr/drcr/sign) status='auto'
[2025-09-04 12:47:36] 🔎 row 266: ✅ accept → dt=2021-01-17 amt=1000.00 sign=+1 curr=USD label=Deposit (type/gateway/descr/drcr/sign) status='auto'
[2025-09-04 12:47:36] 🔎 row 267: ✅ accept → dt=2021-01-17 amt=4000.00 sign=+1 curr=USD label=Deposit (type/gateway/descr/drcr/sign) status='auto'
[2025-09-04 12:47:36] 🔎 row 268: ✅ accept → dt=2021-01-17 amt=500.00 sign=+1 curr=USD label=Deposit (type/gateway/descr/drcr/sign) status='auto'
[2025-09-04 12:47:36] 🔎 row 269: ✅ accept → dt=2021-01-17 amt=500.00 sign=+1 curr=USD label=Deposit (type/gateway/descr/drcr/sign) status='auto'
[2025-09-04 12:47:36] 🔎 row 270: ✅ accept → dt=2021-01-19 amt=600.00 sign=+1 curr=USD label=Deposit (type/gateway/descr/drcr/sign) status='auto'
[2025-09-04 12:47:36] 🔎 row 271: ✅ accept → dt=2021-01-24 amt=2000.00 sign=+1 curr=USD label=Deposit (type/gateway/descr/drcr/sign) status='auto'
[2025-09-04 12:47:36] 🔎 row 272: ✅ accept → dt=2021-01-24 amt=1000.00 sign=+1 curr=USD label=Deposit (type/gateway/descr/drcr/sign) status='auto'
[2025-09-04 12:47:36] 🔎 row 273: ✅ accept → dt=2021-01-26 amt=1000.00 sign=+1 curr=USD label=Deposit (type/gateway/descr/drcr/sign) status='auto'
[2025-09-04 12:47:36] 🔎 row 274: ✅ accept → dt=2021-01-26 amt=1000.00 sign=+1 curr=USD label=Deposit (type/gateway/descr/drcr/sign) status='auto'
[2025-09-04 12:47:36] 🔎 row 275: ✅ accept → dt=2021-01-28 amt=600.00 sign=+1 curr=USD label=Deposit (type/gateway/descr/drcr/sign) status='auto'
[2025-09-04 12:47:36] 🔎 row 276: ✅ accept → dt=2021-01-29 amt=1000.00 sign=+1 curr=USD label=Deposit (type/gateway/descr/drcr/sign) status='auto'
[2025-09-04 12:47:36] 🔎 row 277: ✅ accept → dt=2021-01-29 amt=150.00 sign=+1 curr=USD label=Deposit (type/gateway/descr/drcr/sign) status='auto'
[2025-09-04 12:47:36] 🔎 row 278: ✅ accept → dt=2021-01-29 amt=1800.00 sign=+1 curr=USD label=Deposit (type/gateway/descr/drcr/sign) status='auto'
[2025-09-04 12:47:36] 🔎 row 279: ✅ accept → dt=2021-01-30 amt=1800.00 sign=+1 curr=USD label=Deposit (type/gateway/descr/drcr/sign) status='auto'
[2025-09-04 12:47:36] 🔎 row 280: ✅ accept → dt=2021-01-02 amt=1000.00 sign=+1 curr=USD label=Deposit (type/gateway/descr/drcr/sign) status='auto'
[2025-09-04 12:47:36] 🔎 row 281: ✅ accept → dt=2021-02-02 amt=500.00 sign=+1 curr=USD label=Deposit (type/gateway/descr/drcr/sign) status='auto'
[2025-09-04 12:47:36] 🔎 row 282: ✅ accept → dt=2021-06-02 amt=1000.00 sign=+1 curr=USD label=Deposit (type/gateway/descr/drcr/sign) status='auto'
[2025-09-04 12:47:36] 🔎 row 283: ✅ accept → dt=2021-06-02 amt=2000.00 sign=+1 curr=USD label=Deposit (type/gateway/descr/drcr/sign) status='auto'
[2025-09-04 12:47:36] 🔎 row 284: ✅ accept → dt=2021-07-02 amt=300.00 sign=+1 curr=USD label=Deposit (type/gateway/descr/drcr/sign) status='auto'
[2025-09-04 12:47:36] 🔎 row 285: ✅ accept → dt=2021-07-02 amt=2000.00 sign=+1 curr=USD label=Deposit (type/gateway/descr/drcr/sign) status='auto'
[2025-09-04 12:47:36] 🔎 row 286: ✅ accept → dt=2021-07-02 amt=2000.00 sign=+1 curr=USD label=Deposit (type/gateway/descr/drcr/sign) status='auto'
[2025-09-04 12:47:36] 🔎 row 287: ✅ accept → dt=2021-10-02 amt=150.00 sign=+1 curr=USD label=Deposit (type/gateway/descr/drcr/sign) status='auto'
[2025-09-04 12:47:36] 🔎 row 288: ✅ accept → dt=2021-02-14 amt=200.00 sign=+1 curr=USD label=Deposit (type/gateway/descr/drcr/sign) status='auto'
[2025-09-04 12:47:36] 🔎 row 289: ✅ accept → dt=2021-02-14 amt=70.00 sign=+1 curr=USD label=Deposit (type/gateway/descr/drcr/sign) status='auto'
[2025-09-04 12:47:36] 🔎 row 290: ✅ accept → dt=2021-02-14 amt=2000.00 sign=+1 curr=USD label=Deposit (type/gateway/descr/drcr/sign) status='auto'
[2025-09-04 12:47:36] 🔎 row 291: ✅ accept → dt=2021-02-14 amt=1000.00 sign=+1 curr=USD label=Deposit (type/gateway/descr/drcr/sign) status='auto'
[2025-09-04 12:47:36] 🔎 row 292: ✅ accept → dt=2021-02-21 amt=1000.00 sign=+1 curr=USD label=Deposit (type/gateway/descr/drcr/sign) status='auto'
[2025-09-04 12:47:36] 🔎 row 293: ✅ accept → dt=2021-02-21 amt=5000.00 sign=+1 curr=USD label=Deposit (type/gateway/descr/drcr/sign) status='auto'
[2025-09-04 12:47:36] 🔎 row 294: ✅ accept → dt=2021-02-21 amt=5000.00 sign=+1 curr=USD label=Deposit (type/gateway/descr/drcr/sign) status='auto'
[2025-09-04 12:47:36] 🔎 row 295: ✅ accept → dt=2021-02-21 amt=50.00 sign=+1 curr=USD label=Deposit (type/gateway/descr/drcr/sign) status='auto'
[2025-09-04 12:47:36] 🔎 row 296: ✅ accept → dt=2021-02-21 amt=90.00 sign=+1 curr=USD label=Deposit (type/gateway/descr/drcr/sign) status='auto'
[2025-09-04 12:47:36] 🔎 row 297: ✅ accept → dt=2021-03-21 amt=5000.00 sign=+1 curr=USD label=Deposit (type/gateway/descr/drcr/sign) status='auto'
[2025-09-04 12:47:36] 🔎 row 298: ✅ accept → dt=2021-03-21 amt=800.00 sign=+1 curr=USD label=Deposit (type/gateway/descr/drcr/sign) status='auto'
[2025-09-04 12:47:36] 🔎 row 299: ✅ accept → dt=2021-03-21 amt=100.00 sign=+1 curr=USD label=Deposit (type/gateway/descr/drcr/sign) status='auto'
[2025-09-04 12:47:36] 🔎 row 300: ✅ accept → dt=2021-03-21 amt=135.00 sign=+1 curr=USD label=Deposit (type/gateway/descr/drcr/sign) status='auto'
[2025-09-04 12:47:36] 🔎 row 301: ✅ accept → dt=2021-04-04 amt=500.00 sign=+1 curr=USD label=Deposit (type/gateway/descr/drcr/sign) status='auto'
[2025-09-04 12:47:36] 🔎 row 302: ✅ accept → dt=2021-04-04 amt=600.00 sign=+1 curr=USD label=Deposit (type/gateway/descr/drcr/sign) status='auto'
[2025-09-04 12:47:36] 🔎 row 303: ✅ accept → dt=2021-04-04 amt=300.00 sign=+1 curr=USD label=Deposit (type/gateway/descr/drcr/sign) status='auto'
[2025-09-04 12:47:36] 🔎 row 304: ✅ accept → dt=2021-04-04 amt=1000.00 sign=+1 curr=USD label=Deposit (type/gateway/descr/drcr/sign) status='auto'
[2025-09-04 12:47:36] 🔎 row 305: ✅ accept → dt=2021-04-04 amt=1000.00 sign=+1 curr=USD label=Deposit (type/gateway/descr/drcr/sign) status='auto'
[2025-09-04 12:47:36] 🔎 row 306: ✅ accept → dt=2021-04-04 amt=2000.00 sign=+1 curr=USD label=Deposit (type/gateway/descr/drcr/sign) status='auto'
[2025-09-04 12:47:36] 🔎 row 307: ✅ accept → dt=2021-04-04 amt=1500.00 sign=+1 curr=USD label=Deposit (type/gateway/descr/drcr/sign) status='auto'
[2025-09-04 12:47:36] 🔎 row 308: ✅ accept → dt=2021-04-04 amt=400.00 sign=+1 curr=USD label=Deposit (type/gateway/descr/drcr/sign) status='auto'
[2025-09-04 12:47:36] 🔎 row 309: ✅ accept → dt=2021-04-04 amt=2000.00 sign=+1 curr=USD label=Deposit (type/gateway/descr/drcr/sign) status='auto'
[2025-09-04 12:47:36] 🔎 row 310: ✅ accept → dt=2021-04-04 amt=1400.00 sign=+1 curr=USD label=Deposit (type/gateway/descr/drcr/sign) status='auto'
[2025-09-04 12:47:36] 🔎 row 311: ✅ accept → dt=2021-05-04 amt=1700.00 sign=+1 curr=USD label=Deposit (type/gateway/descr/drcr/sign) status='auto'
[2025-09-04 12:47:36] 🔎 row 312: ✅ accept → dt=2021-04-29 amt=3000.00 sign=+1 curr=USD label=Deposit (type/gateway/descr/drcr/sign) status='auto'
[2025-09-04 12:47:36] 🔎 row 313: ✅ accept → dt=2021-04-29 amt=2000.00 sign=+1 curr=USD label=Deposit (type/gateway/descr/drcr/sign) status='auto'
[2025-09-04 12:47:36] 🔎 row 314: ✅ accept → dt=2021-05-30 amt=1200.00 sign=+1 curr=USD label=Deposit (type/gateway/descr/drcr/sign) status='auto'
[2025-09-04 12:47:36] 🔎 row 315: ✅ accept → dt=2021-05-30 amt=900.00 sign=+1 curr=USD label=Deposit (type/gateway/descr/drcr/sign) status='auto'
[2025-09-04 12:47:36] 🔎 row 316: ✅ accept → dt=2021-05-30 amt=6500.00 sign=+1 curr=USD label=Deposit (type/gateway/descr/drcr/sign) status='auto'
[2025-09-04 12:47:36] 🔎 row 317: ✅ accept → dt=2021-07-18 amt=3000.00 sign=+1 curr=USD label=Deposit (type/gateway/descr/drcr/sign) status='auto'
[2025-09-04 12:47:36] 🔎 row 318: ✅ accept → dt=2021-07-18 amt=1200.00 sign=+1 curr=USD label=Deposit (type/gateway/descr/drcr/sign) status='auto'
[2025-09-04 12:47:36] 🔎 row 319: ✅ accept → dt=2021-07-18 amt=1300.00 sign=+1 curr=USD label=Deposit (type/gateway/descr/drcr/sign) status='auto'
[2025-09-04 12:47:36] 🔎 row 320: ✅ accept → dt=2021-07-25 amt=3000.00 sign=+1 curr=USD label=Deposit (type/gateway/descr/drcr/sign) status='auto'
[2025-09-04 12:47:36] 🔎 row 321: ✅ accept → dt=2021-07-25 amt=900.00 sign=+1 curr=USD label=Deposit (type/gateway/descr/drcr/sign) status='auto'
[2025-09-04 12:47:36] 🔎 row 322: ✅ accept → dt=2021-07-25 amt=2600.00 sign=+1 curr=USD label=Deposit (type/gateway/descr/drcr/sign) status='auto'
[2025-09-04 12:47:36] 🔎 row 323: ✅ accept → dt=2021-07-25 amt=120.00 sign=+1 curr=USD label=Deposit (type/gateway/descr/drcr/sign) status='auto'
[2025-09-04 12:47:36] 🔎 row 324: ✅ accept → dt=2021-07-25 amt=700.00 sign=+1 curr=USD label=Deposit (type/gateway/descr/drcr/sign) status='auto'
[2025-09-04 12:47:36] 🔎 row 325: ✅ accept → dt=2021-01-08 amt=3000.00 sign=+1 curr=USD label=Deposit (type/gateway/descr/drcr/sign) status='auto'
[2025-09-04 12:47:36] 🔎 row 326: ✅ accept → dt=2021-01-08 amt=500.00 sign=+1 curr=USD label=Deposit (type/gateway/descr/drcr/sign) status='auto'
[2025-09-04 12:47:36] 🔎 row 327: ✅ accept → dt=2021-08-15 amt=5000.00 sign=+1 curr=USD label=Deposit (type/gateway/descr/drcr/sign) status='auto'
[2025-09-04 12:47:36] 🔎 row 328: ✅ accept → dt=2021-08-15 amt=1000.00 sign=+1 curr=USD label=Deposit (type/gateway/descr/drcr/sign) status='auto'
[2025-09-04 12:47:36] 🔎 row 329: ✅ accept → dt=2021-08-15 amt=7000.00 sign=+1 curr=USD label=Deposit (type/gateway/descr/drcr/sign) status='auto'
[2025-09-04 12:47:36] 🔎 row 330: ✅ accept → dt=2021-08-15 amt=7000.00 sign=+1 curr=USD label=Deposit (type/gateway/descr/drcr/sign) status='auto'
[2025-09-04 12:47:36] 🔎 row 331: ✅ accept → dt=2021-08-22 amt=9000.00 sign=+1 curr=USD label=Deposit (type/gateway/descr/drcr/sign) status='auto'
[2025-09-04 12:47:36] 🔎 row 332: ⏭️ skip — bad date ref=None conf=None
[2025-09-04 12:47:36] 🔎 row 333: 📑 section = 'ADMCASHADJ #'
[2025-09-04 12:47:36] 🔎 row 334: ✅ accept → dt=2019-07-29 amt=100.00 sign=+1 curr=USD label=Deposit (type/gateway/descr/drcr/sign) status='auto'
[2025-09-04 12:47:36] 🔎 row 335: ✅ accept → dt=2020-08-28 amt=150.00 sign=+1 curr=USD label=Deposit (type/gateway/descr/drcr/sign) status='auto'
[2025-09-04 12:47:36] 🔎 row 336: ⏭️ skip — bad date ref=None conf=None
[2025-09-04 12:47:36] 🔎 row 337: 📑 section = 'SOFORT #'
[2025-09-04 12:47:36] 🔎 row 338: ✅ accept → dt=2019-07-18 amt=300.00 sign=+1 curr=USD label=Deposit (type/gateway/descr/drcr/sign) status='auto'
[2025-09-04 12:47:36] 🔎 row 339: ✅ accept → dt=2019-07-19 amt=400.00 sign=+1 curr=USD label=Deposit (type/gateway/descr/drcr/sign) status='auto'
[2025-09-04 12:47:36] 🔎 row 340: ✅ accept → dt=2019-07-20 amt=500.00 sign=+1 curr=USD label=Deposit (type/gateway/descr/drcr/sign) status='auto'
[2025-09-04 12:47:36] 🔎 row 341: ✅ accept → dt=2019-07-28 amt=700.00 sign=+1 curr=USD label=Deposit (type/gateway/descr/drcr/sign) status='auto'
[2025-09-04 12:47:36] 🔎 row 342: ✅ accept → dt=2019-09-15 amt=500.00 sign=+1 curr=USD label=Deposit (type/gateway/descr/drcr/sign) status='auto'
[2025-09-04 12:47:36] 🔎 row 343: ✅ accept → dt=2019-09-19 amt=900.00 sign=+1 curr=USD label=Deposit (type/gateway/descr/drcr/sign) status='auto'
[2025-09-04 12:47:36] 🔎 row 344: ✅ accept → dt=2019-09-20 amt=500.00 sign=+1 curr=USD label=Deposit (type/gateway/descr/drcr/sign) status='auto'
[2025-09-04 12:47:36] 🔎 row 345: ✅ accept → dt=2019-09-22 amt=500.00 sign=+1 curr=USD label=Deposit (type/gateway/descr/drcr/sign) status='auto'
[2025-09-04 12:47:36] 🔎 row 346: ✅ accept → dt=2019-09-22 amt=420.00 sign=+1 curr=USD label=Deposit (type/gateway/descr/drcr/sign) status='auto'
[2025-09-04 12:47:36] 🔎 row 347: ✅ accept → dt=2019-09-22 amt=400.00 sign=+1 curr=USD label=Deposit (type/gateway/descr/drcr/sign) status='auto'
[2025-09-04 12:47:36] 🔎 row 348: ✅ accept → dt=2020-05-01 amt=900.00 sign=+1 curr=USD label=Deposit (type/gateway/descr/drcr/sign) status='auto'
[2025-09-04 12:47:36] 🔎 row 349: ✅ accept → dt=2020-05-01 amt=500.00 sign=+1 curr=USD label=Deposit (type/gateway/descr/drcr/sign) status='auto'
[2025-09-04 12:47:36] 🔎 row 350: ✅ accept → dt=2020-06-02 amt=500.00 sign=+1 curr=USD label=Deposit (type/gateway/descr/drcr/sign) status='auto'
[2025-09-04 12:47:36] 🔎 row 351: ✅ accept → dt=2020-02-22 amt=210.00 sign=+1 curr=USD label=Deposit (type/gateway/descr/drcr/sign) status='auto'
[2025-09-04 12:47:36] 🔎 row 352: ✅ accept → dt=2020-02-23 amt=950.00 sign=+1 curr=USD label=Deposit (type/gateway/descr/drcr/sign) status='auto'
[2025-09-04 12:47:36] 🔎 row 353: ✅ accept → dt=2020-02-23 amt=600.00 sign=+1 curr=USD label=Deposit (type/gateway/descr/drcr/sign) status='auto'
[2025-09-04 12:47:36] 🔎 row 354: ✅ accept → dt=2020-01-03 amt=600.00 sign=+1 curr=USD label=Deposit (type/gateway/descr/drcr/sign) status='auto'
[2025-09-04 12:47:36] 🔎 row 355: ✅ accept → dt=2020-02-03 amt=386.17 sign=+1 curr=USD label=Deposit (type/gateway/descr/drcr/sign) status='auto'
[2025-09-04 12:47:36] 🔎 row 356: ✅ accept → dt=2020-02-03 amt=228.83 sign=+1 curr=USD label=Deposit (type/gateway/descr/drcr/sign) status='auto'
[2025-09-04 12:47:36] 🔎 row 357: ✅ accept → dt=2020-04-03 amt=800.00 sign=+1 curr=USD label=Deposit (type/gateway/descr/drcr/sign) status='auto'
[2025-09-04 12:47:36] 🔎 row 358: ✅ accept → dt=2020-05-03 amt=600.00 sign=+1 curr=USD label=Deposit (type/gateway/descr/drcr/sign) status='auto'
[2025-09-04 12:47:36] 🔎 row 359: ✅ accept → dt=2020-06-03 amt=800.00 sign=+1 curr=USD label=Deposit (type/gateway/descr/drcr/sign) status='auto'
[2025-09-04 12:47:36] 🔎 row 360: ✅ accept → dt=2020-10-03 amt=800.00 sign=+1 curr=USD label=Deposit (type/gateway/descr/drcr/sign) status='auto'
[2025-09-04 12:47:36] 🔎 row 361: ✅ accept → dt=2021-03-01 amt=800.00 sign=+1 curr=USD label=Deposit (type/gateway/descr/drcr/sign) status='auto'
[2025-09-04 12:47:36] 🔎 row 362: ✅ accept → dt=2021-03-01 amt=800.00 sign=+1 curr=USD label=Deposit (type/gateway/descr/drcr/sign) status='auto'
[2025-09-04 12:47:36] 🔎 row 363: ✅ accept → dt=2021-03-01 amt=500.00 sign=+1 curr=USD label=Deposit (type/gateway/descr/drcr/sign) status='auto'
[2025-09-04 12:47:36] 🔎 row 364: ✅ accept → dt=2021-09-01 amt=840.00 sign=+1 curr=USD label=Deposit (type/gateway/descr/drcr/sign) status='auto'
[2025-09-04 12:47:36] 🔎 row 365: ✅ accept → dt=2021-09-01 amt=430.00 sign=+1 curr=USD label=Deposit (type/gateway/descr/drcr/sign) status='auto'
[2025-09-04 12:47:36] 🔎 row 366: ✅ accept → dt=2021-01-13 amt=800.00 sign=+1 curr=USD label=Deposit (type/gateway/descr/drcr/sign) status='auto'
[2025-09-04 12:47:36] 🔎 row 367: ✅ accept → dt=2021-01-13 amt=600.00 sign=+1 curr=USD label=Deposit (type/gateway/descr/drcr/sign) status='auto'
[2025-09-04 12:47:36] 🔎 row 368: ✅ accept → dt=2021-01-13 amt=715.00 sign=+1 curr=USD label=Deposit (type/gateway/descr/drcr/sign) status='auto'
[2025-09-04 12:47:36] 🔎 row 369: ⏭️ skip — bad date ref=None conf=None
[2025-09-04 12:47:36] 🔎 row 370: 📑 section = 'SOFORT #j***********tlook.com'
[2025-09-04 12:47:36] 🔎 row 371: ✅ accept → dt=2019-07-18 amt=800.00 sign=+1 curr=USD label=Deposit (type/gateway/descr/drcr/sign) status='auto'
[2025-09-04 12:47:36] 🔎 row 372: ⏭️ skip — bad date ref=None conf=None
[2025-09-04 12:47:36] 🔎 row 373: 📑 section = 'INST_BONUS #3*******'
[2025-09-04 12:47:36] 🔎 row 374: ✅ accept → dt=2019-11-07 amt=53.70 sign=+1 curr=USD label=Deposit (type/gateway/descr/drcr/sign) status='auto'
[2025-09-04 12:47:36] 🔎 row 375: ✅ accept → dt=2019-11-07 amt=112.70 sign=+1 curr=USD label=Deposit (type/gateway/descr/drcr/sign) status='auto'
[2025-09-04 12:47:36] 🔎 row 376: ✅ accept → dt=2019-12-07 amt=0.18 sign=+1 curr=USD label=Deposit (type/gateway/descr/drcr/sign) status='auto'
[2025-09-04 12:47:37] 🔎 row 377: ⏭️ skip — amount parse fail raw=datetime.datetime(1980, 2, 1, 0, 0)
[2025-09-04 12:47:37] 🔎 row 378: ✅ accept → dt=2019-07-18 amt=933.32 sign=+1 curr=USD label=Deposit (type/gateway/descr/drcr/sign) status='auto'
[2025-09-04 12:47:37] 🔎 row 379: ✅ accept → dt=2019-07-27 amt=106.42 sign=+1 curr=USD label=Deposit (type/gateway/descr/drcr/sign) status='auto'
[2025-09-04 12:47:37] 🔎 row 380: ✅ accept → dt=2019-05-09 amt=815.34 sign=+1 curr=USD label=Deposit (type/gateway/descr/drcr/sign) status='auto'
[2025-09-04 12:47:37] 🔎 row 381: ✅ accept → dt=2019-09-26 amt=2485.00 sign=+1 curr=USD label=Deposit (type/gateway/descr/drcr/sign) status='auto'
[2025-09-04 12:47:37] 🔎 row 382: ⏭️ skip — amount parse fail raw=datetime.datetime(1972, 12, 1, 0, 0)
[2025-09-04 12:47:37] 🔎 row 383: ✅ accept → dt=2020-01-18 amt=0.92 sign=+1 curr=USD label=Deposit (type/gateway/descr/drcr/sign) status='auto'
[2025-09-04 12:47:37] 🔎 row 384: ✅ accept → dt=2020-01-21 amt=17.50 sign=+1 curr=USD label=Deposit (type/gateway/descr/drcr/sign) status='auto'
[2025-09-04 12:47:37] 🔎 row 385: ✅ accept → dt=2020-08-02 amt=22.50 sign=+1 curr=USD label=Deposit (type/gateway/descr/drcr/sign) status='auto'
[2025-09-04 12:47:37] 🔎 row 386: ⏭️ skip — bad date ref=None conf=None
[2025-09-04 12:47:37] 🔎 row 387: 📑 section = 'MASTERCARD #5***********8952'
[2025-09-04 12:47:37] 🔎 row 388: ✅ accept → dt=2019-09-07 amt=600.00 sign=+1 curr=USD label=Deposit (type/gateway/descr/drcr/sign) status='auto'
[2025-09-04 12:47:37] 🔎 row 389: ⏭️ skip — bad date ref=None conf=None
[2025-09-04 12:47:37] 🔎 row 390: 📑 section = 'TRANSCORR #'
[2025-09-04 12:47:37] 🔎 row 391: ✅ accept → dt=2019-09-07 amt=700.00 sign=+1 curr=USD label=Deposit (type/gateway/descr/drcr/sign) status='auto'
[2025-09-04 12:47:37] 🔎 row 392: ✅ accept → dt=2021-10-01 amt=900.00 sign=+1 curr=USD label=Deposit (type/gateway/descr/drcr/sign) status='auto'
[2025-09-04 12:47:37] 🔎 row 393: ✅ accept → dt=2021-07-04 amt=2000.00 sign=+1 curr=USD label=Deposit (type/gateway/descr/drcr/sign) status='auto'
[2025-09-04 12:47:37] 🔎 row 394: ✅ accept → dt=2021-07-04 amt=14000.00 sign=+1 curr=USD label=Deposit (type/gateway/descr/drcr/sign) status='auto'
[2025-09-04 12:47:37] 🔎 row 395: ✅ accept → dt=2021-02-09 amt=200.00 sign=+1 curr=USD label=Deposit (type/gateway/descr/drcr/sign) status='auto'
[2025-09-04 12:47:37] 🔎 row 396: ✅ accept → dt=2021-02-09 amt=110.00 sign=+1 curr=USD label=Deposit (type/gateway/descr/drcr/sign) status='auto'
[2025-09-04 12:47:37] 🔎 row 397: ✅ accept → dt=2021-02-09 amt=2500.00 sign=+1 curr=USD label=Deposit (type/gateway/descr/drcr/sign) status='auto'
[2025-09-04 12:47:37] 🔎 row 398: ⏭️ skip — bad date ref=None conf=None
[2025-09-04 12:47:37] 🔎 row 399: 📑 section = 'MASTERCARD #5***********9263'
[2025-09-04 12:47:37] 🔎 row 400: ✅ accept → dt=2019-06-25 amt=650.00 sign=+1 curr=USD label=Deposit (type/gateway/descr/drcr/sign) status='auto'
[2025-09-04 12:47:37] 🔎 row 401: ⏭️ skip — bad date ref=None conf=None
[2025-09-04 12:47:37] 🔎 row 402: 📑 section = 'MASTERCARD #5***********8566'
[2025-09-04 12:47:37] 🔎 row 403: ✅ accept → dt=2019-06-24 amt=1000.00 sign=+1 curr=USD label=Deposit (type/gateway/descr/drcr/sign) status='auto'
[2025-09-04 12:47:37] 🔎 row 404: ✅ accept → dt=2019-06-24 amt=1000.00 sign=+1 curr=USD label=Deposit (type/gateway/descr/drcr/sign) status='auto'
[2025-09-04 12:47:37] 🔎 row 405: ✅ accept → dt=2019-06-24 amt=500.00 sign=+1 curr=USD label=Deposit (type/gateway/descr/drcr/sign) status='auto'
[2025-09-04 12:47:37] 🔎 row 406: ✅ accept → dt=2019-06-24 amt=500.00 sign=+1 curr=USD label=Deposit (type/gateway/descr/drcr/sign) status='auto'
[2025-09-04 12:47:37] 🔎 row 407: ✅ accept → dt=2019-06-24 amt=500.00 sign=+1 curr=USD label=Deposit (type/gateway/descr/drcr/sign) status='auto'
[2025-09-04 12:47:37] 🔎 row 408: ✅ accept → dt=2019-06-25 amt=500.00 sign=+1 curr=USD label=Deposit (type/gateway/descr/drcr/sign) status='auto'
[2025-09-04 12:47:37] 🔎 row 409: ✅ accept → dt=2019-03-07 amt=750.00 sign=+1 curr=USD label=Deposit (type/gateway/descr/drcr/sign) status='auto'
[2025-09-04 12:47:37] 🔎 row 410: ✅ accept → dt=2019-03-07 amt=500.00 sign=+1 curr=USD label=Deposit (type/gateway/descr/drcr/sign) status='auto'
[2025-09-04 12:47:37] 🔎 row 411: ⏭️ skip — bad date ref=None conf=None
[2025-09-04 12:47:37] 🔎 row 412: 📑 section = 'VISA #4***********5619'
[2025-09-04 12:47:37] 🔎 row 413: ✅ accept → dt=2019-11-05 amt=250.00 sign=+1 curr=USD label=Deposit (type/gateway/descr/drcr/sign) status='auto'
[2025-09-04 12:47:37] 🔎 row 414: ✅ accept → dt=2019-05-14 amt=1300.00 sign=+1 curr=USD label=Deposit (type/gateway/descr/drcr/sign) status='auto'
[2025-09-04 12:47:37] 🔎 row 415: ✅ accept → dt=2019-05-14 amt=700.00 sign=+1 curr=USD label=Deposit (type/gateway/descr/drcr/sign) status='auto'
[2025-09-04 12:47:37] 🔎 row 416: ✅ accept → dt=2019-05-14 amt=230.00 sign=+1 curr=USD label=Deposit (type/gateway/descr/drcr/sign) status='auto'
[2025-09-04 12:47:37] 🔎 row 417: ✅ accept → dt=2019-05-15 amt=920.00 sign=+1 curr=USD label=Deposit (type/gateway/descr/drcr/sign) status='auto'
[2025-09-04 12:47:37] 🔎 row 418: ✅ accept → dt=2019-05-21 amt=1300.00 sign=+1 curr=USD label=Deposit (type/gateway/descr/drcr/sign) status='auto'
[2025-09-04 12:47:37] 🔎 row 419: ✅ accept → dt=2019-05-21 amt=700.00 sign=+1 curr=USD label=Deposit (type/gateway/descr/drcr/sign) status='auto'
[2025-09-04 12:47:37] 🔎 row 420: ✅ accept → dt=2020-05-16 amt=2000.00 sign=-1 curr=USD label=Redeem (type/gateway/descr/drcr/sign) status='auto'
[2025-09-04 12:47:37] 🔎 row 421: ✅ accept → dt=2021-10-17 amt=1000.00 sign=+1 curr=USD label=Deposit (type/gateway/descr/drcr/sign) status='auto'
[2025-09-04 12:47:37] 🔎 row 422: ✅ accept → dt=2021-11-16 amt=1200.00 sign=+1 curr=USD label=Deposit (type/gateway/descr/drcr/sign) status='auto'
[2025-09-04 12:47:37] 🔎 row 423: ✅ accept → dt=2021-12-17 amt=1500.00 sign=+1 curr=USD label=Deposit (type/gateway/descr/drcr/sign) status='auto'
[2025-09-04 12:47:37] 🔎 row 424: ✅ accept → dt=2021-12-17 amt=600.00 sign=+1 curr=USD label=Deposit (type/gateway/descr/drcr/sign) status='auto'
[2025-09-04 12:47:37] 🔎 row 425: ✅ accept → dt=2021-12-17 amt=1500.00 sign=+1 curr=USD label=Deposit (type/gateway/descr/drcr/sign) status='auto'
[2025-09-04 12:47:37] 🔎 row 426: ✅ accept → dt=2021-12-17 amt=900.00 sign=+1 curr=USD label=Deposit (type/gateway/descr/drcr/sign) status='auto'
[2025-09-04 12:47:37] 🔎 row 427: ✅ accept → dt=2021-12-19 amt=500.00 sign=+1 curr=USD label=Deposit (type/gateway/descr/drcr/sign) status='auto'
[2025-09-04 12:47:37] 🔎 row 428: ✅ accept → dt=2022-01-03 amt=1100.00 sign=+1 curr=USD label=Deposit (type/gateway/descr/drcr/sign) status='auto'
[2025-09-04 12:47:37] 🔎 row 429: ✅ accept → dt=2022-01-03 amt=200.00 sign=+1 curr=USD label=Deposit (type/gateway/descr/drcr/sign) status='auto'
[2025-09-04 12:47:37] 🔎 row 430: ✅ accept → dt=2022-06-03 amt=1500.00 sign=+1 curr=USD label=Deposit (type/gateway/descr/drcr/sign) status='auto'
[2025-09-04 12:47:37] 🔎 row 431: ✅ accept → dt=2022-06-03 amt=1500.00 sign=+1 curr=USD label=Deposit (type/gateway/descr/drcr/sign) status='auto'
[2025-09-04 12:47:37] 🔎 row 432: ✅ accept → dt=2022-06-03 amt=700.00 sign=+1 curr=USD label=Deposit (type/gateway/descr/drcr/sign) status='auto'
[2025-09-04 12:47:37] 🔎 row 433: ⏭️ skip — bad date ref=None conf=None
[2025-09-04 12:47:37] 🔎 row 434: 📑 section = 'MASTERCARD #5***********8300'
[2025-09-04 12:47:37] 🔎 row 435: ✅ accept → dt=2019-04-21 amt=1250.00 sign=+1 curr=USD label=Deposit (type/gateway/descr/drcr/sign) status='auto'
[2025-09-04 12:47:37] 🔎 row 436: ✅ accept → dt=2019-04-21 amt=500.00 sign=+1 curr=USD label=Deposit (type/gateway/descr/drcr/sign) status='auto'
[2025-09-04 12:47:37] 🔎 row 437: ✅ accept → dt=2019-06-05 amt=700.00 sign=+1 curr=USD label=Deposit (type/gateway/descr/drcr/sign) status='auto'
[2025-09-04 12:47:37] 🔎 row 438: ✅ accept → dt=2019-07-05 amt=450.00 sign=+1 curr=USD label=Deposit (type/gateway/descr/drcr/sign) status='auto'
[2025-09-04 12:47:37] 🔎 row 439: ✅ accept → dt=2019-08-05 amt=300.00 sign=+1 curr=USD label=Deposit (type/gateway/descr/drcr/sign) status='auto'
[2025-09-04 12:47:37] 🔎 row 440: ✅ accept → dt=2019-10-05 amt=250.00 sign=+1 curr=USD label=Deposit (type/gateway/descr/drcr/sign) status='auto'
[2025-09-04 12:47:37] 🔎 row 441: ✅ accept → dt=2019-10-05 amt=300.00 sign=+1 curr=USD label=Deposit (type/gateway/descr/drcr/sign) status='auto'
[2025-09-04 12:47:37] 🔎 row 442: ✅ accept → dt=2019-11-05 amt=400.00 sign=+1 curr=USD label=Deposit (type/gateway/descr/drcr/sign) status='auto'
[2025-09-04 12:47:37] 🔎 row 443: ✅ accept → dt=2019-11-05 amt=200.00 sign=+1 curr=USD label=Deposit (type/gateway/descr/drcr/sign) status='auto'
[2025-09-04 12:47:37] 🔎 row 444: ✅ accept → dt=2019-12-05 amt=500.00 sign=+1 curr=USD label=Deposit (type/gateway/descr/drcr/sign) status='auto'
[2025-09-04 12:47:37] 🔎 row 445: ✅ accept → dt=2019-12-05 amt=100.00 sign=+1 curr=USD label=Deposit (type/gateway/descr/drcr/sign) status='auto'
[2025-09-04 12:47:37] 🔎 row 446: ✅ accept → dt=2019-05-13 amt=900.00 sign=+1 curr=USD label=Deposit (type/gateway/descr/drcr/sign) status='auto'
[2025-09-04 12:47:37] 🔎 row 447: ✅ accept → dt=2019-05-13 amt=690.00 sign=+1 curr=USD label=Deposit (type/gateway/descr/drcr/sign) status='auto'
[2025-09-04 12:47:37] 🔎 row 448: ✅ accept → dt=2019-05-15 amt=200.00 sign=+1 curr=USD label=Deposit (type/gateway/descr/drcr/sign) status='auto'
[2025-09-04 12:47:37] 🔎 row 449: ✅ accept → dt=2019-05-22 amt=900.00 sign=+1 curr=USD label=Deposit (type/gateway/descr/drcr/sign) status='auto'
[2025-09-04 12:47:37] 🔎 row 450: ✅ accept → dt=2019-05-23 amt=900.00 sign=+1 curr=USD label=Deposit (type/gateway/descr/drcr/sign) status='auto'
[2025-09-04 12:47:37] 🔎 row 451: ✅ accept → dt=2019-05-24 amt=900.00 sign=+1 curr=USD label=Deposit (type/gateway/descr/drcr/sign) status='auto'
[2025-09-04 12:47:37] 🔎 row 452: ✅ accept → dt=2019-05-26 amt=1300.00 sign=+1 curr=USD label=Deposit (type/gateway/descr/drcr/sign) status='auto'
[2025-09-04 12:47:37] 🔎 row 453: ✅ accept → dt=2019-03-06 amt=295.00 sign=+1 curr=USD label=Deposit (type/gateway/descr/drcr/sign) status='auto'
[2025-09-04 12:47:37] 🔎 row 454: ✅ accept → dt=2019-09-06 amt=600.00 sign=+1 curr=USD label=Deposit (type/gateway/descr/drcr/sign) status='auto'
[2025-09-04 12:47:37] 🔎 row 455: ✅ accept → dt=2019-09-06 amt=200.00 sign=+1 curr=USD label=Deposit (type/gateway/descr/drcr/sign) status='auto'
[2025-09-04 12:47:37] 🔎 row 456: ✅ accept → dt=2019-09-06 amt=200.00 sign=+1 curr=USD label=Deposit (type/gateway/descr/drcr/sign) status='auto'
[2025-09-04 12:47:37] 🔎 row 457: ✅ accept → dt=2019-11-06 amt=700.00 sign=+1 curr=USD label=Deposit (type/gateway/descr/drcr/sign) status='auto'
[2025-09-04 12:47:37] 🔎 row 458: ✅ accept → dt=2019-11-06 amt=100.00 sign=+1 curr=USD label=Deposit (type/gateway/descr/drcr/sign) status='auto'
[2025-09-04 12:47:37] 🔎 row 459: ✅ accept → dt=2019-06-13 amt=800.00 sign=+1 curr=USD label=Deposit (type/gateway/descr/drcr/sign) status='auto'
[2025-09-04 12:47:37] 🔎 row 460: ✅ accept → dt=2019-06-13 amt=300.00 sign=+1 curr=USD label=Deposit (type/gateway/descr/drcr/sign) status='auto'
[2025-09-04 12:47:37] 🔎 row 461: ✅ accept → dt=2019-06-13 amt=400.00 sign=+1 curr=USD label=Deposit (type/gateway/descr/drcr/sign) status='auto'
[2025-09-04 12:47:37] 🔎 row 462: ✅ accept → dt=2019-06-19 amt=500.00 sign=+1 curr=USD label=Deposit (type/gateway/descr/drcr/sign) status='auto'
[2025-09-04 12:47:37] 🔎 row 463: ✅ accept → dt=2019-06-19 amt=1000.00 sign=+1 curr=USD label=Deposit (type/gateway/descr/drcr/sign) status='auto'
[2025-09-04 12:47:37] 🔎 row 464: ✅ accept → dt=2019-06-19 amt=500.00 sign=+1 curr=USD label=Deposit (type/gateway/descr/drcr/sign) status='auto'
[2025-09-04 12:47:37] 🔎 row 465: ✅ accept → dt=2019-06-25 amt=600.00 sign=+1 curr=USD label=Deposit (type/gateway/descr/drcr/sign) status='auto'
[2025-09-04 12:47:37] 🔎 row 466: ✅ accept → dt=2019-06-27 amt=500.00 sign=+1 curr=USD label=Deposit (type/gateway/descr/drcr/sign) status='auto'
[2025-09-04 12:47:37] 🔎 row 467: ✅ accept → dt=2019-06-28 amt=500.00 sign=+1 curr=USD label=Deposit (type/gateway/descr/drcr/sign) status='auto'
[2025-09-04 12:47:37] 🔎 row 468: ✅ accept → dt=2019-06-30 amt=950.00 sign=+1 curr=USD label=Deposit (type/gateway/descr/drcr/sign) status='auto'
[2025-09-04 12:47:37] 🔎 row 469: ✅ accept → dt=2019-02-07 amt=50.00 sign=+1 curr=USD label=Deposit (type/gateway/descr/drcr/sign) status='auto'
[2025-09-04 12:47:37] 🔎 row 470: ✅ accept → dt=2019-04-07 amt=700.00 sign=+1 curr=USD label=Deposit (type/gateway/descr/drcr/sign) status='auto'
[2025-09-04 12:47:37] 🔎 row 471: ✅ accept → dt=2019-09-07 amt=230.00 sign=+1 curr=USD label=Deposit (type/gateway/descr/drcr/sign) status='auto'
[2025-09-04 12:47:37] 🔎 row 472: ✅ accept → dt=2019-11-07 amt=200.00 sign=+1 curr=USD label=Deposit (type/gateway/descr/drcr/sign) status='auto'
[2025-09-04 12:47:37] 🔎 row 473: ✅ accept → dt=2019-11-07 amt=500.00 sign=+1 curr=USD label=Deposit (type/gateway/descr/drcr/sign) status='auto'
[2025-09-04 12:47:37] 🔎 row 474: ✅ accept → dt=2019-12-07 amt=300.00 sign=+1 curr=USD label=Deposit (type/gateway/descr/drcr/sign) status='auto'
[2025-09-04 12:47:37] 🔎 row 475: ✅ accept → dt=2019-07-13 amt=500.00 sign=+1 curr=USD label=Deposit (type/gateway/descr/drcr/sign) status='auto'
[2025-09-04 12:47:37] 🔎 row 476: ✅ accept → dt=2019-07-14 amt=900.00 sign=+1 curr=USD label=Deposit (type/gateway/descr/drcr/sign) status='auto'
[2025-09-04 12:47:37] 🔎 row 477: ✅ accept → dt=2019-07-14 amt=110.00 sign=+1 curr=USD label=Deposit (type/gateway/descr/drcr/sign) status='auto'
[2025-09-04 12:47:37] 🔎 row 478: ✅ accept → dt=2019-07-19 amt=400.00 sign=+1 curr=USD label=Deposit (type/gateway/descr/drcr/sign) status='auto'
[2025-09-04 12:47:37] 🔎 row 479: ✅ accept → dt=2019-07-20 amt=700.00 sign=+1 curr=USD label=Deposit (type/gateway/descr/drcr/sign) status='auto'
[2025-09-04 12:47:37] 🔎 row 480: ✅ accept → dt=2019-07-20 amt=50.00 sign=+1 curr=USD label=Deposit (type/gateway/descr/drcr/sign) status='auto'
[2025-09-04 12:47:37] 🔎 row 481: ✅ accept → dt=2019-07-20 amt=200.00 sign=+1 curr=USD label=Deposit (type/gateway/descr/drcr/sign) status='auto'
[2025-09-04 12:47:37] 🔎 row 482: ✅ accept → dt=2019-07-20 amt=100.00 sign=+1 curr=USD label=Deposit (type/gateway/descr/drcr/sign) status='auto'
[2025-09-04 12:47:37] 🔎 row 483: ✅ accept → dt=2019-07-20 amt=100.00 sign=+1 curr=USD label=Deposit (type/gateway/descr/drcr/sign) status='auto'
[2025-09-04 12:47:37] 🔎 row 484: ✅ accept → dt=2019-07-20 amt=10.00 sign=+1 curr=USD label=Deposit (type/gateway/descr/drcr/sign) status='auto'
[2025-09-04 12:47:37] 🔎 row 485: ✅ accept → dt=2019-07-21 amt=440.00 sign=+1 curr=USD label=Deposit (type/gateway/descr/drcr/sign) status='auto'
[2025-09-04 12:47:37] 🔎 row 486: ✅ accept → dt=2019-07-25 amt=100.00 sign=+1 curr=USD label=Deposit (type/gateway/descr/drcr/sign) status='auto'
[2025-09-04 12:47:37] 🔎 row 487: ✅ accept → dt=2019-07-25 amt=900.00 sign=+1 curr=USD label=Deposit (type/gateway/descr/drcr/sign) status='auto'
[2025-09-04 12:47:37] 🔎 row 488: ✅ accept → dt=2019-07-25 amt=500.00 sign=+1 curr=USD label=Deposit (type/gateway/descr/drcr/sign) status='auto'
[2025-09-04 12:47:37] 🔎 row 489: ✅ accept → dt=2019-07-25 amt=200.00 sign=+1 curr=USD label=Deposit (type/gateway/descr/drcr/sign) status='auto'
[2025-09-04 12:47:38] 🔎 row 490: ✅ accept → dt=2019-07-26 amt=100.00 sign=+1 curr=USD label=Deposit (type/gateway/descr/drcr/sign) status='auto'
[2025-09-04 12:47:38] 🔎 row 491: ✅ accept → dt=2019-07-26 amt=1200.00 sign=+1 curr=USD label=Deposit (type/gateway/descr/drcr/sign) status='auto'
[2025-09-04 12:47:38] 🔎 row 492: ✅ accept → dt=2019-07-27 amt=50.00 sign=+1 curr=USD label=Deposit (type/gateway/descr/drcr/sign) status='auto'
[2025-09-04 12:47:38] 🔎 row 493: ✅ accept → dt=2019-07-27 amt=500.00 sign=+1 curr=USD label=Deposit (type/gateway/descr/drcr/sign) status='auto'
[2025-09-04 12:47:38] 🔎 row 494: ✅ accept → dt=2019-07-27 amt=500.00 sign=+1 curr=USD label=Deposit (type/gateway/descr/drcr/sign) status='auto'
[2025-09-04 12:47:38] 🔎 row 495: ✅ accept → dt=2019-07-27 amt=500.00 sign=+1 curr=USD label=Deposit (type/gateway/descr/drcr/sign) status='auto'
[2025-09-04 12:47:38] 🔎 row 496: ✅ accept → dt=2019-07-27 amt=500.00 sign=+1 curr=USD label=Deposit (type/gateway/descr/drcr/sign) status='auto'
[2025-09-04 12:47:38] 🔎 row 497: ✅ accept → dt=2019-07-28 amt=700.00 sign=+1 curr=USD label=Deposit (type/gateway/descr/drcr/sign) status='auto'
[2025-09-04 12:47:38] 🔎 row 498: ✅ accept → dt=2019-07-28 amt=500.00 sign=+1 curr=USD label=Deposit (type/gateway/descr/drcr/sign) status='auto'
[2025-09-04 12:47:38] 🔎 row 499: ✅ accept → dt=2019-07-28 amt=140.00 sign=+1 curr=USD label=Deposit (type/gateway/descr/drcr/sign) status='auto'
[2025-09-04 12:47:38] 🔎 row 500: ✅ accept → dt=2019-07-31 amt=500.00 sign=+1 curr=USD label=Deposit (type/gateway/descr/drcr/sign) status='auto'
[2025-09-04 12:47:38] 🔎 row 501: ✅ accept → dt=2019-01-08 amt=525.00 sign=+1 curr=USD label=Deposit (type/gateway/descr/drcr/sign) status='auto'
[2025-09-04 12:47:38] 🔎 row 502: ✅ accept → dt=2019-03-08 amt=500.00 sign=+1 curr=USD label=Deposit (type/gateway/descr/drcr/sign) status='auto'
[2025-09-04 12:47:38] 🔎 row 503: ✅ accept → dt=2019-04-08 amt=500.00 sign=+1 curr=USD label=Deposit (type/gateway/descr/drcr/sign) status='auto'
[2025-09-04 12:47:38] 🔎 row 504: ✅ accept → dt=2019-04-08 amt=60.00 sign=+1 curr=USD label=Deposit (type/gateway/descr/drcr/sign) status='auto'
[2025-09-04 12:47:38] 🔎 row 505: ✅ accept → dt=2019-04-08 amt=300.00 sign=+1 curr=USD label=Deposit (type/gateway/descr/drcr/sign) status='auto'
[2025-09-04 12:47:38] 🔎 row 506: ✅ accept → dt=2019-04-08 amt=200.00 sign=+1 curr=USD label=Deposit (type/gateway/descr/drcr/sign) status='auto'
[2025-09-04 12:47:38] 🔎 row 507: ✅ accept → dt=2019-04-08 amt=200.00 sign=+1 curr=USD label=Deposit (type/gateway/descr/drcr/sign) status='auto'
[2025-09-04 12:47:38] 🔎 row 508: ✅ accept → dt=2019-06-08 amt=220.00 sign=+1 curr=USD label=Deposit (type/gateway/descr/drcr/sign) status='auto'
[2025-09-04 12:47:38] 🔎 row 509: ✅ accept → dt=2019-08-26 amt=800.00 sign=+1 curr=USD label=Deposit (type/gateway/descr/drcr/sign) status='auto'
[2025-09-04 12:47:38] 🔎 row 510: ✅ accept → dt=2019-08-26 amt=1100.00 sign=+1 curr=USD label=Deposit (type/gateway/descr/drcr/sign) status='auto'
[2025-09-04 12:47:38] 🔎 row 511: ✅ accept → dt=2019-08-27 amt=1300.00 sign=+1 curr=USD label=Deposit (type/gateway/descr/drcr/sign) status='auto'
[2025-09-04 12:47:38] 🔎 row 512: ✅ accept → dt=2019-08-27 amt=1300.00 sign=+1 curr=USD label=Deposit (type/gateway/descr/drcr/sign) status='auto'
[2025-09-04 12:47:38] 🔎 row 513: ✅ accept → dt=2019-08-28 amt=1300.00 sign=+1 curr=USD label=Deposit (type/gateway/descr/drcr/sign) status='auto'
[2025-09-04 12:47:38] 🔎 row 514: ✅ accept → dt=2019-08-28 amt=1300.00 sign=+1 curr=USD label=Deposit (type/gateway/descr/drcr/sign) status='auto'
[2025-09-04 12:47:38] 🔎 row 515: ✅ accept → dt=2019-08-28 amt=300.00 sign=+1 curr=USD label=Deposit (type/gateway/descr/drcr/sign) status='auto'
[2025-09-04 12:47:38] 🔎 row 516: ✅ accept → dt=2019-06-09 amt=500.00 sign=+1 curr=USD label=Deposit (type/gateway/descr/drcr/sign) status='auto'
[2025-09-04 12:47:38] 🔎 row 517: ✅ accept → dt=2019-06-09 amt=500.00 sign=+1 curr=USD label=Deposit (type/gateway/descr/drcr/sign) status='auto'
[2025-09-04 12:47:38] 🔎 row 518: ✅ accept → dt=2019-06-09 amt=1000.00 sign=+1 curr=USD label=Deposit (type/gateway/descr/drcr/sign) status='auto'
[2025-09-04 12:47:38] 🔎 row 519: ✅ accept → dt=2019-07-09 amt=1000.00 sign=+1 curr=USD label=Deposit (type/gateway/descr/drcr/sign) status='auto'
[2025-09-04 12:47:38] 🔎 row 520: ✅ accept → dt=2019-08-09 amt=1000.00 sign=+1 curr=USD label=Deposit (type/gateway/descr/drcr/sign) status='auto'
[2025-09-04 12:47:38] 🔎 row 521: ✅ accept → dt=2019-08-09 amt=1000.00 sign=+1 curr=USD label=Deposit (type/gateway/descr/drcr/sign) status='auto'
[2025-09-04 12:47:38] 🔎 row 522: ✅ accept → dt=2019-08-09 amt=1000.00 sign=+1 curr=USD label=Deposit (type/gateway/descr/drcr/sign) status='auto'
[2025-09-04 12:47:38] 🔎 row 523: ✅ accept → dt=2019-11-09 amt=500.00 sign=+1 curr=USD label=Deposit (type/gateway/descr/drcr/sign) status='auto'
[2025-09-04 12:47:38] 🔎 row 524: ✅ accept → dt=2019-11-09 amt=940.00 sign=+1 curr=USD label=Deposit (type/gateway/descr/drcr/sign) status='auto'
[2025-09-04 12:47:38] 🔎 row 525: ✅ accept → dt=2019-09-30 amt=200.00 sign=+1 curr=USD label=Deposit (type/gateway/descr/drcr/sign) status='auto'
[2025-09-04 12:47:38] 🔎 row 526: ✅ accept → dt=2019-08-10 amt=1000.00 sign=+1 curr=USD label=Deposit (type/gateway/descr/drcr/sign) status='auto'
[2025-09-04 12:47:38] 🔎 row 527: ✅ accept → dt=2019-08-10 amt=1000.00 sign=+1 curr=USD label=Deposit (type/gateway/descr/drcr/sign) status='auto'
[2025-09-04 12:47:38] 🔎 row 528: ✅ accept → dt=2019-08-10 amt=1000.00 sign=+1 curr=USD label=Deposit (type/gateway/descr/drcr/sign) status='auto'
[2025-09-04 12:47:38] 🔎 row 529: ✅ accept → dt=2019-08-10 amt=1000.00 sign=+1 curr=USD label=Deposit (type/gateway/descr/drcr/sign) status='auto'
[2025-09-04 12:47:38] 🔎 row 530: ✅ accept → dt=2020-12-01 amt=1000.00 sign=+1 curr=USD label=Deposit (type/gateway/descr/drcr/sign) status='auto'
[2025-09-04 12:47:38] 🔎 row 531: ⏭️ skip — bad date ref=None conf=None
[2025-09-04 12:47:38] 🔎 row 532: 📑 section = 'MASTERCARD #5***********0045'
[2025-09-04 12:47:38] 🔎 row 533: ✅ accept → dt=2019-04-13 amt=840.00 sign=+1 curr=USD label=Deposit (type/gateway/descr/drcr/sign) status='auto'
[2025-09-04 12:47:38] 🔎 row 534: ✅ accept → dt=2019-04-14 amt=340.00 sign=+1 curr=USD label=Deposit (type/gateway/descr/drcr/sign) status='auto'
[2025-09-04 12:47:38] 🔎 row 535: ✅ accept → dt=2019-04-15 amt=300.00 sign=+1 curr=USD label=Deposit (type/gateway/descr/drcr/sign) status='auto'
[2025-09-04 12:47:38] 🔎 row 536: ⏭️ skip — bad date ref=None conf=None
[2025-09-04 12:47:38] 🔎 row 537: 📑 section = 'VISA #4***********3707'
[2025-09-04 12:47:38] 🔎 row 538: ✅ accept → dt=2019-04-13 amt=60.00 sign=+1 curr=USD label=Deposit (type/gateway/descr/drcr/sign) status='auto'
[2025-09-04 12:47:38] 🔎 row 539: ✅ accept → dt=2019-04-14 amt=906.00 sign=+1 curr=USD label=Deposit (type/gateway/descr/drcr/sign) status='auto'
[2025-09-04 12:47:38] 🔎 row 540: ✅ accept → dt=2019-04-14 amt=450.00 sign=+1 curr=USD label=Deposit (type/gateway/descr/drcr/sign) status='auto'
[2025-09-04 12:47:38] 🔎 row 541: ✅ accept → dt=2019-04-14 amt=70.00 sign=+1 curr=USD label=Deposit (type/gateway/descr/drcr/sign) status='auto'
[2025-09-04 12:47:38] 🔎 row 542: ✅ accept → dt=2019-04-14 amt=500.00 sign=+1 curr=USD label=Deposit (type/gateway/descr/drcr/sign) status='auto'
[2025-09-04 12:47:38] 🔎 row 543: ✅ accept → dt=2019-04-17 amt=600.00 sign=+1 curr=USD label=Deposit (type/gateway/descr/drcr/sign) status='auto'
[2025-09-04 12:47:38] 🔎 row 544: ✅ accept → dt=2019-04-18 amt=1200.00 sign=+1 curr=USD label=Deposit (type/gateway/descr/drcr/sign) status='auto'
[2025-09-04 12:47:38] 🔎 row 545: ✅ accept → dt=2019-04-18 amt=500.00 sign=+1 curr=USD label=Deposit (type/gateway/descr/drcr/sign) status='auto'
[2025-09-04 12:47:38] 🔎 row 546: ✅ accept → dt=2019-04-18 amt=394.00 sign=+1 curr=USD label=Deposit (type/gateway/descr/drcr/sign) status='auto'
[2025-09-04 12:47:38] 🔎 row 547: ✅ accept → dt=2019-04-23 amt=1300.00 sign=+1 curr=USD label=Deposit (type/gateway/descr/drcr/sign) status='auto'
[2025-09-04 12:47:38] 🔎 row 548: ✅ accept → dt=2019-04-23 amt=400.00 sign=+1 curr=USD label=Deposit (type/gateway/descr/drcr/sign) status='auto'
[2025-09-04 12:47:38] 🔎 row 549: ⏭️ skip — bad date ref=None conf=None
[2025-09-04 12:47:38] 🔎 row 550: 📑 section = 'MASTERCARD #5***********3150'
[2025-09-04 12:47:38] 🔎 row 551: ✅ accept → dt=2019-02-24 amt=100.00 sign=+1 curr=USD label=Deposit (type/gateway/descr/drcr/sign) status='auto'
[2025-09-04 12:47:38] 🔎 row 552: ✅ accept → dt=2019-02-24 amt=100.00 sign=+1 curr=USD label=Deposit (type/gateway/descr/drcr/sign) status='auto'
[2025-09-04 12:47:38] 🔎 row 553: ⏭️ skip — bad date ref=None conf=None
[2025-09-04 12:47:38] 🔎 row 554: 📑 section = 'MASTERCARD #5***********4391'
[2025-09-04 12:47:38] 🔎 row 555: ✅ accept → dt=2019-02-17 amt=500.00 sign=+1 curr=USD label=Deposit (type/gateway/descr/drcr/sign) status='auto'
[2025-09-04 12:47:38] 🔎 row 556: ✅ accept → dt=2019-02-17 amt=150.00 sign=+1 curr=USD label=Deposit (type/gateway/descr/drcr/sign) status='auto'
[2025-09-04 12:47:38] 🔎 row 557: ⏭️ skip — bad date ref=None conf=None
[2025-09-04 12:47:38] 🔎 row 558: 📑 section = 'INSTANTBANK #'
[2025-09-04 12:47:38] 🔎 row 559: ✅ accept → dt=2019-06-02 amt=900.00 sign=+1 curr=EUR label=Deposit (type/gateway/descr/drcr/sign) status='auto'
[2025-09-04 12:47:38] 🔎 row 560: ✅ accept → dt=2019-02-13 amt=900.00 sign=+1 curr=EUR label=Deposit (type/gateway/descr/drcr/sign) status='auto'
[2025-09-04 12:47:38] 🔎 row 561: ✅ accept → dt=2019-02-17 amt=890.00 sign=+1 curr=EUR label=Deposit (type/gateway/descr/drcr/sign) status='auto'
[2025-09-04 12:47:38] 🔎 row 562: ✅ accept → dt=2019-04-13 amt=400.00 sign=+1 curr=EUR label=Deposit (type/gateway/descr/drcr/sign) status='auto'
[2025-09-04 12:47:38] 🔎 row 563: ✅ accept → dt=2019-04-13 amt=490.00 sign=+1 curr=EUR label=Deposit (type/gateway/descr/drcr/sign) status='auto'
[2025-09-04 12:47:38] 🔎 row 564: ✅ accept → dt=2019-04-15 amt=900.00 sign=+1 curr=EUR label=Deposit (type/gateway/descr/drcr/sign) status='auto'
[2025-09-04 12:47:38] 🔎 row 565: ✅ accept → dt=2019-05-05 amt=900.00 sign=+1 curr=EUR label=Deposit (type/gateway/descr/drcr/sign) status='auto'
[2025-09-04 12:47:38] 🔎 row 566: ✅ accept → dt=2019-07-05 amt=400.00 sign=+1 curr=EUR label=Deposit (type/gateway/descr/drcr/sign) status='auto'
[2025-09-04 12:47:38] 🔎 row 567: ✅ accept → dt=2019-07-05 amt=100.00 sign=+1 curr=EUR label=Deposit (type/gateway/descr/drcr/sign) status='auto'
[2025-09-04 12:47:38] 🔎 row 568: ✅ accept → dt=2019-07-05 amt=200.00 sign=+1 curr=EUR label=Deposit (type/gateway/descr/drcr/sign) status='auto'
[2025-09-04 12:47:38] 🔎 row 569: ✅ accept → dt=2019-12-05 amt=175.00 sign=+1 curr=EUR label=Deposit (type/gateway/descr/drcr/sign) status='auto'
[2025-09-04 12:47:38] 🔎 row 570: ✅ accept → dt=2019-05-14 amt=200.00 sign=+1 curr=EUR label=Deposit (type/gateway/descr/drcr/sign) status='auto'
[2025-09-04 12:47:38] 🔎 row 571: ✅ accept → dt=2019-05-14 amt=700.00 sign=+1 curr=EUR label=Deposit (type/gateway/descr/drcr/sign) status='auto'
[2025-09-04 12:47:38] 🔎 row 572: ✅ accept → dt=2019-05-15 amt=1260.00 sign=+1 curr=EUR label=Deposit (type/gateway/descr/drcr/sign) status='auto'
[2025-09-04 12:47:38] 🔎 row 573: ✅ accept → dt=2019-05-15 amt=917.00 sign=+1 curr=EUR label=Deposit (type/gateway/descr/drcr/sign) status='auto'
[2025-09-04 12:47:38] 🔎 row 574: ✅ accept → dt=2019-05-16 amt=330.00 sign=+1 curr=EUR label=Deposit (type/gateway/descr/drcr/sign) status='auto'
[2025-09-04 12:47:38] 🔎 row 575: ✅ accept → dt=2019-05-23 amt=700.00 sign=+1 curr=EUR label=Deposit (type/gateway/descr/drcr/sign) status='auto'
[2025-09-04 12:47:38] 🔎 row 576: ✅ accept → dt=2019-05-24 amt=910.00 sign=+1 curr=EUR label=Deposit (type/gateway/descr/drcr/sign) status='auto'
[2025-09-04 12:47:38] 🔎 row 577: ✅ accept → dt=2019-05-24 amt=300.00 sign=+1 curr=EUR label=Deposit (type/gateway/descr/drcr/sign) status='auto'
[2025-09-04 12:47:38] 🔎 row 578: ✅ accept → dt=2019-03-06 amt=10.00 sign=+1 curr=EUR label=Deposit (type/gateway/descr/drcr/sign) status='auto'
[2025-09-04 12:47:38] 🔎 row 579: ✅ accept → dt=2019-06-20 amt=500.00 sign=+1 curr=EUR label=Deposit (type/gateway/descr/drcr/sign) status='auto'
[2025-09-04 12:47:38] 🔎 row 580: ✅ accept → dt=2019-06-27 amt=800.00 sign=+1 curr=USD label=Deposit (type/gateway/descr/drcr/sign) status='auto'
[2025-09-04 12:47:38] 🔎 row 581: ✅ accept → dt=2019-06-28 amt=500.00 sign=+1 curr=USD label=Deposit (type/gateway/descr/drcr/sign) status='auto'
[2025-09-04 12:47:38] 🔎 row 582: ✅ accept → dt=2019-09-07 amt=500.00 sign=+1 curr=EUR label=Deposit (type/gateway/descr/drcr/sign) status='auto'
[2025-09-04 12:47:38] 🔎 row 583: ✅ accept → dt=2019-11-07 amt=700.00 sign=+1 curr=EUR label=Deposit (type/gateway/descr/drcr/sign) status='auto'
[2025-09-04 12:47:38] 🔎 row 584: ✅ accept → dt=2019-11-07 amt=300.00 sign=+1 curr=EUR label=Deposit (type/gateway/descr/drcr/sign) status='auto'
[2025-09-04 12:47:38] 🔎 row 585: ✅ accept → dt=2019-11-07 amt=500.00 sign=+1 curr=EUR label=Deposit (type/gateway/descr/drcr/sign) status='auto'
[2025-09-04 12:47:38] 🔎 row 586: ✅ accept → dt=2019-11-07 amt=500.00 sign=+1 curr=EUR label=Deposit (type/gateway/descr/drcr/sign) status='auto'
[2025-09-04 12:47:38] 🔎 row 587: ✅ accept → dt=2019-07-13 amt=1000.00 sign=+1 curr=EUR label=Deposit (type/gateway/descr/drcr/sign) status='auto'
[2025-09-04 12:47:38] 🔎 row 588: ✅ accept → dt=2019-07-18 amt=300.00 sign=+1 curr=EUR label=Deposit (type/gateway/descr/drcr/sign) status='auto'
[2025-09-04 12:47:38] 🔎 row 589: ✅ accept → dt=2019-07-28 amt=700.00 sign=+1 curr=EUR label=Deposit (type/gateway/descr/drcr/sign) status='auto'
[2025-09-04 12:47:38] 🔎 row 590: ✅ accept → dt=2019-01-08 amt=10.00 sign=+1 curr=EUR label=Deposit (type/gateway/descr/drcr/sign) status='auto'
[2025-09-04 12:47:38] 🔎 row 591: ✅ accept → dt=2019-08-27 amt=900.00 sign=+1 curr=USD label=Deposit (type/gateway/descr/drcr/sign) status='auto'
[2025-09-04 12:47:38] 🔎 row 592: ✅ accept → dt=2019-08-28 amt=900.00 sign=+1 curr=USD label=Deposit (type/gateway/descr/drcr/sign) status='auto'
[2025-09-04 12:47:38] 🔎 row 593: ✅ accept → dt=2019-08-28 amt=900.00 sign=+1 curr=USD label=Deposit (type/gateway/descr/drcr/sign) status='auto'
[2025-09-04 12:47:38] 🔎 row 594: ✅ accept → dt=2019-08-28 amt=500.00 sign=+1 curr=USD label=Deposit (type/gateway/descr/drcr/sign) status='auto'
[2025-09-04 12:47:38] 🔎 row 595: ✅ accept → dt=2019-09-15 amt=900.00 sign=+1 curr=USD label=Deposit (type/gateway/descr/drcr/sign) status='auto'
[2025-09-04 12:47:38] 🔎 row 596: ✅ accept → dt=2019-08-10 amt=500.00 sign=+1 curr=USD label=Deposit (type/gateway/descr/drcr/sign) status='auto'
[2025-09-04 12:47:38] 🔎 row 597: ⏭️ skip — bad date ref=None conf=None
[2025-09-04 12:47:38] 🔎 row 598: 📑 section = 'MASTERCARD #5***********2804'
[2025-09-04 12:47:38] 🔎 row 599: ✅ accept → dt=2019-05-02 amt=500.00 sign=+1 curr=USD label=Deposit (type/gateway/descr/drcr/sign) status='auto'
[2025-09-04 12:47:38] 🔎 row 600: ✅ accept → dt=2019-06-02 amt=400.00 sign=+1 curr=USD label=Deposit (type/gateway/descr/drcr/sign) status='auto'
[2025-09-04 12:47:39] 🔎 row 601: ⏭️ skip — bad date ref=None conf=None
[2025-09-04 12:47:39] 🔎 row 602: 📑 section = 'MASTERCARD #5***********5798'
[2025-09-04 12:47:39] 🔎 row 603: ✅ accept → dt=2019-01-24 amt=300.00 sign=+1 curr=USD label=Deposit (type/gateway/descr/drcr/sign) status='auto'
[2025-09-04 12:47:39] 🔎 row 604: ⏭️ skip — bad date ref=None conf=None
[2025-09-04 12:47:39] 🔎 row 605: 📑 section = 'INST_BONUS #2*******'
[2025-09-04 12:47:39] 🔎 row 606: ⏭️ skip — amount parse fail raw=datetime.datetime(1972, 4, 1, 0, 0)
[2025-09-04 12:47:39] 🔎 row 607: ⏭️ skip — amount parse fail raw=datetime.datetime(1992, 6, 1, 0, 0)
[2025-09-04 12:47:39] 🔎 row 608: ✅ accept → dt=2019-04-13 amt=0.20 sign=+1 curr=USD label=Deposit (type/gateway/descr/drcr/sign) status='auto'
[2025-09-04 12:47:39] 🔎 row 609: ✅ accept → dt=2019-12-07 amt=5.00 sign=+1 curr=USD label=Deposit (type/gateway/descr/drcr/sign) status='auto'
[2025-09-04 12:47:39] 🔎 row 610: ⏭️ skip — bad date ref=None conf=None
[2025-09-04 12:47:39] 🔎 row 611: 📑 section = 'MASTERCARD #5***********1524'
[2025-09-04 12:47:39] 🔎 row 612: ✅ accept → dt=2018-11-16 amt=150.00 sign=+1 curr=USD label=Deposit (type/gateway/descr/drcr/sign) status='auto'
[2025-09-04 12:47:39] 🔎 row 613: ✅ accept → dt=2018-11-23 amt=290.00 sign=+1 curr=USD label=Deposit (type/gateway/descr/drcr/sign) status='auto'
[2025-09-04 12:47:39] 🔎 row 614: ⏭️ skip — bad date ref=None conf=None
[2025-09-04 12:47:39] 🔎 row 615: 📑 section = 'MBOOKERS #j***********tmail.com'
[2025-09-04 12:47:39] 🔎 row 616: ✅ accept → dt=2016-11-17 amt=690.00 sign=+1 curr=USD label=Deposit (type/gateway/descr/drcr/sign) status='auto'
[2025-09-04 12:47:39] 🔎 row 617: ✅ accept → dt=2017-12-05 amt=26.00 sign=+1 curr=USD label=Deposit (type/gateway/descr/drcr/sign) status='auto'
[2025-09-04 12:47:39] 🔎 row 618: ✅ accept → dt=2017-12-05 amt=25.00 sign=+1 curr=USD label=Deposit (type/gateway/descr/drcr/sign) status='auto'
[2025-09-04 12:47:39] 🔎 row 619: ✅ accept → dt=2017-12-05 amt=25.00 sign=+1 curr=USD label=Deposit (type/gateway/descr/drcr/sign) status='auto'
[2025-09-04 12:47:39] 🔎 row 620: ✅ accept → dt=2017-12-05 amt=50.00 sign=+1 curr=USD label=Deposit (type/gateway/descr/drcr/sign) status='auto'
[2025-09-04 12:47:39] 🔎 row 621: ✅ accept → dt=2017-12-05 amt=26.00 sign=+1 curr=USD label=Deposit (type/gateway/descr/drcr/sign) status='auto'
[2025-09-04 12:47:39] 🔎 row 622: ✅ accept → dt=2017-05-13 amt=22.00 sign=+1 curr=USD label=Deposit (type/gateway/descr/drcr/sign) status='auto'
[2025-09-04 12:47:39] 🔎 row 623: ✅ accept → dt=2017-05-13 amt=10.00 sign=+1 curr=USD label=Deposit (type/gateway/descr/drcr/sign) status='auto'
[2025-09-04 12:47:39] 🔎 row 624: ✅ accept → dt=2017-05-14 amt=25.00 sign=+1 curr=USD label=Deposit (type/gateway/descr/drcr/sign) status='auto'
[2025-09-04 12:47:39] 🔎 row 625: ✅ accept → dt=2017-05-14 amt=25.00 sign=+1 curr=USD label=Deposit (type/gateway/descr/drcr/sign) status='auto'
[2025-09-04 12:47:39] 🔎 row 626: ✅ accept → dt=2017-05-14 amt=11.00 sign=+1 curr=USD label=Deposit (type/gateway/descr/drcr/sign) status='auto'
[2025-09-04 12:47:39] 🔎 row 627: ✅ accept → dt=2017-05-14 amt=20.00 sign=+1 curr=USD label=Deposit (type/gateway/descr/drcr/sign) status='auto'
[2025-09-04 12:47:39] 🔎 row 628: ✅ accept → dt=2017-05-14 amt=20.00 sign=+1 curr=USD label=Deposit (type/gateway/descr/drcr/sign) status='auto'
[2025-09-04 12:47:39] 🔎 row 629: ✅ accept → dt=2017-05-14 amt=25.00 sign=+1 curr=USD label=Deposit (type/gateway/descr/drcr/sign) status='auto'
[2025-09-04 12:47:39] 🔎 row 630: ✅ accept → dt=2017-05-14 amt=15.00 sign=+1 curr=USD label=Deposit (type/gateway/descr/drcr/sign) status='auto'
[2025-09-04 12:47:39] 🔎 row 631: ✅ accept → dt=2017-05-15 amt=25.00 sign=+1 curr=USD label=Deposit (type/gateway/descr/drcr/sign) status='auto'
[2025-09-04 12:47:39] 🔎 row 632: ✅ accept → dt=2017-05-15 amt=25.00 sign=+1 curr=USD label=Deposit (type/gateway/descr/drcr/sign) status='auto'
[2025-09-04 12:47:39] 🔎 row 633: ✅ accept → dt=2017-05-15 amt=38.00 sign=+1 curr=USD label=Deposit (type/gateway/descr/drcr/sign) status='auto'
[2025-09-04 12:47:39] 🔎 row 634: ✅ accept → dt=2017-05-15 amt=40.00 sign=+1 curr=USD label=Deposit (type/gateway/descr/drcr/sign) status='auto'
[2025-09-04 12:47:39] 🔎 row 635: ✅ accept → dt=2017-05-15 amt=105.00 sign=+1 curr=USD label=Deposit (type/gateway/descr/drcr/sign) status='auto'
[2025-09-04 12:47:39] 🔎 row 636: ✅ accept → dt=2017-05-15 amt=105.00 sign=+1 curr=USD label=Deposit (type/gateway/descr/drcr/sign) status='auto'
[2025-09-04 12:47:39] 🔎 row 637: ✅ accept → dt=2017-05-15 amt=75.00 sign=+1 curr=USD label=Deposit (type/gateway/descr/drcr/sign) status='auto'
[2025-09-04 12:47:39] 🔎 row 638: ✅ accept → dt=2018-12-05 amt=29.00 sign=+1 curr=USD label=Deposit (type/gateway/descr/drcr/sign) status='auto'
[2025-09-04 12:47:39] 🔎 row 639: ✅ accept → dt=2018-05-17 amt=17.00 sign=+1 curr=USD label=Deposit (type/gateway/descr/drcr/sign) status='auto'
[2025-09-04 12:47:39] 🔎 row 640: ✅ accept → dt=2018-12-16 amt=200.00 sign=+1 curr=USD label=Deposit (type/gateway/descr/drcr/sign) status='auto'
[2025-09-04 12:47:39] 🔎 row 641: ✅ accept → dt=2018-12-16 amt=200.00 sign=+1 curr=USD label=Deposit (type/gateway/descr/drcr/sign) status='auto'
[2025-09-04 12:47:39] 🔎 row 642: ✅ accept → dt=2018-12-16 amt=200.00 sign=+1 curr=USD label=Deposit (type/gateway/descr/drcr/sign) status='auto'
[2025-09-04 12:47:39] 🔎 row 643: ✅ accept → dt=2018-12-16 amt=200.00 sign=+1 curr=USD label=Deposit (type/gateway/descr/drcr/sign) status='auto'
[2025-09-04 12:47:39] 🔎 row 644: ✅ accept → dt=2018-12-28 amt=100.00 sign=+1 curr=USD label=Deposit (type/gateway/descr/drcr/sign) status='auto'
[2025-09-04 12:47:39] 🔎 row 645: ✅ accept → dt=2018-12-30 amt=100.00 sign=+1 curr=USD label=Deposit (type/gateway/descr/drcr/sign) status='auto'
[2025-09-04 12:47:39] 🔎 row 646: ✅ accept → dt=2018-12-30 amt=100.00 sign=+1 curr=USD label=Deposit (type/gateway/descr/drcr/sign) status='auto'
[2025-09-04 12:47:39] 🔎 row 647: ✅ accept → dt=2019-01-01 amt=300.00 sign=+1 curr=USD label=Deposit (type/gateway/descr/drcr/sign) status='auto'
[2025-09-04 12:47:39] 🔎 row 648: ✅ accept → dt=2019-07-01 amt=1446.00 sign=-1 curr=USD label=Redeem (type/gateway/descr/drcr/sign) status='auto'
[2025-09-04 12:47:39] 🔎 row 649: ✅ accept → dt=2019-08-01 amt=6928.83 sign=-1 curr=USD label=Redeem (type/gateway/descr/drcr/sign) status='auto'
[2025-09-04 12:47:39] 🔎 row 650: ✅ accept → dt=2019-01-13 amt=200.00 sign=+1 curr=USD label=Deposit (type/gateway/descr/drcr/sign) status='auto'
[2025-09-04 12:47:39] 🔎 row 651: ✅ accept → dt=2019-01-24 amt=200.00 sign=+1 curr=USD label=Deposit (type/gateway/descr/drcr/sign) status='auto'
[2025-09-04 12:47:39] 🔎 row 652: ✅ accept → dt=2019-01-24 amt=700.00 sign=+1 curr=USD label=Deposit (type/gateway/descr/drcr/sign) status='auto'
[2025-09-04 12:47:39] 🔎 row 653: ✅ accept → dt=2019-01-27 amt=100.00 sign=+1 curr=USD label=Deposit (type/gateway/descr/drcr/sign) status='auto'
[2025-09-04 12:47:39] 🔎 row 654: ✅ accept → dt=2019-01-28 amt=350.00 sign=+1 curr=USD label=Deposit (type/gateway/descr/drcr/sign) status='auto'
[2025-09-04 12:47:39] 🔎 row 655: ✅ accept → dt=2019-01-28 amt=500.00 sign=+1 curr=USD label=Deposit (type/gateway/descr/drcr/sign) status='auto'
[2025-09-04 12:47:39] 🔎 row 656: ✅ accept → dt=2019-01-30 amt=300.00 sign=+1 curr=USD label=Deposit (type/gateway/descr/drcr/sign) status='auto'
[2025-09-04 12:47:39] 🔎 row 657: ✅ accept → dt=2019-02-02 amt=200.00 sign=+1 curr=USD label=Deposit (type/gateway/descr/drcr/sign) status='auto'
[2025-09-04 12:47:39] 🔎 row 658: ✅ accept → dt=2019-03-02 amt=200.00 sign=+1 curr=USD label=Deposit (type/gateway/descr/drcr/sign) status='auto'
[2025-09-04 12:47:39] 🔎 row 659: ✅ accept → dt=2019-04-02 amt=200.00 sign=+1 curr=USD label=Deposit (type/gateway/descr/drcr/sign) status='auto'
[2025-09-04 12:47:39] 🔎 row 660: ✅ accept → dt=2019-05-02 amt=200.00 sign=+1 curr=USD label=Deposit (type/gateway/descr/drcr/sign) status='auto'
[2025-09-04 12:47:39] 🔎 row 661: ✅ accept → dt=2019-05-02 amt=75.00 sign=+1 curr=USD label=Deposit (type/gateway/descr/drcr/sign) status='auto'
[2025-09-04 12:47:39] 🔎 row 662: ✅ accept → dt=2019-05-02 amt=180.00 sign=+1 curr=USD label=Deposit (type/gateway/descr/drcr/sign) status='auto'
[2025-09-04 12:47:39] 🔎 row 663: ✅ accept → dt=2019-06-02 amt=500.00 sign=+1 curr=USD label=Deposit (type/gateway/descr/drcr/sign) status='auto'
[2025-09-04 12:47:39] 🔎 row 664: ✅ accept → dt=2019-10-02 amt=500.00 sign=+1 curr=USD label=Deposit (type/gateway/descr/drcr/sign) status='auto'
[2025-09-04 12:47:39] 🔎 row 665: ✅ accept → dt=2019-02-13 amt=350.00 sign=+1 curr=USD label=Deposit (type/gateway/descr/drcr/sign) status='auto'
[2025-09-04 12:47:39] 🔎 row 666: ✅ accept → dt=2019-02-16 amt=200.00 sign=+1 curr=USD label=Deposit (type/gateway/descr/drcr/sign) status='auto'
[2025-09-04 12:47:39] 🔎 row 667: ✅ accept → dt=2019-02-16 amt=500.00 sign=+1 curr=USD label=Deposit (type/gateway/descr/drcr/sign) status='auto'
[2025-09-04 12:47:39] 🔎 row 668: ✅ accept → dt=2019-01-03 amt=500.00 sign=+1 curr=USD label=Deposit (type/gateway/descr/drcr/sign) status='auto'
[2025-09-04 12:47:39] 🔎 row 669: ✅ accept → dt=2019-01-03 amt=400.00 sign=+1 curr=USD label=Deposit (type/gateway/descr/drcr/sign) status='auto'
[2025-09-04 12:47:39] 🔎 row 670: ✅ accept → dt=2019-03-03 amt=700.00 sign=+1 curr=USD label=Deposit (type/gateway/descr/drcr/sign) status='auto'
[2025-09-04 12:47:39] 🔎 row 671: ✅ accept → dt=2019-04-13 amt=907.00 sign=+1 curr=USD label=Deposit (type/gateway/descr/drcr/sign) status='auto'
[2025-09-04 12:47:39] 🔎 row 672: ✅ accept → dt=2019-04-17 amt=900.00 sign=+1 curr=USD label=Deposit (type/gateway/descr/drcr/sign) status='auto'
[2025-09-04 12:47:39] 🔎 row 673: ✅ accept → dt=2019-04-17 amt=450.00 sign=+1 curr=USD label=Deposit (type/gateway/descr/drcr/sign) status='auto'
[2025-09-04 12:47:39] 🔎 row 674: ✅ accept → dt=2019-05-16 amt=919.00 sign=+1 curr=USD label=Deposit (type/gateway/descr/drcr/sign) status='auto'
[2025-09-04 12:47:39] 🔎 row 675: ✅ accept → dt=2019-05-16 amt=150.00 sign=+1 curr=USD label=Deposit (type/gateway/descr/drcr/sign) status='auto'
[2025-09-04 12:47:39] 🔎 row 676: ✅ accept → dt=2019-05-17 amt=921.00 sign=+1 curr=USD label=Deposit (type/gateway/descr/drcr/sign) status='auto'
[2025-09-04 12:47:39] 🔎 row 677: ✅ accept → dt=2019-05-21 amt=920.00 sign=+1 curr=USD label=Deposit (type/gateway/descr/drcr/sign) status='auto'
[2025-09-04 12:47:39] 🔎 row 678: ✅ accept → dt=2019-05-24 amt=910.00 sign=+1 curr=USD label=Deposit (type/gateway/descr/drcr/sign) status='auto'
[2025-09-04 12:47:39] 🔎 row 679: ✅ accept → dt=2019-05-26 amt=500.00 sign=+1 curr=USD label=Deposit (type/gateway/descr/drcr/sign) status='auto'
[2025-09-04 12:47:39] 🔎 row 680: ✅ accept → dt=2019-05-26 amt=10.00 sign=+1 curr=USD label=Deposit (type/gateway/descr/drcr/sign) status='auto'
[2025-09-04 12:47:39] 🔎 row 681: ✅ accept → dt=2019-05-26 amt=120.00 sign=+1 curr=USD label=Deposit (type/gateway/descr/drcr/sign) status='auto'
[2025-09-04 12:47:39] 🔎 row 682: ✅ accept → dt=2019-05-27 amt=500.00 sign=+1 curr=USD label=Deposit (type/gateway/descr/drcr/sign) status='auto'
[2025-09-04 12:47:39] 🔎 row 683: ✅ accept → dt=2019-02-06 amt=800.00 sign=+1 curr=USD label=Deposit (type/gateway/descr/drcr/sign) status='auto'
[2025-09-04 12:47:39] 🔎 row 684: ✅ accept → dt=2019-03-06 amt=500.00 sign=+1 curr=USD label=Deposit (type/gateway/descr/drcr/sign) status='auto'
[2025-09-04 12:47:39] 🔎 row 685: ✅ accept → dt=2019-06-30 amt=100.00 sign=+1 curr=USD label=Deposit (type/gateway/descr/drcr/sign) status='auto'
[2025-09-04 12:47:39] 🔎 row 686: ✅ accept → dt=2019-02-07 amt=50.00 sign=+1 curr=USD label=Deposit (type/gateway/descr/drcr/sign) status='auto'
[2025-09-04 12:47:39] 🔎 row 687: ✅ accept → dt=2019-04-07 amt=911.00 sign=+1 curr=USD label=Deposit (type/gateway/descr/drcr/sign) status='auto'
[2025-09-04 12:47:39] 🔎 row 688: ✅ accept → dt=2019-05-07 amt=915.00 sign=+1 curr=USD label=Deposit (type/gateway/descr/drcr/sign) status='auto'
[2025-09-04 12:47:39] 🔎 row 689: ✅ accept → dt=2019-05-07 amt=455.00 sign=+1 curr=USD label=Deposit (type/gateway/descr/drcr/sign) status='auto'
[2025-09-04 12:47:39] 🔎 row 690: ✅ accept → dt=2019-07-07 amt=900.00 sign=+1 curr=USD label=Deposit (type/gateway/descr/drcr/sign) status='auto'
[2025-09-04 12:47:39] 🔎 row 691: ✅ accept → dt=2019-08-07 amt=700.00 sign=+1 curr=USD label=Deposit (type/gateway/descr/drcr/sign) status='auto'
[2025-09-04 12:47:39] 🔎 row 692: ✅ accept → dt=2019-08-07 amt=600.00 sign=+1 curr=USD label=Deposit (type/gateway/descr/drcr/sign) status='auto'
[2025-09-04 12:47:39] 🔎 row 693: ✅ accept → dt=2019-09-07 amt=94.00 sign=+1 curr=USD label=Deposit (type/gateway/descr/drcr/sign) status='auto'
[2025-09-04 12:47:39] 🔎 row 694: ✅ accept → dt=2019-12-07 amt=500.00 sign=+1 curr=USD label=Deposit (type/gateway/descr/drcr/sign) status='auto'
[2025-09-04 12:47:39] 🔎 row 695: ✅ accept → dt=2019-07-13 amt=800.00 sign=+1 curr=USD label=Deposit (type/gateway/descr/drcr/sign) status='auto'
[2025-09-04 12:47:39] 🔎 row 696: ✅ accept → dt=2019-07-14 amt=374.00 sign=+1 curr=USD label=Deposit (type/gateway/descr/drcr/sign) status='auto'
[2025-09-04 12:47:39] 🔎 row 697: ✅ accept → dt=2019-01-08 amt=150.00 sign=+1 curr=USD label=Deposit (type/gateway/descr/drcr/sign) status='auto'
[2025-09-04 12:47:39] 🔎 row 698: ✅ accept → dt=2019-06-08 amt=200.00 sign=+1 curr=USD label=Deposit (type/gateway/descr/drcr/sign) status='auto'
[2025-09-04 12:47:39] 🔎 row 699: ✅ accept → dt=2019-06-08 amt=400.00 sign=+1 curr=USD label=Deposit (type/gateway/descr/drcr/sign) status='auto'
[2025-09-04 12:47:39] 🔎 row 700: ✅ accept → dt=2019-06-08 amt=400.00 sign=+1 curr=USD label=Deposit (type/gateway/descr/drcr/sign) status='auto'
[2025-09-04 12:47:39] 🔎 row 701: ✅ accept → dt=2019-08-27 amt=900.00 sign=+1 curr=USD label=Deposit (type/gateway/descr/drcr/sign) status='auto'
[2025-09-04 12:47:39] 🔎 row 702: ✅ accept → dt=2019-08-27 amt=480.00 sign=+1 curr=USD label=Deposit (type/gateway/descr/drcr/sign) status='auto'
[2025-09-04 12:47:39] 🔎 row 703: ✅ accept → dt=2019-08-28 amt=800.00 sign=+1 curr=USD label=Deposit (type/gateway/descr/drcr/sign) status='auto'
[2025-09-04 12:47:39] 🔎 row 704: ✅ accept → dt=2019-08-28 amt=590.00 sign=+1 curr=USD label=Deposit (type/gateway/descr/drcr/sign) status='auto'
[2025-09-04 12:47:39] 🔎 row 705: ✅ accept → dt=2019-09-15 amt=928.00 sign=+1 curr=USD label=Deposit (type/gateway/descr/drcr/sign) status='auto'
[2025-09-04 12:47:39] 🔎 row 706: ✅ accept → dt=2019-09-15 amt=460.00 sign=+1 curr=USD label=Deposit (type/gateway/descr/drcr/sign) status='auto'
[2025-09-04 12:47:39] 🔎 row 707: ✅ accept → dt=2019-09-17 amt=920.00 sign=+1 curr=USD label=Deposit (type/gateway/descr/drcr/sign) status='auto'
[2025-09-04 12:47:39] 🔎 row 708: ✅ accept → dt=2019-09-17 amt=300.00 sign=+1 curr=USD label=Deposit (type/gateway/descr/drcr/sign) status='auto'
[2025-09-04 12:47:39] 🔎 row 709: ✅ accept → dt=2019-09-17 amt=100.00 sign=+1 curr=USD label=Deposit (type/gateway/descr/drcr/sign) status='auto'
[2025-09-04 12:47:39] 🔎 row 710: ✅ accept → dt=2019-09-19 amt=700.00 sign=+1 curr=USD label=Deposit (type/gateway/descr/drcr/sign) status='auto'
[2025-09-04 12:47:39] 🔎 row 711: ✅ accept → dt=2019-09-19 amt=100.00 sign=+1 curr=USD label=Deposit (type/gateway/descr/drcr/sign) status='auto'
[2025-09-04 12:47:39] 🔎 row 712: ✅ accept → dt=2019-09-22 amt=215.00 sign=+1 curr=USD label=Deposit (type/gateway/descr/drcr/sign) status='auto'
[2025-09-04 12:47:40] 🔎 row 713: ✅ accept → dt=2019-09-30 amt=900.00 sign=+1 curr=USD label=Deposit (type/gateway/descr/drcr/sign) status='auto'
[2025-09-04 12:47:40] 🔎 row 714: ✅ accept → dt=2019-12-13 amt=400.00 sign=+1 curr=USD label=Deposit (type/gateway/descr/drcr/sign) status='auto'
[2025-09-04 12:47:40] 🔎 row 715: ✅ accept → dt=2020-05-01 amt=900.00 sign=+1 curr=USD label=Deposit (type/gateway/descr/drcr/sign) status='auto'
[2025-09-04 12:47:40] 🔎 row 716: ✅ accept → dt=2020-01-26 amt=900.00 sign=+1 curr=USD label=Deposit (type/gateway/descr/drcr/sign) status='auto'
[2025-09-04 12:47:40] 🔎 row 717: ✅ accept → dt=2020-01-29 amt=936.00 sign=+1 curr=USD label=Deposit (type/gateway/descr/drcr/sign) status='auto'
[2025-09-04 12:47:40] 🔎 row 718: ✅ accept → dt=2020-09-02 amt=941.00 sign=+1 curr=USD label=Deposit (type/gateway/descr/drcr/sign) status='auto'
[2025-09-04 12:47:40] 🔎 row 719: ✅ accept → dt=2020-12-02 amt=900.00 sign=+1 curr=USD label=Deposit (type/gateway/descr/drcr/sign) status='auto'
[2025-09-04 12:47:40] 🔎 row 720: ✅ accept → dt=2020-02-13 amt=500.00 sign=+1 curr=USD label=Deposit (type/gateway/descr/drcr/sign) status='auto'
[2025-09-04 12:47:40] 🔎 row 721: ✅ accept → dt=2020-02-16 amt=900.00 sign=+1 curr=USD label=Deposit (type/gateway/descr/drcr/sign) status='auto'
[2025-09-04 12:47:40] 🔎 row 722: ✅ accept → dt=2020-02-20 amt=622.00 sign=+1 curr=USD label=Deposit (type/gateway/descr/drcr/sign) status='auto'
[2025-09-04 12:47:40] 🔎 row 723: ✅ accept → dt=2020-02-23 amt=500.00 sign=+1 curr=USD label=Deposit (type/gateway/descr/drcr/sign) status='auto'
[2025-09-04 12:47:40] 🔎 row 724: ✅ accept → dt=2020-02-25 amt=222.00 sign=+1 curr=USD label=Deposit (type/gateway/descr/drcr/sign) status='auto'
[2025-09-04 12:47:40] 🔎 row 725: ✅ accept → dt=2020-02-25 amt=800.00 sign=+1 curr=USD label=Deposit (type/gateway/descr/drcr/sign) status='auto'
[2025-09-04 12:47:40] 🔎 row 726: ✅ accept → dt=2020-04-26 amt=900.00 sign=+1 curr=USD label=Deposit (type/gateway/descr/drcr/sign) status='auto'
[2025-09-04 12:47:40] 🔎 row 727: ✅ accept → dt=2020-05-16 amt=6965.00 sign=-1 curr=USD label=Redeem (type/gateway/descr/drcr/sign) status='auto'
[2025-09-04 12:47:40] 🔎 row 728: ✅ accept → dt=2020-05-19 amt=1951.43 sign=-1 curr=USD label=Redeem (type/gateway/descr/drcr/sign) status='auto'
[2025-09-04 12:47:40] 🔎 row 729: ✅ accept → dt=2020-05-24 amt=900.00 sign=+1 curr=USD label=Deposit (type/gateway/descr/drcr/sign) status='auto'
[2025-09-04 12:47:40] 🔎 row 730: ✅ accept → dt=2020-05-27 amt=50.00 sign=+1 curr=USD label=Deposit (type/gateway/descr/drcr/sign) status='auto'
[2025-09-04 12:47:40] 🔎 row 731: ✅ accept → dt=2020-05-28 amt=929.00 sign=+1 curr=USD label=Deposit (type/gateway/descr/drcr/sign) status='auto'
[2025-09-04 12:47:40] 🔎 row 732: ✅ accept → dt=2020-05-28 amt=400.00 sign=+1 curr=USD label=Deposit (type/gateway/descr/drcr/sign) status='auto'
[2025-09-04 12:47:40] 🔎 row 733: ✅ accept → dt=2020-06-06 amt=1718.28 sign=-1 curr=USD label=Redeem (type/gateway/descr/drcr/sign) status='auto'
[2025-09-04 12:47:40] 🔎 row 734: ✅ accept → dt=2020-07-06 amt=4725.36 sign=-1 curr=USD label=Redeem (type/gateway/descr/drcr/sign) status='auto'
[2025-09-04 12:47:40] 🔎 row 735: ✅ accept → dt=2020-07-06 amt=4300.59 sign=-1 curr=USD label=Redeem (type/gateway/descr/drcr/sign) status='auto'
[2025-09-04 12:47:40] 🔎 row 736: ✅ accept → dt=2020-08-06 amt=12162.17 sign=-1 curr=USD label=Redeem (type/gateway/descr/drcr/sign) status='auto'
[2025-09-04 12:47:40] 🔎 row 737: ⏭️ skip — bad date ref=None conf=None
[2025-09-04 12:47:40] 🔎 row 738: 📑 section = 'ICE_REWARD #2********'
[2025-09-04 12:47:40] 🔎 row 739: ✅ accept → dt=2016-07-11 amt=1.00 sign=+1 curr=USD label=Deposit (type/gateway/descr/drcr/sign) status='auto'
[2025-09-04 12:47:40] 🔎 row 740: ✅ accept → dt=2016-08-11 amt=1.00 sign=+1 curr=USD label=Deposit (type/gateway/descr/drcr/sign) status='auto'
[2025-09-04 12:47:40] 🔎 row 741: ✅ accept → dt=2016-09-11 amt=1.00 sign=+1 curr=USD label=Deposit (type/gateway/descr/drcr/sign) status='auto'
[2025-09-04 12:47:40] 🔎 row 742: ⏭️ skip — bad date ref=None conf=None
[2025-09-04 12:47:40] 🔎 row 743: 📑 section = 'VISA #4***********9349'
[2025-09-04 12:47:40] 🔎 row 744: ✅ accept → dt=2016-11-07 amt=20.00 sign=+1 curr=USD label=Deposit (type/gateway/descr/drcr/sign) status='auto'
[2025-09-04 12:47:40] 🔎 row 745: ⏭️ skip — bad date ref=None conf=None
[2025-09-04 12:47:40] 🔎 row 746: 📑 section = 'VISA #4***********5541'
[2025-09-04 12:47:40] 🔎 row 747: ✅ accept → dt=2016-07-07 amt=22.33 sign=+1 curr=USD label=Deposit (type/gateway/descr/drcr/sign) status='auto'
[2025-09-04 12:47:40] 🔎 row 748: ⏭️ skip — bad date ref=None conf=None
[2025-09-04 12:47:40] 🔎 row 749: 📑 section = 'MBOOKERS #t***********otmail.com'
[2025-09-04 12:47:40] 🔎 row 750: ✅ accept → dt=2016-05-17 amt=100.00 sign=+1 curr=USD label=Deposit (type/gateway/descr/drcr/sign) status='auto'
[2025-09-04 12:47:40] 🔎 row 751: ⏭️ skip — bad date ref=None conf=None
[2025-09-04 12:47:40] 🔎 row 752: 📑 section = 'VISA #4***********1846'
[2025-09-04 12:47:40] 🔎 row 753: ✅ accept → dt=2016-01-29 amt=14.00 sign=+1 curr=USD label=Deposit (type/gateway/descr/drcr/sign) status='auto'
[2025-09-04 12:47:40] 🔎 row 754: ⏭️ skip — bad date ref=None conf=None
[2025-09-04 12:47:40] 🔎 row 755: 📑 section = 'INST_BONUS #2******'
[2025-09-04 12:47:40] 🔎 row 756: ✅ accept → dt=2015-12-21 amt=15.91 sign=+1 curr=USD label=Deposit (type/gateway/descr/drcr/sign) status='auto'
[2025-09-04 12:47:40] 🔎 row 757: ✅ accept → dt=2016-05-02 amt=675.00 sign=+1 curr=USD label=Deposit (type/gateway/descr/drcr/sign) status='auto'
[2025-09-04 12:47:40] 🔎 row 758: ✅ accept → dt=2016-12-02 amt=250.00 sign=+1 curr=USD label=Deposit (type/gateway/descr/drcr/sign) status='auto'
[2025-09-04 12:47:40] 🔎 row 759: ⏭️ skip — bad date ref=None conf=None
[2025-09-04 12:47:40] 🔎 row 760: 📑 section = 'VISA #4***********2634'
[2025-09-04 12:47:40] 🔎 row 761: ✅ accept → dt=2015-09-17 amt=19.00 sign=+1 curr=USD label=Deposit (type/gateway/descr/drcr/sign) status='auto'
[2025-09-04 12:47:40] 🔎 row 762: ⏭️ skip — bad date ref=None conf=None
[2025-09-04 12:47:40] 🔎 row 763: 📑 section = 'ICE_REWARD #3*******'
[2025-09-04 12:47:40] 🔎 row 764: ✅ accept → dt=2015-09-14 amt=5.00 sign=+1 curr=USD label=Deposit (type/gateway/descr/drcr/sign) status='auto'
[2025-09-04 12:47:40] 🔎 row 765: ✅ accept → dt=2015-09-14 amt=5.00 sign=+1 curr=USD label=Deposit (type/gateway/descr/drcr/sign) status='auto'
[2025-09-04 12:47:40] 🔎 row 766: ⏭️ skip — bad date ref=None conf=None
[2025-09-04 12:47:40] 🔎 row 767: 📑 section = 'UKASH #6**************2865'
[2025-09-04 12:47:40] 🔎 row 768: ✅ accept → dt=2015-06-17 amt=25.00 sign=+1 curr=USD label=Deposit (type/gateway/descr/drcr/sign) status='auto'
[2025-09-04 12:47:40] 🔎 row 769: ⏭️ skip — bad date ref=None conf=None
[2025-09-04 12:47:40] 🔎 row 770: 📑 section = 'UKASH #6**************7224'
[2025-09-04 12:47:40] 🔎 row 771: ✅ accept → dt=2015-06-16 amt=25.00 sign=+1 curr=USD label=Deposit (type/gateway/descr/drcr/sign) status='auto'
[2025-09-04 12:47:40] 🔎 row 772: ⏭️ skip — bad date ref=None conf=None
[2025-09-04 12:47:40] 🔎 row 773: 📑 section = 'UKASH #6**************5712'
[2025-09-04 12:47:40] 🔎 row 774: ✅ accept → dt=2015-05-31 amt=25.00 sign=+1 curr=USD label=Deposit (type/gateway/descr/drcr/sign) status='auto'
[2025-09-04 12:47:40] 🔎 row 775: ⏭️ skip — bad date ref=None conf=None
[2025-09-04 12:47:40] 🔎 row 776: 📑 section = 'UKASH #6**************5586'
[2025-09-04 12:47:40] 🔎 row 777: ✅ accept → dt=2015-04-04 amt=25.00 sign=+1 curr=USD label=Deposit (type/gateway/descr/drcr/sign) status='auto'
[2025-09-04 12:47:40] 🔎 row 778: ⏭️ skip — bad date ref=None conf=None
[2025-09-04 12:47:40] 🔎 row 779: 📑 section = 'UKASH #6**************2740'
[2025-09-04 12:47:40] 🔎 row 780: ✅ accept → dt=2015-04-04 amt=25.00 sign=+1 curr=USD label=Deposit (type/gateway/descr/drcr/sign) status='auto'
[2025-09-04 12:47:40] 🔎 row 781: ⏭️ skip — bad date ref=None conf=None
[2025-09-04 12:47:40] 🔎 row 782: 📑 section = 'UKASH #6**************2016'
[2025-09-04 12:47:40] 🔎 row 783: ✅ accept → dt=2015-03-31 amt=25.00 sign=+1 curr=USD label=Deposit (type/gateway/descr/drcr/sign) status='auto'
[2025-09-04 12:47:40] 🔎 row 784: ⏭️ skip — bad date ref=None conf=None
[2025-09-04 12:47:40] 🔎 row 785: 📑 section = 'UKASH #6**************5059'
[2025-09-04 12:47:40] 🔎 row 786: ✅ accept → dt=2015-03-31 amt=25.00 sign=+1 curr=USD label=Deposit (type/gateway/descr/drcr/sign) status='auto'
[2025-09-04 12:47:40] 🔎 row 787: ⏭️ skip — bad date ref=None conf=None
[2025-09-04 12:47:40] 🔎 row 788: 📑 section = 'UKASH #6**************0012'
[2025-09-04 12:47:40] 🔎 row 789: ✅ accept → dt=2015-03-29 amt=25.00 sign=+1 curr=USD label=Deposit (type/gateway/descr/drcr/sign) status='auto'
[2025-09-04 12:47:40] 🔎 row 790: ⏭️ skip — bad date ref=None conf=None
[2025-09-04 12:47:40] 🔎 row 791: 📑 section = 'UKASH #6**************6415'
[2025-09-04 12:47:40] 🔎 row 792: ✅ accept → dt=2015-03-27 amt=25.00 sign=+1 curr=USD label=Deposit (type/gateway/descr/drcr/sign) status='auto'
[2025-09-04 12:47:40] 🔎 row 793: ⏭️ skip — bad date ref=None conf=None
[2025-09-04 12:47:40] 🔎 row 794: 📑 section = 'UKASH #6**************2233'
[2025-09-04 12:47:40] 🔎 row 795: ✅ accept → dt=2015-03-27 amt=25.00 sign=+1 curr=USD label=Deposit (type/gateway/descr/drcr/sign) status='auto'
[2025-09-04 12:47:40] 🔎 row 796: ⏭️ skip — bad date ref=None conf=None
[2025-09-04 12:47:40] 🔎 row 797: 📑 section = 'UKASH #6**************2739'
[2025-09-04 12:47:40] 🔎 row 798: ✅ accept → dt=2015-03-26 amt=25.00 sign=+1 curr=USD label=Deposit (type/gateway/descr/drcr/sign) status='auto'
[2025-09-04 12:47:40] 🔎 row 799: ⏭️ skip — bad date ref=None conf=None
[2025-09-04 12:47:40] 🔎 row 800: 📑 section = 'UKASH #6**************9596'
[2025-09-04 12:47:40] 🔎 row 801: ✅ accept → dt=2015-03-22 amt=25.00 sign=+1 curr=USD label=Deposit (type/gateway/descr/drcr/sign) status='auto'
[2025-09-04 12:47:40] 🔎 row 802: ⏭️ skip — bad date ref=None conf=None
[2025-09-04 12:47:40] 🔎 row 803: 📑 section = 'UKASH #6**************2949'
[2025-09-04 12:47:40] 🔎 row 804: ✅ accept → dt=2015-03-21 amt=25.00 sign=+1 curr=USD label=Deposit (type/gateway/descr/drcr/sign) status='auto'
[2025-09-04 12:47:40] 🔎 row 805: ⏭️ skip — bad date ref=None conf=None
[2025-09-04 12:47:40] 🔎 row 806: 📑 section = 'UKASH #6**************3309'
[2025-09-04 12:47:40] 🔎 row 807: ✅ accept → dt=2015-03-18 amt=25.00 sign=+1 curr=USD label=Deposit (type/gateway/descr/drcr/sign) status='auto'
[2025-09-04 12:47:40] 🔎 row 808: ⏭️ skip — bad date ref=None conf=None
[2025-09-04 12:47:40] 🔎 row 809: 📑 section = 'UKASH #6**************9016'
[2025-09-04 12:47:40] 🔎 row 810: ✅ accept → dt=2015-05-03 amt=25.00 sign=+1 curr=USD label=Deposit (type/gateway/descr/drcr/sign) status='auto'
[2025-09-04 12:47:40] 🔎 row 811: ⏭️ skip — bad date ref=None conf=None
[2025-09-04 12:47:40] 🔎 row 812: 📑 section = 'UKASH #6**************8253'
[2025-09-04 12:47:40] 🔎 row 813: ✅ accept → dt=2015-05-03 amt=25.00 sign=+1 curr=USD label=Deposit (type/gateway/descr/drcr/sign) status='auto'
[2025-09-04 12:47:40] 🔎 row 814: ⏭️ skip — bad date ref=None conf=None
[2025-09-04 12:47:40] 🔎 row 815: 📑 section = 'UKASH #6**************4563'
[2025-09-04 12:47:40] 🔎 row 816: ✅ accept → dt=2015-05-03 amt=25.00 sign=+1 curr=USD label=Deposit (type/gateway/descr/drcr/sign) status='auto'
[2025-09-04 12:47:40] 🔎 row 817: ⏭️ skip — bad date ref=None conf=None
[2025-09-04 12:47:40] 🔎 row 818: 📑 section = 'UKASH #6**************0165'
[2025-09-04 12:47:40] 🔎 row 819: ✅ accept → dt=2015-02-20 amt=25.00 sign=+1 curr=USD label=Deposit (type/gateway/descr/drcr/sign) status='auto'
[2025-09-04 12:47:40] 🔎 row 820: ⏭️ skip — bad date ref=None conf=None
[2025-09-04 12:47:40] 🔎 row 821: 📑 section = 'UKASH #6**************1034'
[2025-09-04 12:47:40] 🔎 row 822: ✅ accept → dt=2015-02-20 amt=25.00 sign=+1 curr=USD label=Deposit (type/gateway/descr/drcr/sign) status='auto'
[2025-09-04 12:47:40] 🔎 row 823: ⏭️ skip — bad date ref=None conf=None
[2025-09-04 12:47:41] 🔎 row 824: 📑 section = 'UKASH #6**************5898'
[2025-09-04 12:47:41] 🔎 row 825: ✅ accept → dt=2015-02-19 amt=25.00 sign=+1 curr=USD label=Deposit (type/gateway/descr/drcr/sign) status='auto'
[2025-09-04 12:47:41] 🔎 row 826: ⏭️ skip — bad date ref=None conf=None
[2025-09-04 12:47:41] 🔎 row 827: 📑 section = 'UKASH #6**************6262'
[2025-09-04 12:47:41] 🔎 row 828: ✅ accept → dt=2015-02-18 amt=25.00 sign=+1 curr=USD label=Deposit (type/gateway/descr/drcr/sign) status='auto'
[2025-09-04 12:47:41] 🔎 row 829: ⏭️ skip — bad date ref=None conf=None
[2025-09-04 12:47:41] 🔎 row 830: 📑 section = 'UKASH #6**************6321'
[2025-09-04 12:47:41] 🔎 row 831: ✅ accept → dt=2015-02-18 amt=25.00 sign=+1 curr=USD label=Deposit (type/gateway/descr/drcr/sign) status='auto'
[2025-09-04 12:47:41] 🔎 row 832: ⏭️ skip — bad date ref=None conf=None
[2025-09-04 12:47:41] 🔎 row 833: 📑 section = 'UKASH #6**************8710'
[2025-09-04 12:47:41] 🔎 row 834: ✅ accept → dt=2015-02-17 amt=25.00 sign=+1 curr=USD label=Deposit (type/gateway/descr/drcr/sign) status='auto'
[2025-09-04 12:47:41] 🔎 row 835: ⏭️ skip — bad date ref=None conf=None
[2025-09-04 12:47:41] 🔎 row 836: 📑 section = 'UKASH #6**************3445'
[2025-09-04 12:47:41] 🔎 row 837: ✅ accept → dt=2015-02-13 amt=25.00 sign=+1 curr=USD label=Deposit (type/gateway/descr/drcr/sign) status='auto'
[2025-09-04 12:47:41] 🔎 row 838: ⏭️ skip — bad date ref=None conf=None
[2025-09-04 12:47:41] 🔎 row 839: 📑 section = 'UKASH #6**************7311'
[2025-09-04 12:47:41] 🔎 row 840: ✅ accept → dt=2015-02-13 amt=25.00 sign=+1 curr=USD label=Deposit (type/gateway/descr/drcr/sign) status='auto'
[2025-09-04 12:47:41] 🔎 row 841: ⏭️ skip — bad date ref=None conf=None
[2025-09-04 12:47:41] 🔎 row 842: 📑 section = 'UKASH #6**************9471'
[2025-09-04 12:47:41] 🔎 row 843: ✅ accept → dt=2015-12-02 amt=25.00 sign=+1 curr=USD label=Deposit (type/gateway/descr/drcr/sign) status='auto'
[2025-09-04 12:47:41] 🔎 row 844: ⏭️ skip — bad date ref=None conf=None
[2025-09-04 12:47:41] 🔎 row 845: 📑 section = 'UKASH #6**************0071'
[2025-09-04 12:47:41] 🔎 row 846: ✅ accept → dt=2015-12-02 amt=25.00 sign=+1 curr=USD label=Deposit (type/gateway/descr/drcr/sign) status='auto'
[2025-09-04 12:47:41] 🔎 row 847: ⏭️ skip — bad date ref=None conf=None
[2025-09-04 12:47:41] 🔎 row 848: 📑 section = 'UKASH #6**************8330'
[2025-09-04 12:47:41] 🔎 row 849: ✅ accept → dt=2015-12-02 amt=25.00 sign=+1 curr=USD label=Deposit (type/gateway/descr/drcr/sign) status='auto'
[2025-09-04 12:47:41] 🔎 row 850: ⏭️ skip — bad date ref=None conf=None
[2025-09-04 12:47:41] 🔎 row 851: 📑 section = 'UKASH #6**************0455'
[2025-09-04 12:47:41] 🔎 row 852: ✅ accept → dt=2015-12-02 amt=25.00 sign=+1 curr=USD label=Deposit (type/gateway/descr/drcr/sign) status='auto'
[2025-09-04 12:47:41] 🔎 row 853: ⏭️ skip — bad date ref=None conf=None
[2025-09-04 12:47:41] 🔎 row 854: 📑 section = 'UKASH #6**************7770'
[2025-09-04 12:47:41] 🔎 row 855: ✅ accept → dt=2015-07-02 amt=25.00 sign=+1 curr=USD label=Deposit (type/gateway/descr/drcr/sign) status='auto'
[2025-09-04 12:47:41] 🔎 row 856: ⏭️ skip — bad date ref=None conf=None
[2025-09-04 12:47:41] 🔎 row 857: 📑 section = 'UKASH #6**************6909'
[2025-09-04 12:47:41] 🔎 row 858: ✅ accept → dt=2015-07-02 amt=25.00 sign=+1 curr=USD label=Deposit (type/gateway/descr/drcr/sign) status='auto'
[2025-09-04 12:47:41] 🔎 row 859: ⏭️ skip — bad date ref=None conf=None
[2025-09-04 12:47:41] 🔎 row 860: 📑 section = 'UKASH #6**************8851'
[2025-09-04 12:47:41] 🔎 row 861: ✅ accept → dt=2015-07-02 amt=25.00 sign=+1 curr=USD label=Deposit (type/gateway/descr/drcr/sign) status='auto'
[2025-09-04 12:47:41] 🔎 row 862: ⏭️ skip — bad date ref=None conf=None
[2025-09-04 12:47:41] 🔎 row 863: 📑 section = 'UKASH #6**************7674'
[2025-09-04 12:47:41] 🔎 row 864: ✅ accept → dt=2015-06-02 amt=25.00 sign=+1 curr=USD label=Deposit (type/gateway/descr/drcr/sign) status='auto'
[2025-09-04 12:47:41] 🔎 row 865: ⏭️ skip — bad date ref=None conf=None
[2025-09-04 12:47:41] 🔎 row 866: 📑 section = 'UKASH #6**************1618'
[2025-09-04 12:47:41] 🔎 row 867: ✅ accept → dt=2015-06-02 amt=25.00 sign=+1 curr=USD label=Deposit (type/gateway/descr/drcr/sign) status='auto'
[2025-09-04 12:47:41] 🔎 row 868: ⏭️ skip — bad date ref=None conf=None
[2025-09-04 12:47:41] 🔎 row 869: 📑 section = 'UKASH #6**************3088'
[2025-09-04 12:47:41] 🔎 row 870: ✅ accept → dt=2015-06-02 amt=25.00 sign=+1 curr=USD label=Deposit (type/gateway/descr/drcr/sign) status='auto'
[2025-09-04 12:47:41] 🔎 row 871: ⏭️ skip — bad date ref=None conf=None
[2025-09-04 12:47:41] 🔎 row 872: 📑 section = 'UKASH #6**************7526'
[2025-09-04 12:47:41] 🔎 row 873: ✅ accept → dt=2015-06-02 amt=25.00 sign=+1 curr=USD label=Deposit (type/gateway/descr/drcr/sign) status='auto'
[2025-09-04 12:47:41] 🔎 row 874: ⏭️ skip — bad date ref=None conf=None
[2025-09-04 12:47:41] 🔎 row 875: 📑 section = 'UKASH #6**************1904'
[2025-09-04 12:47:41] 🔎 row 876: ✅ accept → dt=2015-06-02 amt=25.00 sign=+1 curr=USD label=Deposit (type/gateway/descr/drcr/sign) status='auto'
[2025-09-04 12:47:41] 🔎 row 877: ⏭️ skip — bad date ref=None conf=None
[2025-09-04 12:47:41] 🔎 row 878: 📑 section = 'UKASH #6**************0425'
[2025-09-04 12:47:41] 🔎 row 879: ✅ accept → dt=2015-06-02 amt=25.00 sign=+1 curr=USD label=Deposit (type/gateway/descr/drcr/sign) status='auto'
[2025-09-04 12:47:41] 🔎 row 880: ⏭️ skip — bad date ref=None conf=None
[2025-09-04 12:47:41] 🔎 row 881: 📑 section = 'UKASH #6**************3169'
[2025-09-04 12:47:41] 🔎 row 882: ✅ accept → dt=2015-06-02 amt=25.00 sign=+1 curr=USD label=Deposit (type/gateway/descr/drcr/sign) status='auto'
[2025-09-04 12:47:41] 🔎 row 883: ⏭️ skip — bad date ref=None conf=None
[2025-09-04 12:47:41] 🔎 row 884: 📑 section = 'UKASH #6**************0077'
[2025-09-04 12:47:41] 🔎 row 885: ✅ accept → dt=2015-06-02 amt=25.00 sign=+1 curr=USD label=Deposit (type/gateway/descr/drcr/sign) status='auto'
[2025-09-04 12:47:41] 🔎 row 886: ⏭️ skip — bad date ref=None conf=None
[2025-09-04 12:47:41] 🔎 row 887: 📑 section = 'UKASH #6**************6853'
[2025-09-04 12:47:41] 🔎 row 888: ✅ accept → dt=2015-06-02 amt=25.00 sign=+1 curr=USD label=Deposit (type/gateway/descr/drcr/sign) status='auto'
[2025-09-04 12:47:41] 🔎 row 889: ⏭️ skip — bad date ref=None conf=None
[2025-09-04 12:47:41] 🔎 row 890: 📑 section = 'UKASH #6**************3563'
[2025-09-04 12:47:41] 🔎 row 891: ✅ accept → dt=2015-06-02 amt=25.00 sign=+1 curr=USD label=Deposit (type/gateway/descr/drcr/sign) status='auto'
[2025-09-04 12:47:41] 🔎 row 892: ⏭️ skip — bad date ref=None conf=None
[2025-09-04 12:47:41] 🔎 row 893: 📑 section = 'UKASH #6**************0447'
[2025-09-04 12:47:41] 🔎 row 894: ✅ accept → dt=2015-05-02 amt=25.00 sign=+1 curr=USD label=Deposit (type/gateway/descr/drcr/sign) status='auto'
[2025-09-04 12:47:41] 🔎 row 895: ⏭️ skip — bad date ref=None conf=None
[2025-09-04 12:47:41] 🔎 row 896: 📑 section = 'UKASH #6**************2797'
[2025-09-04 12:47:41] 🔎 row 897: ✅ accept → dt=2015-03-02 amt=25.00 sign=+1 curr=USD label=Deposit (type/gateway/descr/drcr/sign) status='auto'
[2025-09-04 12:47:41] 🔎 row 898: ⏭️ skip — bad date ref=None conf=None
[2025-09-04 12:47:41] 🔎 row 899: 📑 section = 'UKASH #6**************0278'
[2025-09-04 12:47:41] 🔎 row 900: ✅ accept → dt=2015-02-02 amt=25.00 sign=+1 curr=USD label=Deposit (type/gateway/descr/drcr/sign) status='auto'
[2025-09-04 12:47:41] 🔎 row 901: ⏭️ skip — bad date ref=None conf=None
[2025-09-04 12:47:41] 🔎 row 902: 📑 section = 'UKASH #6**************8153'
[2025-09-04 12:47:41] 🔎 row 903: ✅ accept → dt=2015-02-02 amt=25.00 sign=+1 curr=USD label=Deposit (type/gateway/descr/drcr/sign) status='auto'
[2025-09-04 12:47:41] 🔎 row 904: ⏭️ skip — bad date ref=None conf=None
[2025-09-04 12:47:41] 🔎 row 905: 📑 section = 'UKASH #6**************7358'
[2025-09-04 12:47:41] 🔎 row 906: ✅ accept → dt=2015-01-02 amt=25.00 sign=+1 curr=USD label=Deposit (type/gateway/descr/drcr/sign) status='auto'
[2025-09-04 12:47:41] 🔎 row 907: ⏭️ skip — bad date ref=None conf=None
[2025-09-04 12:47:41] 🔎 row 908: 📑 section = 'UKASH #6**************4559'
[2025-09-04 12:47:41] 🔎 row 909: ✅ accept → dt=2015-01-30 amt=25.00 sign=+1 curr=USD label=Deposit (type/gateway/descr/drcr/sign) status='auto'
[2025-09-04 12:47:41] 🔎 row 910: ⏭️ skip — bad date ref=None conf=None
[2025-09-04 12:47:41] 🔎 row 911: 📑 section = 'UKASH #6**************1351'
[2025-09-04 12:47:41] 🔎 row 912: ✅ accept → dt=2015-01-30 amt=25.00 sign=+1 curr=USD label=Deposit (type/gateway/descr/drcr/sign) status='auto'
[2025-09-04 12:47:41] 🔎 row 913: ⏭️ skip — bad date ref=None conf=None
[2025-09-04 12:47:41] 🔎 row 914: 📑 section = 'UKASH #6**************9833'
[2025-09-04 12:47:41] 🔎 row 915: ✅ accept → dt=2015-01-30 amt=25.00 sign=+1 curr=USD label=Deposit (type/gateway/descr/drcr/sign) status='auto'
[2025-09-04 12:47:41] 🔎 row 916: ⏭️ skip — bad date ref=None conf=None
[2025-09-04 12:47:41] 🔎 row 917: 📑 section = 'UKASH #6**************7615'
[2025-09-04 12:47:41] 🔎 row 918: ✅ accept → dt=2015-01-30 amt=25.00 sign=+1 curr=USD label=Deposit (type/gateway/descr/drcr/sign) status='auto'
[2025-09-04 12:47:41] 🔎 row 919: ⏭️ skip — bad date ref=None conf=None
[2025-09-04 12:47:41] 🔎 row 920: 📑 section = 'UKASH #6**************8226'
[2025-09-04 12:47:41] 🔎 row 921: ✅ accept → dt=2015-01-30 amt=25.00 sign=+1 curr=USD label=Deposit (type/gateway/descr/drcr/sign) status='auto'
[2025-09-04 12:47:41] 🔎 row 922: ⏭️ skip — bad date ref=None conf=None
[2025-09-04 12:47:41] 🔎 row 923: 📑 section = 'UKASH #6**************6474'
[2025-09-04 12:47:41] 🔎 row 924: ✅ accept → dt=2015-01-30 amt=25.00 sign=+1 curr=USD label=Deposit (type/gateway/descr/drcr/sign) status='auto'
[2025-09-04 12:47:41] 🔎 row 925: ⏭️ skip — bad date ref=None conf=None
[2025-09-04 12:47:41] 🔎 row 926: 📑 section = 'UKASH #6**************4561'
[2025-09-04 12:47:41] 🔎 row 927: ✅ accept → dt=2015-01-30 amt=25.00 sign=+1 curr=USD label=Deposit (type/gateway/descr/drcr/sign) status='auto'
[2025-09-04 12:47:41] 🔎 row 928: ⏭️ skip — bad date ref=None conf=None
[2025-09-04 12:47:41] 🔎 row 929: 📑 section = 'UKASH #6**************2694'
[2025-09-04 12:47:41] 🔎 row 930: ✅ accept → dt=2015-01-30 amt=25.00 sign=+1 curr=USD label=Deposit (type/gateway/descr/drcr/sign) status='auto'
[2025-09-04 12:47:41] 🔎 row 931: ⏭️ skip — bad date ref=None conf=None
[2025-09-04 12:47:41] 🔎 row 932: 📑 section = 'UKASH #6**************7736'
[2025-09-04 12:47:41] 🔎 row 933: ✅ accept → dt=2015-01-30 amt=25.00 sign=+1 curr=USD label=Deposit (type/gateway/descr/drcr/sign) status='auto'
[2025-09-04 12:47:41] 🔎 row 934: ⏭️ skip — bad date ref=None conf=None
[2025-09-04 12:47:41] 🔎 row 935: 📑 section = 'UKASH #6**************0509'
[2025-09-04 12:47:41] 🔎 row 936: ✅ accept → dt=2015-01-26 amt=25.00 sign=+1 curr=USD label=Deposit (type/gateway/descr/drcr/sign) status='auto'
[2025-09-04 12:47:42] 🔎 row 937: ⏭️ skip — bad date ref=None conf=None
[2025-09-04 12:47:42] 🔎 row 938: 📑 section = 'UKASH #6**************4133'
[2025-09-04 12:47:42] 🔎 row 939: ✅ accept → dt=2015-01-21 amt=25.00 sign=+1 curr=USD label=Deposit (type/gateway/descr/drcr/sign) status='auto'
[2025-09-04 12:47:42] 🔎 row 940: ⏭️ skip — bad date ref=None conf=None
[2025-09-04 12:47:42] 🔎 row 941: 📑 section = 'UKASH #6**************4313'
[2025-09-04 12:47:42] 🔎 row 942: ✅ accept → dt=2015-01-21 amt=25.00 sign=+1 curr=USD label=Deposit (type/gateway/descr/drcr/sign) status='auto'
[2025-09-04 12:47:42] 🔎 row 943: ⏭️ skip — bad date ref=None conf=None
[2025-09-04 12:47:42] 🔎 row 944: 📑 section = 'UKASH #6**************1310'
[2025-09-04 12:47:42] 🔎 row 945: ✅ accept → dt=2015-01-21 amt=25.00 sign=+1 curr=USD label=Deposit (type/gateway/descr/drcr/sign) status='auto'
[2025-09-04 12:47:42] 🔎 row 946: ⏭️ skip — bad date ref=None conf=None
[2025-09-04 12:47:42] 🔎 row 947: 📑 section = 'UKASH #6**************1786'
[2025-09-04 12:47:42] 🔎 row 948: ✅ accept → dt=2015-01-20 amt=25.00 sign=+1 curr=USD label=Deposit (type/gateway/descr/drcr/sign) status='auto'
[2025-09-04 12:47:42] 🔎 row 949: ⏭️ skip — bad date ref=None conf=None
[2025-09-04 12:47:42] 🔎 row 950: 📑 section = 'UKASH #6**************9954'
[2025-09-04 12:47:42] 🔎 row 951: ✅ accept → dt=2015-01-19 amt=25.00 sign=+1 curr=USD label=Deposit (type/gateway/descr/drcr/sign) status='auto'
[2025-09-04 12:47:42] 🔎 row 952: ⏭️ skip — bad date ref=None conf=None
[2025-09-04 12:47:42] 🔎 row 953: 📑 section = 'UKASH #6**************0785'
[2025-09-04 12:47:42] 🔎 row 954: ✅ accept → dt=2015-01-17 amt=25.00 sign=+1 curr=USD label=Deposit (type/gateway/descr/drcr/sign) status='auto'
[2025-09-04 12:47:42] 🔎 row 955: ⏭️ skip — bad date ref=None conf=None
[2025-09-04 12:47:42] 🔎 row 956: 📑 section = 'UKASH #6**************0428'
[2025-09-04 12:47:42] 🔎 row 957: ✅ accept → dt=2015-01-16 amt=50.00 sign=+1 curr=USD label=Deposit (type/gateway/descr/drcr/sign) status='auto'
[2025-09-04 12:47:42] 🔎 row 958: ⏭️ skip — bad date ref=None conf=None
[2025-09-04 12:47:42] 🔎 row 959: 📑 section = 'UKASH #6**************0295'
[2025-09-04 12:47:42] 🔎 row 960: ✅ accept → dt=2015-01-14 amt=25.00 sign=+1 curr=USD label=Deposit (type/gateway/descr/drcr/sign) status='auto'
[2025-09-04 12:47:42] 🔎 row 961: ⏭️ skip — bad date ref=None conf=None
[2025-09-04 12:47:42] 🔎 row 962: 📑 section = 'UKASH #6**************6577'
[2025-09-04 12:47:42] 🔎 row 963: ✅ accept → dt=2015-08-01 amt=150.00 sign=+1 curr=USD label=Deposit (type/gateway/descr/drcr/sign) status='auto'
[2025-09-04 12:47:42] 🔎 row 964: ⏭️ skip — bad date ref=None conf=None
[2025-09-04 12:47:42] 🔎 row 965: 📑 section = 'UKASH #6**************3349'
[2025-09-04 12:47:42] 🔎 row 966: ✅ accept → dt=2015-08-01 amt=150.00 sign=+1 curr=USD label=Deposit (type/gateway/descr/drcr/sign) status='auto'
[2025-09-04 12:47:42] 🔎 row 967: ⏭️ skip — bad date ref=None conf=None
[2025-09-04 12:47:42] 🔎 row 968: 📑 section = 'UKASH #6**************2604'
[2025-09-04 12:47:42] 🔎 row 969: ✅ accept → dt=2015-08-01 amt=150.00 sign=+1 curr=USD label=Deposit (type/gateway/descr/drcr/sign) status='auto'
[2025-09-04 12:47:42] 🔎 row 970: ⏭️ skip — bad date ref=None conf=None
[2025-09-04 12:47:42] 🔎 row 971: 📑 section = 'UKASH #6**************9992'
[2025-09-04 12:47:42] 🔎 row 972: ✅ accept → dt=2015-08-01 amt=150.00 sign=+1 curr=USD label=Deposit (type/gateway/descr/drcr/sign) status='auto'
[2025-09-04 12:47:42] 🔎 row 973: ⏭️ skip — bad date ref=None conf=None
[2025-09-04 12:47:42] 🔎 row 974: 📑 section = 'UKASH #6**************2935'
[2025-09-04 12:47:42] 🔎 row 975: ✅ accept → dt=2015-08-01 amt=150.00 sign=+1 curr=USD label=Deposit (type/gateway/descr/drcr/sign) status='auto'
[2025-09-04 12:47:42] 🔎 row 976: ⏭️ skip — bad date ref=None conf=None
[2025-09-04 12:47:42] 🔎 row 977: 📑 section = 'UKASH #6**************6281'
[2025-09-04 12:47:42] 🔎 row 978: ✅ accept → dt=2015-06-01 amt=25.00 sign=+1 curr=USD label=Deposit (type/gateway/descr/drcr/sign) status='auto'
[2025-09-04 12:47:42] 🔎 row 979: ⏭️ skip — bad date ref=None conf=None
[2025-09-04 12:47:42] 🔎 row 980: 📑 section = 'GWC #'
[2025-09-04 12:47:42] 🔎 row 981: ✅ accept → dt=2015-03-01 amt=30.00 sign=+1 curr=USD label=Deposit (type/gateway/descr/drcr/sign) status='auto'
[2025-09-04 12:47:42] 🔎 row 982: ✅ accept → dt=2015-06-24 amt=90.00 sign=+1 curr=USD label=Deposit (type/gateway/descr/drcr/sign) status='auto'
[2025-09-04 12:47:42] 🔎 row 983: ⏭️ skip — bad date ref=None conf=None
[2025-09-04 12:47:42] 🔎 row 984: 📑 section = 'QN #'
[2025-09-04 12:47:42] 🔎 row 985: ✅ accept → dt=2015-02-01 amt=700.00 sign=+1 curr=EUR label=Deposit (type/gateway/descr/drcr/sign) status='auto'
[2025-09-04 12:47:42] 🔎 row 986: ✅ accept → dt=2015-04-01 amt=500.00 sign=+1 curr=EUR label=Deposit (type/gateway/descr/drcr/sign) status='auto'
[2025-09-04 12:47:42] 🔎 row 987: ✅ accept → dt=2015-04-01 amt=500.00 sign=+1 curr=EUR label=Deposit (type/gateway/descr/drcr/sign) status='auto'
[2025-09-04 12:47:42] 🔎 row 988: ✅ accept → dt=2015-05-01 amt=800.00 sign=+1 curr=EUR label=Deposit (type/gateway/descr/drcr/sign) status='auto'
[2025-09-04 12:47:42] 🔎 row 989: ✅ accept → dt=2015-05-01 amt=700.00 sign=+1 curr=EUR label=Deposit (type/gateway/descr/drcr/sign) status='auto'
[2025-09-04 12:47:42] 🔎 row 990: ⏭️ skip — bad date ref=None conf=None
[2025-09-04 12:47:42] 🔎 row 991: 📑 section = 'UKASH #6**************4296'
[2025-09-04 12:47:42] 🔎 row 992: ✅ accept → dt=2015-02-01 amt=25.00 sign=+1 curr=USD label=Deposit (type/gateway/descr/drcr/sign) status='auto'
[2025-09-04 12:47:42] 🔎 row 993: ⏭️ skip — bad date ref=None conf=None
[2025-09-04 12:47:42] 🔎 row 994: 📑 section = 'UKASH #6**************8975'
[2025-09-04 12:47:42] 🔎 row 995: ✅ accept → dt=2014-12-29 amt=25.00 sign=+1 curr=USD label=Deposit (type/gateway/descr/drcr/sign) status='auto'
[2025-09-04 12:47:42] 🔎 row 996: ⏭️ skip — bad date ref=None conf=None
[2025-09-04 12:47:42] 🔎 row 997: 📑 section = 'UKASH #6**************7177'
[2025-09-04 12:47:42] 🔎 row 998: ✅ accept → dt=2014-12-29 amt=25.00 sign=+1 curr=USD label=Deposit (type/gateway/descr/drcr/sign) status='auto'
[2025-09-04 12:47:42] 🔎 row 999: ⏭️ skip — bad date ref=None conf=None
[2025-09-04 12:47:42] 🔎 row 1000: 📑 section = 'UKASH #6**************9669'
[2025-09-04 12:47:42] 🔎 row 1001: ✅ accept → dt=2014-12-29 amt=25.00 sign=+1 curr=USD label=Deposit (type/gateway/descr/drcr/sign) status='auto'
[2025-09-04 12:47:42] 🔎 row 1002: ⏭️ skip — bad date ref=None conf=None
[2025-09-04 12:47:42] 🔎 row 1003: 📑 section = 'UKASH #6**************3303'
[2025-09-04 12:47:42] 🔎 row 1004: ✅ accept → dt=2014-12-29 amt=25.00 sign=+1 curr=USD label=Deposit (type/gateway/descr/drcr/sign) status='auto'
[2025-09-04 12:47:42] 🔎 row 1005: ⏭️ skip — bad date ref=None conf=None
[2025-09-04 12:47:42] 🔎 row 1006: 📑 section = 'UKASH #6**************2598'
[2025-09-04 12:47:42] 🔎 row 1007: ✅ accept → dt=2014-12-29 amt=25.00 sign=+1 curr=USD label=Deposit (type/gateway/descr/drcr/sign) status='auto'
[2025-09-04 12:47:42] 🔎 row 1008: ⏭️ skip — bad date ref=None conf=None
[2025-09-04 12:47:42] 🔎 row 1009: 📑 section = 'UKASH #6**************1091'
[2025-09-04 12:47:42] 🔎 row 1010: ✅ accept → dt=2014-12-29 amt=25.00 sign=+1 curr=USD label=Deposit (type/gateway/descr/drcr/sign) status='auto'
[2025-09-04 12:47:42] 🔎 row 1011: ⏭️ skip — bad date ref=None conf=None
[2025-09-04 12:47:42] 🔎 row 1012: 📑 section = 'UKASH #6**************7017'
[2025-09-04 12:47:42] 🔎 row 1013: ✅ accept → dt=2014-12-29 amt=25.00 sign=+1 curr=USD label=Deposit (type/gateway/descr/drcr/sign) status='auto'
[2025-09-04 12:47:42] 🔎 row 1014: ⏭️ skip — bad date ref=None conf=None
[2025-09-04 12:47:42] 🔎 row 1015: 📑 section = 'UKASH #6**************5210'
[2025-09-04 12:47:42] 🔎 row 1016: ✅ accept → dt=2014-12-29 amt=25.00 sign=+1 curr=USD label=Deposit (type/gateway/descr/drcr/sign) status='auto'
[2025-09-04 12:47:42] 🔎 row 1017: ⏭️ skip — bad date ref=None conf=None
[2025-09-04 12:47:42] 🔎 row 1018: 📑 section = 'UKASH #6**************2126'
[2025-09-04 12:47:42] 🔎 row 1019: ✅ accept → dt=2014-12-21 amt=25.00 sign=+1 curr=USD label=Deposit (type/gateway/descr/drcr/sign) status='auto'
[2025-09-04 12:47:42] 🔎 row 1020: ⏭️ skip — bad date ref=None conf=None
[2025-09-04 12:47:42] 🔎 row 1021: 📑 section = 'UKASH #6**************2335'
[2025-09-04 12:47:42] 🔎 row 1022: ✅ accept → dt=2014-12-20 amt=25.00 sign=+1 curr=USD label=Deposit (type/gateway/descr/drcr/sign) status='auto'
[2025-09-04 12:47:42] 🔎 row 1023: ⏭️ skip — bad date ref=None conf=None
[2025-09-04 12:47:42] 🔎 row 1024: 📑 section = 'UKASH #6**************6669'
[2025-09-04 12:47:42] 🔎 row 1025: ✅ accept → dt=2014-12-19 amt=25.00 sign=+1 curr=USD label=Deposit (type/gateway/descr/drcr/sign) status='auto'
[2025-09-04 12:47:42] 🔎 row 1026: ⏭️ skip — bad date ref=None conf=None
[2025-09-04 12:47:42] 🔎 row 1027: 📑 section = 'UKASH #6**************5237'
[2025-09-04 12:47:42] 🔎 row 1028: ✅ accept → dt=2014-12-16 amt=25.00 sign=+1 curr=USD label=Deposit (type/gateway/descr/drcr/sign) status='auto'
[2025-09-04 12:47:42] 🔎 row 1029: ⏭️ skip — bad date ref=None conf=None
[2025-09-04 12:47:42] 🔎 row 1030: 📑 section = 'MCTRANSFER #'
[2025-09-04 12:47:42] 🔎 row 1031: ✅ accept → dt=2014-04-13 amt=50.00 sign=-1 curr=USD label=Redeem (type/gateway/descr/drcr/sign) status='auto'
[2025-09-04 12:47:42] 🔎 row 1032: ✅ accept → dt=2014-04-13 amt=69.43 sign=+1 curr=EUR label=Deposit (type/gateway/descr/drcr/sign) status='auto'
[2025-09-04 12:47:42] 🔎 row 1033: ✅ accept → dt=2014-12-19 amt=400.00 sign=-1 curr=USD label=Redeem (type/gateway/descr/drcr/sign) status='auto'
[2025-09-04 12:47:42] 🔎 row 1034: ✅ accept → dt=2014-12-19 amt=491.30 sign=+1 curr=EUR label=Deposit (type/gateway/descr/drcr/sign) status='auto'
[2025-09-04 12:47:42] 🔎 row 1035: ✅ accept → dt=2014-12-19 amt=140.00 sign=-1 curr=USD label=Redeem (type/gateway/descr/drcr/sign) status='auto'
[2025-09-04 12:47:42] 🔎 row 1036: ✅ accept → dt=2014-12-19 amt=172.13 sign=+1 curr=EUR label=Deposit (type/gateway/descr/drcr/sign) status='auto'
[2025-09-04 12:47:42] 🔎 row 1037: ✅ accept → dt=2015-02-01 amt=700.00 sign=-1 curr=USD label=Redeem (type/gateway/descr/drcr/sign) status='auto'
[2025-09-04 12:47:42] 🔎 row 1038: ✅ accept → dt=2015-02-01 amt=842.97 sign=+1 curr=EUR label=Deposit (type/gateway/descr/drcr/sign) status='auto'
[2025-09-04 12:47:42] 🔎 row 1039: ✅ accept → dt=2015-02-01 amt=23.73 sign=-1 curr=USD label=Redeem (type/gateway/descr/drcr/sign) status='auto'
[2025-09-04 12:47:42] 🔎 row 1040: ✅ accept → dt=2015-02-01 amt=28.50 sign=+1 curr=EUR label=Deposit (type/gateway/descr/drcr/sign) status='auto'
[2025-09-04 12:47:42] 🔎 row 1041: ✅ accept → dt=2015-02-01 amt=50.00 sign=-1 curr=USD label=Redeem (type/gateway/descr/drcr/sign) status='auto'
[2025-09-04 12:47:42] 🔎 row 1042: ✅ accept → dt=2015-02-01 amt=60.03 sign=+1 curr=EUR label=Deposit (type/gateway/descr/drcr/sign) status='auto'
[2025-09-04 12:47:42] 🔎 row 1043: ✅ accept → dt=2015-02-01 amt=46.00 sign=-1 curr=USD label=Redeem (type/gateway/descr/drcr/sign) status='auto'
[2025-09-04 12:47:42] 🔎 row 1044: ✅ accept → dt=2015-02-01 amt=55.21 sign=+1 curr=EUR label=Deposit (type/gateway/descr/drcr/sign) status='auto'
[2025-09-04 12:47:42] 🔎 row 1045: ✅ accept → dt=2015-03-01 amt=536.64 sign=-1 curr=USD label=Redeem (type/gateway/descr/drcr/sign) status='auto'
[2025-09-04 12:47:42] 🔎 row 1046: ✅ accept → dt=2015-03-01 amt=644.00 sign=+1 curr=EUR label=Deposit (type/gateway/descr/drcr/sign) status='auto'
[2025-09-04 12:47:42] 🔎 row 1047: ✅ accept → dt=2015-03-01 amt=569.46 sign=-1 curr=EUR label=Redeem (type/gateway/descr/drcr/sign) status='auto'
[2025-09-04 12:47:42] 🔎 row 1048: ✅ accept → dt=2015-03-01 amt=474.53 sign=+1 curr=USD label=Deposit (type/gateway/descr/drcr/sign) status='auto'
[2025-09-04 12:47:42] 🔎 row 1049: ✅ accept → dt=2015-04-01 amt=500.00 sign=-1 curr=USD label=Redeem (type/gateway/descr/drcr/sign) status='auto'
[2025-09-04 12:47:42] 🔎 row 1050: ✅ accept → dt=2015-04-01 amt=600.10 sign=+1 curr=EUR label=Deposit (type/gateway/descr/drcr/sign) status='auto'
[2025-09-04 12:47:43] 🔎 row 1051: ✅ accept → dt=2015-04-01 amt=540.35 sign=-1 curr=EUR label=Redeem (type/gateway/descr/drcr/sign) status='auto'
[2025-09-04 12:47:43] 🔎 row 1052: ✅ accept → dt=2015-04-01 amt=450.21 sign=+1 curr=USD label=Deposit (type/gateway/descr/drcr/sign) status='auto'
[2025-09-04 12:47:43] 🔎 row 1053: ✅ accept → dt=2015-04-01 amt=500.00 sign=-1 curr=USD label=Redeem (type/gateway/descr/drcr/sign) status='auto'
[2025-09-04 12:47:43] 🔎 row 1054: ✅ accept → dt=2015-04-01 amt=600.12 sign=+1 curr=EUR label=Deposit (type/gateway/descr/drcr/sign) status='auto'
[2025-09-04 12:47:43] 🔎 row 1055: ✅ accept → dt=2015-05-01 amt=1.00 sign=-1 curr=USD label=Redeem (type/gateway/descr/drcr/sign) status='auto'
[2025-09-04 12:47:43] 🔎 row 1056: ⏭️ skip — amount parse fail raw=datetime.datetime(2020, 1, 1, 0, 0)
[2025-09-04 12:47:43] 🔎 row 1057: ✅ accept → dt=2015-05-01 amt=400.00 sign=-1 curr=USD label=Redeem (type/gateway/descr/drcr/sign) status='auto'
[2025-09-04 12:47:43] 🔎 row 1058: ✅ accept → dt=2015-05-01 amt=478.53 sign=+1 curr=EUR label=Deposit (type/gateway/descr/drcr/sign) status='auto'
[2025-09-04 12:47:43] 🔎 row 1059: ✅ accept → dt=2015-05-01 amt=200.00 sign=-1 curr=USD label=Redeem (type/gateway/descr/drcr/sign) status='auto'
[2025-09-04 12:47:43] 🔎 row 1060: ✅ accept → dt=2015-05-01 amt=239.27 sign=+1 curr=EUR label=Deposit (type/gateway/descr/drcr/sign) status='auto'
[2025-09-04 12:47:43] 🔎 row 1061: ✅ accept → dt=2015-05-01 amt=200.00 sign=-1 curr=USD label=Redeem (type/gateway/descr/drcr/sign) status='auto'
[2025-09-04 12:47:43] 🔎 row 1062: ✅ accept → dt=2015-05-01 amt=239.27 sign=+1 curr=EUR label=Deposit (type/gateway/descr/drcr/sign) status='auto'
[2025-09-04 12:47:43] 🔎 row 1063: ✅ accept → dt=2015-05-01 amt=15.00 sign=-1 curr=EUR label=Redeem (type/gateway/descr/drcr/sign) status='auto'
[2025-09-04 12:47:43] 🔎 row 1064: ⏭️ skip — amount parse fail raw=datetime.datetime(1956, 12, 1, 0, 0)
[2025-09-04 12:47:43] 🔎 row 1065: ✅ accept → dt=2015-01-27 amt=750.00 sign=-1 curr=USD label=Redeem (type/gateway/descr/drcr/sign) status='auto'
[2025-09-04 12:47:43] 🔎 row 1066: ✅ accept → dt=2015-01-27 amt=853.62 sign=+1 curr=EUR label=Deposit (type/gateway/descr/drcr/sign) status='auto'
[2025-09-04 12:47:43] 🔎 row 1067: ✅ accept → dt=2015-05-31 amt=100.00 sign=-1 curr=USD label=Redeem (type/gateway/descr/drcr/sign) status='auto'
[2025-09-04 12:47:43] 🔎 row 1068: ✅ accept → dt=2015-05-31 amt=109.93 sign=+1 curr=EUR label=Deposit (type/gateway/descr/drcr/sign) status='auto'
[2025-09-04 12:47:43] 🔎 row 1069: ✅ accept → dt=2015-06-20 amt=51.37 sign=-1 curr=EUR label=Redeem (type/gateway/descr/drcr/sign) status='auto'
[2025-09-04 12:47:43] 🔎 row 1070: ✅ accept → dt=2015-06-20 amt=45.24 sign=+1 curr=USD label=Deposit (type/gateway/descr/drcr/sign) status='auto'
[2025-09-04 12:47:43] 🔎 row 1071: ✅ accept → dt=2015-12-21 amt=10.91 sign=-1 curr=EUR label=Redeem (type/gateway/descr/drcr/sign) status='auto'
[2025-09-04 12:47:43] 🔎 row 1072: ✅ accept → dt=2015-12-21 amt=10.00 sign=+1 curr=USD label=Deposit (type/gateway/descr/drcr/sign) status='auto'
[2025-09-04 12:47:43] 🔎 row 1073: ✅ accept → dt=2016-05-02 amt=498.33 sign=-1 curr=USD label=Redeem (type/gateway/descr/drcr/sign) status='auto'
[2025-09-04 12:47:43] 🔎 row 1074: ✅ accept → dt=2016-05-02 amt=555.00 sign=+1 curr=EUR label=Deposit (type/gateway/descr/drcr/sign) status='auto'
[2025-09-04 12:47:43] 🔎 row 1075: ✅ accept → dt=2016-05-02 amt=107.82 sign=-1 curr=USD label=Redeem (type/gateway/descr/drcr/sign) status='auto'
[2025-09-04 12:47:43] 🔎 row 1076: ✅ accept → dt=2016-05-02 amt=120.00 sign=+1 curr=EUR label=Deposit (type/gateway/descr/drcr/sign) status='auto'
[2025-09-04 12:47:43] 🔎 row 1077: ✅ accept → dt=2016-05-02 amt=107.79 sign=-1 curr=USD label=Redeem (type/gateway/descr/drcr/sign) status='auto'
[2025-09-04 12:47:43] 🔎 row 1078: ✅ accept → dt=2016-05-02 amt=120.08 sign=+1 curr=EUR label=Deposit (type/gateway/descr/drcr/sign) status='auto'
[2025-09-04 12:47:43] 🔎 row 1079: ✅ accept → dt=2016-06-02 amt=30.00 sign=-1 curr=EUR label=Redeem (type/gateway/descr/drcr/sign) status='auto'
[2025-09-04 12:47:43] 🔎 row 1080: ✅ accept → dt=2016-06-02 amt=26.89 sign=+1 curr=USD label=Deposit (type/gateway/descr/drcr/sign) status='auto'
[2025-09-04 12:47:43] 🔎 row 1081: ✅ accept → dt=2016-06-02 amt=26.88 sign=-1 curr=USD label=Redeem (type/gateway/descr/drcr/sign) status='auto'
[2025-09-04 12:47:43] 🔎 row 1082: ✅ accept → dt=2016-06-02 amt=30.00 sign=+1 curr=EUR label=Deposit (type/gateway/descr/drcr/sign) status='auto'
[2025-09-04 12:47:43] 🔎 row 1083: ✅ accept → dt=2016-06-02 amt=53.48 sign=-1 curr=EUR label=Redeem (type/gateway/descr/drcr/sign) status='auto'
[2025-09-04 12:47:43] 🔎 row 1084: ✅ accept → dt=2016-06-02 amt=47.93 sign=+1 curr=USD label=Deposit (type/gateway/descr/drcr/sign) status='auto'
[2025-09-04 12:47:43] 🔎 row 1085: ✅ accept → dt=2016-06-02 amt=402.61 sign=-1 curr=USD label=Redeem (type/gateway/descr/drcr/sign) status='auto'
[2025-09-04 12:47:43] 🔎 row 1086: ✅ accept → dt=2016-06-02 amt=449.30 sign=+1 curr=EUR label=Deposit (type/gateway/descr/drcr/sign) status='auto'
[2025-09-04 12:47:43] 🔎 row 1087: ✅ accept → dt=2016-12-02 amt=1555.40 sign=-1 curr=USD label=Redeem (type/gateway/descr/drcr/sign) status='auto'
[2025-09-04 12:47:43] 🔎 row 1088: ✅ accept → dt=2016-12-02 amt=1750.31 sign=+1 curr=EUR label=Deposit (type/gateway/descr/drcr/sign) status='auto'
[2025-09-04 12:47:43] 🔎 row 1089: ✅ accept → dt=2016-02-13 amt=21.85 sign=-1 curr=USD label=Redeem (type/gateway/descr/drcr/sign) status='auto'
[2025-09-04 12:47:43] 🔎 row 1090: ✅ accept → dt=2016-02-13 amt=24.60 sign=+1 curr=EUR label=Deposit (type/gateway/descr/drcr/sign) status='auto'
[2025-09-04 12:47:43] 🔎 row 1091: ✅ accept → dt=2016-02-13 amt=5.10 sign=-1 curr=EUR label=Redeem (type/gateway/descr/drcr/sign) status='auto'
[2025-09-04 12:47:43] 🔎 row 1092: ⏭️ skip — amount parse fail raw=datetime.datetime(1954, 4, 1, 0, 0)
[2025-09-04 12:47:43] 🔎 row 1093: ✅ accept → dt=2016-02-15 amt=594.72 sign=-1 curr=USD label=Redeem (type/gateway/descr/drcr/sign) status='auto'
[2025-09-04 12:47:43] 🔎 row 1094: ✅ accept → dt=2016-02-15 amt=666.16 sign=+1 curr=EUR label=Deposit (type/gateway/descr/drcr/sign) status='auto'
[2025-09-04 12:47:43] 🔎 row 1095: ⏭️ skip — amount parse fail raw=datetime.datetime(2025, 3, 3, 0, 0)
[2025-09-04 12:47:43] 🔎 row 1096: ✅ accept → dt=2016-04-15 amt=3.41 sign=-1 curr=EUR label=Redeem (type/gateway/descr/drcr/sign) status='auto'
[2025-09-04 12:47:43] 🔎 row 1097: ✅ accept → dt=2016-08-10 amt=22.40 sign=-1 curr=EUR label=Redeem (type/gateway/descr/drcr/sign) status='auto'
[2025-09-04 12:47:43] 🔎 row 1098: ✅ accept → dt=2016-08-10 amt=20.00 sign=+1 curr=USD label=Deposit (type/gateway/descr/drcr/sign) status='auto'
[2025-09-04 12:47:43] 🔎 row 1099: ✅ accept → dt=2016-08-11 amt=2000.69 sign=-1 curr=USD label=Redeem (type/gateway/descr/drcr/sign) status='auto'
[2025-09-04 12:47:43] 🔎 row 1100: ✅ accept → dt=2016-08-11 amt=2205.00 sign=+1 curr=EUR label=Deposit (type/gateway/descr/drcr/sign) status='auto'
[2025-09-04 12:47:43] 🔎 row 1101: ✅ accept → dt=2017-01-28 amt=169.63 sign=-1 curr=USD label=Redeem (type/gateway/descr/drcr/sign) status='auto'
[2025-09-04 12:47:43] 🔎 row 1102: ✅ accept → dt=2017-01-28 amt=181.47 sign=+1 curr=EUR label=Deposit (type/gateway/descr/drcr/sign) status='auto'
[2025-09-04 12:47:43] 🔎 row 1103: ⏭️ skip — bad date ref=None conf=None
[2025-09-04 12:47:43] 🔎 row 1104: 📑 section = 'RTBT #'
[2025-09-04 12:47:43] 🔎 row 1105: ✅ accept → dt=2014-02-28 amt=23.00 sign=+1 curr=USD label=Deposit (type/gateway/descr/drcr/sign) status='auto'
[2025-09-04 12:47:43] 🔎 row 1106: ✅ accept → dt=2014-03-15 amt=15.00 sign=+1 curr=USD label=Deposit (type/gateway/descr/drcr/sign) status='auto'
[2025-09-04 12:47:43] 🔎 row 1107: ✅ accept → dt=2014-10-04 amt=20.00 sign=+1 curr=USD label=Deposit (type/gateway/descr/drcr/sign) status='auto'
[2025-09-04 12:47:43] 🔎 row 1108: ✅ accept → dt=2014-10-04 amt=10.00 sign=+1 curr=USD label=Deposit (type/gateway/descr/drcr/sign) status='auto'
[2025-09-04 12:47:43] 🔎 row 1109: ✅ accept → dt=2014-05-28 amt=15.00 sign=+1 curr=USD label=Deposit (type/gateway/descr/drcr/sign) status='auto'
[2025-09-04 12:47:43] 🔎 row 1110: ⏭️ skip — amount parse fail raw=datetime.datetime(1980, 12, 1, 0, 0)
[2025-09-04 12:47:43] 🔎 row 1111: ✅ accept → dt=2014-12-17 amt=20.00 sign=+1 curr=USD label=Deposit (type/gateway/descr/drcr/sign) status='auto'
[2025-09-04 12:47:43] 🔎 row 1112: ✅ accept → dt=2014-12-21 amt=20.00 sign=+1 curr=USD label=Deposit (type/gateway/descr/drcr/sign) status='auto'
[2025-09-04 12:47:43] 🔎 row 1113: ✅ accept → dt=2014-12-24 amt=20.00 sign=+1 curr=USD label=Deposit (type/gateway/descr/drcr/sign) status='auto'
[2025-09-04 12:47:43] 🔎 row 1114: ✅ accept → dt=2014-12-27 amt=15.00 sign=+1 curr=USD label=Deposit (type/gateway/descr/drcr/sign) status='auto'
[2025-09-04 12:47:43] 🔎 row 1115: ✅ accept → dt=2014-12-28 amt=42.30 sign=+1 curr=USD label=Deposit (type/gateway/descr/drcr/sign) status='auto'
[2025-09-04 12:47:43] 🔎 row 1116: ✅ accept → dt=2014-12-28 amt=58.00 sign=+1 curr=USD label=Deposit (type/gateway/descr/drcr/sign) status='auto'
[2025-09-04 12:47:43] 🔎 row 1117: ✅ accept → dt=2014-12-28 amt=100.00 sign=+1 curr=USD label=Deposit (type/gateway/descr/drcr/sign) status='auto'
[2025-09-04 12:47:43] 🔎 row 1118: ✅ accept → dt=2015-02-01 amt=20.00 sign=+1 curr=USD label=Deposit (type/gateway/descr/drcr/sign) status='auto'
[2025-09-04 12:47:43] 🔎 row 1119: ✅ accept → dt=2015-05-01 amt=45.00 sign=+1 curr=USD label=Deposit (type/gateway/descr/drcr/sign) status='auto'
[2025-09-04 12:47:43] 🔎 row 1120: ✅ accept → dt=2015-07-01 amt=20.00 sign=+1 curr=USD label=Deposit (type/gateway/descr/drcr/sign) status='auto'
[2025-09-04 12:47:43] 🔎 row 1121: ✅ accept → dt=2015-10-01 amt=35.00 sign=+1 curr=USD label=Deposit (type/gateway/descr/drcr/sign) status='auto'
[2025-09-04 12:47:43] 🔎 row 1122: ✅ accept → dt=2015-10-01 amt=35.00 sign=+1 curr=EUR label=Deposit (type/gateway/descr/drcr/sign) status='auto'
[2025-09-04 12:47:43] 🔎 row 1123: ✅ accept → dt=2015-11-01 amt=18.00 sign=+1 curr=USD label=Deposit (type/gateway/descr/drcr/sign) status='auto'
[2025-09-04 12:47:43] 🔎 row 1124: ✅ accept → dt=2015-11-01 amt=105.00 sign=+1 curr=USD label=Deposit (type/gateway/descr/drcr/sign) status='auto'
[2025-09-04 12:47:43] 🔎 row 1125: ✅ accept → dt=2015-01-16 amt=30.00 sign=+1 curr=USD label=Deposit (type/gateway/descr/drcr/sign) status='auto'
[2025-09-04 12:47:43] 🔎 row 1126: ✅ accept → dt=2015-01-17 amt=30.00 sign=+1 curr=USD label=Deposit (type/gateway/descr/drcr/sign) status='auto'
[2025-09-04 12:47:43] 🔎 row 1127: ✅ accept → dt=2015-01-17 amt=35.00 sign=+1 curr=USD label=Deposit (type/gateway/descr/drcr/sign) status='auto'
[2025-09-04 12:47:43] 🔎 row 1128: ✅ accept → dt=2015-01-18 amt=20.00 sign=+1 curr=USD label=Deposit (type/gateway/descr/drcr/sign) status='auto'
[2025-09-04 12:47:43] 🔎 row 1129: ✅ accept → dt=2015-01-24 amt=100.00 sign=+1 curr=USD label=Deposit (type/gateway/descr/drcr/sign) status='auto'
[2025-09-04 12:47:43] 🔎 row 1130: ⏭️ skip — amount parse fail raw=datetime.datetime(2016, 9, 1, 0, 0)
[2025-09-04 12:47:43] 🔎 row 1131: ✅ accept → dt=2015-01-25 amt=46.00 sign=+1 curr=USD label=Deposit (type/gateway/descr/drcr/sign) status='auto'
[2025-09-04 12:47:43] 🔎 row 1132: ✅ accept → dt=2015-01-25 amt=30.00 sign=+1 curr=USD label=Deposit (type/gateway/descr/drcr/sign) status='auto'
[2025-09-04 12:47:43] 🔎 row 1133: ✅ accept → dt=2015-01-25 amt=49.00 sign=+1 curr=USD label=Deposit (type/gateway/descr/drcr/sign) status='auto'
[2025-09-04 12:47:43] 🔎 row 1134: ✅ accept → dt=2015-01-27 amt=10.00 sign=+1 curr=USD label=Deposit (type/gateway/descr/drcr/sign) status='auto'
[2025-09-04 12:47:43] 🔎 row 1135: ✅ accept → dt=2015-01-31 amt=15.00 sign=+1 curr=USD label=Deposit (type/gateway/descr/drcr/sign) status='auto'
[2025-09-04 12:47:43] 🔎 row 1136: ✅ accept → dt=2015-02-02 amt=15.00 sign=+1 curr=USD label=Deposit (type/gateway/descr/drcr/sign) status='auto'
[2025-09-04 12:47:43] 🔎 row 1137: ✅ accept → dt=2015-03-02 amt=20.00 sign=+1 curr=USD label=Deposit (type/gateway/descr/drcr/sign) status='auto'
[2025-09-04 12:47:43] 🔎 row 1138: ✅ accept → dt=2015-04-02 amt=25.00 sign=+1 curr=USD label=Deposit (type/gateway/descr/drcr/sign) status='auto'
[2025-09-04 12:47:43] 🔎 row 1139: ✅ accept → dt=2015-06-02 amt=25.00 sign=+1 curr=USD label=Deposit (type/gateway/descr/drcr/sign) status='auto'
[2025-09-04 12:47:43] 🔎 row 1140: ✅ accept → dt=2015-06-02 amt=20.00 sign=+1 curr=USD label=Deposit (type/gateway/descr/drcr/sign) status='auto'
[2025-09-04 12:47:43] 🔎 row 1141: ✅ accept → dt=2015-07-02 amt=30.00 sign=+1 curr=USD label=Deposit (type/gateway/descr/drcr/sign) status='auto'
[2025-09-04 12:47:43] 🔎 row 1142: ✅ accept → dt=2015-02-13 amt=35.00 sign=+1 curr=USD label=Deposit (type/gateway/descr/drcr/sign) status='auto'
[2025-09-04 12:47:43] 🔎 row 1143: ✅ accept → dt=2015-02-13 amt=10.00 sign=+1 curr=USD label=Deposit (type/gateway/descr/drcr/sign) status='auto'
[2025-09-04 12:47:43] 🔎 row 1144: ✅ accept → dt=2015-02-16 amt=25.00 sign=+1 curr=USD label=Deposit (type/gateway/descr/drcr/sign) status='auto'
[2025-09-04 12:47:43] 🔎 row 1145: ✅ accept → dt=2015-02-17 amt=25.00 sign=+1 curr=USD label=Deposit (type/gateway/descr/drcr/sign) status='auto'
[2025-09-04 12:47:43] 🔎 row 1146: ✅ accept → dt=2015-02-18 amt=25.00 sign=+1 curr=USD label=Deposit (type/gateway/descr/drcr/sign) status='auto'
[2025-09-04 12:47:43] 🔎 row 1147: ✅ accept → dt=2015-02-27 amt=10.00 sign=+1 curr=USD label=Deposit (type/gateway/descr/drcr/sign) status='auto'
[2025-09-04 12:47:43] 🔎 row 1148: ✅ accept → dt=2015-03-22 amt=30.00 sign=+1 curr=USD label=Deposit (type/gateway/descr/drcr/sign) status='auto'
[2025-09-04 12:47:43] 🔎 row 1149: ✅ accept → dt=2015-03-31 amt=25.00 sign=+1 curr=USD label=Deposit (type/gateway/descr/drcr/sign) status='auto'
[2025-09-04 12:47:43] 🔎 row 1150: ✅ accept → dt=2015-03-31 amt=15.00 sign=+1 curr=USD label=Deposit (type/gateway/descr/drcr/sign) status='auto'
[2025-09-04 12:47:43] 🔎 row 1151: ✅ accept → dt=2015-02-04 amt=20.00 sign=+1 curr=USD label=Deposit (type/gateway/descr/drcr/sign) status='auto'
[2025-09-04 12:47:43] 🔎 row 1152: ✅ accept → dt=2015-10-04 amt=10.00 sign=+1 curr=USD label=Deposit (type/gateway/descr/drcr/sign) status='auto'
[2025-09-04 12:47:43] 🔎 row 1153: ⏭️ skip — amount parse fail raw=datetime.datetime(1950, 10, 1, 0, 0)
[2025-09-04 12:47:43] 🔎 row 1154: ✅ accept → dt=2015-06-20 amt=460.00 sign=+1 curr=USD label=Deposit (type/gateway/descr/drcr/sign) status='auto'
[2025-09-04 12:47:43] 🔎 row 1155: ✅ accept → dt=2015-06-21 amt=452.00 sign=+1 curr=USD label=Deposit (type/gateway/descr/drcr/sign) status='auto'
[2025-09-04 12:47:43] 🔎 row 1156: ✅ accept → dt=2015-07-26 amt=20.55 sign=+1 curr=USD label=Deposit (type/gateway/descr/drcr/sign) status='auto'
[2025-09-04 12:47:43] 🔎 row 1157: ✅ accept → dt=2015-09-26 amt=10.00 sign=+1 curr=USD label=Deposit (type/gateway/descr/drcr/sign) status='auto'
[2025-09-04 12:47:43] 🔎 row 1158: ✅ accept → dt=2015-04-10 amt=60.00 sign=+1 curr=USD label=Deposit (type/gateway/descr/drcr/sign) status='auto'
[2025-09-04 12:47:43] 🔎 row 1159: ✅ accept → dt=2015-10-10 amt=100.00 sign=+1 curr=USD label=Deposit (type/gateway/descr/drcr/sign) status='auto'
[2025-09-04 12:47:43] 🔎 row 1160: ✅ accept → dt=2015-11-10 amt=10.00 sign=+1 curr=USD label=Deposit (type/gateway/descr/drcr/sign) status='auto'
[2025-09-04 12:47:43] 🔎 row 1161: ✅ accept → dt=2015-11-22 amt=15.00 sign=+1 curr=USD label=Deposit (type/gateway/descr/drcr/sign) status='auto'
[2025-09-04 12:47:43] 🔎 row 1162: ✅ accept → dt=2015-05-12 amt=18.00 sign=+1 curr=USD label=Deposit (type/gateway/descr/drcr/sign) status='auto'
[2025-09-04 12:47:43] 🔎 row 1163: ⏭️ skip — amount parse fail raw=datetime.datetime(1950, 9, 1, 0, 0)
[2025-09-04 12:47:44] 🔎 row 1164: ⏭️ skip — amount parse fail raw=datetime.datetime(2020, 10, 1, 0, 0)
[2025-09-04 12:47:44] 🔎 row 1165: ✅ accept → dt=2016-01-18 amt=28.50 sign=+1 curr=USD label=Deposit (type/gateway/descr/drcr/sign) status='auto'
[2025-09-04 12:47:44] 🔎 row 1166: ✅ accept → dt=2016-12-02 amt=10.00 sign=+1 curr=USD label=Deposit (type/gateway/descr/drcr/sign) status='auto'
[2025-09-04 12:47:44] 🔎 row 1167: ✅ accept → dt=2016-12-02 amt=274.00 sign=+1 curr=USD label=Deposit (type/gateway/descr/drcr/sign) status='auto'
[2025-09-04 12:47:44] 🔎 row 1168: ✅ accept → dt=2016-02-28 amt=15.00 sign=+1 curr=USD label=Deposit (type/gateway/descr/drcr/sign) status='auto'
[2025-09-04 12:47:44] 🔎 row 1169: ✅ accept → dt=2016-08-03 amt=20.00 sign=+1 curr=USD label=Deposit (type/gateway/descr/drcr/sign) status='auto'
[2025-09-04 12:47:44] 🔎 row 1170: ✅ accept → dt=2016-08-03 amt=10.00 sign=+1 curr=USD label=Deposit (type/gateway/descr/drcr/sign) status='auto'
[2025-09-04 12:47:44] 🔎 row 1171: ✅ accept → dt=2016-11-03 amt=10.00 sign=+1 curr=USD label=Deposit (type/gateway/descr/drcr/sign) status='auto'
[2025-09-04 12:47:44] 🔎 row 1172: ✅ accept → dt=2016-11-03 amt=15.00 sign=+1 curr=USD label=Deposit (type/gateway/descr/drcr/sign) status='auto'
[2025-09-04 12:47:44] 🔎 row 1173: ✅ accept → dt=2016-12-03 amt=10.00 sign=+1 curr=USD label=Deposit (type/gateway/descr/drcr/sign) status='auto'
[2025-09-04 12:47:44] 🔎 row 1174: ✅ accept → dt=2016-03-17 amt=20.00 sign=+1 curr=USD label=Deposit (type/gateway/descr/drcr/sign) status='auto'
[2025-09-04 12:47:44] 🔎 row 1175: ✅ accept → dt=2016-03-18 amt=20.00 sign=+1 curr=USD label=Deposit (type/gateway/descr/drcr/sign) status='auto'
[2025-09-04 12:47:44] 🔎 row 1176: ✅ accept → dt=2016-03-18 amt=10.00 sign=+1 curr=USD label=Deposit (type/gateway/descr/drcr/sign) status='auto'
[2025-09-04 12:47:44] 🔎 row 1177: ✅ accept → dt=2016-03-19 amt=20.00 sign=+1 curr=USD label=Deposit (type/gateway/descr/drcr/sign) status='auto'
[2025-09-04 12:47:44] 🔎 row 1178: ✅ accept → dt=2016-03-20 amt=200.00 sign=+1 curr=USD label=Deposit (type/gateway/descr/drcr/sign) status='auto'
[2025-09-04 12:47:44] 🔎 row 1179: ✅ accept → dt=2016-03-24 amt=25.00 sign=+1 curr=USD label=Deposit (type/gateway/descr/drcr/sign) status='auto'
[2025-09-04 12:47:44] 🔎 row 1180: ✅ accept → dt=2016-03-24 amt=20.00 sign=+1 curr=USD label=Deposit (type/gateway/descr/drcr/sign) status='auto'
[2025-09-04 12:47:44] 🔎 row 1181: ✅ accept → dt=2016-03-25 amt=37.00 sign=+1 curr=USD label=Deposit (type/gateway/descr/drcr/sign) status='auto'
[2025-09-04 12:47:44] 🔎 row 1182: ✅ accept → dt=2016-03-25 amt=30.00 sign=+1 curr=USD label=Deposit (type/gateway/descr/drcr/sign) status='auto'
[2025-09-04 12:47:44] 🔎 row 1183: ✅ accept → dt=2016-03-26 amt=25.00 sign=+1 curr=USD label=Deposit (type/gateway/descr/drcr/sign) status='auto'
[2025-09-04 12:47:44] 🔎 row 1184: ✅ accept → dt=2016-03-26 amt=25.00 sign=+1 curr=USD label=Deposit (type/gateway/descr/drcr/sign) status='auto'
[2025-09-04 12:47:44] 🔎 row 1185: ✅ accept → dt=2016-03-27 amt=10.00 sign=+1 curr=USD label=Deposit (type/gateway/descr/drcr/sign) status='auto'
[2025-09-04 12:47:44] 🔎 row 1186: ✅ accept → dt=2016-03-30 amt=25.00 sign=+1 curr=USD label=Deposit (type/gateway/descr/drcr/sign) status='auto'
[2025-09-04 12:47:44] 🔎 row 1187: ✅ accept → dt=2016-02-04 amt=20.00 sign=+1 curr=USD label=Deposit (type/gateway/descr/drcr/sign) status='auto'
[2025-09-04 12:47:44] 🔎 row 1188: ⏭️ skip — amount parse fail raw=datetime.datetime(1950, 9, 1, 0, 0)
[2025-09-04 12:47:44] 🔎 row 1189: ✅ accept → dt=2016-05-04 amt=10.00 sign=+1 curr=USD label=Deposit (type/gateway/descr/drcr/sign) status='auto'
[2025-09-04 12:47:44] 🔎 row 1190: ✅ accept → dt=2016-05-04 amt=10.00 sign=+1 curr=USD label=Deposit (type/gateway/descr/drcr/sign) status='auto'
[2025-09-04 12:47:44] 🔎 row 1191: ✅ accept → dt=2016-09-04 amt=20.00 sign=+1 curr=USD label=Deposit (type/gateway/descr/drcr/sign) status='auto'
[2025-09-04 12:47:44] 🔎 row 1192: ✅ accept → dt=2016-09-04 amt=11.00 sign=+1 curr=USD label=Deposit (type/gateway/descr/drcr/sign) status='auto'
[2025-09-04 12:47:44] 🔎 row 1193: ✅ accept → dt=2016-10-04 amt=10.00 sign=+1 curr=USD label=Deposit (type/gateway/descr/drcr/sign) status='auto'
[2025-09-04 12:47:44] 🔎 row 1194: ⏭️ skip — amount parse fail raw=datetime.datetime(2025, 10, 9, 0, 0)
[2025-09-04 12:47:44] 🔎 row 1195: ✅ accept → dt=2016-04-17 amt=10.00 sign=+1 curr=USD label=Deposit (type/gateway/descr/drcr/sign) status='auto'
[2025-09-04 12:47:44] 🔎 row 1196: ✅ accept → dt=2016-04-18 amt=20.00 sign=+1 curr=USD label=Deposit (type/gateway/descr/drcr/sign) status='auto'
[2025-09-04 12:47:44] 🔎 row 1197: ✅ accept → dt=2016-04-18 amt=15.00 sign=+1 curr=USD label=Deposit (type/gateway/descr/drcr/sign) status='auto'
[2025-09-04 12:47:44] 🔎 row 1198: ✅ accept → dt=2016-04-19 amt=25.00 sign=+1 curr=USD label=Deposit (type/gateway/descr/drcr/sign) status='auto'
[2025-09-04 12:47:44] 🔎 row 1199: ✅ accept → dt=2016-04-19 amt=20.00 sign=+1 curr=USD label=Deposit (type/gateway/descr/drcr/sign) status='auto'
[2025-09-04 12:47:44] 🔎 row 1200: ✅ accept → dt=2016-04-19 amt=10.00 sign=+1 curr=USD label=Deposit (type/gateway/descr/drcr/sign) status='auto'
[2025-09-04 12:47:44] 🔎 row 1201: ✅ accept → dt=2016-04-25 amt=10.00 sign=+1 curr=USD label=Deposit (type/gateway/descr/drcr/sign) status='auto'
[2025-09-04 12:47:44] 🔎 row 1202: ✅ accept → dt=2016-12-05 amt=25.00 sign=+1 curr=USD label=Deposit (type/gateway/descr/drcr/sign) status='auto'
[2025-09-04 12:47:44] 🔎 row 1203: ✅ accept → dt=2016-05-14 amt=25.00 sign=+1 curr=USD label=Deposit (type/gateway/descr/drcr/sign) status='auto'
[2025-09-04 12:47:44] 🔎 row 1204: ✅ accept → dt=2016-05-14 amt=25.00 sign=+1 curr=USD label=Deposit (type/gateway/descr/drcr/sign) status='auto'
[2025-09-04 12:47:44] 🔎 row 1205: ✅ accept → dt=2016-05-15 amt=15.00 sign=+1 curr=USD label=Deposit (type/gateway/descr/drcr/sign) status='auto'
[2025-09-04 12:47:44] 🔎 row 1206: ✅ accept → dt=2016-05-27 amt=35.00 sign=+1 curr=USD label=Deposit (type/gateway/descr/drcr/sign) status='auto'
[2025-09-04 12:47:44] 🔎 row 1207: ✅ accept → dt=2016-01-06 amt=50.00 sign=+1 curr=USD label=Deposit (type/gateway/descr/drcr/sign) status='auto'
[2025-09-04 12:47:44] 🔎 row 1208: ✅ accept → dt=2016-11-07 amt=20.00 sign=+1 curr=USD label=Deposit (type/gateway/descr/drcr/sign) status='auto'
[2025-09-04 12:47:44] 🔎 row 1209: ✅ accept → dt=2016-08-08 amt=45.00 sign=+1 curr=USD label=Deposit (type/gateway/descr/drcr/sign) status='auto'
[2025-09-04 12:47:44] 🔎 row 1210: ✅ accept → dt=2016-08-25 amt=20.00 sign=+1 curr=USD label=Deposit (type/gateway/descr/drcr/sign) status='auto'
[2025-09-04 12:47:44] 🔎 row 1211: ✅ accept → dt=2016-08-25 amt=20.00 sign=+1 curr=USD label=Deposit (type/gateway/descr/drcr/sign) status='auto'
[2025-09-04 12:47:44] 🔎 row 1212: ✅ accept → dt=2016-08-25 amt=18.00 sign=+1 curr=USD label=Deposit (type/gateway/descr/drcr/sign) status='auto'
[2025-09-04 12:47:44] 🔎 row 1213: ✅ accept → dt=2016-08-25 amt=16.00 sign=+1 curr=USD label=Deposit (type/gateway/descr/drcr/sign) status='auto'
[2025-09-04 12:47:44] 🔎 row 1214: ✅ accept → dt=2016-08-25 amt=50.00 sign=+1 curr=USD label=Deposit (type/gateway/descr/drcr/sign) status='auto'
[2025-09-04 12:47:44] 🔎 row 1215: ⏭️ skip — bad date ref=None conf=None
[2025-09-04 12:47:44] 🔎 row 1216: 📑 section = 'PAYSAFE #'
[2025-09-04 12:47:44] 🔎 row 1217: ✅ accept → dt=2013-06-23 amt=10.00 sign=+1 curr=USD label=Deposit (type/gateway/descr/drcr/sign) status='auto'
[2025-09-04 12:47:44] 🔎 row 1218: ✅ accept → dt=2013-06-29 amt=10.00 sign=+1 curr=USD label=Deposit (type/gateway/descr/drcr/sign) status='auto'
[2025-09-04 12:47:44] 🔎 row 1219: ✅ accept → dt=2013-01-09 amt=10.00 sign=+1 curr=USD label=Deposit (type/gateway/descr/drcr/sign) status='auto'
[2025-09-04 12:47:44] 🔎 row 1220: ✅ accept → dt=2013-11-25 amt=10.00 sign=+1 curr=USD label=Deposit (type/gateway/descr/drcr/sign) status='auto'
[2025-09-04 12:47:44] 🔎 row 1221: ✅ accept → dt=2014-01-13 amt=10.00 sign=+1 curr=USD label=Deposit (type/gateway/descr/drcr/sign) status='auto'
[2025-09-04 12:47:44] 🔎 row 1222: ✅ accept → dt=2014-09-04 amt=10.00 sign=+1 curr=USD label=Deposit (type/gateway/descr/drcr/sign) status='auto'
[2025-09-04 12:47:44] 🔎 row 1223: ✅ accept → dt=2014-04-13 amt=28.00 sign=+1 curr=USD label=Deposit (type/gateway/descr/drcr/sign) status='auto'
[2025-09-04 12:47:44] 🔎 row 1224: ✅ accept → dt=2014-04-22 amt=50.00 sign=+1 curr=USD label=Deposit (type/gateway/descr/drcr/sign) status='auto'
[2025-09-04 12:47:44] 🔎 row 1225: ✅ accept → dt=2014-04-22 amt=10.00 sign=+1 curr=USD label=Deposit (type/gateway/descr/drcr/sign) status='auto'
[2025-09-04 12:47:44] 🔎 row 1226: ✅ accept → dt=2014-04-22 amt=40.00 sign=+1 curr=USD label=Deposit (type/gateway/descr/drcr/sign) status='auto'
[2025-09-04 12:47:44] 🔎 row 1227: ✅ accept → dt=2014-04-24 amt=40.00 sign=+1 curr=USD label=Deposit (type/gateway/descr/drcr/sign) status='auto'
[2025-09-04 12:47:44] 🔎 row 1228: ✅ accept → dt=2014-02-05 amt=40.00 sign=+1 curr=USD label=Deposit (type/gateway/descr/drcr/sign) status='auto'
[2025-09-04 12:47:44] 🔎 row 1229: ✅ accept → dt=2014-02-05 amt=10.00 sign=+1 curr=USD label=Deposit (type/gateway/descr/drcr/sign) status='auto'
[2025-09-04 12:47:44] 🔎 row 1230: ✅ accept → dt=2014-05-24 amt=40.00 sign=+1 curr=USD label=Deposit (type/gateway/descr/drcr/sign) status='auto'
[2025-09-04 12:47:44] 🔎 row 1231: ✅ accept → dt=2014-05-24 amt=10.00 sign=+1 curr=USD label=Deposit (type/gateway/descr/drcr/sign) status='auto'
[2025-09-04 12:47:44] 🔎 row 1232: ✅ accept → dt=2014-06-14 amt=26.00 sign=+1 curr=USD label=Deposit (type/gateway/descr/drcr/sign) status='auto'
[2025-09-04 12:47:44] 🔎 row 1233: ✅ accept → dt=2014-12-16 amt=20.00 sign=+1 curr=USD label=Deposit (type/gateway/descr/drcr/sign) status='auto'
[2025-09-04 12:47:44] 🔎 row 1234: ✅ accept → dt=2014-12-16 amt=10.00 sign=+1 curr=USD label=Deposit (type/gateway/descr/drcr/sign) status='auto'
[2025-09-04 12:47:44] 🔎 row 1235: ✅ accept → dt=2014-12-17 amt=20.00 sign=+1 curr=USD label=Deposit (type/gateway/descr/drcr/sign) status='auto'
[2025-09-04 12:47:44] 🔎 row 1236: ✅ accept → dt=2014-12-17 amt=10.00 sign=+1 curr=USD label=Deposit (type/gateway/descr/drcr/sign) status='auto'
[2025-09-04 12:47:44] 🔎 row 1237: ✅ accept → dt=2014-12-17 amt=10.00 sign=+1 curr=USD label=Deposit (type/gateway/descr/drcr/sign) status='auto'
[2025-09-04 12:47:44] 🔎 row 1238: ✅ accept → dt=2014-12-17 amt=10.00 sign=+1 curr=USD label=Deposit (type/gateway/descr/drcr/sign) status='auto'
[2025-09-04 12:47:44] 🔎 row 1239: ✅ accept → dt=2014-12-18 amt=20.00 sign=+1 curr=USD label=Deposit (type/gateway/descr/drcr/sign) status='auto'
[2025-09-04 12:47:44] 🔎 row 1240: ✅ accept → dt=2014-12-18 amt=10.00 sign=+1 curr=USD label=Deposit (type/gateway/descr/drcr/sign) status='auto'
[2025-09-04 12:47:44] 🔎 row 1241: ✅ accept → dt=2014-12-18 amt=10.00 sign=+1 curr=USD label=Deposit (type/gateway/descr/drcr/sign) status='auto'
[2025-09-04 12:47:44] 🔎 row 1242: ✅ accept → dt=2014-12-18 amt=10.00 sign=+1 curr=USD label=Deposit (type/gateway/descr/drcr/sign) status='auto'
[2025-09-04 12:47:44] 🔎 row 1243: ✅ accept → dt=2014-12-19 amt=30.00 sign=+1 curr=USD label=Deposit (type/gateway/descr/drcr/sign) status='auto'
[2025-09-04 12:47:44] 🔎 row 1244: ✅ accept → dt=2014-12-21 amt=10.00 sign=+1 curr=USD label=Deposit (type/gateway/descr/drcr/sign) status='auto'
[2025-09-04 12:47:44] 🔎 row 1245: ✅ accept → dt=2014-12-21 amt=10.00 sign=+1 curr=USD label=Deposit (type/gateway/descr/drcr/sign) status='auto'
[2025-09-04 12:47:44] 🔎 row 1246: ✅ accept → dt=2014-12-21 amt=10.00 sign=+1 curr=USD label=Deposit (type/gateway/descr/drcr/sign) status='auto'
[2025-09-04 12:47:44] 🔎 row 1247: ✅ accept → dt=2014-12-22 amt=10.00 sign=+1 curr=USD label=Deposit (type/gateway/descr/drcr/sign) status='auto'
[2025-09-04 12:47:44] 🔎 row 1248: ✅ accept → dt=2014-12-22 amt=35.00 sign=+1 curr=USD label=Deposit (type/gateway/descr/drcr/sign) status='auto'
[2025-09-04 12:47:44] 🔎 row 1249: ✅ accept → dt=2014-12-25 amt=10.00 sign=+1 curr=USD label=Deposit (type/gateway/descr/drcr/sign) status='auto'
[2025-09-04 12:47:44] 🔎 row 1250: ✅ accept → dt=2014-12-25 amt=10.00 sign=+1 curr=USD label=Deposit (type/gateway/descr/drcr/sign) status='auto'
[2025-09-04 12:47:44] 🔎 row 1251: ✅ accept → dt=2014-12-28 amt=40.00 sign=+1 curr=USD label=Deposit (type/gateway/descr/drcr/sign) status='auto'
[2025-09-04 12:47:44] 🔎 row 1252: ✅ accept → dt=2014-12-29 amt=20.00 sign=+1 curr=USD label=Deposit (type/gateway/descr/drcr/sign) status='auto'
[2025-09-04 12:47:44] 🔎 row 1253: ✅ accept → dt=2014-12-30 amt=10.00 sign=+1 curr=USD label=Deposit (type/gateway/descr/drcr/sign) status='auto'
[2025-09-04 12:47:44] 🔎 row 1254: ✅ accept → dt=2015-02-01 amt=20.00 sign=+1 curr=USD label=Deposit (type/gateway/descr/drcr/sign) status='auto'
[2025-09-04 12:47:44] 🔎 row 1255: ✅ accept → dt=2015-05-01 amt=100.00 sign=+1 curr=USD label=Deposit (type/gateway/descr/drcr/sign) status='auto'
[2025-09-04 12:47:44] 🔎 row 1256: ✅ accept → dt=2015-05-01 amt=90.00 sign=+1 curr=USD label=Deposit (type/gateway/descr/drcr/sign) status='auto'
[2025-09-04 12:47:44] 🔎 row 1257: ✅ accept → dt=2015-10-01 amt=25.00 sign=+1 curr=USD label=Deposit (type/gateway/descr/drcr/sign) status='auto'
[2025-09-04 12:47:44] 🔎 row 1258: ✅ accept → dt=2015-11-01 amt=50.00 sign=+1 curr=USD label=Deposit (type/gateway/descr/drcr/sign) status='auto'
[2025-09-04 12:47:44] 🔎 row 1259: ✅ accept → dt=2015-01-13 amt=10.00 sign=+1 curr=USD label=Deposit (type/gateway/descr/drcr/sign) status='auto'
[2025-09-04 12:47:44] 🔎 row 1260: ✅ accept → dt=2015-01-17 amt=40.00 sign=+1 curr=USD label=Deposit (type/gateway/descr/drcr/sign) status='auto'
[2025-09-04 12:47:44] 🔎 row 1261: ✅ accept → dt=2015-01-17 amt=10.00 sign=+1 curr=USD label=Deposit (type/gateway/descr/drcr/sign) status='auto'
[2025-09-04 12:47:44] 🔎 row 1262: ✅ accept → dt=2015-01-17 amt=20.00 sign=+1 curr=USD label=Deposit (type/gateway/descr/drcr/sign) status='auto'
[2025-09-04 12:47:44] 🔎 row 1263: ✅ accept → dt=2015-01-19 amt=40.00 sign=+1 curr=USD label=Deposit (type/gateway/descr/drcr/sign) status='auto'
[2025-09-04 12:47:44] 🔎 row 1264: ✅ accept → dt=2015-01-19 amt=10.00 sign=+1 curr=USD label=Deposit (type/gateway/descr/drcr/sign) status='auto'
[2025-09-04 12:47:44] 🔎 row 1265: ✅ accept → dt=2015-01-30 amt=20.00 sign=+1 curr=USD label=Deposit (type/gateway/descr/drcr/sign) status='auto'
[2025-09-04 12:47:44] 🔎 row 1266: ✅ accept → dt=2015-02-02 amt=15.00 sign=+1 curr=USD label=Deposit (type/gateway/descr/drcr/sign) status='auto'
[2025-09-04 12:47:44] 🔎 row 1267: ✅ accept → dt=2015-05-02 amt=10.00 sign=+1 curr=USD label=Deposit (type/gateway/descr/drcr/sign) status='auto'
[2025-09-04 12:47:44] 🔎 row 1268: ✅ accept → dt=2015-06-02 amt=10.00 sign=+1 curr=USD label=Deposit (type/gateway/descr/drcr/sign) status='auto'
[2025-09-04 12:47:44] 🔎 row 1269: ✅ accept → dt=2015-09-02 amt=15.00 sign=+1 curr=USD label=Deposit (type/gateway/descr/drcr/sign) status='auto'
[2025-09-04 12:47:44] 🔎 row 1270: ✅ accept → dt=2015-02-15 amt=10.00 sign=+1 curr=USD label=Deposit (type/gateway/descr/drcr/sign) status='auto'
[2025-09-04 12:47:44] 🔎 row 1271: ✅ accept → dt=2015-02-16 amt=10.00 sign=+1 curr=USD label=Deposit (type/gateway/descr/drcr/sign) status='auto'
[2025-09-04 12:47:44] 🔎 row 1272: ✅ accept → dt=2015-02-22 amt=10.00 sign=+1 curr=USD label=Deposit (type/gateway/descr/drcr/sign) status='auto'
[2025-09-04 12:47:44] 🔎 row 1273: ✅ accept → dt=2015-02-23 amt=10.00 sign=+1 curr=USD label=Deposit (type/gateway/descr/drcr/sign) status='auto'
[2025-09-04 12:47:44] 🔎 row 1274: ✅ accept → dt=2015-02-24 amt=10.00 sign=+1 curr=USD label=Deposit (type/gateway/descr/drcr/sign) status='auto'
[2025-09-04 12:47:44] 🔎 row 1275: ✅ accept → dt=2015-06-04 amt=10.00 sign=+1 curr=USD label=Deposit (type/gateway/descr/drcr/sign) status='auto'
[2025-09-04 12:47:44] 🔎 row 1276: ✅ accept → dt=2015-05-19 amt=10.00 sign=+1 curr=USD label=Deposit (type/gateway/descr/drcr/sign) status='auto'
[2025-09-04 12:47:45] 🔎 row 1277: ✅ accept → dt=2015-05-28 amt=15.00 sign=+1 curr=USD label=Deposit (type/gateway/descr/drcr/sign) status='auto'
[2025-09-04 12:47:45] 🔎 row 1278: ✅ accept → dt=2015-05-31 amt=50.00 sign=+1 curr=USD label=Deposit (type/gateway/descr/drcr/sign) status='auto'
[2025-09-04 12:47:45] 🔎 row 1279: ✅ accept → dt=2015-06-30 amt=20.00 sign=+1 curr=USD label=Deposit (type/gateway/descr/drcr/sign) status='auto'
[2025-09-04 12:47:45] 🔎 row 1280: ✅ accept → dt=2015-12-07 amt=10.00 sign=+1 curr=USD label=Deposit (type/gateway/descr/drcr/sign) status='auto'
[2025-09-04 12:47:45] 🔎 row 1281: ✅ accept → dt=2015-07-13 amt=25.00 sign=+1 curr=USD label=Deposit (type/gateway/descr/drcr/sign) status='auto'
[2025-09-04 12:47:45] 🔎 row 1282: ✅ accept → dt=2015-07-23 amt=20.00 sign=+1 curr=USD label=Deposit (type/gateway/descr/drcr/sign) status='auto'
[2025-09-04 12:47:45] 🔎 row 1283: ✅ accept → dt=2015-04-08 amt=10.00 sign=+1 curr=USD label=Deposit (type/gateway/descr/drcr/sign) status='auto'
[2025-09-04 12:47:45] 🔎 row 1284: ✅ accept → dt=2015-08-13 amt=25.00 sign=+1 curr=USD label=Deposit (type/gateway/descr/drcr/sign) status='auto'
[2025-09-04 12:47:45] 🔎 row 1285: ✅ accept → dt=2015-08-15 amt=10.00 sign=+1 curr=USD label=Deposit (type/gateway/descr/drcr/sign) status='auto'
[2025-09-04 12:47:45] 🔎 row 1286: ✅ accept → dt=2015-08-17 amt=25.00 sign=+1 curr=USD label=Deposit (type/gateway/descr/drcr/sign) status='auto'
[2025-09-04 12:47:45] 🔎 row 1287: ✅ accept → dt=2015-08-25 amt=10.00 sign=+1 curr=USD label=Deposit (type/gateway/descr/drcr/sign) status='auto'
[2025-09-04 12:47:45] 🔎 row 1288: ✅ accept → dt=2015-08-30 amt=25.00 sign=+1 curr=USD label=Deposit (type/gateway/descr/drcr/sign) status='auto'
[2025-09-04 12:47:45] 🔎 row 1289: ✅ accept → dt=2015-08-30 amt=10.00 sign=+1 curr=USD label=Deposit (type/gateway/descr/drcr/sign) status='auto'
[2025-09-04 12:47:45] 🔎 row 1290: ✅ accept → dt=2015-08-31 amt=25.00 sign=+1 curr=USD label=Deposit (type/gateway/descr/drcr/sign) status='auto'
[2025-09-04 12:47:45] 🔎 row 1291: ✅ accept → dt=2015-09-13 amt=15.00 sign=+1 curr=USD label=Deposit (type/gateway/descr/drcr/sign) status='auto'
[2025-09-04 12:47:45] 🔎 row 1292: ✅ accept → dt=2015-09-13 amt=10.00 sign=+1 curr=USD label=Deposit (type/gateway/descr/drcr/sign) status='auto'
[2025-09-04 12:47:45] 🔎 row 1293: ✅ accept → dt=2015-09-14 amt=25.00 sign=+1 curr=USD label=Deposit (type/gateway/descr/drcr/sign) status='auto'
[2025-09-04 12:47:45] 🔎 row 1294: ✅ accept → dt=2015-09-14 amt=25.00 sign=+1 curr=USD label=Deposit (type/gateway/descr/drcr/sign) status='auto'
[2025-09-04 12:47:45] 🔎 row 1295: ✅ accept → dt=2015-09-14 amt=25.00 sign=+1 curr=USD label=Deposit (type/gateway/descr/drcr/sign) status='auto'
[2025-09-04 12:47:45] 🔎 row 1296: ✅ accept → dt=2015-09-14 amt=25.00 sign=+1 curr=USD label=Deposit (type/gateway/descr/drcr/sign) status='auto'
[2025-09-04 12:47:45] 🔎 row 1297: ✅ accept → dt=2015-09-15 amt=10.00 sign=+1 curr=USD label=Deposit (type/gateway/descr/drcr/sign) status='auto'
[2025-09-04 12:47:45] 🔎 row 1298: ✅ accept → dt=2015-09-16 amt=25.00 sign=+1 curr=USD label=Deposit (type/gateway/descr/drcr/sign) status='auto'
[2025-09-04 12:47:45] 🔎 row 1299: ✅ accept → dt=2015-09-19 amt=10.00 sign=+1 curr=USD label=Deposit (type/gateway/descr/drcr/sign) status='auto'
[2025-09-04 12:47:45] 🔎 row 1300: ✅ accept → dt=2015-09-23 amt=10.00 sign=+1 curr=USD label=Deposit (type/gateway/descr/drcr/sign) status='auto'
[2025-09-04 12:47:45] 🔎 row 1301: ✅ accept → dt=2015-09-28 amt=10.00 sign=+1 curr=USD label=Deposit (type/gateway/descr/drcr/sign) status='auto'
[2025-09-04 12:47:45] 🔎 row 1302: ✅ accept → dt=2015-09-29 amt=10.00 sign=+1 curr=USD label=Deposit (type/gateway/descr/drcr/sign) status='auto'
[2025-09-04 12:47:45] 🔎 row 1303: ✅ accept → dt=2015-03-10 amt=25.00 sign=+1 curr=USD label=Deposit (type/gateway/descr/drcr/sign) status='auto'
[2025-09-04 12:47:45] 🔎 row 1304: ✅ accept → dt=2015-03-10 amt=25.00 sign=+1 curr=USD label=Deposit (type/gateway/descr/drcr/sign) status='auto'
[2025-09-04 12:47:45] 🔎 row 1305: ✅ accept → dt=2015-03-10 amt=10.00 sign=+1 curr=USD label=Deposit (type/gateway/descr/drcr/sign) status='auto'
[2025-09-04 12:47:45] 🔎 row 1306: ✅ accept → dt=2015-04-10 amt=10.00 sign=+1 curr=USD label=Deposit (type/gateway/descr/drcr/sign) status='auto'
[2025-09-04 12:47:45] 🔎 row 1307: ✅ accept → dt=2015-05-10 amt=25.00 sign=+1 curr=USD label=Deposit (type/gateway/descr/drcr/sign) status='auto'
[2025-09-04 12:47:45] 🔎 row 1308: ✅ accept → dt=2015-06-10 amt=10.00 sign=+1 curr=USD label=Deposit (type/gateway/descr/drcr/sign) status='auto'
[2025-09-04 12:47:45] 🔎 row 1309: ✅ accept → dt=2015-08-10 amt=10.00 sign=+1 curr=USD label=Deposit (type/gateway/descr/drcr/sign) status='auto'
[2025-09-04 12:47:45] 🔎 row 1310: ✅ accept → dt=2015-10-18 amt=10.00 sign=+1 curr=USD label=Deposit (type/gateway/descr/drcr/sign) status='auto'
[2025-09-04 12:47:45] 🔎 row 1311: ✅ accept → dt=2015-06-11 amt=10.00 sign=+1 curr=USD label=Deposit (type/gateway/descr/drcr/sign) status='auto'
[2025-09-04 12:47:45] 🔎 row 1312: ✅ accept → dt=2015-08-11 amt=10.00 sign=+1 curr=USD label=Deposit (type/gateway/descr/drcr/sign) status='auto'
[2025-09-04 12:47:45] 🔎 row 1313: ✅ accept → dt=2015-08-11 amt=25.00 sign=+1 curr=USD label=Deposit (type/gateway/descr/drcr/sign) status='auto'
[2025-09-04 12:47:45] 🔎 row 1314: ✅ accept → dt=2015-08-11 amt=25.00 sign=+1 curr=USD label=Deposit (type/gateway/descr/drcr/sign) status='auto'
[2025-09-04 12:47:45] 🔎 row 1315: ✅ accept → dt=2015-08-11 amt=25.00 sign=+1 curr=USD label=Deposit (type/gateway/descr/drcr/sign) status='auto'
[2025-09-04 12:47:45] 🔎 row 1316: ✅ accept → dt=2015-08-11 amt=25.00 sign=+1 curr=USD label=Deposit (type/gateway/descr/drcr/sign) status='auto'
[2025-09-04 12:47:45] 🔎 row 1317: ✅ accept → dt=2015-08-11 amt=25.00 sign=+1 curr=USD label=Deposit (type/gateway/descr/drcr/sign) status='auto'
[2025-09-04 12:47:45] 🔎 row 1318: ✅ accept → dt=2015-09-11 amt=25.00 sign=+1 curr=USD label=Deposit (type/gateway/descr/drcr/sign) status='auto'
[2025-09-04 12:47:45] 🔎 row 1319: ✅ accept → dt=2015-09-11 amt=25.00 sign=+1 curr=USD label=Deposit (type/gateway/descr/drcr/sign) status='auto'
[2025-09-04 12:47:45] 🔎 row 1320: ✅ accept → dt=2015-09-11 amt=25.00 sign=+1 curr=USD label=Deposit (type/gateway/descr/drcr/sign) status='auto'
[2025-09-04 12:47:45] 🔎 row 1321: ✅ accept → dt=2015-10-11 amt=25.00 sign=+1 curr=USD label=Deposit (type/gateway/descr/drcr/sign) status='auto'
[2025-09-04 12:47:45] 🔎 row 1322: ✅ accept → dt=2015-10-11 amt=25.00 sign=+1 curr=USD label=Deposit (type/gateway/descr/drcr/sign) status='auto'
[2025-09-04 12:47:45] 🔎 row 1323: ✅ accept → dt=2015-10-11 amt=10.00 sign=+1 curr=USD label=Deposit (type/gateway/descr/drcr/sign) status='auto'
[2025-09-04 12:47:45] 🔎 row 1324: ✅ accept → dt=2015-11-11 amt=25.00 sign=+1 curr=USD label=Deposit (type/gateway/descr/drcr/sign) status='auto'
[2025-09-04 12:47:45] 🔎 row 1325: ✅ accept → dt=2015-05-12 amt=25.00 sign=+1 curr=USD label=Deposit (type/gateway/descr/drcr/sign) status='auto'
[2025-09-04 12:47:45] 🔎 row 1326: ✅ accept → dt=2015-10-12 amt=50.00 sign=+1 curr=USD label=Deposit (type/gateway/descr/drcr/sign) status='auto'
[2025-09-04 12:47:45] 🔎 row 1327: ✅ accept → dt=2015-12-18 amt=20.00 sign=+1 curr=USD label=Deposit (type/gateway/descr/drcr/sign) status='auto'
[2025-09-04 12:47:45] 🔎 row 1328: ✅ accept → dt=2015-12-21 amt=25.00 sign=+1 curr=USD label=Deposit (type/gateway/descr/drcr/sign) status='auto'
[2025-09-04 12:47:45] 🔎 row 1329: ✅ accept → dt=2015-12-21 amt=28.25 sign=+1 curr=USD label=Deposit (type/gateway/descr/drcr/sign) status='auto'
[2025-09-04 12:47:45] 🔎 row 1330: ✅ accept → dt=2015-12-21 amt=25.00 sign=+1 curr=USD label=Deposit (type/gateway/descr/drcr/sign) status='auto'
[2025-09-04 12:47:45] 🔎 row 1331: ✅ accept → dt=2015-12-21 amt=15.00 sign=+1 curr=USD label=Deposit (type/gateway/descr/drcr/sign) status='auto'
[2025-09-04 12:47:45] 🔎 row 1332: ✅ accept → dt=2015-12-21 amt=10.00 sign=+1 curr=EUR label=Deposit (type/gateway/descr/drcr/sign) status='auto'
[2025-09-04 12:47:45] 🔎 row 1333: ✅ accept → dt=2016-01-16 amt=25.00 sign=+1 curr=USD label=Deposit (type/gateway/descr/drcr/sign) status='auto'
[2025-09-04 12:47:45] 🔎 row 1334: ✅ accept → dt=2016-01-27 amt=25.00 sign=+1 curr=USD label=Deposit (type/gateway/descr/drcr/sign) status='auto'
[2025-09-04 12:47:45] 🔎 row 1335: ✅ accept → dt=2016-01-28 amt=25.00 sign=+1 curr=USD label=Deposit (type/gateway/descr/drcr/sign) status='auto'
[2025-09-04 12:47:45] 🔎 row 1336: ✅ accept → dt=2016-01-29 amt=20.00 sign=+1 curr=USD label=Deposit (type/gateway/descr/drcr/sign) status='auto'
[2025-09-04 12:47:45] 🔎 row 1337: ✅ accept → dt=2016-02-18 amt=10.00 sign=+1 curr=USD label=Deposit (type/gateway/descr/drcr/sign) status='auto'
[2025-09-04 12:47:45] 🔎 row 1338: ✅ accept → dt=2016-02-23 amt=10.00 sign=+1 curr=USD label=Deposit (type/gateway/descr/drcr/sign) status='auto'
[2025-09-04 12:47:45] 🔎 row 1339: ✅ accept → dt=2016-03-03 amt=10.00 sign=+1 curr=USD label=Deposit (type/gateway/descr/drcr/sign) status='auto'
[2025-09-04 12:47:45] 🔎 row 1340: ✅ accept → dt=2016-04-03 amt=25.00 sign=+1 curr=USD label=Deposit (type/gateway/descr/drcr/sign) status='auto'
[2025-09-04 12:47:45] 🔎 row 1341: ✅ accept → dt=2016-12-03 amt=15.00 sign=+1 curr=USD label=Deposit (type/gateway/descr/drcr/sign) status='auto'
[2025-09-04 12:47:45] 🔎 row 1342: ✅ accept → dt=2016-12-03 amt=10.00 sign=+1 curr=USD label=Deposit (type/gateway/descr/drcr/sign) status='auto'
[2025-09-04 12:47:45] 🔎 row 1343: ✅ accept → dt=2016-03-21 amt=25.00 sign=+1 curr=USD label=Deposit (type/gateway/descr/drcr/sign) status='auto'
[2025-09-04 12:47:45] 🔎 row 1344: ✅ accept → dt=2016-03-24 amt=25.00 sign=+1 curr=USD label=Deposit (type/gateway/descr/drcr/sign) status='auto'
[2025-09-04 12:47:45] 🔎 row 1345: ✅ accept → dt=2016-03-24 amt=25.00 sign=+1 curr=USD label=Deposit (type/gateway/descr/drcr/sign) status='auto'
[2025-09-04 12:47:45] 🔎 row 1346: ✅ accept → dt=2016-03-24 amt=25.00 sign=+1 curr=USD label=Deposit (type/gateway/descr/drcr/sign) status='auto'
[2025-09-04 12:47:45] 🔎 row 1347: ✅ accept → dt=2016-03-27 amt=15.00 sign=+1 curr=USD label=Deposit (type/gateway/descr/drcr/sign) status='auto'
[2025-09-04 12:47:45] 🔎 row 1348: ✅ accept → dt=2016-04-19 amt=25.00 sign=+1 curr=USD label=Deposit (type/gateway/descr/drcr/sign) status='auto'
[2025-09-04 12:47:45] 🔎 row 1349: ✅ accept → dt=2016-04-19 amt=25.00 sign=+1 curr=USD label=Deposit (type/gateway/descr/drcr/sign) status='auto'
[2025-09-04 12:47:45] 🔎 row 1350: ✅ accept → dt=2016-10-05 amt=25.00 sign=+1 curr=USD label=Deposit (type/gateway/descr/drcr/sign) status='auto'
[2025-09-04 12:47:45] 🔎 row 1351: ✅ accept → dt=2016-05-15 amt=50.00 sign=+1 curr=USD label=Deposit (type/gateway/descr/drcr/sign) status='auto'
[2025-09-04 12:47:45] 🔎 row 1352: ✅ accept → dt=2016-05-15 amt=25.00 sign=+1 curr=USD label=Deposit (type/gateway/descr/drcr/sign) status='auto'
[2025-09-04 12:47:45] 🔎 row 1353: ✅ accept → dt=2016-05-15 amt=25.00 sign=+1 curr=USD label=Deposit (type/gateway/descr/drcr/sign) status='auto'
[2025-09-04 12:47:45] 🔎 row 1354: ✅ accept → dt=2016-05-15 amt=25.00 sign=+1 curr=USD label=Deposit (type/gateway/descr/drcr/sign) status='auto'
[2025-09-04 12:47:45] 🔎 row 1355: ✅ accept → dt=2016-05-15 amt=25.00 sign=+1 curr=USD label=Deposit (type/gateway/descr/drcr/sign) status='auto'
[2025-09-04 12:47:45] 🔎 row 1356: ✅ accept → dt=2016-05-15 amt=25.00 sign=+1 curr=USD label=Deposit (type/gateway/descr/drcr/sign) status='auto'
[2025-09-04 12:47:45] 🔎 row 1357: ✅ accept → dt=2016-05-26 amt=25.00 sign=+1 curr=USD label=Deposit (type/gateway/descr/drcr/sign) status='auto'
[2025-09-04 12:47:45] 🔎 row 1358: ✅ accept → dt=2016-05-27 amt=50.00 sign=+1 curr=USD label=Deposit (type/gateway/descr/drcr/sign) status='auto'
[2025-09-04 12:47:45] 🔎 row 1359: ✅ accept → dt=2016-05-28 amt=50.00 sign=+1 curr=USD label=Deposit (type/gateway/descr/drcr/sign) status='auto'
[2025-09-04 12:47:45] 🔎 row 1360: ✅ accept → dt=2016-05-29 amt=50.00 sign=+1 curr=USD label=Deposit (type/gateway/descr/drcr/sign) status='auto'
[2025-09-04 12:47:45] 🔎 row 1361: ✅ accept → dt=2016-05-30 amt=50.00 sign=+1 curr=USD label=Deposit (type/gateway/descr/drcr/sign) status='auto'
[2025-09-04 12:47:45] 🔎 row 1362: ✅ accept → dt=2016-05-31 amt=50.00 sign=+1 curr=USD label=Deposit (type/gateway/descr/drcr/sign) status='auto'
[2025-09-04 12:47:45] 🔎 row 1363: ✅ accept → dt=2016-01-06 amt=50.00 sign=+1 curr=USD label=Deposit (type/gateway/descr/drcr/sign) status='auto'
[2025-09-04 12:47:45] 🔎 row 1364: ✅ accept → dt=2016-01-06 amt=50.00 sign=+1 curr=USD label=Deposit (type/gateway/descr/drcr/sign) status='auto'
[2025-09-04 12:47:45] 🔎 row 1365: ✅ accept → dt=2016-02-06 amt=50.00 sign=+1 curr=USD label=Deposit (type/gateway/descr/drcr/sign) status='auto'
[2025-09-04 12:47:45] 🔎 row 1366: ✅ accept → dt=2016-02-06 amt=50.00 sign=+1 curr=USD label=Deposit (type/gateway/descr/drcr/sign) status='auto'
[2025-09-04 12:47:45] 🔎 row 1367: ✅ accept → dt=2016-03-06 amt=50.00 sign=+1 curr=USD label=Deposit (type/gateway/descr/drcr/sign) status='auto'
[2025-09-04 12:47:45] 🔎 row 1368: ✅ accept → dt=2016-03-06 amt=50.00 sign=+1 curr=USD label=Deposit (type/gateway/descr/drcr/sign) status='auto'
[2025-09-04 12:47:45] 🔎 row 1369: ✅ accept → dt=2016-08-06 amt=50.00 sign=+1 curr=USD label=Deposit (type/gateway/descr/drcr/sign) status='auto'
[2025-09-04 12:47:45] 🔎 row 1370: ✅ accept → dt=2016-08-06 amt=50.00 sign=+1 curr=USD label=Deposit (type/gateway/descr/drcr/sign) status='auto'
[2025-09-04 12:47:45] 🔎 row 1371: ✅ accept → dt=2016-11-06 amt=25.00 sign=+1 curr=USD label=Deposit (type/gateway/descr/drcr/sign) status='auto'
[2025-09-04 12:47:45] 🔎 row 1372: ✅ accept → dt=2016-11-06 amt=25.00 sign=+1 curr=USD label=Deposit (type/gateway/descr/drcr/sign) status='auto'
[2025-09-04 12:47:45] 🔎 row 1373: ✅ accept → dt=2016-06-21 amt=25.00 sign=+1 curr=USD label=Deposit (type/gateway/descr/drcr/sign) status='auto'
[2025-09-04 12:47:45] 🔎 row 1374: ✅ accept → dt=2016-07-22 amt=50.00 sign=+1 curr=USD label=Deposit (type/gateway/descr/drcr/sign) status='auto'
[2025-09-04 12:47:45] 🔎 row 1375: ✅ accept → dt=2016-07-28 amt=30.00 sign=+1 curr=USD label=Deposit (type/gateway/descr/drcr/sign) status='auto'
[2025-09-04 12:47:45] 🔎 row 1376: ✅ accept → dt=2016-08-08 amt=50.00 sign=+1 curr=USD label=Deposit (type/gateway/descr/drcr/sign) status='auto'
[2025-09-04 12:47:45] 🔎 row 1377: ✅ accept → dt=2016-08-22 amt=50.00 sign=+1 curr=USD label=Deposit (type/gateway/descr/drcr/sign) status='auto'
[2025-09-04 12:47:45] 🔎 row 1378: ✅ accept → dt=2016-08-25 amt=25.00 sign=+1 curr=USD label=Deposit (type/gateway/descr/drcr/sign) status='auto'
[2025-09-04 12:47:45] 🔎 row 1379: ✅ accept → dt=2016-08-25 amt=50.00 sign=+1 curr=USD label=Deposit (type/gateway/descr/drcr/sign) status='auto'
[2025-09-04 12:47:45] 🔎 row 1380: ✅ accept → dt=2016-08-25 amt=25.00 sign=+1 curr=USD label=Deposit (type/gateway/descr/drcr/sign) status='auto'
[2025-09-04 12:47:45] 🔎 row 1381: ✅ accept → dt=2016-08-25 amt=25.00 sign=+1 curr=USD label=Deposit (type/gateway/descr/drcr/sign) status='auto'
[2025-09-04 12:47:45] 🔎 row 1382: ✅ accept → dt=2016-08-25 amt=25.00 sign=+1 curr=USD label=Deposit (type/gateway/descr/drcr/sign) status='auto'
[2025-09-04 12:47:45] 🔎 row 1383: ✅ accept → dt=2016-08-25 amt=25.00 sign=+1 curr=USD label=Deposit (type/gateway/descr/drcr/sign) status='auto'
[2025-09-04 12:47:45] 🔎 row 1384: ✅ accept → dt=2016-08-31 amt=25.00 sign=+1 curr=USD label=Deposit (type/gateway/descr/drcr/sign) status='auto'
[2025-09-04 12:47:45] 🔎 row 1385: ✅ accept → dt=2016-01-09 amt=25.00 sign=+1 curr=USD label=Deposit (type/gateway/descr/drcr/sign) status='auto'
[2025-09-04 12:47:45] 🔎 row 1386: ✅ accept → dt=2016-08-10 amt=25.00 sign=+1 curr=USD label=Deposit (type/gateway/descr/drcr/sign) status='auto'
[2025-09-04 12:47:45] 🔎 row 1387: ✅ accept → dt=2016-12-10 amt=25.00 sign=+1 curr=USD label=Deposit (type/gateway/descr/drcr/sign) status='auto'
[2025-09-04 12:47:45] 🔎 row 1388: ✅ accept → dt=2016-10-21 amt=25.00 sign=+1 curr=USD label=Deposit (type/gateway/descr/drcr/sign) status='auto'
[2025-09-04 12:47:46] 🔎 row 1389: ✅ accept → dt=2016-07-11 amt=25.00 sign=+1 curr=USD label=Deposit (type/gateway/descr/drcr/sign) status='auto'
[2025-09-04 12:47:46] 🔎 row 1390: ✅ accept → dt=2016-07-11 amt=25.00 sign=+1 curr=USD label=Deposit (type/gateway/descr/drcr/sign) status='auto'
[2025-09-04 12:47:46] 🔎 row 1391: ✅ accept → dt=2016-08-11 amt=25.00 sign=+1 curr=USD label=Deposit (type/gateway/descr/drcr/sign) status='auto'
[2025-09-04 12:47:46] 🔎 row 1392: ✅ accept → dt=2016-08-11 amt=25.00 sign=+1 curr=USD label=Deposit (type/gateway/descr/drcr/sign) status='auto'
[2025-09-04 12:47:46] 🔎 row 1393: ✅ accept → dt=2016-08-11 amt=25.00 sign=+1 curr=USD label=Deposit (type/gateway/descr/drcr/sign) status='auto'
[2025-09-04 12:47:46] 🔎 row 1394: ✅ accept → dt=2016-08-11 amt=25.00 sign=+1 curr=USD label=Deposit (type/gateway/descr/drcr/sign) status='auto'
[2025-09-04 12:47:46] 🔎 row 1395: ✅ accept → dt=2016-08-11 amt=25.00 sign=+1 curr=USD label=Deposit (type/gateway/descr/drcr/sign) status='auto'
[2025-09-04 12:47:46] 🔎 row 1396: ✅ accept → dt=2016-08-11 amt=50.00 sign=+1 curr=USD label=Deposit (type/gateway/descr/drcr/sign) status='auto'
[2025-09-04 12:47:46] 🔎 row 1397: ✅ accept → dt=2016-08-11 amt=75.00 sign=+1 curr=USD label=Deposit (type/gateway/descr/drcr/sign) status='auto'
[2025-09-04 12:47:46] 🔎 row 1398: ✅ accept → dt=2016-08-11 amt=50.00 sign=+1 curr=USD label=Deposit (type/gateway/descr/drcr/sign) status='auto'
[2025-09-04 12:47:46] 🔎 row 1399: ✅ accept → dt=2016-08-11 amt=75.00 sign=+1 curr=USD label=Deposit (type/gateway/descr/drcr/sign) status='auto'
[2025-09-04 12:47:46] 🔎 row 1400: ✅ accept → dt=2016-08-11 amt=25.00 sign=+1 curr=USD label=Deposit (type/gateway/descr/drcr/sign) status='auto'
[2025-09-04 12:47:46] 🔎 row 1401: ✅ accept → dt=2016-08-11 amt=50.00 sign=+1 curr=USD label=Deposit (type/gateway/descr/drcr/sign) status='auto'
[2025-09-04 12:47:46] 🔎 row 1402: ✅ accept → dt=2016-08-11 amt=25.00 sign=+1 curr=USD label=Deposit (type/gateway/descr/drcr/sign) status='auto'
[2025-09-04 12:47:46] 🔎 row 1403: ✅ accept → dt=2016-09-11 amt=50.00 sign=+1 curr=USD label=Deposit (type/gateway/descr/drcr/sign) status='auto'
[2025-09-04 12:47:46] 🔎 row 1404: ✅ accept → dt=2016-09-11 amt=25.00 sign=+1 curr=USD label=Deposit (type/gateway/descr/drcr/sign) status='auto'
[2025-09-04 12:47:46] 🔎 row 1405: ✅ accept → dt=2016-09-11 amt=25.00 sign=+1 curr=USD label=Deposit (type/gateway/descr/drcr/sign) status='auto'
[2025-09-04 12:47:46] 🔎 row 1406: ✅ accept → dt=2016-10-11 amt=50.00 sign=+1 curr=USD label=Deposit (type/gateway/descr/drcr/sign) status='auto'
[2025-09-04 12:47:46] 🔎 row 1407: ✅ accept → dt=2017-06-03 amt=10.00 sign=+1 curr=USD label=Deposit (type/gateway/descr/drcr/sign) status='auto'
[2025-09-04 12:47:46] 🔎 row 1408: ✅ accept → dt=2017-02-04 amt=200.00 sign=+1 curr=USD label=Deposit (type/gateway/descr/drcr/sign) status='auto'
[2025-09-04 12:47:46] 🔎 row 1409: ✅ accept → dt=2017-05-04 amt=10.00 sign=+1 curr=USD label=Deposit (type/gateway/descr/drcr/sign) status='auto'
[2025-09-04 12:47:46] 🔎 row 1410: ✅ accept → dt=2017-04-24 amt=60.00 sign=+1 curr=USD label=Deposit (type/gateway/descr/drcr/sign) status='auto'
[2025-09-04 12:47:46] 🔎 row 1411: ✅ accept → dt=2017-04-30 amt=50.00 sign=+1 curr=USD label=Deposit (type/gateway/descr/drcr/sign) status='auto'
[2025-09-04 12:47:46] 🔎 row 1412: ✅ accept → dt=2018-07-29 amt=50.00 sign=+1 curr=USD label=Deposit (type/gateway/descr/drcr/sign) status='auto'
[2025-09-04 12:47:46] 🔎 row 1413: ✅ accept → dt=2018-07-29 amt=25.00 sign=+1 curr=USD label=Deposit (type/gateway/descr/drcr/sign) status='auto'
[2025-09-04 12:47:46] 🔎 row 1414: ✅ accept → dt=2018-02-08 amt=100.00 sign=+1 curr=USD label=Deposit (type/gateway/descr/drcr/sign) status='auto'
[2025-09-04 12:47:46] 🔎 row 1415: ✅ accept → dt=2018-02-08 amt=100.00 sign=+1 curr=USD label=Deposit (type/gateway/descr/drcr/sign) status='auto'
[2025-09-04 12:47:46] 🔎 row 1416: ✅ accept → dt=2018-02-11 amt=100.00 sign=+1 curr=USD label=Deposit (type/gateway/descr/drcr/sign) status='auto'
[2025-09-04 12:47:46] 🔎 row 1417: ✅ accept → dt=2018-11-30 amt=100.00 sign=+1 curr=USD label=Deposit (type/gateway/descr/drcr/sign) status='auto'
[2025-09-04 12:47:46] 🔎 row 1418: ✅ accept → dt=2018-11-12 amt=50.00 sign=+1 curr=USD label=Deposit (type/gateway/descr/drcr/sign) status='auto'
[2025-09-04 12:47:46] 🔎 row 1419: ✅ accept → dt=2018-12-16 amt=200.00 sign=+1 curr=USD label=Deposit (type/gateway/descr/drcr/sign) status='auto'
[2025-09-04 12:47:46] 🔎 row 1420: ✅ accept → dt=2018-12-28 amt=200.00 sign=+1 curr=USD label=Deposit (type/gateway/descr/drcr/sign) status='auto'
[2025-09-04 12:47:46] 🔎 row 1421: ✅ accept → dt=2019-05-02 amt=50.00 sign=+1 curr=USD label=Deposit (type/gateway/descr/drcr/sign) status='auto'
[2025-09-04 12:47:46] 🔎 row 1422: ✅ accept → dt=2019-02-17 amt=100.00 sign=+1 curr=USD label=Deposit (type/gateway/descr/drcr/sign) status='auto'
[2025-09-04 12:47:46] 🔎 row 1423: ✅ accept → dt=2019-04-14 amt=100.00 sign=+1 curr=USD label=Deposit (type/gateway/descr/drcr/sign) status='auto'
[2025-09-04 12:47:46] 🔎 row 1424: ✅ accept → dt=2019-04-14 amt=100.00 sign=+1 curr=USD label=Deposit (type/gateway/descr/drcr/sign) status='auto'
[2025-09-04 12:47:46] 🔎 row 1425: ✅ accept → dt=2019-04-17 amt=200.00 sign=+1 curr=USD label=Deposit (type/gateway/descr/drcr/sign) status='auto'
[2025-09-04 12:47:46] 🔎 row 1426: ✅ accept → dt=2019-04-17 amt=200.00 sign=+1 curr=USD label=Deposit (type/gateway/descr/drcr/sign) status='auto'
[2025-09-04 12:47:46] 🔎 row 1427: ✅ accept → dt=2019-05-05 amt=100.00 sign=+1 curr=USD label=Deposit (type/gateway/descr/drcr/sign) status='auto'
[2025-09-04 12:47:46] 🔎 row 1428: ✅ accept → dt=2019-05-13 amt=200.00 sign=+1 curr=USD label=Deposit (type/gateway/descr/drcr/sign) status='auto'
[2025-09-04 12:47:46] 🔎 row 1429: ✅ accept → dt=2019-05-14 amt=200.00 sign=+1 curr=USD label=Deposit (type/gateway/descr/drcr/sign) status='auto'
[2025-09-04 12:47:46] 🔎 row 1430: ✅ accept → dt=2019-05-14 amt=200.00 sign=+1 curr=USD label=Deposit (type/gateway/descr/drcr/sign) status='auto'
[2025-09-04 12:47:46] 🔎 row 1431: ✅ accept → dt=2019-05-14 amt=200.00 sign=+1 curr=USD label=Deposit (type/gateway/descr/drcr/sign) status='auto'
[2025-09-04 12:47:46] 🔎 row 1432: ✅ accept → dt=2019-05-14 amt=200.00 sign=+1 curr=USD label=Deposit (type/gateway/descr/drcr/sign) status='auto'
[2025-09-04 12:47:46] 🔎 row 1433: ✅ accept → dt=2019-05-15 amt=200.00 sign=+1 curr=USD label=Deposit (type/gateway/descr/drcr/sign) status='auto'
[2025-09-04 12:47:46] 🔎 row 1434: ✅ accept → dt=2019-05-15 amt=200.00 sign=+1 curr=USD label=Deposit (type/gateway/descr/drcr/sign) status='auto'
[2025-09-04 12:47:46] 🔎 row 1435: ✅ accept → dt=2019-05-15 amt=200.00 sign=+1 curr=USD label=Deposit (type/gateway/descr/drcr/sign) status='auto'
[2025-09-04 12:47:46] 🔎 row 1436: ✅ accept → dt=2019-05-15 amt=100.00 sign=+1 curr=USD label=Deposit (type/gateway/descr/drcr/sign) status='auto'
[2025-09-04 12:47:46] 🔎 row 1437: ✅ accept → dt=2019-05-16 amt=100.00 sign=+1 curr=USD label=Deposit (type/gateway/descr/drcr/sign) status='auto'
[2025-09-04 12:47:46] 🔎 row 1438: ✅ accept → dt=2019-05-16 amt=100.00 sign=+1 curr=USD label=Deposit (type/gateway/descr/drcr/sign) status='auto'
[2025-09-04 12:47:46] 🔎 row 1439: ✅ accept → dt=2019-05-16 amt=100.00 sign=+1 curr=USD label=Deposit (type/gateway/descr/drcr/sign) status='auto'
[2025-09-04 12:47:46] 🔎 row 1440: ✅ accept → dt=2019-04-06 amt=200.00 sign=+1 curr=USD label=Deposit (type/gateway/descr/drcr/sign) status='auto'
[2025-09-04 12:47:46] 🔎 row 1441: ✅ accept → dt=2019-04-06 amt=200.00 sign=+1 curr=USD label=Deposit (type/gateway/descr/drcr/sign) status='auto'
[2025-09-04 12:47:46] 🔎 row 1442: ✅ accept → dt=2019-06-19 amt=100.00 sign=+1 curr=USD label=Deposit (type/gateway/descr/drcr/sign) status='auto'
[2025-09-04 12:47:46] 🔎 row 1443: ✅ accept → dt=2019-05-07 amt=100.00 sign=+1 curr=USD label=Deposit (type/gateway/descr/drcr/sign) status='auto'
[2025-09-04 12:47:46] 🔎 row 1444: ✅ accept → dt=2019-05-07 amt=250.00 sign=+1 curr=USD label=Deposit (type/gateway/descr/drcr/sign) status='auto'
[2025-09-04 12:47:46] 🔎 row 1445: ✅ accept → dt=2019-05-07 amt=250.00 sign=+1 curr=USD label=Deposit (type/gateway/descr/drcr/sign) status='auto'
[2025-09-04 12:47:46] 🔎 row 1446: ✅ accept → dt=2019-10-07 amt=100.00 sign=+1 curr=USD label=Deposit (type/gateway/descr/drcr/sign) status='auto'
[2025-09-04 12:47:46] 🔎 row 1447: ✅ accept → dt=2019-10-07 amt=200.00 sign=+1 curr=USD label=Deposit (type/gateway/descr/drcr/sign) status='auto'
[2025-09-04 12:47:46] 🔎 row 1448: ✅ accept → dt=2019-10-07 amt=200.00 sign=+1 curr=USD label=Deposit (type/gateway/descr/drcr/sign) status='auto'
[2025-09-04 12:47:46] 🔎 row 1449: ✅ accept → dt=2019-07-13 amt=100.00 sign=+1 curr=USD label=Deposit (type/gateway/descr/drcr/sign) status='auto'
[2025-09-04 12:47:46] 🔎 row 1450: ✅ accept → dt=2019-07-13 amt=100.00 sign=+1 curr=USD label=Deposit (type/gateway/descr/drcr/sign) status='auto'
[2025-09-04 12:47:46] 🔎 row 1451: ✅ accept → dt=2019-07-14 amt=100.00 sign=+1 curr=USD label=Deposit (type/gateway/descr/drcr/sign) status='auto'
[2025-09-04 12:47:46] 🔎 row 1452: ✅ accept → dt=2019-07-14 amt=100.00 sign=+1 curr=USD label=Deposit (type/gateway/descr/drcr/sign) status='auto'
[2025-09-04 12:47:46] 🔎 row 1453: ✅ accept → dt=2019-07-17 amt=200.00 sign=+1 curr=USD label=Deposit (type/gateway/descr/drcr/sign) status='auto'
[2025-09-04 12:47:46] 🔎 row 1454: ✅ accept → dt=2019-07-21 amt=200.00 sign=+1 curr=USD label=Deposit (type/gateway/descr/drcr/sign) status='auto'
[2025-09-04 12:47:46] 🔎 row 1455: ✅ accept → dt=2019-07-21 amt=200.00 sign=+1 curr=USD label=Deposit (type/gateway/descr/drcr/sign) status='auto'
[2025-09-04 12:47:46] 🔎 row 1456: ✅ accept → dt=2019-07-21 amt=200.00 sign=+1 curr=USD label=Deposit (type/gateway/descr/drcr/sign) status='auto'
[2025-09-04 12:47:46] 🔎 row 1457: ✅ accept → dt=2019-07-28 amt=200.00 sign=+1 curr=USD label=Deposit (type/gateway/descr/drcr/sign) status='auto'
[2025-09-04 12:47:46] 🔎 row 1458: ✅ accept → dt=2019-01-08 amt=100.00 sign=+1 curr=USD label=Deposit (type/gateway/descr/drcr/sign) status='auto'
[2025-09-04 12:47:46] 🔎 row 1459: ✅ accept → dt=2019-08-28 amt=100.00 sign=+1 curr=USD label=Deposit (type/gateway/descr/drcr/sign) status='auto'
[2025-09-04 12:47:46] 🔎 row 1460: ✅ accept → dt=2019-09-22 amt=100.00 sign=+1 curr=USD label=Deposit (type/gateway/descr/drcr/sign) status='auto'
[2025-09-04 12:47:46] 🔎 row 1461: ✅ accept → dt=2019-02-11 amt=10.00 sign=+1 curr=USD label=Deposit (type/gateway/descr/drcr/sign) status='auto'
[2025-09-04 12:47:46] 🔎 row 1462: ⏭️ skip — bad date ref=None conf=None
[2025-09-04 12:47:46] 🔎 row 1463: 📑 section = 'IDEAL #'
[2025-09-04 12:47:46] 🔎 row 1464: ✅ accept → dt=2013-03-13 amt=24.00 sign=+1 curr=USD label=Deposit (type/gateway/descr/drcr/sign) status='auto'
[2025-09-04 12:47:46] 🔎 row 1465: ⏭️ skip — amount parse fail raw=datetime.datetime(1950, 12, 1, 0, 0)
[2025-09-04 12:47:46] 🔎 row 1466: ✅ accept → dt=2013-11-22 amt=15.00 sign=+1 curr=USD label=Deposit (type/gateway/descr/drcr/sign) status='auto'
[2025-09-04 12:47:46] 🔎 row 1467: ✅ accept → dt=2016-01-31 amt=18.22 sign=+1 curr=USD label=Deposit (type/gateway/descr/drcr/sign) status='auto'
[2025-09-04 12:47:46] 🔎 row 1468: ✅ accept → dt=2016-03-02 amt=25.00 sign=+1 curr=USD label=Deposit (type/gateway/descr/drcr/sign) status='auto'
[2025-09-04 12:47:46] 🔎 row 1469: ✅ accept → dt=2016-03-02 amt=15.00 sign=+1 curr=USD label=Deposit (type/gateway/descr/drcr/sign) status='auto'
[2025-09-04 12:47:46] 🔎 row 1470: ✅ accept → dt=2016-03-02 amt=10.00 sign=+1 curr=USD label=Deposit (type/gateway/descr/drcr/sign) status='auto'
[2025-09-04 12:47:46] 🔎 row 1471: ✅ accept → dt=2016-03-02 amt=10.00 sign=+1 curr=USD label=Deposit (type/gateway/descr/drcr/sign) status='auto'
[2025-09-04 12:47:46] 🔎 row 1472: ✅ accept → dt=2016-05-02 amt=25.00 sign=+1 curr=USD label=Deposit (type/gateway/descr/drcr/sign) status='auto'
[2025-09-04 12:47:46] 🔎 row 1473: ✅ accept → dt=2016-05-02 amt=276.82 sign=+1 curr=USD label=Deposit (type/gateway/descr/drcr/sign) status='auto'
[2025-09-04 12:47:46] 🔎 row 1474: ✅ accept → dt=2016-10-13 amt=25.00 sign=+1 curr=USD label=Deposit (type/gateway/descr/drcr/sign) status='auto'
[2025-09-04 12:47:46] 🔎 row 1475: ✅ accept → dt=2016-10-20 amt=11.00 sign=+1 curr=USD label=Deposit (type/gateway/descr/drcr/sign) status='auto'
[2025-09-04 12:47:46] 🔎 row 1476: ✅ accept → dt=2016-10-31 amt=25.00 sign=+1 curr=USD label=Deposit (type/gateway/descr/drcr/sign) status='auto'
[2025-09-04 12:47:46] 🔎 row 1477: ✅ accept → dt=2016-11-26 amt=25.00 sign=+1 curr=USD label=Deposit (type/gateway/descr/drcr/sign) status='auto'
[2025-09-04 12:47:46] 🔎 row 1478: ✅ accept → dt=2016-01-12 amt=25.00 sign=+1 curr=USD label=Deposit (type/gateway/descr/drcr/sign) status='auto'
[2025-09-04 12:47:46] 🔎 row 1479: ✅ accept → dt=2017-01-25 amt=25.00 sign=+1 curr=USD label=Deposit (type/gateway/descr/drcr/sign) status='auto'
[2025-09-04 12:47:46] 🔎 row 1480: ✅ accept → dt=2017-01-25 amt=25.00 sign=+1 curr=USD label=Deposit (type/gateway/descr/drcr/sign) status='auto'
[2025-09-04 12:47:46] 🔎 row 1481: ✅ accept → dt=2017-01-25 amt=200.00 sign=+1 curr=USD label=Deposit (type/gateway/descr/drcr/sign) status='auto'
[2025-09-04 12:47:46] 🔎 row 1482: ✅ accept → dt=2017-01-26 amt=30.00 sign=+1 curr=USD label=Deposit (type/gateway/descr/drcr/sign) status='auto'
[2025-09-04 12:47:46] 🔎 row 1483: ✅ accept → dt=2017-01-26 amt=30.00 sign=+1 curr=USD label=Deposit (type/gateway/descr/drcr/sign) status='auto'
[2025-09-04 12:47:46] 🔎 row 1484: ✅ accept → dt=2017-01-26 amt=80.00 sign=+1 curr=USD label=Deposit (type/gateway/descr/drcr/sign) status='auto'
[2025-09-04 12:47:46] 🔎 row 1485: ✅ accept → dt=2017-01-29 amt=26.00 sign=+1 curr=USD label=Deposit (type/gateway/descr/drcr/sign) status='auto'
[2025-09-04 12:47:46] 🔎 row 1486: ✅ accept → dt=2017-05-02 amt=12.00 sign=+1 curr=USD label=Deposit (type/gateway/descr/drcr/sign) status='auto'
[2025-09-04 12:47:46] 🔎 row 1487: ✅ accept → dt=2017-05-02 amt=22.00 sign=+1 curr=USD label=Deposit (type/gateway/descr/drcr/sign) status='auto'
[2025-09-04 12:47:46] 🔎 row 1488: ✅ accept → dt=2017-05-02 amt=15.00 sign=+1 curr=USD label=Deposit (type/gateway/descr/drcr/sign) status='auto'
[2025-09-04 12:47:46] 🔎 row 1489: ✅ accept → dt=2017-05-02 amt=15.00 sign=+1 curr=USD label=Deposit (type/gateway/descr/drcr/sign) status='auto'
[2025-09-04 12:47:46] 🔎 row 1490: ✅ accept → dt=2017-05-02 amt=12.00 sign=+1 curr=USD label=Deposit (type/gateway/descr/drcr/sign) status='auto'
[2025-09-04 12:47:46] 🔎 row 1491: ✅ accept → dt=2017-05-02 amt=12.00 sign=+1 curr=USD label=Deposit (type/gateway/descr/drcr/sign) status='auto'
[2025-09-04 12:47:46] 🔎 row 1492: ✅ accept → dt=2017-05-03 amt=15.00 sign=+1 curr=USD label=Deposit (type/gateway/descr/drcr/sign) status='auto'
[2025-09-04 12:47:46] 🔎 row 1493: ✅ accept → dt=2017-03-17 amt=20.00 sign=+1 curr=USD label=Deposit (type/gateway/descr/drcr/sign) status='auto'
[2025-09-04 12:47:46] 🔎 row 1494: ✅ accept → dt=2017-03-17 amt=21.00 sign=+1 curr=USD label=Deposit (type/gateway/descr/drcr/sign) status='auto'
[2025-09-04 12:47:46] 🔎 row 1495: ✅ accept → dt=2017-03-17 amt=10.00 sign=+1 curr=USD label=Deposit (type/gateway/descr/drcr/sign) status='auto'
[2025-09-04 12:47:46] 🔎 row 1496: ✅ accept → dt=2017-03-20 amt=10.00 sign=+1 curr=USD label=Deposit (type/gateway/descr/drcr/sign) status='auto'
[2025-09-04 12:47:46] 🔎 row 1497: ✅ accept → dt=2017-03-04 amt=15.00 sign=+1 curr=USD label=Deposit (type/gateway/descr/drcr/sign) status='auto'
[2025-09-04 12:47:46] 🔎 row 1498: ✅ accept → dt=2017-03-04 amt=15.00 sign=+1 curr=USD label=Deposit (type/gateway/descr/drcr/sign) status='auto'
[2025-09-04 12:47:46] 🔎 row 1499: ✅ accept → dt=2017-03-04 amt=15.00 sign=+1 curr=USD label=Deposit (type/gateway/descr/drcr/sign) status='auto'
[2025-09-04 12:47:46] 🔎 row 1500: ✅ accept → dt=2017-04-04 amt=20.00 sign=+1 curr=USD label=Deposit (type/gateway/descr/drcr/sign) status='auto'
[2025-09-04 12:47:46] 🔎 row 1501: ✅ accept → dt=2017-05-04 amt=10.00 sign=+1 curr=USD label=Deposit (type/gateway/descr/drcr/sign) status='auto'
[2025-09-04 12:47:46] 🔎 row 1502: ✅ accept → dt=2017-05-04 amt=10.00 sign=+1 curr=USD label=Deposit (type/gateway/descr/drcr/sign) status='auto'
[2025-09-04 12:47:47] 🔎 row 1503: ✅ accept → dt=2017-05-04 amt=210.00 sign=+1 curr=USD label=Deposit (type/gateway/descr/drcr/sign) status='auto'
[2025-09-04 12:47:47] 🔎 row 1504: ✅ accept → dt=2017-06-04 amt=40.00 sign=+1 curr=USD label=Deposit (type/gateway/descr/drcr/sign) status='auto'
[2025-09-04 12:47:47] 🔎 row 1505: ✅ accept → dt=2017-06-04 amt=32.00 sign=+1 curr=USD label=Deposit (type/gateway/descr/drcr/sign) status='auto'
[2025-09-04 12:47:47] 🔎 row 1506: ✅ accept → dt=2017-06-04 amt=50.00 sign=+1 curr=USD label=Deposit (type/gateway/descr/drcr/sign) status='auto'
[2025-09-04 12:47:47] 🔎 row 1507: ✅ accept → dt=2017-07-04 amt=10.00 sign=+1 curr=USD label=Deposit (type/gateway/descr/drcr/sign) status='auto'
[2025-09-04 12:47:47] 🔎 row 1508: ✅ accept → dt=2017-07-04 amt=10.00 sign=+1 curr=USD label=Deposit (type/gateway/descr/drcr/sign) status='auto'
[2025-09-04 12:47:47] 🔎 row 1509: ✅ accept → dt=2017-07-04 amt=30.00 sign=+1 curr=USD label=Deposit (type/gateway/descr/drcr/sign) status='auto'
[2025-09-04 12:47:47] 🔎 row 1510: ✅ accept → dt=2017-07-04 amt=130.00 sign=+1 curr=USD label=Deposit (type/gateway/descr/drcr/sign) status='auto'
[2025-09-04 12:47:47] 🔎 row 1511: ✅ accept → dt=2017-07-04 amt=60.00 sign=+1 curr=USD label=Deposit (type/gateway/descr/drcr/sign) status='auto'
[2025-09-04 12:47:47] 🔎 row 1512: ✅ accept → dt=2017-07-04 amt=60.00 sign=+1 curr=USD label=Deposit (type/gateway/descr/drcr/sign) status='auto'
[2025-09-04 12:47:47] 🔎 row 1513: ✅ accept → dt=2017-04-22 amt=11.00 sign=+1 curr=USD label=Deposit (type/gateway/descr/drcr/sign) status='auto'
[2025-09-04 12:47:47] 🔎 row 1514: ✅ accept → dt=2017-04-22 amt=20.00 sign=+1 curr=USD label=Deposit (type/gateway/descr/drcr/sign) status='auto'
[2025-09-04 12:47:47] 🔎 row 1515: ✅ accept → dt=2017-04-22 amt=18.00 sign=+1 curr=USD label=Deposit (type/gateway/descr/drcr/sign) status='auto'
[2025-09-04 12:47:47] 🔎 row 1516: ✅ accept → dt=2017-03-05 amt=50.00 sign=+1 curr=USD label=Deposit (type/gateway/descr/drcr/sign) status='auto'
[2025-09-04 12:47:47] 🔎 row 1517: ✅ accept → dt=2017-03-05 amt=25.00 sign=+1 curr=USD label=Deposit (type/gateway/descr/drcr/sign) status='auto'
[2025-09-04 12:47:47] 🔎 row 1518: ✅ accept → dt=2018-03-24 amt=20.00 sign=+1 curr=USD label=Deposit (type/gateway/descr/drcr/sign) status='auto'
[2025-09-04 12:47:47] 🔎 row 1519: ✅ accept → dt=2018-03-24 amt=50.00 sign=+1 curr=USD label=Deposit (type/gateway/descr/drcr/sign) status='auto'
[2025-09-04 12:47:47] 🔎 row 1520: ✅ accept → dt=2018-03-25 amt=40.00 sign=+1 curr=USD label=Deposit (type/gateway/descr/drcr/sign) status='auto'
[2025-09-04 12:47:47] 🔎 row 1521: ✅ accept → dt=2018-06-04 amt=20.00 sign=+1 curr=USD label=Deposit (type/gateway/descr/drcr/sign) status='auto'
[2025-09-04 12:47:47] 🔎 row 1522: ✅ accept → dt=2018-06-04 amt=20.00 sign=+1 curr=USD label=Deposit (type/gateway/descr/drcr/sign) status='auto'
[2025-09-04 12:47:47] 🔎 row 1523: ✅ accept → dt=2018-06-04 amt=15.00 sign=+1 curr=USD label=Deposit (type/gateway/descr/drcr/sign) status='auto'
[2025-09-04 12:47:47] 🔎 row 1524: ✅ accept → dt=2018-07-04 amt=30.00 sign=+1 curr=USD label=Deposit (type/gateway/descr/drcr/sign) status='auto'
[2025-09-04 12:47:47] 🔎 row 1525: ✅ accept → dt=2018-07-04 amt=100.00 sign=+1 curr=USD label=Deposit (type/gateway/descr/drcr/sign) status='auto'
[2025-09-04 12:47:47] 🔎 row 1526: ✅ accept → dt=2018-08-04 amt=25.00 sign=+1 curr=USD label=Deposit (type/gateway/descr/drcr/sign) status='auto'
[2025-09-04 12:47:47] 🔎 row 1527: ✅ accept → dt=2018-08-04 amt=20.00 sign=+1 curr=USD label=Deposit (type/gateway/descr/drcr/sign) status='auto'
[2025-09-04 12:47:47] 🔎 row 1528: ✅ accept → dt=2018-08-04 amt=10.00 sign=+1 curr=USD label=Deposit (type/gateway/descr/drcr/sign) status='auto'
[2025-09-04 12:47:47] 🔎 row 1529: ✅ accept → dt=2018-04-18 amt=20.00 sign=+1 curr=USD label=Deposit (type/gateway/descr/drcr/sign) status='auto'
[2025-09-04 12:47:47] 🔎 row 1530: ✅ accept → dt=2018-04-22 amt=50.00 sign=+1 curr=USD label=Deposit (type/gateway/descr/drcr/sign) status='auto'
[2025-09-04 12:47:47] 🔎 row 1531: ✅ accept → dt=2018-04-22 amt=180.00 sign=+1 curr=USD label=Deposit (type/gateway/descr/drcr/sign) status='auto'
[2025-09-04 12:47:47] 🔎 row 1532: ✅ accept → dt=2018-04-22 amt=180.00 sign=+1 curr=USD label=Deposit (type/gateway/descr/drcr/sign) status='auto'
[2025-09-04 12:47:47] 🔎 row 1533: ✅ accept → dt=2018-04-22 amt=20.00 sign=+1 curr=USD label=Deposit (type/gateway/descr/drcr/sign) status='auto'
[2025-09-04 12:47:47] 🔎 row 1534: ✅ accept → dt=2018-04-22 amt=200.00 sign=+1 curr=USD label=Deposit (type/gateway/descr/drcr/sign) status='auto'
[2025-09-04 12:47:47] 🔎 row 1535: ✅ accept → dt=2018-04-23 amt=50.00 sign=+1 curr=USD label=Deposit (type/gateway/descr/drcr/sign) status='auto'
[2025-09-04 12:47:47] 🔎 row 1536: ✅ accept → dt=2018-04-23 amt=32.00 sign=+1 curr=USD label=Deposit (type/gateway/descr/drcr/sign) status='auto'
[2025-09-04 12:47:47] 🔎 row 1537: ✅ accept → dt=2018-04-23 amt=100.00 sign=+1 curr=USD label=Deposit (type/gateway/descr/drcr/sign) status='auto'
[2025-09-04 12:47:47] 🔎 row 1538: ✅ accept → dt=2018-04-28 amt=30.00 sign=+1 curr=USD label=Deposit (type/gateway/descr/drcr/sign) status='auto'
[2025-09-04 12:47:47] 🔎 row 1539: ✅ accept → dt=2018-06-05 amt=10.00 sign=+1 curr=USD label=Deposit (type/gateway/descr/drcr/sign) status='auto'
[2025-09-04 12:47:47] 🔎 row 1540: ✅ accept → dt=2018-12-05 amt=50.00 sign=+1 curr=USD label=Deposit (type/gateway/descr/drcr/sign) status='auto'
[2025-09-04 12:47:47] 🔎 row 1541: ✅ accept → dt=2018-12-05 amt=105.00 sign=+1 curr=USD label=Deposit (type/gateway/descr/drcr/sign) status='auto'
[2025-09-04 12:47:47] 🔎 row 1542: ✅ accept → dt=2018-05-13 amt=10.00 sign=+1 curr=USD label=Deposit (type/gateway/descr/drcr/sign) status='auto'
[2025-09-04 12:47:47] 🔎 row 1543: ✅ accept → dt=2018-05-20 amt=10.00 sign=+1 curr=USD label=Deposit (type/gateway/descr/drcr/sign) status='auto'
[2025-09-04 12:47:47] 🔎 row 1544: ✅ accept → dt=2018-05-20 amt=10.00 sign=+1 curr=USD label=Deposit (type/gateway/descr/drcr/sign) status='auto'
[2025-09-04 12:47:47] 🔎 row 1545: ✅ accept → dt=2018-07-22 amt=250.00 sign=+1 curr=USD label=Deposit (type/gateway/descr/drcr/sign) status='auto'
[2025-09-04 12:47:47] 🔎 row 1546: ✅ accept → dt=2018-07-22 amt=10.00 sign=+1 curr=USD label=Deposit (type/gateway/descr/drcr/sign) status='auto'
[2025-09-04 12:47:47] 🔎 row 1547: ✅ accept → dt=2018-10-08 amt=100.00 sign=+1 curr=USD label=Deposit (type/gateway/descr/drcr/sign) status='auto'
[2025-09-04 12:47:47] 🔎 row 1548: ⏭️ skip — bad date ref=None conf=None
[2025-09-04 12:47:47] 🔎 row 1549: 📑 section = 'NETELLER #4*******5732'
[2025-09-04 12:47:47] 🔎 row 1550: ✅ accept → dt=2016-05-31 amt=250.00 sign=+1 curr=USD label=Deposit (type/gateway/descr/drcr/sign) status='auto'
[2025-09-04 12:47:47] 🔎 row 1551: ✅ accept → dt=2016-08-22 amt=50.14 sign=+1 curr=USD label=Deposit (type/gateway/descr/drcr/sign) status='auto'
[2025-09-04 12:47:47] 🔎 row 1552: ✅ accept → dt=2016-09-11 amt=121.00 sign=+1 curr=USD label=Deposit (type/gateway/descr/drcr/sign) status='auto'
[2025-09-04 12:47:47] 🔎 row 1553: ⏭️ skip — amount parse fail raw=datetime.datetime(1950, 10, 1, 0, 0)
[2025-09-04 12:47:47] 🔎 row 1554: ✅ accept → dt=2018-07-07 amt=122.00 sign=+1 curr=USD label=Deposit (type/gateway/descr/drcr/sign) status='auto'
[2025-09-04 12:47:47] 🔎 row 1555: ✅ accept → dt=2019-07-01 amt=122.00 sign=-1 curr=USD label=Redeem (type/gateway/descr/drcr/sign) status='auto'
[2025-09-04 12:47:47] 🔎 row 1556: ✅ accept → dt=2019-01-28 amt=124.00 sign=+1 curr=USD label=Deposit (type/gateway/descr/drcr/sign) status='auto'
[2025-09-04 12:47:47] 🔎 row 1557: ✅ accept → dt=2019-04-13 amt=550.00 sign=+1 curr=USD label=Deposit (type/gateway/descr/drcr/sign) status='auto'
[2025-09-04 12:47:47] 🔎 row 1558: ✅ accept → dt=2019-04-14 amt=353.00 sign=+1 curr=USD label=Deposit (type/gateway/descr/drcr/sign) status='auto'
[2025-09-04 12:47:47] 🔎 row 1559: ✅ accept → dt=2019-05-15 amt=87.00 sign=+1 curr=USD label=Deposit (type/gateway/descr/drcr/sign) status='auto'
[2025-09-04 12:47:47] 🔎 row 1560: ⏭️ skip — bad date ref=None conf=None
[2025-09-04 12:47:47] 🔎 row 1561: 📑 section = 'NETELLER #4*******3483'
[2025-09-04 12:47:47] 🔎 row 1562: ✅ accept → dt=2016-08-29 amt=23.42 sign=+1 curr=USD label=Deposit (type/gateway/descr/drcr/sign) status='auto'
[2025-09-04 12:47:47] 🔎 row 1563: ✅ accept → dt=2018-05-15 amt=11.00 sign=+1 curr=USD label=Deposit (type/gateway/descr/drcr/sign) status='auto'
[2025-09-04 12:47:47] 🔎 row 1564: ⏭️ skip — bad date ref=None conf=None
[2025-09-04 12:47:47] 🔎 row 1565: 📑 section = 'NETELLER #4*******6818'
[2025-09-04 12:47:47] 🔎 row 1566: ⏭️ skip — amount parse fail raw=datetime.datetime(1980, 8, 1, 0, 0)
[2025-09-04 12:47:47] 🔎 row 1567: ⏭️ skip — bad date ref=None conf=None
[2025-09-04 12:47:47] 🔎 row 1568: ⏭️ skip — bad date ref='Total Player Balance:' conf=None
[2025-09-04 12:47:47] 🔎 row 1569: ⏭️ skip — bad date ref=None conf=None
[2025-09-04 12:47:47] 🔎 recap: deposits=835720.92, cashouts=69589.36, net=766131.56
[2025-09-04 12:47:47] TA logic: Deposits = 835720.92, Cashouts = 69589.36, Net = 766131.56
[2025-09-04 12:47:47] ✅ Created Payment Summary with 1272 rows.
[2025-09-04 12:47:47] ✅ Created styled Summary (Currency → Type → Year) with title row.
[2025-09-04 12:47:48] 🔁 ECB JSON 406 application/problem+json — {"type":"about:blank","title":"Not Acceptable","status":406,"detail":"Acceptable representations: [application/xml, text
[2025-09-04 12:47:48] 🌍 FX USD/EUR 2013-01-09…2013-11-25 via CSV: 226 pts, avg=1.324240
[2025-09-04 12:47:48] 🌍 FX USD→EUR 2013-01-09…2013-11-25: 1/( USD/EUR ) (mode CSV, 226 pts) => avg=0.755150
[2025-09-04 12:47:48] 🌍 FX USD→EUR 2013 (2013-01-09…2013-11-25) avg = 0.755150
[2025-09-04 12:47:48] 🔁 ECB JSON 406 application/problem+json — {"type":"about:blank","title":"Not Acceptable","status":406,"detail":"Acceptable representations: [application/xml, text
[2025-09-04 12:47:49] 🌍 FX USD/EUR 2014-01-13…2014-12-30 via CSV: 247 pts, avg=1.328019
[2025-09-04 12:47:49] 🌍 FX USD→EUR 2014-01-13…2014-12-30: 1/( USD/EUR ) (mode CSV, 247 pts) => avg=0.753001
[2025-09-04 12:47:49] 🌍 FX USD→EUR 2014 (2014-01-13…2014-12-30) avg = 0.753001
[2025-09-04 12:47:49] 🔁 ECB JSON 406 application/problem+json — {"type":"about:blank","title":"Not Acceptable","status":406,"detail":"Acceptable representations: [application/xml, text
[2025-09-04 12:47:49] 🌍 FX USD/EUR 2015-01-02…2015-12-21 via CSV: 249 pts, avg=1.109964
[2025-09-04 12:47:49] 🌍 FX USD→EUR 2015-01-02…2015-12-21: 1/( USD/EUR ) (mode CSV, 249 pts) => avg=0.900930
[2025-09-04 12:47:49] 🌍 FX USD→EUR 2015 (2015-01-02…2015-12-21) avg = 0.900930
[2025-09-04 12:47:49] 🔁 ECB JSON 406 application/problem+json — {"type":"about:blank","title":"Not Acceptable","status":406,"detail":"Acceptable representations: [application/xml, text
[2025-09-04 12:47:49] 🌍 FX USD/EUR 2016-01-06…2016-12-10 via CSV: 241 pts, avg=1.110561
[2025-09-04 12:47:49] 🌍 FX USD→EUR 2016-01-06…2016-12-10: 1/( USD/EUR ) (mode CSV, 241 pts) => avg=0.900446
[2025-09-04 12:47:49] 🌍 FX USD→EUR 2016 (2016-01-06…2016-12-10) avg = 0.900446
[2025-09-04 12:47:49] 🔁 ECB JSON 406 application/problem+json — {"type":"about:blank","title":"Not Acceptable","status":406,"detail":"Acceptable representations: [application/xml, text
[2025-09-04 12:47:50] 🌍 FX USD/EUR 2017-01-25…2017-12-05 via CSV: 222 pts, avg=1.131256
[2025-09-04 12:47:50] 🌍 FX USD→EUR 2017-01-25…2017-12-05: 1/( USD/EUR ) (mode CSV, 222 pts) => avg=0.883973
[2025-09-04 12:47:50] 🌍 FX USD→EUR 2017 (2017-01-25…2017-12-05) avg = 0.883973
[2025-09-04 12:47:50] 🔁 ECB JSON 406 application/problem+json — {"type":"about:blank","title":"Not Acceptable","status":406,"detail":"Acceptable representations: [application/xml, text
[2025-09-04 12:47:50] 🌍 FX USD/EUR 2018-02-08…2018-12-30 via CSV: 227 pts, avg=1.176007
[2025-09-04 12:47:50] 🌍 FX USD→EUR 2018-02-08…2018-12-30: 1/( USD/EUR ) (mode CSV, 227 pts) => avg=0.850335
[2025-09-04 12:47:50] 🌍 FX USD→EUR 2018 (2018-02-08…2018-12-30) avg = 0.850335
[2025-09-04 12:47:50] 🔁 ECB JSON 406 application/problem+json — {"type":"about:blank","title":"Not Acceptable","status":406,"detail":"Acceptable representations: [application/xml, text
[2025-09-04 12:47:50] 🌍 FX USD/EUR 2019-01-01…2019-12-13 via CSV: 245 pts, avg=1.119711
[2025-09-04 12:47:50] 🌍 FX USD→EUR 2019-01-01…2019-12-13: 1/( USD/EUR ) (mode CSV, 245 pts) => avg=0.893088
[2025-09-04 12:47:50] 🌍 FX USD→EUR 2019 (2019-01-01…2019-12-13) avg = 0.893088
[2025-09-04 12:47:51] 🔁 ECB JSON 406 application/problem+json — {"type":"about:blank","title":"Not Acceptable","status":406,"detail":"Acceptable representations: [application/xml, text
[2025-09-04 12:47:51] 🌍 FX USD/EUR 2020-01-01…2020-12-30 via CSV: 256 pts, avg=1.141864
[2025-09-04 12:47:51] 🌍 FX USD→EUR 2020-01-01…2020-12-30: 1/( USD/EUR ) (mode CSV, 256 pts) => avg=0.875761
[2025-09-04 12:47:51] 🌍 FX USD→EUR 2020 (2020-01-01…2020-12-30) avg = 0.875761
[2025-09-04 12:47:51] 🔁 ECB JSON 406 application/problem+json — {"type":"about:blank","title":"Not Acceptable","status":406,"detail":"Acceptable representations: [application/xml, text
[2025-09-04 12:47:51] 🌍 FX USD/EUR 2021-01-01…2021-12-19 via CSV: 248 pts, avg=1.184826
[2025-09-04 12:47:51] 🌍 FX USD→EUR 2021-01-01…2021-12-19: 1/( USD/EUR ) (mode CSV, 248 pts) => avg=0.844006
[2025-09-04 12:47:51] 🌍 FX USD→EUR 2021 (2021-01-01…2021-12-19) avg = 0.844006
[2025-09-04 12:47:51] 🔁 ECB JSON 406 application/problem+json — {"type":"about:blank","title":"Not Acceptable","status":406,"detail":"Acceptable representations: [application/xml, text
[2025-09-04 12:47:51] 🌍 FX USD/EUR 2022-01-03…2022-08-05 via CSV: 153 pts, avg=1.080674
[2025-09-04 12:47:51] 🌍 FX USD→EUR 2022-01-03…2022-08-05: 1/( USD/EUR ) (mode CSV, 153 pts) => avg=0.925349
[2025-09-04 12:47:51] 🌍 FX USD→EUR 2022 (2022-01-03…2022-08-05) avg = 0.925349
[2025-09-04 12:47:51] ✅ Created 'Payment Summary EUR' (1199 USD rows converted).
[2025-09-04 12:47:51] ✅ Created 'Summary EUR' (pivot-style Currency → Type → Year).
[2025-09-04 12:47:51] ✅ Finished processing: Test TA Pokerstars.xlsx
