[2025-08-25 11:33:45] ➕ Added 1 file(s).
[2025-08-25 11:33:46] 📄 Processing TA_Pokerstars.xlsx in calculation Mode...
[2025-08-25 11:33:48] ✔ Deposit sheets: ['PS Transactions']
[2025-08-25 11:33:48] ✔ Cashout sheets: ['PS Transactions']
[2025-08-25 11:33:48] ℹ️ Same sheet in both lists → will parse once as combined: ['PS Transactions']
[2025-08-25 11:33:49] ✅ Detected header row at Excel row 8: ['TransId', 'ParentId', 'TransType', 'Started', 'Completed', 'Account Currency', 'Amount', 'Status', 'PaySystem', 'Country', 'Logged-In', 'Reference']
[2025-08-25 11:33:49] 🔎 [PS DEBUG] Sheet 'PS Transactions': header row 8 = ['TransId', 'ParentId', 'TransType', 'Started', 'Completed', 'Account Currency', 'Amount', 'Status', 'PaySystem', 'Country', 'Logged-In', 'Reference']
[2025-08-25 11:33:49] 🔎 [PS DEBUG] Mapped indices → amount:6, currency:5, status:7, type:2, ref_date:3, conf_date:4
[2025-08-25 11:33:49] 🔍 [PS TRACE] Row 9: read date=2014-11-06 11:35:22, amount=24.23, type_raw='Deposit', label='Deposit', currency='USD', status_raw='Approved' → norm_status='approved'
[2025-08-25 11:33:49] ✅ [PS TRACE] Row 9: ACCEPT Deposit 24.23 USD on 2014-11-06 11:35:22 (status='Approved'→'approved')
[2025-08-25 11:33:49] 🔍 [PS TRACE] Row 10: read date=2014-11-07 11:44:00, amount=12.1, type_raw='Deposit', label='Deposit', currency='USD', status_raw='Approved' → norm_status='approved'
[2025-08-25 11:33:49] ✅ [PS TRACE] Row 10: ACCEPT Deposit 12.1 USD on 2014-11-07 11:44:00 (status='Approved'→'approved')
[2025-08-25 11:33:49] 🔍 [PS TRACE] Row 11: read date=2014-12-07 07:53:26, amount=20.36, type_raw='Deposit', label='Deposit', currency='USD', status_raw='Rejected' → norm_status='rejected'
[2025-08-25 11:33:49] 🛑 [PS TRACE] Row 11: skipped — label='Deposit', status='Rejected'→'rejected' not accepted
[2025-08-25 11:33:49] 🔍 [PS TRACE] Row 12: read date=2014-12-07 09:10:24, amount=20.36, type_raw='Deposit', label='Deposit', currency='USD', status_raw='Approved' → norm_status='approved'
[2025-08-25 11:33:49] ✅ [PS TRACE] Row 12: ACCEPT Deposit 20.36 USD on 2014-12-07 09:10:24 (status='Approved'→'approved')
[2025-08-25 11:33:49] 🔍 [PS TRACE] Row 13: read date=2014-12-12 10:50:00, amount=20.65, type_raw='Deposit', label='Deposit', currency='USD', status_raw='Approved' → norm_status='approved'
[2025-08-25 11:33:49] ✅ [PS TRACE] Row 13: ACCEPT Deposit 20.65 USD on 2014-12-12 10:50:00 (status='Approved'→'approved')
[2025-08-25 11:33:49] 🔍 [PS TRACE] Row 14: read date=2014-12-16 15:49:45, amount=10.96, type_raw='Deposit', label='Deposit', currency='USD', status_raw='Rejected' → norm_status='rejected'
[2025-08-25 11:33:49] 🛑 [PS TRACE] Row 14: skipped — label='Deposit', status='Rejected'→'rejected' not accepted
[2025-08-25 11:33:49] 🔍 [PS TRACE] Row 15: read date=2014-12-16 16:12:46, amount=10.97, type_raw='Deposit', label='Deposit', currency='USD', status_raw='Approved' → norm_status='approved'
[2025-08-25 11:33:49] ✅ [PS TRACE] Row 15: ACCEPT Deposit 10.97 USD on 2014-12-16 16:12:46 (status='Approved'→'approved')
[2025-08-25 11:33:49] 🔍 [PS TRACE] Row 16: read date=2014-12-20 18:24:41, amount=10.73, type_raw='Deposit', label='Deposit', currency='USD', status_raw='Approved' → norm_status='approved'
[2025-08-25 11:33:49] ✅ [PS TRACE] Row 16: ACCEPT Deposit 10.73 USD on 2014-12-20 18:24:41 (status='Approved'→'approved')
[2025-08-25 11:33:49] 🔍 [PS TRACE] Row 17: read date=2014-12-21 19:32:22, amount=10.72, type_raw='Deposit', label='Deposit', currency='USD', status_raw='Rejected' → norm_status='rejected'
[2025-08-25 11:33:49] 🛑 [PS TRACE] Row 17: skipped — label='Deposit', status='Rejected'→'rejected' not accepted
[2025-08-25 11:33:49] 🔍 [PS TRACE] Row 18: read date=2014-12-21 17:37:11, amount=11.02, type_raw='Deposit', label='Deposit', currency='USD', status_raw='Approved' → norm_status='approved'
[2025-08-25 11:33:49] ✅ [PS TRACE] Row 18: ACCEPT Deposit 11.02 USD on 2014-12-21 17:37:11 (status='Approved'→'approved')
[2025-08-25 11:33:49] 🔍 [PS TRACE] Row 19: read date=2014-12-22 08:10:28, amount=10.99, type_raw='Deposit', label='Deposit', currency='USD', status_raw='Approved' → norm_status='approved'
[2025-08-25 11:33:49] ✅ [PS TRACE] Row 19: ACCEPT Deposit 10.99 USD on 2014-12-22 08:10:28 (status='Approved'→'approved')
[2025-08-25 11:33:49] 🔍 [PS TRACE] Row 20: read date=2015-01-09 14:15:02, amount=15.0, type_raw='Deposit', label='Deposit', currency='USD', status_raw='Approved' → norm_status='approved'
[2025-08-25 11:33:49] ✅ [PS TRACE] Row 20: ACCEPT Deposit 15.0 USD on 2015-01-09 14:15:02 (status='Approved'→'approved')
[2025-08-25 11:33:49] 🔍 [PS TRACE] Row 21: read date=2015-01-17 14:32:04, amount=20.3, type_raw='Deposit', label='Deposit', currency='USD', status_raw='Approved' → norm_status='approved'
[2025-08-25 11:33:49] ✅ [PS TRACE] Row 21: ACCEPT Deposit 20.3 USD on 2015-01-17 14:32:04 (status='Approved'→'approved')
[2025-08-25 11:33:49] 🔍 [PS TRACE] Row 22: read date=2015-01-17 19:22:38, amount=10.15, type_raw='Deposit', label='Deposit', currency='USD', status_raw='Approved' → norm_status='approved'
[2025-08-25 11:33:49] ✅ [PS TRACE] Row 22: ACCEPT Deposit 10.15 USD on 2015-01-17 19:22:38 (status='Approved'→'approved')
[2025-08-25 11:33:49] 🔍 [PS TRACE] Row 23: read date=2015-01-21 07:28:56, amount=15.8, type_raw='Deposit', label='Deposit', currency='USD', status_raw='Approved' → norm_status='approved'
[2025-08-25 11:33:49] ✅ [PS TRACE] Row 23: ACCEPT Deposit 15.8 USD on 2015-01-21 07:28:56 (status='Approved'→'approved')
[2025-08-25 11:33:49] 🔍 [PS TRACE] Row 24: read date=2015-01-21 07:55:38, amount=14.67, type_raw='Deposit', label='Deposit', currency='USD', status_raw='Approved' → norm_status='approved'
[2025-08-25 11:33:49] ✅ [PS TRACE] Row 24: ACCEPT Deposit 14.67 USD on 2015-01-21 07:55:38 (status='Approved'→'approved')
[2025-08-25 11:33:49] 🔍 [PS TRACE] Row 25: read date=2015-01-21 08:53:41, amount=15.82, type_raw='Deposit', label='Deposit', currency='USD', status_raw='Approved' → norm_status='approved'
[2025-08-25 11:33:49] ✅ [PS TRACE] Row 25: ACCEPT Deposit 15.82 USD on 2015-01-21 08:53:41 (status='Approved'→'approved')
[2025-08-25 11:33:49] 🔍 [PS TRACE] Row 26: read date=2015-01-21 16:30:13, amount=16.95, type_raw='Deposit', label='Deposit', currency='USD', status_raw='Approved' → norm_status='approved'
[2025-08-25 11:33:49] ✅ [PS TRACE] Row 26: ACCEPT Deposit 16.95 USD on 2015-01-21 16:30:13 (status='Approved'→'approved')
[2025-08-25 11:33:49] 🔍 [PS TRACE] Row 27: read date=2015-01-22 03:00:05, amount=16.94, type_raw='Deposit', label='Deposit', currency='USD', status_raw='Approved' → norm_status='approved'
[2025-08-25 11:33:49] ✅ [PS TRACE] Row 27: ACCEPT Deposit 16.94 USD on 2015-01-22 03:00:05 (status='Approved'→'approved')
[2025-08-25 11:33:49] 🔍 [PS TRACE] Row 28: read date=2015-01-22 16:39:04, amount=16.0, type_raw='Deposit', label='Deposit', currency='USD', status_raw='Approved' → norm_status='approved'
[2025-08-25 11:33:49] ✅ [PS TRACE] Row 28: ACCEPT Deposit 16.0 USD on 2015-01-22 16:39:04 (status='Approved'→'approved')
[2025-08-25 11:33:49] 🔍 [PS TRACE] Row 29: read date=2015-01-23 16:37:03, amount=10.93, type_raw='Deposit', label='Deposit', currency='USD', status_raw='Approved' → norm_status='approved'
[2025-08-25 11:33:49] ✅ [PS TRACE] Row 29: ACCEPT Deposit 10.93 USD on 2015-01-23 16:37:03 (status='Approved'→'approved')
[2025-08-25 11:33:49] 🔍 [PS TRACE] Row 30: read date=2015-01-24 09:09:19, amount=10.92, type_raw='Deposit', label='Deposit', currency='USD', status_raw='Approved' → norm_status='approved'
[2025-08-25 11:33:49] ✅ [PS TRACE] Row 30: ACCEPT Deposit 10.92 USD on 2015-01-24 09:09:19 (status='Approved'→'approved')
[2025-08-25 11:33:49] 🔍 [PS TRACE] Row 31: read date=2015-01-24 14:42:04, amount=10.92, type_raw='Deposit', label='Deposit', currency='USD', status_raw='Approved' → norm_status='approved'
[2025-08-25 11:33:49] ✅ [PS TRACE] Row 31: ACCEPT Deposit 10.92 USD on 2015-01-24 14:42:04 (status='Approved'→'approved')
[2025-08-25 11:33:49] 🔍 [PS TRACE] Row 32: read date=2015-01-28 06:04:09, amount=11.08, type_raw='Deposit', label='Deposit', currency='USD', status_raw='Approved' → norm_status='approved'
[2025-08-25 11:33:49] ✅ [PS TRACE] Row 32: ACCEPT Deposit 11.08 USD on 2015-01-28 06:04:09 (status='Approved'→'approved')
[2025-08-25 11:33:49] 🔍 [PS TRACE] Row 33: read date=2015-01-28 10:29:47, amount=11.03, type_raw='Deposit', label='Deposit', currency='USD', status_raw='Approved' → norm_status='approved'
[2025-08-25 11:33:49] ✅ [PS TRACE] Row 33: ACCEPT Deposit 11.03 USD on 2015-01-28 10:29:47 (status='Approved'→'approved')
[2025-08-25 11:33:49] 🔍 [PS TRACE] Row 34: read date=2015-01-28 13:42:15, amount=11.05, type_raw='Deposit', label='Deposit', currency='USD', status_raw='Approved' → norm_status='approved'
[2025-08-25 11:33:49] ✅ [PS TRACE] Row 34: ACCEPT Deposit 11.05 USD on 2015-01-28 13:42:15 (status='Approved'→'approved')
[2025-08-25 11:33:49] 🔍 [PS TRACE] Row 35: read date=2015-01-29 09:31:06, amount=11.05, type_raw='Deposit', label='Deposit', currency='USD', status_raw='Approved' → norm_status='approved'
[2025-08-25 11:33:49] ✅ [PS TRACE] Row 35: ACCEPT Deposit 11.05 USD on 2015-01-29 09:31:06 (status='Approved'→'approved')
[2025-08-25 11:33:49] 🔍 [PS TRACE] Row 36: read date=2015-01-29 13:13:06, amount=15.25, type_raw='Deposit', label='Deposit', currency='USD', status_raw='Approved' → norm_status='approved'
[2025-08-25 11:33:49] ✅ [PS TRACE] Row 36: ACCEPT Deposit 15.25 USD on 2015-01-29 13:13:06 (status='Approved'→'approved')
[2025-08-25 11:33:49] 🔍 [PS TRACE] Row 37: read date=2015-01-30 11:04:52, amount=11.01, type_raw='Deposit', label='Deposit', currency='USD', status_raw='Approved' → norm_status='approved'
[2025-08-25 11:33:49] ✅ [PS TRACE] Row 37: ACCEPT Deposit 11.01 USD on 2015-01-30 11:04:52 (status='Approved'→'approved')
[2025-08-25 11:33:49] 🔍 [PS TRACE] Row 38: read date=2015-02-04 09:54:26, amount=16.72, type_raw='Deposit', label='Deposit', currency='USD', status_raw='Approved' → norm_status='approved'
[2025-08-25 11:33:49] ✅ [PS TRACE] Row 38: ACCEPT Deposit 16.72 USD on 2015-02-04 09:54:26 (status='Approved'→'approved')
[2025-08-25 11:33:49] 🔍 [PS TRACE] Row 39: read date=2015-02-05 14:20:40, amount=16.81, type_raw='Deposit', label='Deposit', currency='USD', status_raw='Approved' → norm_status='approved'
[2025-08-25 11:33:49] ✅ [PS TRACE] Row 39: ACCEPT Deposit 16.81 USD on 2015-02-05 14:20:40 (status='Approved'→'approved')
[2025-08-25 11:33:49] 🔍 [PS TRACE] Row 40: read date=2015-02-05 14:15:39, amount=16.81, type_raw='Deposit', label='Deposit', currency='USD', status_raw='Rejected' → norm_status='rejected'
[2025-08-25 11:33:49] 🛑 [PS TRACE] Row 40: skipped — label='Deposit', status='Rejected'→'rejected' not accepted
[2025-08-25 11:33:49] 🔍 [PS TRACE] Row 41: read date=2015-02-05 14:17:20, amount=14.98, type_raw='Deposit', label='Deposit', currency='USD', status_raw='Rejected' → norm_status='rejected'
[2025-08-25 11:33:49] 🛑 [PS TRACE] Row 41: skipped — label='Deposit', status='Rejected'→'rejected' not accepted
[2025-08-25 11:33:49] 🔍 [PS TRACE] Row 42: read date=2015-02-11 16:06:05, amount=16.52, type_raw='Deposit', label='Deposit', currency='USD', status_raw='Approved' → norm_status='approved'
[2025-08-25 11:33:49] ✅ [PS TRACE] Row 42: ACCEPT Deposit 16.52 USD on 2015-02-11 16:06:05 (status='Approved'→'approved')
[2025-08-25 11:33:49] 🔍 [PS TRACE] Row 43: read date=2015-02-13 07:37:42, amount=35.0, type_raw='Redeem', label='Redeem', currency='USD', status_raw='Approved' → norm_status='approved'
[2025-08-25 11:33:49] ✅ [PS TRACE] Row 43: ACCEPT Redeem 35.0 USD on 2015-02-13 07:37:42 (status='Approved'→'approved')
[2025-08-25 11:33:49] 🔍 [PS TRACE] Row 44: read date=2015-02-19 08:33:48, amount=17.76, type_raw='Deposit', label='Deposit', currency='USD', status_raw='Approved' → norm_status='approved'
[2025-08-25 11:33:49] ✅ [PS TRACE] Row 44: ACCEPT Deposit 17.76 USD on 2015-02-19 08:33:48 (status='Approved'→'approved')
[2025-08-25 11:33:49] 🔍 [PS TRACE] Row 45: read date=2015-02-19 09:29:46, amount=33.26, type_raw='Deposit', label='Deposit', currency='USD', status_raw='Approved' → norm_status='approved'
[2025-08-25 11:33:49] ✅ [PS TRACE] Row 45: ACCEPT Deposit 33.26 USD on 2015-02-19 09:29:46 (status='Approved'→'approved')
[2025-08-25 11:33:49] 🔍 [PS TRACE] Row 46: read date=2015-02-20 06:17:06, amount=22.1, type_raw='Deposit', label='Deposit', currency='USD', status_raw='Approved' → norm_status='approved'
[2025-08-25 11:33:49] ✅ [PS TRACE] Row 46: ACCEPT Deposit 22.1 USD on 2015-02-20 06:17:06 (status='Approved'→'approved')
[2025-08-25 11:33:49] 🔍 [PS TRACE] Row 47: read date=2015-02-20 09:38:34, amount=11.01, type_raw='Deposit', label='Deposit', currency='USD', status_raw='Approved' → norm_status='approved'
[2025-08-25 11:33:49] ✅ [PS TRACE] Row 47: ACCEPT Deposit 11.01 USD on 2015-02-20 09:38:34 (status='Approved'→'approved')
[2025-08-25 11:33:49] 🔍 [PS TRACE] Row 48: read date=2015-02-21 14:05:41, amount=16.64, type_raw='Deposit', label='Deposit', currency='USD', status_raw='Approved' → norm_status='approved'
[2025-08-25 11:33:49] ✅ [PS TRACE] Row 48: ACCEPT Deposit 16.64 USD on 2015-02-21 14:05:41 (status='Approved'→'approved')
[2025-08-25 11:33:49] 🔍 [PS TRACE] Row 49: read date=2015-02-22 06:30:21, amount=22.19, type_raw='Deposit', label='Deposit', currency='USD', status_raw='Approved' → norm_status='approved'
[2025-08-25 11:33:49] ✅ [PS TRACE] Row 49: ACCEPT Deposit 22.19 USD on 2015-02-22 06:30:21 (status='Approved'→'approved')
[2025-08-25 11:33:49] 🔍 [PS TRACE] Row 50: read date=2015-02-22 10:29:04, amount=11.09, type_raw='Deposit', label='Deposit', currency='USD', status_raw='Approved' → norm_status='approved'
[2025-08-25 11:33:49] ✅ [PS TRACE] Row 50: ACCEPT Deposit 11.09 USD on 2015-02-22 10:29:04 (status='Approved'→'approved')
[2025-08-25 11:33:49] 🔍 [PS TRACE] Row 51: read date=2015-02-22 11:25:02, amount=11.09, type_raw='Deposit', label='Deposit', currency='USD', status_raw='Approved' → norm_status='approved'
[2025-08-25 11:33:49] ✅ [PS TRACE] Row 51: ACCEPT Deposit 11.09 USD on 2015-02-22 11:25:02 (status='Approved'→'approved')
[2025-08-25 11:33:49] 🔍 [PS TRACE] Row 52: read date=2015-02-24 03:42:48, amount=11.04, type_raw='Deposit', label='Deposit', currency='USD', status_raw='Approved' → norm_status='approved'
[2025-08-25 11:33:49] ✅ [PS TRACE] Row 52: ACCEPT Deposit 11.04 USD on 2015-02-24 03:42:48 (status='Approved'→'approved')
[2025-08-25 11:33:49] 🔍 [PS TRACE] Row 53: read date=2015-03-06 12:59:41, amount=13.75, type_raw='Deposit', label='Deposit', currency='USD', status_raw='Approved' → norm_status='approved'
[2025-08-25 11:33:49] ✅ [PS TRACE] Row 53: ACCEPT Deposit 13.75 USD on 2015-03-06 12:59:41 (status='Approved'→'approved')
[2025-08-25 11:33:49] 🔍 [PS TRACE] Row 54: read date=2015-03-13 11:36:09, amount=15.38, type_raw='Deposit', label='Deposit', currency='USD', status_raw='Approved' → norm_status='approved'
[2025-08-25 11:33:49] ✅ [PS TRACE] Row 54: ACCEPT Deposit 15.38 USD on 2015-03-13 11:36:09 (status='Approved'→'approved')
[2025-08-25 11:33:49] 🔍 [PS TRACE] Row 55: read date=2015-03-26 09:31:01, amount=10.7, type_raw='Deposit', label='Deposit', currency='USD', status_raw='Approved' → norm_status='approved'
[2025-08-25 11:33:49] ✅ [PS TRACE] Row 55: ACCEPT Deposit 10.7 USD on 2015-03-26 09:31:01 (status='Approved'→'approved')
[2025-08-25 11:33:49] 🔍 [PS TRACE] Row 56: read date=2015-04-02 09:12:18, amount=15.87, type_raw='Deposit', label='Deposit', currency='USD', status_raw='Approved' → norm_status='approved'
[2025-08-25 11:33:49] ✅ [PS TRACE] Row 56: ACCEPT Deposit 15.87 USD on 2015-04-02 09:12:18 (status='Approved'→'approved')
[2025-08-25 11:33:49] 🔍 [PS TRACE] Row 57: read date=2015-04-05 08:06:45, amount=16.05, type_raw='Deposit', label='Deposit', currency='USD', status_raw='Approved' → norm_status='approved'
[2025-08-25 11:33:49] ✅ [PS TRACE] Row 57: ACCEPT Deposit 16.05 USD on 2015-04-05 08:06:45 (status='Approved'→'approved')
[2025-08-25 11:33:49] 🔍 [PS TRACE] Row 58: read date=2015-04-07 07:16:36, amount=15.88, type_raw='Deposit', label='Deposit', currency='USD', status_raw='Approved' → norm_status='approved'
[2025-08-25 11:33:49] ✅ [PS TRACE] Row 58: ACCEPT Deposit 15.88 USD on 2015-04-07 07:16:36 (status='Approved'→'approved')
[2025-08-25 11:33:49] 🔍 [PS TRACE] Row 59: read date=2015-04-07 09:52:39, amount=15.89, type_raw='Deposit', label='Deposit', currency='USD', status_raw='Rejected' → norm_status='rejected'
[2025-08-25 11:33:49] 🛑 [PS TRACE] Row 59: skipped — label='Deposit', status='Rejected'→'rejected' not accepted
[2025-08-25 11:33:49] 🔍 [PS TRACE] Row 60: read date=2015-04-07 07:44:31, amount=15.89, type_raw='Deposit', label='Deposit', currency='USD', status_raw='Approved' → norm_status='approved'
[2025-08-25 11:33:49] ✅ [PS TRACE] Row 60: ACCEPT Deposit 15.89 USD on 2015-04-07 07:44:31 (status='Approved'→'approved')
[2025-08-25 11:33:49] 🔍 [PS TRACE] Row 61: read date=2015-04-07 07:58:08, amount=21.19, type_raw='Deposit', label='Deposit', currency='USD', status_raw='Approved' → norm_status='approved'
[2025-08-25 11:33:49] ✅ [PS TRACE] Row 61: ACCEPT Deposit 21.19 USD on 2015-04-07 07:58:08 (status='Approved'→'approved')
[2025-08-25 11:33:49] 🔍 [PS TRACE] Row 62: read date=2015-04-07 08:49:13, amount=30.67, type_raw='Deposit', label='Deposit', currency='USD', status_raw='Approved' → norm_status='approved'
[2025-08-25 11:33:49] ✅ [PS TRACE] Row 62: ACCEPT Deposit 30.67 USD on 2015-04-07 08:49:13 (status='Approved'→'approved')
[2025-08-25 11:33:49] 🔍 [PS TRACE] Row 63: read date=2015-04-07 11:01:37, amount=21.18, type_raw='Deposit', label='Deposit', currency='USD', status_raw='Approved' → norm_status='approved'
[2025-08-25 11:33:49] ✅ [PS TRACE] Row 63: ACCEPT Deposit 21.18 USD on 2015-04-07 11:01:37 (status='Approved'→'approved')
[2025-08-25 11:33:49] 🔍 [PS TRACE] Row 64: read date=2015-04-07 11:35:08, amount=26.45, type_raw='Deposit', label='Deposit', currency='USD', status_raw='Approved' → norm_status='approved'
[2025-08-25 11:33:49] ✅ [PS TRACE] Row 64: ACCEPT Deposit 26.45 USD on 2015-04-07 11:35:08 (status='Approved'→'approved')
[2025-08-25 11:33:49] 🔍 [PS TRACE] Row 65: read date=2015-04-10 02:47:52, amount=17.67, type_raw='Deposit', label='Deposit', currency='USD', status_raw='Approved' → norm_status='approved'
[2025-08-25 11:33:49] ✅ [PS TRACE] Row 65: ACCEPT Deposit 17.67 USD on 2015-04-10 02:47:52 (status='Approved'→'approved')
[2025-08-25 11:33:49] 🔍 [PS TRACE] Row 66: read date=2015-04-12 09:31:22, amount=15.5, type_raw='Deposit', label='Deposit', currency='USD', status_raw='Rejected' → norm_status='rejected'
[2025-08-25 11:33:49] 🛑 [PS TRACE] Row 66: skipped — label='Deposit', status='Rejected'→'rejected' not accepted
[2025-08-25 11:33:49] 🔍 [PS TRACE] Row 67: read date=2015-04-12 08:18:19, amount=17.57, type_raw='Deposit', label='Deposit', currency='USD', status_raw='Approved' → norm_status='approved'
[2025-08-25 11:33:49] ✅ [PS TRACE] Row 67: ACCEPT Deposit 17.57 USD on 2015-04-12 08:18:19 (status='Approved'→'approved')
[2025-08-25 11:33:49] 🔍 [PS TRACE] Row 68: read date=2015-04-12 10:19:54, amount=15.5, type_raw='Deposit', label='Deposit', currency='USD', status_raw='Approved' → norm_status='approved'
[2025-08-25 11:33:49] ✅ [PS TRACE] Row 68: ACCEPT Deposit 15.5 USD on 2015-04-12 10:19:54 (status='Approved'→'approved')
[2025-08-25 11:33:49] 🔍 [PS TRACE] Row 69: read date=2015-04-12 13:12:27, amount=10.33, type_raw='Deposit', label='Deposit', currency='USD', status_raw='Rejected' → norm_status='rejected'
[2025-08-25 11:33:49] 🛑 [PS TRACE] Row 69: skipped — label='Deposit', status='Rejected'→'rejected' not accepted
[2025-08-25 11:33:49] 🔍 [PS TRACE] Row 70: read date=2015-04-13 05:45:56, amount=15.44, type_raw='Deposit', label='Deposit', currency='USD', status_raw='Approved' → norm_status='approved'
[2025-08-25 11:33:49] ✅ [PS TRACE] Row 70: ACCEPT Deposit 15.44 USD on 2015-04-13 05:45:56 (status='Approved'→'approved')
[2025-08-25 11:33:49] 🔍 [PS TRACE] Row 71: read date=2015-04-15 05:12:02, amount=10.66, type_raw='Deposit', label='Deposit', currency='USD', status_raw='Approved' → norm_status='approved'
[2025-08-25 11:33:49] ✅ [PS TRACE] Row 71: ACCEPT Deposit 10.66 USD on 2015-04-15 05:12:02 (status='Approved'→'approved')
[2025-08-25 11:33:49] 🔍 [PS TRACE] Row 72: read date=2015-04-16 11:44:15, amount=31.41, type_raw='Deposit', label='Deposit', currency='USD', status_raw='Rejected' → norm_status='rejected'
[2025-08-25 11:33:49] 🛑 [PS TRACE] Row 72: skipped — label='Deposit', status='Rejected'→'rejected' not accepted
[2025-08-25 11:33:49] 🔍 [PS TRACE] Row 73: read date=2015-04-16 09:59:48, amount=31.38, type_raw='Deposit', label='Deposit', currency='USD', status_raw='Approved' → norm_status='approved'
[2025-08-25 11:33:49] ✅ [PS TRACE] Row 73: ACCEPT Deposit 31.38 USD on 2015-04-16 09:59:48 (status='Approved'→'approved')
[2025-08-25 11:33:49] 🔍 [PS TRACE] Row 74: read date=2015-04-16 10:21:34, amount=31.38, type_raw='Deposit', label='Deposit', currency='USD', status_raw='Approved' → norm_status='approved'
[2025-08-25 11:33:50] ✅ [PS TRACE] Row 74: ACCEPT Deposit 31.38 USD on 2015-04-16 10:21:34 (status='Approved'→'approved')
[2025-08-25 11:33:50] 🔍 [PS TRACE] Row 75: read date=2015-04-17 16:19:02, amount=31.65, type_raw='Deposit', label='Deposit', currency='USD', status_raw='Approved' → norm_status='approved'
[2025-08-25 11:33:50] ✅ [PS TRACE] Row 75: ACCEPT Deposit 31.65 USD on 2015-04-17 16:19:02 (status='Approved'→'approved')
[2025-08-25 11:33:50] 🔍 [PS TRACE] Row 76: read date=2015-04-18 06:47:15, amount=31.61, type_raw='Deposit', label='Deposit', currency='USD', status_raw='Approved' → norm_status='approved'
[2025-08-25 11:33:50] ✅ [PS TRACE] Row 76: ACCEPT Deposit 31.61 USD on 2015-04-18 06:47:15 (status='Approved'→'approved')
[2025-08-25 11:33:50] 🔍 [PS TRACE] Row 77: read date=2015-04-18 09:48:07, amount=31.61, type_raw='Deposit', label='Deposit', currency='USD', status_raw='Rejected' → norm_status='rejected'
[2025-08-25 11:33:50] 🛑 [PS TRACE] Row 77: skipped — label='Deposit', status='Rejected'→'rejected' not accepted
[2025-08-25 11:33:50] 🔍 [PS TRACE] Row 78: read date=2015-04-18 08:04:47, amount=31.61, type_raw='Deposit', label='Deposit', currency='USD', status_raw='Approved' → norm_status='approved'
[2025-08-25 11:33:50] ✅ [PS TRACE] Row 78: ACCEPT Deposit 31.61 USD on 2015-04-18 08:04:47 (status='Approved'→'approved')
[2025-08-25 11:33:50] 🔍 [PS TRACE] Row 79: read date=2015-04-18 10:56:42, amount=31.61, type_raw='Deposit', label='Deposit', currency='USD', status_raw='Rejected' → norm_status='rejected'
[2025-08-25 11:33:50] 🛑 [PS TRACE] Row 79: skipped — label='Deposit', status='Rejected'→'rejected' not accepted
[2025-08-25 11:33:50] 🔍 [PS TRACE] Row 80: read date=2015-04-18 12:04:36, amount=31.61, type_raw='Deposit', label='Deposit', currency='USD', status_raw='Rejected' → norm_status='rejected'
[2025-08-25 11:33:50] 🛑 [PS TRACE] Row 80: skipped — label='Deposit', status='Rejected'→'rejected' not accepted
[2025-08-25 11:33:50] 🔍 [PS TRACE] Row 81: read date=2015-04-18 10:39:02, amount=31.61, type_raw='Deposit', label='Deposit', currency='USD', status_raw='Approved' → norm_status='approved'
[2025-08-25 11:33:50] ✅ [PS TRACE] Row 81: ACCEPT Deposit 31.61 USD on 2015-04-18 10:39:02 (status='Approved'→'approved')
[2025-08-25 11:33:50] 🔍 [PS TRACE] Row 82: read date=2015-04-18 12:24:19, amount=60.07, type_raw='Deposit', label='Deposit', currency='USD', status_raw='Approved' → norm_status='approved'
[2025-08-25 11:33:50] ✅ [PS TRACE] Row 82: ACCEPT Deposit 60.07 USD on 2015-04-18 12:24:19 (status='Approved'→'approved')
[2025-08-25 11:33:50] 🔍 [PS TRACE] Row 83: read date=2015-04-19 12:53:16, amount=10.53, type_raw='Deposit', label='Deposit', currency='USD', status_raw='Approved' → norm_status='approved'
[2025-08-25 11:33:50] ✅ [PS TRACE] Row 83: ACCEPT Deposit 10.53 USD on 2015-04-19 12:53:16 (status='Approved'→'approved')
[2025-08-25 11:33:50] 🔍 [PS TRACE] Row 84: read date=2015-04-20 07:18:55, amount=10.47, type_raw='Deposit', label='Deposit', currency='USD', status_raw='Approved' → norm_status='approved'
[2025-08-25 11:33:50] ✅ [PS TRACE] Row 84: ACCEPT Deposit 10.47 USD on 2015-04-20 07:18:55 (status='Approved'→'approved')
[2025-08-25 11:33:50] 🔍 [PS TRACE] Row 85: read date=2015-04-21 09:23:30, amount=10.44, type_raw='Deposit', label='Deposit', currency='USD', status_raw='Approved' → norm_status='approved'
[2025-08-25 11:33:50] ✅ [PS TRACE] Row 85: ACCEPT Deposit 10.44 USD on 2015-04-21 09:23:30 (status='Approved'→'approved')
[2025-08-25 11:33:50] 🔍 [PS TRACE] Row 86: read date=2015-04-21 16:34:39, amount=10.47, type_raw='Deposit', label='Deposit', currency='USD', status_raw='Approved' → norm_status='approved'
[2025-08-25 11:33:50] ✅ [PS TRACE] Row 86: ACCEPT Deposit 10.47 USD on 2015-04-21 16:34:39 (status='Approved'→'approved')
[2025-08-25 11:33:50] 🔍 [PS TRACE] Row 87: read date=2015-04-22 05:07:36, amount=21.01, type_raw='Deposit', label='Deposit', currency='USD', status_raw='Approved' → norm_status='approved'
[2025-08-25 11:33:50] ✅ [PS TRACE] Row 87: ACCEPT Deposit 21.01 USD on 2015-04-22 05:07:36 (status='Approved'→'approved')
[2025-08-25 11:33:50] 🔍 [PS TRACE] Row 88: read date=2015-04-25 07:19:00, amount=15.9, type_raw='Deposit', label='Deposit', currency='USD', status_raw='Approved' → norm_status='approved'
[2025-08-25 11:33:50] ✅ [PS TRACE] Row 88: ACCEPT Deposit 15.9 USD on 2015-04-25 07:19:00 (status='Approved'→'approved')
[2025-08-25 11:33:50] 🔍 [PS TRACE] Row 89: read date=2015-04-30 05:26:14, amount=16.39, type_raw='Deposit', label='Deposit', currency='USD', status_raw='Approved' → norm_status='approved'
[2025-08-25 11:33:50] ✅ [PS TRACE] Row 89: ACCEPT Deposit 16.39 USD on 2015-04-30 05:26:14 (status='Approved'→'approved')
[2025-08-25 11:33:50] 🔍 [PS TRACE] Row 90: read date=2015-04-30 13:01:18, amount=10.91, type_raw='Deposit', label='Deposit', currency='USD', status_raw='Approved' → norm_status='approved'
[2025-08-25 11:33:50] ✅ [PS TRACE] Row 90: ACCEPT Deposit 10.91 USD on 2015-04-30 13:01:18 (status='Approved'→'approved')
[2025-08-25 11:33:50] 🔍 [PS TRACE] Row 91: read date=2015-05-04 17:12:35, amount=10.86, type_raw='Deposit', label='Deposit', currency='USD', status_raw='Approved' → norm_status='approved'
[2025-08-25 11:33:50] ✅ [PS TRACE] Row 91: ACCEPT Deposit 10.86 USD on 2015-05-04 17:12:35 (status='Approved'→'approved')
[2025-08-25 11:33:50] 🔍 [PS TRACE] Row 92: read date=2015-05-07 13:25:06, amount=10.99, type_raw='Deposit', label='Deposit', currency='USD', status_raw='Approved' → norm_status='approved'
[2025-08-25 11:33:50] ✅ [PS TRACE] Row 92: ACCEPT Deposit 10.99 USD on 2015-05-07 13:25:06 (status='Approved'→'approved')
[2025-08-25 11:33:50] 🔍 [PS TRACE] Row 93: read date=2015-05-08 07:01:09, amount=27.35, type_raw='Deposit', label='Deposit', currency='USD', status_raw='Approved' → norm_status='approved'
[2025-08-25 11:33:50] ✅ [PS TRACE] Row 93: ACCEPT Deposit 27.35 USD on 2015-05-08 07:01:09 (status='Approved'→'approved')
[2025-08-25 11:33:50] 🔍 [PS TRACE] Row 94: read date=2015-05-09 04:27:50, amount=32.77, type_raw='Deposit', label='Deposit', currency='USD', status_raw='Approved' → norm_status='approved'
[2025-08-25 11:33:50] ✅ [PS TRACE] Row 94: ACCEPT Deposit 32.77 USD on 2015-05-09 04:27:50 (status='Approved'→'approved')
[2025-08-25 11:33:50] 🔍 [PS TRACE] Row 95: read date=2015-05-09 10:03:37, amount=10.92, type_raw='Deposit', label='Deposit', currency='USD', status_raw='Approved' → norm_status='approved'
[2025-08-25 11:33:50] ✅ [PS TRACE] Row 95: ACCEPT Deposit 10.92 USD on 2015-05-09 10:03:37 (status='Approved'→'approved')
[2025-08-25 11:33:50] 🔍 [PS TRACE] Row 96: read date=2015-05-16 14:25:56, amount=11.16, type_raw='Deposit', label='Deposit', currency='USD', status_raw='Approved' → norm_status='approved'
[2025-08-25 11:33:50] ✅ [PS TRACE] Row 96: ACCEPT Deposit 11.16 USD on 2015-05-16 14:25:56 (status='Approved'→'approved')
[2025-08-25 11:33:50] 🔍 [PS TRACE] Row 97: read date=2015-05-24 14:59:39, amount=10.73, type_raw='Deposit', label='Deposit', currency='USD', status_raw='Approved' → norm_status='approved'
[2025-08-25 11:33:50] ✅ [PS TRACE] Row 97: ACCEPT Deposit 10.73 USD on 2015-05-24 14:59:39 (status='Approved'→'approved')
[2025-08-25 11:33:50] 🔍 [PS TRACE] Row 98: read date=2015-06-01 10:48:06, amount=10.65, type_raw='Deposit', label='Deposit', currency='USD', status_raw='Approved' → norm_status='approved'
[2025-08-25 11:33:50] ✅ [PS TRACE] Row 98: ACCEPT Deposit 10.65 USD on 2015-06-01 10:48:06 (status='Approved'→'approved')
[2025-08-25 11:33:50] 🔍 [PS TRACE] Row 99: read date=2015-06-05 05:40:03, amount=10.98, type_raw='Deposit', label='Deposit', currency='USD', status_raw='Rejected' → norm_status='rejected'
[2025-08-25 11:33:50] 🛑 [PS TRACE] Row 99: skipped — label='Deposit', status='Rejected'→'rejected' not accepted
[2025-08-25 11:33:50] 🔍 [PS TRACE] Row 100: read date=2015-06-05 05:55:19, amount=13.17, type_raw='Deposit', label='Deposit', currency='USD', status_raw='Approved' → norm_status='approved'
[2025-08-25 11:33:50] ✅ [PS TRACE] Row 100: ACCEPT Deposit 13.17 USD on 2015-06-05 05:55:19 (status='Approved'→'approved')
[2025-08-25 11:33:50] 🔍 [PS TRACE] Row 101: read date=2015-06-06 17:38:03, amount=10.83, type_raw='Deposit', label='Deposit', currency='USD', status_raw='Rejected' → norm_status='rejected'
[2025-08-25 11:33:50] 🛑 [PS TRACE] Row 101: skipped — label='Deposit', status='Rejected'→'rejected' not accepted
[2025-08-25 11:33:50] 🔍 [PS TRACE] Row 102: read date=2015-06-06 15:57:24, amount=10.83, type_raw='Deposit', label='Deposit', currency='USD', status_raw='Approved' → norm_status='approved'
[2025-08-25 11:33:50] ✅ [PS TRACE] Row 102: ACCEPT Deposit 10.83 USD on 2015-06-06 15:57:24 (status='Approved'→'approved')
[2025-08-25 11:33:50] 🔍 [PS TRACE] Row 103: read date=2015-06-12 15:30:16, amount=10.98, type_raw='Deposit', label='Deposit', currency='USD', status_raw='Approved' → norm_status='approved'
[2025-08-25 11:33:50] ✅ [PS TRACE] Row 103: ACCEPT Deposit 10.98 USD on 2015-06-12 15:30:16 (status='Approved'→'approved')
[2025-08-25 11:33:50] 🔍 [PS TRACE] Row 104: read date=2015-06-13 14:59:52, amount=10.98, type_raw='Deposit', label='Deposit', currency='USD', status_raw='Approved' → norm_status='approved'
[2025-08-25 11:33:50] ✅ [PS TRACE] Row 104: ACCEPT Deposit 10.98 USD on 2015-06-13 14:59:52 (status='Approved'→'approved')
[2025-08-25 11:33:50] 🔍 [PS TRACE] Row 105: read date=2015-06-21 11:03:08, amount=11.07, type_raw='Deposit', label='Deposit', currency='USD', status_raw='Approved' → norm_status='approved'
[2025-08-25 11:33:50] ✅ [PS TRACE] Row 105: ACCEPT Deposit 11.07 USD on 2015-06-21 11:03:08 (status='Approved'→'approved')
[2025-08-25 11:33:50] 🔍 [PS TRACE] Row 106: read date=2015-07-16 15:01:08, amount=10.6, type_raw='Deposit', label='Deposit', currency='USD', status_raw='Approved' → norm_status='approved'
[2025-08-25 11:33:50] ✅ [PS TRACE] Row 106: ACCEPT Deposit 10.6 USD on 2015-07-16 15:01:08 (status='Approved'→'approved')
[2025-08-25 11:33:50] 🔍 [PS TRACE] Row 107: read date=2015-07-17 04:04:28, amount=31.89, type_raw='Deposit', label='Deposit', currency='USD', status_raw='Approved' → norm_status='approved'
[2025-08-25 11:33:50] ✅ [PS TRACE] Row 107: ACCEPT Deposit 31.89 USD on 2015-07-17 04:04:28 (status='Approved'→'approved')
[2025-08-25 11:33:50] 🔍 [PS TRACE] Row 108: read date=2015-07-17 05:29:55, amount=15.93, type_raw='Deposit', label='Deposit', currency='USD', status_raw='Approved' → norm_status='approved'
[2025-08-25 11:33:50] ✅ [PS TRACE] Row 108: ACCEPT Deposit 15.93 USD on 2015-07-17 05:29:55 (status='Approved'→'approved')
[2025-08-25 11:33:50] 🔍 [PS TRACE] Row 109: read date=2015-07-28 05:04:48, amount=26.96, type_raw='Deposit', label='Deposit', currency='USD', status_raw='Approved' → norm_status='approved'
[2025-08-25 11:33:50] ✅ [PS TRACE] Row 109: ACCEPT Deposit 26.96 USD on 2015-07-28 05:04:48 (status='Approved'→'approved')
[2025-08-25 11:33:50] 🔍 [PS TRACE] Row 110: read date=2015-08-16 04:53:57, amount=10.83, type_raw='Deposit', label='Deposit', currency='USD', status_raw='Approved' → norm_status='approved'
[2025-08-25 11:33:50] ✅ [PS TRACE] Row 110: ACCEPT Deposit 10.83 USD on 2015-08-16 04:53:57 (status='Approved'→'approved')
[2025-08-25 11:33:50] 🔍 [PS TRACE] Row 111: read date=2015-08-26 12:31:08, amount=11.09, type_raw='Deposit', label='Deposit', currency='USD', status_raw='Approved' → norm_status='approved'
[2025-08-25 11:33:50] ✅ [PS TRACE] Row 111: ACCEPT Deposit 11.09 USD on 2015-08-26 12:31:08 (status='Approved'→'approved')
[2025-08-25 11:33:50] 🔍 [PS TRACE] Row 112: read date=2015-08-29 05:54:43, amount=18.53, type_raw='Deposit', label='Deposit', currency='USD', status_raw='Approved' → norm_status='approved'
[2025-08-25 11:33:50] ✅ [PS TRACE] Row 112: ACCEPT Deposit 18.53 USD on 2015-08-29 05:54:43 (status='Approved'→'approved')
[2025-08-25 11:33:50] 🔍 [PS TRACE] Row 113: read date=2015-08-30 14:37:01, amount=10.9, type_raw='Deposit', label='Deposit', currency='USD', status_raw='Approved' → norm_status='approved'
[2025-08-25 11:33:50] ✅ [PS TRACE] Row 113: ACCEPT Deposit 10.9 USD on 2015-08-30 14:37:01 (status='Approved'→'approved')
[2025-08-25 11:33:50] 🔍 [PS TRACE] Row 114: read date=2015-09-01 09:09:52, amount=21.94, type_raw='Deposit', label='Deposit', currency='USD', status_raw='Approved' → norm_status='approved'
[2025-08-25 11:33:50] ✅ [PS TRACE] Row 114: ACCEPT Deposit 21.94 USD on 2015-09-01 09:09:52 (status='Approved'→'approved')
[2025-08-25 11:33:50] 🔍 [PS TRACE] Row 115: read date=2015-09-08 10:49:47, amount=14.99, type_raw='Deposit', label='Deposit', currency='USD', status_raw='Approved' → norm_status='approved'
[2025-08-25 11:33:50] ✅ [PS TRACE] Row 115: ACCEPT Deposit 14.99 USD on 2015-09-08 10:49:47 (status='Approved'→'approved')
[2025-08-25 11:33:50] 🔍 [PS TRACE] Row 116: read date=2015-09-09 16:25:32, amount=10.92, type_raw='Deposit', label='Deposit', currency='USD', status_raw='Approved' → norm_status='approved'
[2025-08-25 11:33:50] ✅ [PS TRACE] Row 116: ACCEPT Deposit 10.92 USD on 2015-09-09 16:25:32 (status='Approved'→'approved')
[2025-08-25 11:33:50] 🔍 [PS TRACE] Row 117: read date=2015-09-10 07:02:37, amount=10.91, type_raw='Deposit', label='Deposit', currency='USD', status_raw='Approved' → norm_status='approved'
[2025-08-25 11:33:50] ✅ [PS TRACE] Row 117: ACCEPT Deposit 10.91 USD on 2015-09-10 07:02:37 (status='Approved'→'approved')
[2025-08-25 11:33:50] 🔍 [PS TRACE] Row 118: read date=2015-09-10 10:13:42, amount=10.92, type_raw='Deposit', label='Deposit', currency='USD', status_raw='Approved' → norm_status='approved'
[2025-08-25 11:33:50] ✅ [PS TRACE] Row 118: ACCEPT Deposit 10.92 USD on 2015-09-10 10:13:42 (status='Approved'→'approved')
[2025-08-25 11:33:50] 🔍 [PS TRACE] Row 119: read date=2015-09-11 14:44:25, amount=16.59, type_raw='Deposit', label='Deposit', currency='USD', status_raw='Approved' → norm_status='approved'
[2025-08-25 11:33:50] ✅ [PS TRACE] Row 119: ACCEPT Deposit 16.59 USD on 2015-09-11 14:44:25 (status='Approved'→'approved')
[2025-08-25 11:33:50] 🔍 [PS TRACE] Row 120: read date=2015-09-17 07:41:36, amount=13.24, type_raw='Deposit', label='Deposit', currency='USD', status_raw='Approved' → norm_status='approved'
[2025-08-25 11:33:50] ✅ [PS TRACE] Row 120: ACCEPT Deposit 13.24 USD on 2015-09-17 07:41:36 (status='Approved'→'approved')
[2025-08-25 11:33:50] 🔍 [PS TRACE] Row 121: read date=2015-09-17 09:22:09, amount=16.56, type_raw='Deposit', label='Deposit', currency='USD', status_raw='Approved' → norm_status='approved'
[2025-08-25 11:33:50] ✅ [PS TRACE] Row 121: ACCEPT Deposit 16.56 USD on 2015-09-17 09:22:09 (status='Approved'→'approved')
[2025-08-25 11:33:50] 🔍 [PS TRACE] Row 122: read date=2015-09-17 14:13:14, amount=11.05, type_raw='Deposit', label='Deposit', currency='USD', status_raw='Approved' → norm_status='approved'
[2025-08-25 11:33:50] ✅ [PS TRACE] Row 122: ACCEPT Deposit 11.05 USD on 2015-09-17 14:13:14 (status='Approved'→'approved')
[2025-08-25 11:33:50] 🔍 [PS TRACE] Row 123: read date=2015-09-19 16:23:40, amount=11.02, type_raw='Deposit', label='Deposit', currency='USD', status_raw='Rejected' → norm_status='rejected'
[2025-08-25 11:33:50] 🛑 [PS TRACE] Row 123: skipped — label='Deposit', status='Rejected'→'rejected' not accepted
[2025-08-25 11:33:50] 🔍 [PS TRACE] Row 124: read date=2015-09-26 04:38:37, amount=15.28, type_raw='Deposit', label='Deposit', currency='USD', status_raw='Approved' → norm_status='approved'
[2025-08-25 11:33:50] ✅ [PS TRACE] Row 124: ACCEPT Deposit 15.28 USD on 2015-09-26 04:38:37 (status='Approved'→'approved')
[2025-08-25 11:33:50] 🔍 [PS TRACE] Row 125: read date=2015-09-27 14:35:35, amount=10.91, type_raw='Deposit', label='Deposit', currency='USD', status_raw='Approved' → norm_status='approved'
[2025-08-25 11:33:50] ✅ [PS TRACE] Row 125: ACCEPT Deposit 10.91 USD on 2015-09-27 14:35:35 (status='Approved'→'approved')
[2025-08-25 11:33:50] 🔍 [PS TRACE] Row 126: read date=2015-10-02 07:53:42, amount=10.88, type_raw='Deposit', label='Deposit', currency='USD', status_raw='Rejected' → norm_status='rejected'
[2025-08-25 11:33:50] 🛑 [PS TRACE] Row 126: skipped — label='Deposit', status='Rejected'→'rejected' not accepted
[2025-08-25 11:33:50] 🔍 [PS TRACE] Row 127: read date=2015-10-02 05:49:13, amount=32.66, type_raw='Deposit', label='Deposit', currency='USD', status_raw='Approved' → norm_status='approved'
[2025-08-25 11:33:50] ✅ [PS TRACE] Row 127: ACCEPT Deposit 32.66 USD on 2015-10-02 05:49:13 (status='Approved'→'approved')
[2025-08-25 11:33:50] 🔍 [PS TRACE] Row 128: read date=2015-10-10 09:46:32, amount=11.07, type_raw='Deposit', label='Deposit', currency='USD', status_raw='Approved' → norm_status='approved'
[2025-08-25 11:33:50] ✅ [PS TRACE] Row 128: ACCEPT Deposit 11.07 USD on 2015-10-10 09:46:32 (status='Approved'→'approved')
[2025-08-25 11:33:50] 🔍 [PS TRACE] Row 129: read date=2015-10-18 08:14:55, amount=15.0, type_raw='Deposit', label='Deposit', currency='USD', status_raw='Approved' → norm_status='approved'
[2025-08-25 11:33:50] ✅ [PS TRACE] Row 129: ACCEPT Deposit 15.0 USD on 2015-10-18 08:14:55 (status='Approved'→'approved')
[2025-08-25 11:33:50] 🔍 [PS TRACE] Row 130: read date=2015-10-22 16:36:15, amount=10.83, type_raw='Deposit', label='Deposit', currency='USD', status_raw='Approved' → norm_status='approved'
[2025-08-25 11:33:50] ✅ [PS TRACE] Row 130: ACCEPT Deposit 10.83 USD on 2015-10-22 16:36:15 (status='Approved'→'approved')
[2025-08-25 11:33:50] 🔍 [PS TRACE] Row 131: read date=2015-10-23 11:25:55, amount=10.75, type_raw='Deposit', label='Deposit', currency='USD', status_raw='Approved' → norm_status='approved'
[2025-08-25 11:33:50] ✅ [PS TRACE] Row 131: ACCEPT Deposit 10.75 USD on 2015-10-23 11:25:55 (status='Approved'→'approved')
[2025-08-25 11:33:50] 🔍 [PS TRACE] Row 132: read date=2015-10-28 15:49:18, amount=11.01, type_raw='Deposit', label='Deposit', currency='USD', status_raw='Approved' → norm_status='approved'
[2025-08-25 11:33:50] ✅ [PS TRACE] Row 132: ACCEPT Deposit 11.01 USD on 2015-10-28 15:49:18 (status='Approved'→'approved')
[2025-08-25 11:33:50] 🔍 [PS TRACE] Row 133: read date=2015-10-30 09:49:38, amount=10.73, type_raw='Deposit', label='Deposit', currency='USD', status_raw='Approved' → norm_status='approved'
[2025-08-25 11:33:50] ✅ [PS TRACE] Row 133: ACCEPT Deposit 10.73 USD on 2015-10-30 09:49:38 (status='Approved'→'approved')
[2025-08-25 11:33:51] 🔍 [PS TRACE] Row 134: read date=2015-10-30 16:43:29, amount=10.71, type_raw='Deposit', label='Deposit', currency='USD', status_raw='Approved' → norm_status='approved'
[2025-08-25 11:33:51] ✅ [PS TRACE] Row 134: ACCEPT Deposit 10.71 USD on 2015-10-30 16:43:29 (status='Approved'→'approved')
[2025-08-25 11:33:51] 🔍 [PS TRACE] Row 135: read date=2015-11-05 04:48:34, amount=12.91, type_raw='Deposit', label='Deposit', currency='USD', status_raw='Rejected' → norm_status='rejected'
[2025-08-25 11:33:51] 🛑 [PS TRACE] Row 135: skipped — label='Deposit', status='Rejected'→'rejected' not accepted
[2025-08-25 11:33:51] 🔍 [PS TRACE] Row 136: read date=2015-11-05 03:01:13, amount=12.9, type_raw='Deposit', label='Deposit', currency='USD', status_raw='Approved' → norm_status='approved'
[2025-08-25 11:33:51] ✅ [PS TRACE] Row 136: ACCEPT Deposit 12.9 USD on 2015-11-05 03:01:13 (status='Approved'→'approved')
[2025-08-25 11:33:51] 🔍 [PS TRACE] Row 137: read date=2015-11-06 16:25:42, amount=20.94, type_raw='Deposit', label='Deposit', currency='USD', status_raw='Approved' → norm_status='approved'
[2025-08-25 11:33:51] ✅ [PS TRACE] Row 137: ACCEPT Deposit 20.94 USD on 2015-11-06 16:25:42 (status='Approved'→'approved')
[2025-08-25 11:33:51] 🔍 [PS TRACE] Row 138: read date=2015-11-09 15:41:10, amount=11.54, type_raw='Deposit', label='Deposit', currency='USD', status_raw='Approved' → norm_status='approved'
[2025-08-25 11:33:51] ✅ [PS TRACE] Row 138: ACCEPT Deposit 11.54 USD on 2015-11-09 15:41:10 (status='Approved'→'approved')
[2025-08-25 11:33:51] 🔍 [PS TRACE] Row 139: read date=2015-11-11 09:02:13, amount=10.46, type_raw='Deposit', label='Deposit', currency='USD', status_raw='Approved' → norm_status='approved'
[2025-08-25 11:33:51] ✅ [PS TRACE] Row 139: ACCEPT Deposit 10.46 USD on 2015-11-11 09:02:13 (status='Approved'→'approved')
[2025-08-25 11:33:51] 🔍 [PS TRACE] Row 140: read date=2015-11-19 10:56:11, amount=10.44, type_raw='Deposit', label='Deposit', currency='USD', status_raw='Approved' → norm_status='approved'
[2025-08-25 11:33:51] ✅ [PS TRACE] Row 140: ACCEPT Deposit 10.44 USD on 2015-11-19 10:56:11 (status='Approved'→'approved')
[2025-08-25 11:33:51] 🔍 [PS TRACE] Row 141: read date=2015-11-21 08:19:16, amount=10.38, type_raw='Deposit', label='Deposit', currency='USD', status_raw='Approved' → norm_status='approved'
[2025-08-25 11:33:51] ✅ [PS TRACE] Row 141: ACCEPT Deposit 10.38 USD on 2015-11-21 08:19:16 (status='Approved'→'approved')
[2025-08-25 11:33:51] 🔍 [PS TRACE] Row 142: read date=2015-11-27 09:20:18, amount=14.64, type_raw='Deposit', label='Deposit', currency='USD', status_raw='Approved' → norm_status='approved'
[2025-08-25 11:33:51] ✅ [PS TRACE] Row 142: ACCEPT Deposit 14.64 USD on 2015-11-27 09:20:18 (status='Approved'→'approved')
[2025-08-25 11:33:51] 🔍 [PS TRACE] Row 143: read date=2015-12-02 10:28:27, amount=25.77, type_raw='Deposit', label='Deposit', currency='USD', status_raw='Approved' → norm_status='approved'
[2025-08-25 11:33:51] ✅ [PS TRACE] Row 143: ACCEPT Deposit 25.77 USD on 2015-12-02 10:28:27 (status='Approved'→'approved')
[2025-08-25 11:33:51] 🔍 [PS TRACE] Row 144: read date=2015-12-08 06:45:37, amount=10.57, type_raw='Deposit', label='Deposit', currency='USD', status_raw='Approved' → norm_status='approved'
[2025-08-25 11:33:51] ✅ [PS TRACE] Row 144: ACCEPT Deposit 10.57 USD on 2015-12-08 06:45:37 (status='Approved'→'approved')
[2025-08-25 11:33:51] 🔍 [PS TRACE] Row 145: read date=2015-12-24 04:24:10, amount=10.67, type_raw='Deposit', label='Deposit', currency='USD', status_raw='Approved' → norm_status='approved'
[2025-08-25 11:33:51] ✅ [PS TRACE] Row 145: ACCEPT Deposit 10.67 USD on 2015-12-24 04:24:10 (status='Approved'→'approved')
[2025-08-25 11:33:51] 🔍 [PS TRACE] Row 146: read date=2015-12-26 07:48:03, amount=10.7, type_raw='Deposit', label='Deposit', currency='USD', status_raw='Approved' → norm_status='approved'
[2025-08-25 11:33:51] ✅ [PS TRACE] Row 146: ACCEPT Deposit 10.7 USD on 2015-12-26 07:48:03 (status='Approved'→'approved')
[2025-08-25 11:33:51] 🔍 [PS TRACE] Row 147: read date=2016-01-02 15:25:52, amount=15.88, type_raw='Deposit', label='Deposit', currency='USD', status_raw='Approved' → norm_status='approved'
[2025-08-25 11:33:51] ✅ [PS TRACE] Row 147: ACCEPT Deposit 15.88 USD on 2016-01-02 15:25:52 (status='Approved'→'approved')
[2025-08-25 11:33:51] 🔍 [PS TRACE] Row 148: read date=2016-01-09 09:34:09, amount=31.95, type_raw='Deposit', label='Deposit', currency='USD', status_raw='Rejected' → norm_status='rejected'
[2025-08-25 11:33:51] 🛑 [PS TRACE] Row 148: skipped — label='Deposit', status='Rejected'→'rejected' not accepted
[2025-08-25 11:33:51] 🔍 [PS TRACE] Row 149: read date=2016-01-09 09:36:09, amount=31.95, type_raw='Deposit', label='Deposit', currency='USD', status_raw='Rejected' → norm_status='rejected'
[2025-08-25 11:33:51] 🛑 [PS TRACE] Row 149: skipped — label='Deposit', status='Rejected'→'rejected' not accepted
[2025-08-25 11:33:51] 🔍 [PS TRACE] Row 150: read date=2016-01-09 07:28:25, amount=31.95, type_raw='Deposit', label='Deposit', currency='USD', status_raw='Approved' → norm_status='approved'
[2025-08-25 11:33:51] ✅ [PS TRACE] Row 150: ACCEPT Deposit 31.95 USD on 2016-01-09 07:28:25 (status='Approved'→'approved')
[2025-08-25 11:33:51] 🔍 [PS TRACE] Row 151: read date=2016-01-09 16:04:39, amount=15.97, type_raw='Deposit', label='Deposit', currency='USD', status_raw='Rejected' → norm_status='rejected'
[2025-08-25 11:33:51] 🛑 [PS TRACE] Row 151: skipped — label='Deposit', status='Rejected'→'rejected' not accepted
[2025-08-25 11:33:51] 🔍 [PS TRACE] Row 152: read date=2016-01-09 13:55:55, amount=15.97, type_raw='Deposit', label='Deposit', currency='USD', status_raw='Approved' → norm_status='approved'
[2025-08-25 11:33:51] ✅ [PS TRACE] Row 152: ACCEPT Deposit 15.97 USD on 2016-01-09 13:55:55 (status='Approved'→'approved')
[2025-08-25 11:33:51] 🔍 [PS TRACE] Row 153: read date=2016-01-09 14:29:44, amount=10.65, type_raw='Deposit', label='Deposit', currency='USD', status_raw='Approved' → norm_status='approved'
[2025-08-25 11:33:51] ✅ [PS TRACE] Row 153: ACCEPT Deposit 10.65 USD on 2016-01-09 14:29:44 (status='Approved'→'approved')
[2025-08-25 11:33:51] 🔍 [PS TRACE] Row 154: read date=2016-01-09 14:41:50, amount=10.65, type_raw='Deposit', label='Deposit', currency='USD', status_raw='Approved' → norm_status='approved'
[2025-08-25 11:33:51] ✅ [PS TRACE] Row 154: ACCEPT Deposit 10.65 USD on 2016-01-09 14:41:50 (status='Approved'→'approved')
[2025-08-25 11:33:51] 🔍 [PS TRACE] Row 155: read date=2016-01-10 06:22:35, amount=10.65, type_raw='Deposit', label='Deposit', currency='USD', status_raw='Approved' → norm_status='approved'
[2025-08-25 11:33:51] ✅ [PS TRACE] Row 155: ACCEPT Deposit 10.65 USD on 2016-01-10 06:22:35 (status='Approved'→'approved')
[2025-08-25 11:33:51] 🔍 [PS TRACE] Row 156: read date=2016-01-10 07:23:46, amount=10.65, type_raw='Deposit', label='Deposit', currency='USD', status_raw='Approved' → norm_status='approved'
[2025-08-25 11:33:51] ✅ [PS TRACE] Row 156: ACCEPT Deposit 10.65 USD on 2016-01-10 07:23:46 (status='Approved'→'approved')
[2025-08-25 11:33:51] 🔍 [PS TRACE] Row 157: read date=2016-01-11 10:41:18, amount=11.11, type_raw='Deposit', label='Deposit', currency='USD', status_raw='Rejected' → norm_status='rejected'
[2025-08-25 11:33:51] 🛑 [PS TRACE] Row 157: skipped — label='Deposit', status='Rejected'→'rejected' not accepted
[2025-08-25 11:33:51] 🔍 [PS TRACE] Row 158: read date=2016-01-11 08:32:32, amount=10.63, type_raw='Deposit', label='Deposit', currency='USD', status_raw='Approved' → norm_status='approved'
[2025-08-25 11:33:51] ✅ [PS TRACE] Row 158: ACCEPT Deposit 10.63 USD on 2016-01-11 08:32:32 (status='Approved'→'approved')
[2025-08-25 11:33:51] 🔍 [PS TRACE] Row 159: read date=2016-01-12 07:24:25, amount=10.58, type_raw='Deposit', label='Deposit', currency='USD', status_raw='Approved' → norm_status='approved'
[2025-08-25 11:33:51] ✅ [PS TRACE] Row 159: ACCEPT Deposit 10.58 USD on 2016-01-12 07:24:25 (status='Approved'→'approved')
[2025-08-25 11:33:51] 🔍 [PS TRACE] Row 160: read date=2016-01-12 10:05:06, amount=10.57, type_raw='Deposit', label='Deposit', currency='USD', status_raw='Rejected' → norm_status='rejected'
[2025-08-25 11:33:51] 🛑 [PS TRACE] Row 160: skipped — label='Deposit', status='Rejected'→'rejected' not accepted
[2025-08-25 11:33:51] 🔍 [PS TRACE] Row 161: read date=2016-01-12 07:56:24, amount=10.57, type_raw='Deposit', label='Deposit', currency='USD', status_raw='Approved' → norm_status='approved'
[2025-08-25 11:33:51] ✅ [PS TRACE] Row 161: ACCEPT Deposit 10.57 USD on 2016-01-12 07:56:24 (status='Approved'→'approved')
[2025-08-25 11:33:51] 🔍 [PS TRACE] Row 162: read date=2016-01-12 11:38:55, amount=15.87, type_raw='Deposit', label='Deposit', currency='USD', status_raw='Rejected' → norm_status='rejected'
[2025-08-25 11:33:51] 🛑 [PS TRACE] Row 162: skipped — label='Deposit', status='Rejected'→'rejected' not accepted
[2025-08-25 11:33:51] 🔍 [PS TRACE] Row 163: read date=2016-01-12 09:30:06, amount=15.87, type_raw='Deposit', label='Deposit', currency='USD', status_raw='Approved' → norm_status='approved'
[2025-08-25 11:33:51] ✅ [PS TRACE] Row 163: ACCEPT Deposit 15.87 USD on 2016-01-12 09:30:06 (status='Approved'→'approved')
[2025-08-25 11:33:51] 🔍 [PS TRACE] Row 164: read date=2016-01-13 12:02:09, amount=10.55, type_raw='Deposit', label='Deposit', currency='USD', status_raw='Rejected' → norm_status='rejected'
[2025-08-25 11:33:51] 🛑 [PS TRACE] Row 164: skipped — label='Deposit', status='Rejected'→'rejected' not accepted
[2025-08-25 11:33:51] 🔍 [PS TRACE] Row 165: read date=2016-01-14 08:03:06, amount=11.04, type_raw='Deposit', label='Deposit', currency='USD', status_raw='Approved' → norm_status='approved'
[2025-08-25 11:33:51] ✅ [PS TRACE] Row 165: ACCEPT Deposit 11.04 USD on 2016-01-14 08:03:06 (status='Approved'→'approved')
[2025-08-25 11:33:51] 🔍 [PS TRACE] Row 166: read date=2016-01-14 08:58:46, amount=11.14, type_raw='Deposit', label='Deposit', currency='USD', status_raw='Approved' → norm_status='approved'
[2025-08-25 11:33:51] ✅ [PS TRACE] Row 166: ACCEPT Deposit 11.14 USD on 2016-01-14 08:58:46 (status='Approved'→'approved')
[2025-08-25 11:33:51] 🔍 [PS TRACE] Row 167: read date=2016-01-15 17:09:33, amount=10.9, type_raw='Deposit', label='Deposit', currency='USD', status_raw='Rejected' → norm_status='rejected'
[2025-08-25 11:33:51] 🛑 [PS TRACE] Row 167: skipped — label='Deposit', status='Rejected'→'rejected' not accepted
[2025-08-25 11:33:51] 🔍 [PS TRACE] Row 168: read date=2016-01-15 15:00:43, amount=10.9, type_raw='Deposit', label='Deposit', currency='USD', status_raw='Approved' → norm_status='approved'
[2025-08-25 11:33:51] ✅ [PS TRACE] Row 168: ACCEPT Deposit 10.9 USD on 2016-01-15 15:00:43 (status='Approved'→'approved')
[2025-08-25 11:33:51] 🔍 [PS TRACE] Row 169: read date=2016-01-16 09:55:19, amount=11.0, type_raw='Deposit', label='Deposit', currency='USD', status_raw='Rejected' → norm_status='rejected'
[2025-08-25 11:33:51] 🛑 [PS TRACE] Row 169: skipped — label='Deposit', status='Rejected'→'rejected' not accepted
[2025-08-25 11:33:51] 🔍 [PS TRACE] Row 170: read date=2016-01-16 07:46:30, amount=11.0, type_raw='Deposit', label='Deposit', currency='USD', status_raw='Approved' → norm_status='approved'
[2025-08-25 11:33:51] ✅ [PS TRACE] Row 170: ACCEPT Deposit 11.0 USD on 2016-01-16 07:46:30 (status='Approved'→'approved')
[2025-08-25 11:33:51] 🔍 [PS TRACE] Row 171: read date=2016-01-16 09:16:34, amount=10.64, type_raw='Deposit', label='Deposit', currency='USD', status_raw='Approved' → norm_status='approved'
[2025-08-25 11:33:51] ✅ [PS TRACE] Row 171: ACCEPT Deposit 10.64 USD on 2016-01-16 09:16:34 (status='Approved'→'approved')
[2025-08-25 11:33:51] 🔍 [PS TRACE] Row 172: read date=2016-01-16 09:19:59, amount=21.28, type_raw='Deposit', label='Deposit', currency='USD', status_raw='Approved' → norm_status='approved'
[2025-08-25 11:33:51] ✅ [PS TRACE] Row 172: ACCEPT Deposit 21.28 USD on 2016-01-16 09:19:59 (status='Approved'→'approved')
[2025-08-25 11:33:51] 🔍 [PS TRACE] Row 173: read date=2016-01-20 11:20:02, amount=15.2, type_raw='Deposit', label='Deposit', currency='USD', status_raw='Approved' → norm_status='approved'
[2025-08-25 11:33:51] ✅ [PS TRACE] Row 173: ACCEPT Deposit 15.2 USD on 2016-01-20 11:20:02 (status='Approved'→'approved')
[2025-08-25 11:33:51] 🔍 [PS TRACE] Row 174: read date=2016-02-23 00:22:14, amount=31.58, type_raw='Deposit', label='Deposit', currency='USD', status_raw='Rejected' → norm_status='rejected'
[2025-08-25 11:33:51] 🛑 [PS TRACE] Row 174: skipped — label='Deposit', status='Rejected'→'rejected' not accepted
[2025-08-25 11:33:51] 🔍 [PS TRACE] Row 175: read date=2016-01-22 17:25:53, amount=31.58, type_raw='Deposit', label='Deposit', currency='USD', status_raw='Approved' → norm_status='approved'
[2025-08-25 11:33:51] ✅ [PS TRACE] Row 175: ACCEPT Deposit 31.58 USD on 2016-01-22 17:25:53 (status='Approved'→'approved')
[2025-08-25 11:33:51] 🔍 [PS TRACE] Row 176: read date=2016-01-22 19:14:35, amount=42.11, type_raw='Deposit', label='Deposit', currency='USD', status_raw='Approved' → norm_status='approved'
[2025-08-25 11:33:51] ✅ [PS TRACE] Row 176: ACCEPT Deposit 42.11 USD on 2016-01-22 19:14:35 (status='Approved'→'approved')
[2025-08-25 11:33:51] 🔍 [PS TRACE] Row 177: read date=2016-01-23 09:03:16, amount=105.28, type_raw='Deposit', label='Deposit', currency='USD', status_raw='Approved' → norm_status='approved'
[2025-08-25 11:33:51] ✅ [PS TRACE] Row 177: ACCEPT Deposit 105.28 USD on 2016-01-23 09:03:16 (status='Approved'→'approved')
[2025-08-25 11:33:51] 🔍 [PS TRACE] Row 178: read date=2016-01-23 09:22:38, amount=73.69, type_raw='Deposit', label='Deposit', currency='USD', status_raw='Approved' → norm_status='approved'
[2025-08-25 11:33:51] ✅ [PS TRACE] Row 178: ACCEPT Deposit 73.69 USD on 2016-01-23 09:22:38 (status='Approved'→'approved')
[2025-08-25 11:33:51] 🔍 [PS TRACE] Row 179: read date=2016-02-01 08:02:06, amount=12.51, type_raw='Deposit', label='Deposit', currency='USD', status_raw='Approved' → norm_status='approved'
[2025-08-25 11:33:51] ✅ [PS TRACE] Row 179: ACCEPT Deposit 12.51 USD on 2016-02-01 08:02:06 (status='Approved'→'approved')
[2025-08-25 11:33:51] 🔍 [PS TRACE] Row 180: read date=2016-02-01 11:56:06, amount=12.52, type_raw='Deposit', label='Deposit', currency='USD', status_raw='Approved' → norm_status='approved'
[2025-08-25 11:33:51] ✅ [PS TRACE] Row 180: ACCEPT Deposit 12.52 USD on 2016-02-01 11:56:06 (status='Approved'→'approved')
[2025-08-25 11:33:51] 🔍 [PS TRACE] Row 181: read date=2016-03-04 00:28:13, amount=12.53, type_raw='Deposit', label='Deposit', currency='USD', status_raw='Rejected' → norm_status='rejected'
[2025-08-25 11:33:51] 🛑 [PS TRACE] Row 181: skipped — label='Deposit', status='Rejected'→'rejected' not accepted
[2025-08-25 11:33:51] 🔍 [PS TRACE] Row 182: read date=2016-02-01 14:36:17, amount=12.53, type_raw='Deposit', label='Deposit', currency='USD', status_raw='Approved' → norm_status='approved'
[2025-08-25 11:33:51] ✅ [PS TRACE] Row 182: ACCEPT Deposit 12.53 USD on 2016-02-01 14:36:17 (status='Approved'→'approved')
[2025-08-25 11:33:51] 🔍 [PS TRACE] Row 183: read date=2016-02-26 04:23:36, amount=25.0, type_raw='Deposit', label='Deposit', currency='USD', status_raw='Approved' → norm_status='approved'
[2025-08-25 11:33:51] ✅ [PS TRACE] Row 183: ACCEPT Deposit 25.0 USD on 2016-02-26 04:23:36 (status='Approved'→'approved')
[2025-08-25 11:33:51] 🔍 [PS TRACE] Row 184: read date=2016-03-05 06:24:47, amount=12.02, type_raw='Deposit', label='Deposit', currency='USD', status_raw='Approved' → norm_status='approved'
[2025-08-25 11:33:51] ✅ [PS TRACE] Row 184: ACCEPT Deposit 12.02 USD on 2016-03-05 06:24:47 (status='Approved'→'approved')
[2025-08-25 11:33:51] 🔍 [PS TRACE] Row 185: read date=2016-03-07 10:30:20, amount=32.03, type_raw='Deposit', label='Deposit', currency='USD', status_raw='Approved' → norm_status='approved'
[2025-08-25 11:33:51] ✅ [PS TRACE] Row 185: ACCEPT Deposit 32.03 USD on 2016-03-07 10:30:20 (status='Approved'→'approved')
[2025-08-25 11:33:51] 🔍 [PS TRACE] Row 186: read date=2016-03-18 15:48:55, amount=13.0, type_raw='Deposit', label='Deposit', currency='USD', status_raw='Approved' → norm_status='approved'
[2025-08-25 11:33:51] ✅ [PS TRACE] Row 186: ACCEPT Deposit 13.0 USD on 2016-03-18 15:48:55 (status='Approved'→'approved')
[2025-08-25 11:33:51] 🔍 [PS TRACE] Row 187: read date=2016-03-26 14:50:44, amount=51.17, type_raw='Deposit', label='Deposit', currency='USD', status_raw='Approved' → norm_status='approved'
[2025-08-25 11:33:51] ✅ [PS TRACE] Row 187: ACCEPT Deposit 51.17 USD on 2016-03-26 14:50:44 (status='Approved'→'approved')
[2025-08-25 11:33:51] 🔍 [PS TRACE] Row 188: read date=2016-04-04 11:02:58, amount=11.11, type_raw='Deposit', label='Deposit', currency='USD', status_raw='Rejected' → norm_status='rejected'
[2025-08-25 11:33:51] 🛑 [PS TRACE] Row 188: skipped — label='Deposit', status='Rejected'→'rejected' not accepted
[2025-08-25 11:33:51] 🔍 [PS TRACE] Row 189: read date=2016-04-04 11:04:07, amount=11.11, type_raw='Deposit', label='Deposit', currency='USD', status_raw='Rejected' → norm_status='rejected'
[2025-08-25 11:33:51] 🛑 [PS TRACE] Row 189: skipped — label='Deposit', status='Rejected'→'rejected' not accepted
[2025-08-25 11:33:51] 🔍 [PS TRACE] Row 190: read date=2016-04-04 08:56:26, amount=11.11, type_raw='Deposit', label='Deposit', currency='USD', status_raw='Approved' → norm_status='approved'
[2025-08-25 11:33:51] ✅ [PS TRACE] Row 190: ACCEPT Deposit 11.11 USD on 2016-04-04 08:56:26 (status='Approved'→'approved')
[2025-08-25 11:33:51] 🔍 [PS TRACE] Row 191: read date=2016-04-04 09:37:11, amount=11.11, type_raw='Deposit', label='Deposit', currency='USD', status_raw='Approved' → norm_status='approved'
[2025-08-25 11:33:51] ✅ [PS TRACE] Row 191: ACCEPT Deposit 11.11 USD on 2016-04-04 09:37:11 (status='Approved'→'approved')
[2025-08-25 11:33:51] 🔍 [PS TRACE] Row 192: read date=2016-04-06 08:22:51, amount=35.39, type_raw='Deposit', label='Deposit', currency='USD', status_raw='Approved' → norm_status='approved'
[2025-08-25 11:33:51] ✅ [PS TRACE] Row 192: ACCEPT Deposit 35.39 USD on 2016-04-06 08:22:51 (status='Approved'→'approved')
[2025-08-25 11:33:51] 🔍 [PS TRACE] Row 193: read date=2016-04-06 08:49:42, amount=11.06, type_raw='Deposit', label='Deposit', currency='USD', status_raw='Approved' → norm_status='approved'
[2025-08-25 11:33:51] ✅ [PS TRACE] Row 193: ACCEPT Deposit 11.06 USD on 2016-04-06 08:49:42 (status='Approved'→'approved')
[2025-08-25 11:33:52] 🔍 [PS TRACE] Row 194: read date=2016-04-06 12:52:50, amount=20.05, type_raw='Deposit', label='Deposit', currency='USD', status_raw='Approved' → norm_status='approved'
[2025-08-25 11:33:52] ✅ [PS TRACE] Row 194: ACCEPT Deposit 20.05 USD on 2016-04-06 12:52:50 (status='Approved'→'approved')
[2025-08-25 11:33:52] 🔍 [PS TRACE] Row 195: read date=2016-04-07 04:55:19, amount=16.62, type_raw='Deposit', label='Deposit', currency='USD', status_raw='Approved' → norm_status='approved'
[2025-08-25 11:33:52] ✅ [PS TRACE] Row 195: ACCEPT Deposit 16.62 USD on 2016-04-07 04:55:19 (status='Approved'→'approved')
[2025-08-25 11:33:52] 🔍 [PS TRACE] Row 196: read date=2016-04-15 06:24:40, amount=10.98, type_raw='Deposit', label='Deposit', currency='USD', status_raw='Rejected' → norm_status='rejected'
[2025-08-25 11:33:52] 🛑 [PS TRACE] Row 196: skipped — label='Deposit', status='Rejected'→'rejected' not accepted
[2025-08-25 11:33:52] 🔍 [PS TRACE] Row 197: read date=2016-04-15 11:18:13, amount=27.48, type_raw='Deposit', label='Deposit', currency='USD', status_raw='Rejected' → norm_status='rejected'
[2025-08-25 11:33:52] 🛑 [PS TRACE] Row 197: skipped — label='Deposit', status='Rejected'→'rejected' not accepted
[2025-08-25 11:33:52] 🔍 [PS TRACE] Row 198: read date=2016-04-15 09:10:33, amount=27.48, type_raw='Deposit', label='Deposit', currency='USD', status_raw='Approved' → norm_status='approved'
[2025-08-25 11:33:52] ✅ [PS TRACE] Row 198: ACCEPT Deposit 27.48 USD on 2016-04-15 09:10:33 (status='Approved'→'approved')
[2025-08-25 11:33:52] 🔍 [PS TRACE] Row 199: read date=2016-04-15 13:22:11, amount=26.43, type_raw='Deposit', label='Deposit', currency='USD', status_raw='Approved' → norm_status='approved'
[2025-08-25 11:33:52] ✅ [PS TRACE] Row 199: ACCEPT Deposit 26.43 USD on 2016-04-15 13:22:11 (status='Approved'→'approved')
[2025-08-25 11:33:52] 🔍 [PS TRACE] Row 200: read date=2016-04-18 02:36:05, amount=27.5, type_raw='Deposit', label='Deposit', currency='USD', status_raw='Approved' → norm_status='approved'
[2025-08-25 11:33:52] ✅ [PS TRACE] Row 200: ACCEPT Deposit 27.5 USD on 2016-04-18 02:36:05 (status='Approved'→'approved')
[2025-08-25 11:33:52] 🔍 [PS TRACE] Row 201: read date=2016-04-19 13:10:42, amount=15.52, type_raw='Deposit', label='Deposit', currency='USD', status_raw='Approved' → norm_status='approved'
[2025-08-25 11:33:52] ✅ [PS TRACE] Row 201: ACCEPT Deposit 15.52 USD on 2016-04-19 13:10:42 (status='Approved'→'approved')
[2025-08-25 11:33:52] 🔍 [PS TRACE] Row 202: read date=2016-04-26 14:07:35, amount=23.11, type_raw='Deposit', label='Deposit', currency='USD', status_raw='Approved' → norm_status='approved'
[2025-08-25 11:33:52] ✅ [PS TRACE] Row 202: ACCEPT Deposit 23.11 USD on 2016-04-26 14:07:35 (status='Approved'→'approved')
[2025-08-25 11:33:52] 🔍 [PS TRACE] Row 203: read date=2016-04-26 14:54:48, amount=18.71, type_raw='Deposit', label='Deposit', currency='USD', status_raw='Approved' → norm_status='approved'
[2025-08-25 11:33:52] ✅ [PS TRACE] Row 203: ACCEPT Deposit 18.71 USD on 2016-04-26 14:54:48 (status='Approved'→'approved')
[2025-08-25 11:33:52] 🔍 [PS TRACE] Row 204: read date=2016-04-27 05:33:30, amount=11.02, type_raw='Deposit', label='Deposit', currency='USD', status_raw='Approved' → norm_status='approved'
[2025-08-25 11:33:52] ✅ [PS TRACE] Row 204: ACCEPT Deposit 11.02 USD on 2016-04-27 05:33:30 (status='Approved'→'approved')
[2025-08-25 11:33:52] 🔍 [PS TRACE] Row 205: read date=2016-04-27 06:35:17, amount=19.96, type_raw='Deposit', label='Deposit', currency='USD', status_raw='Approved' → norm_status='approved'
[2025-08-25 11:33:52] ✅ [PS TRACE] Row 205: ACCEPT Deposit 19.96 USD on 2016-04-27 06:35:17 (status='Approved'→'approved')
[2025-08-25 11:33:52] 🔍 [PS TRACE] Row 206: read date=2016-04-30 07:58:38, amount=27.91, type_raw='Deposit', label='Deposit', currency='USD', status_raw='Approved' → norm_status='approved'
[2025-08-25 11:33:52] ✅ [PS TRACE] Row 206: ACCEPT Deposit 27.91 USD on 2016-04-30 07:58:38 (status='Approved'→'approved')
[2025-08-25 11:33:52] 🔍 [PS TRACE] Row 207: read date=2016-04-30 15:19:24, amount=23.44, type_raw='Deposit', label='Deposit', currency='USD', status_raw='Approved' → norm_status='approved'
[2025-08-25 11:33:52] ✅ [PS TRACE] Row 207: ACCEPT Deposit 23.44 USD on 2016-04-30 15:19:24 (status='Approved'→'approved')
[2025-08-25 11:33:52] 🔍 [PS TRACE] Row 208: read date=2016-05-08 06:09:36, amount=22.24, type_raw='Deposit', label='Deposit', currency='USD', status_raw='Approved' → norm_status='approved'
[2025-08-25 11:33:52] ✅ [PS TRACE] Row 208: ACCEPT Deposit 22.24 USD on 2016-05-08 06:09:36 (status='Approved'→'approved')
[2025-08-25 11:33:52] 🔍 [PS TRACE] Row 209: read date=2016-05-08 06:28:27, amount=11.12, type_raw='Deposit', label='Deposit', currency='USD', status_raw='Approved' → norm_status='approved'
[2025-08-25 11:33:52] ✅ [PS TRACE] Row 209: ACCEPT Deposit 11.12 USD on 2016-05-08 06:28:27 (status='Approved'→'approved')
[2025-08-25 11:33:52] 🔍 [PS TRACE] Row 210: read date=2016-05-08 08:07:48, amount=11.12, type_raw='Deposit', label='Deposit', currency='USD', status_raw='Approved' → norm_status='approved'
[2025-08-25 11:33:52] ✅ [PS TRACE] Row 210: ACCEPT Deposit 11.12 USD on 2016-05-08 08:07:48 (status='Approved'→'approved')
[2025-08-25 11:33:52] 🔍 [PS TRACE] Row 211: read date=2016-05-08 12:49:14, amount=11.12, type_raw='Deposit', label='Deposit', currency='USD', status_raw='Approved' → norm_status='approved'
[2025-08-25 11:33:52] ✅ [PS TRACE] Row 211: ACCEPT Deposit 11.12 USD on 2016-05-08 12:49:14 (status='Approved'→'approved')
[2025-08-25 11:33:52] 🔍 [PS TRACE] Row 212: read date=2016-05-09 07:20:16, amount=13.32, type_raw='Deposit', label='Deposit', currency='USD', status_raw='Approved' → norm_status='approved'
[2025-08-25 11:33:52] ✅ [PS TRACE] Row 212: ACCEPT Deposit 13.32 USD on 2016-05-09 07:20:16 (status='Approved'→'approved')
[2025-08-25 11:33:52] 🔍 [PS TRACE] Row 213: read date=2016-05-10 15:05:15, amount=44.34, type_raw='Deposit', label='Deposit', currency='USD', status_raw='Approved' → norm_status='approved'
[2025-08-25 11:33:52] ✅ [PS TRACE] Row 213: ACCEPT Deposit 44.34 USD on 2016-05-10 15:05:15 (status='Approved'→'approved')
[2025-08-25 11:33:52] 🔍 [PS TRACE] Row 214: read date=2016-05-11 07:38:44, amount=50.0, type_raw='Redeem', label='Redeem', currency='USD', status_raw='Approved' → norm_status='approved'
[2025-08-25 11:33:52] ✅ [PS TRACE] Row 214: ACCEPT Redeem 50.0 USD on 2016-05-11 07:38:44 (status='Approved'→'approved')
[2025-08-25 11:33:52] 🔍 [PS TRACE] Row 215: read date=2016-05-11 13:55:04, amount=16.71, type_raw='Deposit', label='Deposit', currency='USD', status_raw='Approved' → norm_status='approved'
[2025-08-25 11:33:52] ✅ [PS TRACE] Row 215: ACCEPT Deposit 16.71 USD on 2016-05-11 13:55:04 (status='Approved'→'approved')
[2025-08-25 11:33:52] 🔍 [PS TRACE] Row 216: read date=2016-05-11 14:57:59, amount=14.48, type_raw='Deposit', label='Deposit', currency='USD', status_raw='Approved' → norm_status='approved'
[2025-08-25 11:33:52] ✅ [PS TRACE] Row 216: ACCEPT Deposit 14.48 USD on 2016-05-11 14:57:59 (status='Approved'→'approved')
[2025-08-25 11:33:52] 🔍 [PS TRACE] Row 217: read date=2016-05-12 03:38:29, amount=14.46, type_raw='Deposit', label='Deposit', currency='USD', status_raw='Approved' → norm_status='approved'
[2025-08-25 11:33:52] ✅ [PS TRACE] Row 217: ACCEPT Deposit 14.46 USD on 2016-05-12 03:38:29 (status='Approved'→'approved')
[2025-08-25 11:33:52] 🔍 [PS TRACE] Row 218: read date=2016-05-12 04:09:37, amount=11.12, type_raw='Deposit', label='Deposit', currency='USD', status_raw='Approved' → norm_status='approved'
[2025-08-25 11:33:52] ✅ [PS TRACE] Row 218: ACCEPT Deposit 11.12 USD on 2016-05-12 04:09:37 (status='Approved'→'approved')
[2025-08-25 11:33:52] 🔍 [PS TRACE] Row 219: read date=2016-05-12 14:40:05, amount=11.09, type_raw='Deposit', label='Deposit', currency='USD', status_raw='Approved' → norm_status='approved'
[2025-08-25 11:33:52] ✅ [PS TRACE] Row 219: ACCEPT Deposit 11.09 USD on 2016-05-12 14:40:05 (status='Approved'→'approved')
[2025-08-25 11:33:52] 🔍 [PS TRACE] Row 220: read date=2016-05-13 13:24:21, amount=13.21, type_raw='Deposit', label='Deposit', currency='USD', status_raw='Approved' → norm_status='approved'
[2025-08-25 11:33:52] ✅ [PS TRACE] Row 220: ACCEPT Deposit 13.21 USD on 2016-05-13 13:24:21 (status='Approved'→'approved')
[2025-08-25 11:33:52] 🔍 [PS TRACE] Row 221: read date=2016-05-21 13:58:20, amount=32.83, type_raw='Deposit', label='Deposit', currency='USD', status_raw='Approved' → norm_status='approved'
[2025-08-25 11:33:52] ✅ [PS TRACE] Row 221: ACCEPT Deposit 32.83 USD on 2016-05-21 13:58:20 (status='Approved'→'approved')
[2025-08-25 11:33:52] 🔍 [PS TRACE] Row 222: read date=2016-05-21 14:23:20, amount=27.35, type_raw='Deposit', label='Deposit', currency='USD', status_raw='Approved' → norm_status='approved'
[2025-08-25 11:33:52] ✅ [PS TRACE] Row 222: ACCEPT Deposit 27.35 USD on 2016-05-21 14:23:20 (status='Approved'→'approved')
[2025-08-25 11:33:52] 🔍 [PS TRACE] Row 223: read date=2016-05-21 14:42:01, amount=10.94, type_raw='Deposit', label='Deposit', currency='USD', status_raw='Approved' → norm_status='approved'
[2025-08-25 11:33:52] ✅ [PS TRACE] Row 223: ACCEPT Deposit 10.94 USD on 2016-05-21 14:42:01 (status='Approved'→'approved')
[2025-08-25 11:33:52] 🔍 [PS TRACE] Row 224: read date=2016-05-21 15:08:31, amount=10.94, type_raw='Deposit', label='Deposit', currency='USD', status_raw='Approved' → norm_status='approved'
[2025-08-25 11:33:52] ✅ [PS TRACE] Row 224: ACCEPT Deposit 10.94 USD on 2016-05-21 15:08:31 (status='Approved'→'approved')
[2025-08-25 11:33:52] 🔍 [PS TRACE] Row 225: read date=2016-05-30 11:01:20, amount=16.29, type_raw='Deposit', label='Deposit', currency='USD', status_raw='Approved' → norm_status='approved'
[2025-08-25 11:33:52] ✅ [PS TRACE] Row 225: ACCEPT Deposit 16.29 USD on 2016-05-30 11:01:20 (status='Approved'→'approved')
[2025-08-25 11:33:52] 🔍 [PS TRACE] Row 226: read date=2016-06-07 04:20:41, amount=13.29, type_raw='Deposit', label='Deposit', currency='USD', status_raw='Approved' → norm_status='approved'
[2025-08-25 11:33:52] ✅ [PS TRACE] Row 226: ACCEPT Deposit 13.29 USD on 2016-06-07 04:20:41 (status='Approved'→'approved')
[2025-08-25 11:33:52] 🔍 [PS TRACE] Row 227: read date=2016-06-07 16:15:38, amount=22.14, type_raw='Deposit', label='Deposit', currency='USD', status_raw='Approved' → norm_status='approved'
[2025-08-25 11:33:52] ✅ [PS TRACE] Row 227: ACCEPT Deposit 22.14 USD on 2016-06-07 16:15:38 (status='Approved'→'approved')
[2025-08-25 11:33:52] 🔍 [PS TRACE] Row 228: read date=2016-06-10 04:51:12, amount=15.43, type_raw='Deposit', label='Deposit', currency='USD', status_raw='Approved' → norm_status='approved'
[2025-08-25 11:33:52] ✅ [PS TRACE] Row 228: ACCEPT Deposit 15.43 USD on 2016-06-10 04:51:12 (status='Approved'→'approved')
[2025-08-25 11:33:52] 🔍 [PS TRACE] Row 229: read date=2016-06-10 17:32:29, amount=18.65, type_raw='Deposit', label='Deposit', currency='USD', status_raw='Approved' → norm_status='approved'
[2025-08-25 11:33:52] ✅ [PS TRACE] Row 229: ACCEPT Deposit 18.65 USD on 2016-06-10 17:32:29 (status='Approved'→'approved')
[2025-08-25 11:33:52] 🔍 [PS TRACE] Row 230: read date=2016-06-11 06:33:41, amount=19.74, type_raw='Deposit', label='Deposit', currency='USD', status_raw='Approved' → norm_status='approved'
[2025-08-25 11:33:52] ✅ [PS TRACE] Row 230: ACCEPT Deposit 19.74 USD on 2016-06-11 06:33:41 (status='Approved'→'approved')
[2025-08-25 11:33:52] 🔍 [PS TRACE] Row 231: read date=2016-06-19 14:42:57, amount=13.19, type_raw='Deposit', label='Deposit', currency='USD', status_raw='Approved' → norm_status='approved'
[2025-08-25 11:33:52] ✅ [PS TRACE] Row 231: ACCEPT Deposit 13.19 USD on 2016-06-19 14:42:57 (status='Approved'→'approved')
[2025-08-25 11:33:52] 🔍 [PS TRACE] Row 232: read date=2016-06-21 07:53:37, amount=15.45, type_raw='Deposit', label='Deposit', currency='USD', status_raw='Approved' → norm_status='approved'
[2025-08-25 11:33:52] ✅ [PS TRACE] Row 232: ACCEPT Deposit 15.45 USD on 2016-06-21 07:53:37 (status='Approved'→'approved')
[2025-08-25 11:33:52] 🔍 [PS TRACE] Row 233: read date=2016-06-23 12:59:28, amount=16.65, type_raw='Deposit', label='Deposit', currency='USD', status_raw='Rejected' → norm_status='rejected'
[2025-08-25 11:33:52] 🛑 [PS TRACE] Row 233: skipped — label='Deposit', status='Rejected'→'rejected' not accepted
[2025-08-25 11:33:52] 🔍 [PS TRACE] Row 234: read date=2016-06-25 10:58:15, amount=32.52, type_raw='Deposit', label='Deposit', currency='USD', status_raw='Approved' → norm_status='approved'
[2025-08-25 11:33:52] ✅ [PS TRACE] Row 234: ACCEPT Deposit 32.52 USD on 2016-06-25 10:58:15 (status='Approved'→'approved')
[2025-08-25 11:33:52] 🔍 [PS TRACE] Row 235: read date=2016-06-30 06:56:54, amount=32.62, type_raw='Deposit', label='Deposit', currency='USD', status_raw='Approved' → norm_status='approved'
[2025-08-25 11:33:52] ✅ [PS TRACE] Row 235: ACCEPT Deposit 32.62 USD on 2016-06-30 06:56:54 (status='Approved'→'approved')
[2025-08-25 11:33:52] 🔍 [PS TRACE] Row 236: read date=2016-06-30 08:08:39, amount=16.5, type_raw='Deposit', label='Deposit', currency='USD', status_raw='Approved' → norm_status='approved'
[2025-08-25 11:33:52] ✅ [PS TRACE] Row 236: ACCEPT Deposit 16.5 USD on 2016-06-30 08:08:39 (status='Approved'→'approved')
[2025-08-25 11:33:52] 🔍 [PS TRACE] Row 237: read date=2016-07-06 06:17:16, amount=26.95, type_raw='Deposit', label='Deposit', currency='USD', status_raw='Approved' → norm_status='approved'
[2025-08-25 11:33:52] ✅ [PS TRACE] Row 237: ACCEPT Deposit 26.95 USD on 2016-07-06 06:17:16 (status='Approved'→'approved')
[2025-08-25 11:33:52] 🔍 [PS TRACE] Row 238: read date=2016-07-08 08:44:18, amount=250.0, type_raw='Redeem', label='Redeem', currency='USD', status_raw='Approved' → norm_status='approved'
[2025-08-25 11:33:52] ✅ [PS TRACE] Row 238: ACCEPT Redeem 250.0 USD on 2016-07-08 08:44:18 (status='Approved'→'approved')
[2025-08-25 11:33:52] 🔍 [PS TRACE] Row 239: read date=2016-07-17 12:49:17, amount=37.65, type_raw='Deposit', label='Deposit', currency='USD', status_raw='Approved' → norm_status='approved'
[2025-08-25 11:33:52] ✅ [PS TRACE] Row 239: ACCEPT Deposit 37.65 USD on 2016-07-17 12:49:17 (status='Approved'→'approved')
[2025-08-25 11:33:52] 🔍 [PS TRACE] Row 240: read date=2016-07-18 07:04:19, amount=11.84, type_raw='Deposit', label='Deposit', currency='USD', status_raw='Approved' → norm_status='approved'
[2025-08-25 11:33:52] ✅ [PS TRACE] Row 240: ACCEPT Deposit 11.84 USD on 2016-07-18 07:04:19 (status='Approved'→'approved')
[2025-08-25 11:33:52] 🔍 [PS TRACE] Row 241: read date=2016-07-18 07:11:17, amount=10.76, type_raw='Deposit', label='Deposit', currency='USD', status_raw='Approved' → norm_status='approved'
[2025-08-25 11:33:52] ✅ [PS TRACE] Row 241: ACCEPT Deposit 10.76 USD on 2016-07-18 07:11:17 (status='Approved'→'approved')
[2025-08-25 11:33:52] 🔍 [PS TRACE] Row 242: read date=2016-07-19 14:14:58, amount=18.25, type_raw='Deposit', label='Deposit', currency='USD', status_raw='Approved' → norm_status='approved'
[2025-08-25 11:33:52] ✅ [PS TRACE] Row 242: ACCEPT Deposit 18.25 USD on 2016-07-19 14:14:58 (status='Approved'→'approved')
[2025-08-25 11:33:52] 🔍 [PS TRACE] Row 243: read date=2016-07-23 14:08:35, amount=11.02, type_raw='Deposit', label='Deposit', currency='USD', status_raw='Approved' → norm_status='approved'
[2025-08-25 11:33:52] ✅ [PS TRACE] Row 243: ACCEPT Deposit 11.02 USD on 2016-07-23 14:08:35 (status='Approved'→'approved')
[2025-08-25 11:33:52] 🔍 [PS TRACE] Row 244: read date=2016-07-25 06:19:11, amount=26.79, type_raw='Deposit', label='Deposit', currency='USD', status_raw='Approved' → norm_status='approved'
[2025-08-25 11:33:52] ✅ [PS TRACE] Row 244: ACCEPT Deposit 26.79 USD on 2016-07-25 06:19:11 (status='Approved'→'approved')
[2025-08-25 11:33:52] 🔍 [PS TRACE] Row 245: read date=2016-07-27 16:03:40, amount=21.54, type_raw='Deposit', label='Deposit', currency='USD', status_raw='Approved' → norm_status='approved'
[2025-08-25 11:33:52] ✅ [PS TRACE] Row 245: ACCEPT Deposit 21.54 USD on 2016-07-27 16:03:40 (status='Approved'→'approved')
[2025-08-25 11:33:52] 🔍 [PS TRACE] Row 246: read date=2016-07-28 15:20:33, amount=12.95, type_raw='Deposit', label='Deposit', currency='USD', status_raw='Approved' → norm_status='approved'
[2025-08-25 11:33:52] ✅ [PS TRACE] Row 246: ACCEPT Deposit 12.95 USD on 2016-07-28 15:20:33 (status='Approved'→'approved')
[2025-08-25 11:33:52] 🔍 [PS TRACE] Row 247: read date=2016-07-29 06:32:57, amount=17.7, type_raw='Deposit', label='Deposit', currency='USD', status_raw='Approved' → norm_status='approved'
[2025-08-25 11:33:52] ✅ [PS TRACE] Row 247: ACCEPT Deposit 17.7 USD on 2016-07-29 06:32:57 (status='Approved'→'approved')
[2025-08-25 11:33:52] 🔍 [PS TRACE] Row 248: read date=2016-08-19 19:01:43, amount=11.04, type_raw='Deposit', label='Deposit', currency='USD', status_raw='Rejected' → norm_status='rejected'
[2025-08-25 11:33:52] 🛑 [PS TRACE] Row 248: skipped — label='Deposit', status='Rejected'→'rejected' not accepted
[2025-08-25 11:33:52] 🔍 [PS TRACE] Row 249: read date=2016-08-19 16:53:52, amount=11.04, type_raw='Deposit', label='Deposit', currency='USD', status_raw='Approved' → norm_status='approved'
[2025-08-25 11:33:52] ✅ [PS TRACE] Row 249: ACCEPT Deposit 11.04 USD on 2016-08-19 16:53:52 (status='Approved'→'approved')
[2025-08-25 11:33:52] 🔍 [PS TRACE] Row 250: read date=2016-08-20 05:47:11, amount=18.77, type_raw='Deposit', label='Deposit', currency='USD', status_raw='Approved' → norm_status='approved'
[2025-08-25 11:33:52] ✅ [PS TRACE] Row 250: ACCEPT Deposit 18.77 USD on 2016-08-20 05:47:11 (status='Approved'→'approved')
[2025-08-25 11:33:52] 🔍 [PS TRACE] Row 251: read date=2016-09-01 13:37:45, amount=16.37, type_raw='Deposit', label='Deposit', currency='USD', status_raw='Approved' → norm_status='approved'
[2025-08-25 11:33:52] ✅ [PS TRACE] Row 251: ACCEPT Deposit 16.37 USD on 2016-09-01 13:37:45 (status='Approved'→'approved')
[2025-08-25 11:33:52] 🔍 [PS TRACE] Row 252: read date=2016-10-08 00:28:11, amount=23.05, type_raw='Deposit', label='Deposit', currency='USD', status_raw='Rejected' → norm_status='rejected'
[2025-08-25 11:33:52] 🛑 [PS TRACE] Row 252: skipped — label='Deposit', status='Rejected'→'rejected' not accepted
[2025-08-25 11:33:52] 🔍 [PS TRACE] Row 253: read date=2016-09-06 14:50:22, amount=15.36, type_raw='Deposit', label='Deposit', currency='USD', status_raw='Approved' → norm_status='approved'
[2025-08-25 11:33:52] ✅ [PS TRACE] Row 253: ACCEPT Deposit 15.36 USD on 2016-09-06 14:50:22 (status='Approved'→'approved')
[2025-08-25 11:33:52] 🔍 [PS TRACE] Row 254: read date=2016-09-07 13:28:59, amount=20.81, type_raw='Deposit', label='Deposit', currency='USD', status_raw='Approved' → norm_status='approved'
[2025-08-25 11:33:52] ✅ [PS TRACE] Row 254: ACCEPT Deposit 20.81 USD on 2016-09-07 13:28:59 (status='Approved'→'approved')
[2025-08-25 11:33:52] 🔍 [PS TRACE] Row 255: read date=2016-09-10 05:53:23, amount=11.06, type_raw='Deposit', label='Deposit', currency='USD', status_raw='Approved' → norm_status='approved'
[2025-08-25 11:33:52] ✅ [PS TRACE] Row 255: ACCEPT Deposit 11.06 USD on 2016-09-10 05:53:23 (status='Approved'→'approved')
[2025-08-25 11:33:52] 🔍 [PS TRACE] Row 256: read date=2016-09-10 14:58:55, amount=13.0, type_raw='Deposit', label='Deposit', currency='USD', status_raw='Approved' → norm_status='approved'
[2025-08-25 11:33:52] ✅ [PS TRACE] Row 256: ACCEPT Deposit 13.0 USD on 2016-09-10 14:58:55 (status='Approved'→'approved')
[2025-08-25 11:33:53] 🔍 [PS TRACE] Row 257: read date=2016-09-11 14:33:16, amount=15.33, type_raw='Deposit', label='Deposit', currency='USD', status_raw='Approved' → norm_status='approved'
[2025-08-25 11:33:53] ✅ [PS TRACE] Row 257: ACCEPT Deposit 15.33 USD on 2016-09-11 14:33:16 (status='Approved'→'approved')
[2025-08-25 11:33:53] 🔍 [PS TRACE] Row 258: read date=2016-09-17 15:26:54, amount=10.87, type_raw='Deposit', label='Deposit', currency='USD', status_raw='Approved' → norm_status='approved'
[2025-08-25 11:33:53] ✅ [PS TRACE] Row 258: ACCEPT Deposit 10.87 USD on 2016-09-17 15:26:54 (status='Approved'→'approved')
[2025-08-25 11:33:53] 🔍 [PS TRACE] Row 259: read date=2016-09-27 13:13:17, amount=15.09, type_raw='Deposit', label='Deposit', currency='USD', status_raw='Approved' → norm_status='approved'
[2025-08-25 11:33:53] ✅ [PS TRACE] Row 259: ACCEPT Deposit 15.09 USD on 2016-09-27 13:13:17 (status='Approved'→'approved')
[2025-08-25 11:33:53] 🔍 [PS TRACE] Row 260: read date=2016-09-30 09:57:08, amount=10.0, type_raw='Deposit', label='Deposit', currency='EUR', status_raw='Approved' → norm_status='approved'
[2025-08-25 11:33:53] ✅ [PS TRACE] Row 260: ACCEPT Deposit 10.0 EUR on 2016-09-30 09:57:08 (status='Approved'→'approved')
[2025-08-25 11:33:53] 🔍 [PS TRACE] Row 261: read date=2016-11-05 00:26:54, amount=10.91, type_raw='Deposit', label='Deposit', currency='USD', status_raw='Rejected' → norm_status='rejected'
[2025-08-25 11:33:53] 🛑 [PS TRACE] Row 261: skipped — label='Deposit', status='Rejected'→'rejected' not accepted
[2025-08-25 11:33:53] 🔍 [PS TRACE] Row 262: read date=2016-10-05 08:47:29, amount=12.02, type_raw='Deposit', label='Deposit', currency='USD', status_raw='Approved' → norm_status='approved'
[2025-08-25 11:33:53] ✅ [PS TRACE] Row 262: ACCEPT Deposit 12.02 USD on 2016-10-05 08:47:29 (status='Approved'→'approved')
[2025-08-25 11:33:53] 🔍 [PS TRACE] Row 263: read date=2016-11-07 00:37:39, amount=10.9, type_raw='Deposit', label='Deposit', currency='USD', status_raw='Rejected' → norm_status='rejected'
[2025-08-25 11:33:53] 🛑 [PS TRACE] Row 263: skipped — label='Deposit', status='Rejected'→'rejected' not accepted
[2025-08-25 11:33:53] 🔍 [PS TRACE] Row 264: read date=2016-10-07 12:42:51, amount=38.06, type_raw='Deposit', label='Deposit', currency='USD', status_raw='Approved' → norm_status='approved'
[2025-08-25 11:33:53] ✅ [PS TRACE] Row 264: ACCEPT Deposit 38.06 USD on 2016-10-07 12:42:51 (status='Approved'→'approved')
[2025-08-25 11:33:53] 🔍 [PS TRACE] Row 265: read date=2016-10-08 06:06:05, amount=10.92, type_raw='Deposit', label='Deposit', currency='USD', status_raw='Approved' → norm_status='approved'
[2025-08-25 11:33:53] ✅ [PS TRACE] Row 265: ACCEPT Deposit 10.92 USD on 2016-10-08 06:06:05 (status='Approved'→'approved')
[2025-08-25 11:33:53] 🔍 [PS TRACE] Row 266: read date=2016-10-08 06:19:17, amount=10.92, type_raw='Deposit', label='Deposit', currency='USD', status_raw='Approved' → norm_status='approved'
[2025-08-25 11:33:53] ✅ [PS TRACE] Row 266: ACCEPT Deposit 10.92 USD on 2016-10-08 06:19:17 (status='Approved'→'approved')
[2025-08-25 11:33:53] 🔍 [PS TRACE] Row 267: read date=2016-10-08 13:34:28, amount=18.02, type_raw='Deposit', label='Deposit', currency='USD', status_raw='Approved' → norm_status='approved'
[2025-08-25 11:33:53] ✅ [PS TRACE] Row 267: ACCEPT Deposit 18.02 USD on 2016-10-08 13:34:28 (status='Approved'→'approved')
[2025-08-25 11:33:53] 🔍 [PS TRACE] Row 268: read date=2016-10-19 05:40:50, amount=10.72, type_raw='Deposit', label='Deposit', currency='USD', status_raw='Approved' → norm_status='approved'
[2025-08-25 11:33:53] ✅ [PS TRACE] Row 268: ACCEPT Deposit 10.72 USD on 2016-10-19 05:40:50 (status='Approved'→'approved')
[2025-08-25 11:33:53] 🔍 [PS TRACE] Row 269: read date=2016-10-19 21:29:46, amount=400.0, type_raw='Redeem', label='Redeem', currency='USD', status_raw='Approved' → norm_status='approved'
[2025-08-25 11:33:53] ✅ [PS TRACE] Row 269: ACCEPT Redeem 400.0 USD on 2016-10-19 21:29:46 (status='Approved'→'approved')
[2025-08-25 11:33:53] 🔍 [PS TRACE] Row 270: read date=2016-10-24 05:02:52, amount=10.61, type_raw='Deposit', label='Deposit', currency='USD', status_raw='Approved' → norm_status='approved'
[2025-08-25 11:33:53] ✅ [PS TRACE] Row 270: ACCEPT Deposit 10.61 USD on 2016-10-24 05:02:52 (status='Approved'→'approved')
[2025-08-25 11:33:53] 🔍 [PS TRACE] Row 271: read date=2016-10-24 13:47:22, amount=10.6, type_raw='Deposit', label='Deposit', currency='USD', status_raw='Approved' → norm_status='approved'
[2025-08-25 11:33:53] ✅ [PS TRACE] Row 271: ACCEPT Deposit 10.6 USD on 2016-10-24 13:47:22 (status='Approved'→'approved')
[2025-08-25 11:33:53] 🔍 [PS TRACE] Row 272: read date=2016-10-24 14:15:42, amount=10.6, type_raw='Deposit', label='Deposit', currency='USD', status_raw='Approved' → norm_status='approved'
[2025-08-25 11:33:53] ✅ [PS TRACE] Row 272: ACCEPT Deposit 10.6 USD on 2016-10-24 14:15:42 (status='Approved'→'approved')
[2025-08-25 11:33:53] 🔍 [PS TRACE] Row 273: read date=2016-10-25 12:53:05, amount=24.41, type_raw='Deposit', label='Deposit', currency='USD', status_raw='Approved' → norm_status='approved'
[2025-08-25 11:33:53] ✅ [PS TRACE] Row 273: ACCEPT Deposit 24.41 USD on 2016-10-25 12:53:05 (status='Approved'→'approved')
[2025-08-25 11:33:53] 🔍 [PS TRACE] Row 274: read date=2016-10-30 08:23:56, amount=10.71, type_raw='Deposit', label='Deposit', currency='USD', status_raw='Approved' → norm_status='approved'
[2025-08-25 11:33:53] ✅ [PS TRACE] Row 274: ACCEPT Deposit 10.71 USD on 2016-10-30 08:23:56 (status='Approved'→'approved')
[2025-08-25 11:33:53] 🔍 [PS TRACE] Row 275: read date=2016-10-31 13:59:09, amount=14.96, type_raw='Deposit', label='Deposit', currency='USD', status_raw='Approved' → norm_status='approved'
[2025-08-25 11:33:53] ✅ [PS TRACE] Row 275: ACCEPT Deposit 14.96 USD on 2016-10-31 13:59:09 (status='Approved'→'approved')
[2025-08-25 11:33:53] 🔍 [PS TRACE] Row 276: read date=2016-11-01 13:35:25, amount=26.94, type_raw='Deposit', label='Deposit', currency='USD', status_raw='Approved' → norm_status='approved'
[2025-08-25 11:33:53] ✅ [PS TRACE] Row 276: ACCEPT Deposit 26.94 USD on 2016-11-01 13:35:25 (status='Approved'→'approved')
[2025-08-25 11:33:53] 🔍 [PS TRACE] Row 277: read date=2016-11-02 04:40:01, amount=10.81, type_raw='Deposit', label='Deposit', currency='USD', status_raw='Approved' → norm_status='approved'
[2025-08-25 11:33:53] ✅ [PS TRACE] Row 277: ACCEPT Deposit 10.81 USD on 2016-11-02 04:40:01 (status='Approved'→'approved')
[2025-08-25 11:33:53] 🔍 [PS TRACE] Row 278: read date=2016-11-04 06:02:24, amount=18.39, type_raw='Deposit', label='Deposit', currency='USD', status_raw='Approved' → norm_status='approved'
[2025-08-25 11:33:53] ✅ [PS TRACE] Row 278: ACCEPT Deposit 18.39 USD on 2016-11-04 06:02:24 (status='Approved'→'approved')
[2025-08-25 11:33:53] 🔍 [PS TRACE] Row 279: read date=2016-12-10 00:33:16, amount=10.74, type_raw='Deposit', label='Deposit', currency='USD', status_raw='Rejected' → norm_status='rejected'
[2025-08-25 11:33:53] 🛑 [PS TRACE] Row 279: skipped — label='Deposit', status='Rejected'→'rejected' not accepted
[2025-08-25 11:33:53] 🔍 [PS TRACE] Row 280: read date=2016-11-08 13:36:31, amount=10.74, type_raw='Deposit', label='Deposit', currency='USD', status_raw='Approved' → norm_status='approved'
[2025-08-25 11:33:53] ✅ [PS TRACE] Row 280: ACCEPT Deposit 10.74 USD on 2016-11-08 13:36:31 (status='Approved'→'approved')
[2025-08-25 11:33:53] 🔍 [PS TRACE] Row 281: read date=2016-11-11 04:18:21, amount=18.56, type_raw='Deposit', label='Deposit', currency='USD', status_raw='Approved' → norm_status='approved'
[2025-08-25 11:33:53] ✅ [PS TRACE] Row 281: ACCEPT Deposit 18.56 USD on 2016-11-11 04:18:21 (status='Approved'→'approved')
[2025-08-25 11:33:53] 🔍 [PS TRACE] Row 282: read date=2016-11-14 06:58:27, amount=10.49, type_raw='Deposit', label='Deposit', currency='USD', status_raw='Approved' → norm_status='approved'
[2025-08-25 11:33:53] ✅ [PS TRACE] Row 282: ACCEPT Deposit 10.49 USD on 2016-11-14 06:58:27 (status='Approved'→'approved')
[2025-08-25 11:33:53] 🔍 [PS TRACE] Row 283: read date=2016-11-14 07:02:20, amount=10.49, type_raw='Deposit', label='Deposit', currency='USD', status_raw='Approved' → norm_status='approved'
[2025-08-25 11:33:53] ✅ [PS TRACE] Row 283: ACCEPT Deposit 10.49 USD on 2016-11-14 07:02:20 (status='Approved'→'approved')
[2025-08-25 11:33:53] 🔍 [PS TRACE] Row 284: read date=2016-11-15 15:15:10, amount=10.45, type_raw='Deposit', label='Deposit', currency='USD', status_raw='Approved' → norm_status='approved'
[2025-08-25 11:33:53] ✅ [PS TRACE] Row 284: ACCEPT Deposit 10.45 USD on 2016-11-15 15:15:10 (status='Approved'→'approved')
[2025-08-25 11:33:53] 🔍 [PS TRACE] Row 285: read date=2016-11-22 13:37:50, amount=13.45, type_raw='Deposit', label='Deposit', currency='USD', status_raw='Approved' → norm_status='approved'
[2025-08-25 11:33:53] ✅ [PS TRACE] Row 285: ACCEPT Deposit 13.45 USD on 2016-11-22 13:37:50 (status='Approved'→'approved')
[2025-08-25 11:33:53] 🔍 [PS TRACE] Row 286: read date=2016-11-24 04:05:35, amount=10.29, type_raw='Deposit', label='Deposit', currency='USD', status_raw='Approved' → norm_status='approved'
[2025-08-25 11:33:53] ✅ [PS TRACE] Row 286: ACCEPT Deposit 10.29 USD on 2016-11-24 04:05:35 (status='Approved'→'approved')
[2025-08-25 11:33:53] 🔍 [PS TRACE] Row 287: read date=2016-11-24 08:54:22, amount=10.29, type_raw='Deposit', label='Deposit', currency='USD', status_raw='Approved' → norm_status='approved'
[2025-08-25 11:33:53] ✅ [PS TRACE] Row 287: ACCEPT Deposit 10.29 USD on 2016-11-24 08:54:22 (status='Approved'→'approved')
[2025-08-25 11:33:53] 🔍 [PS TRACE] Row 288: read date=2016-11-25 09:17:47, amount=10.33, type_raw='Deposit', label='Deposit', currency='USD', status_raw='Approved' → norm_status='approved'
[2025-08-25 11:33:53] ✅ [PS TRACE] Row 288: ACCEPT Deposit 10.33 USD on 2016-11-25 09:17:47 (status='Approved'→'approved')
[2025-08-25 11:33:53] 🔍 [PS TRACE] Row 289: read date=2016-11-26 05:58:42, amount=20.65, type_raw='Deposit', label='Deposit', currency='USD', status_raw='Approved' → norm_status='approved'
[2025-08-25 11:33:53] ✅ [PS TRACE] Row 289: ACCEPT Deposit 20.65 USD on 2016-11-26 05:58:42 (status='Approved'→'approved')
[2025-08-25 11:33:53] 🔍 [PS TRACE] Row 290: read date=2016-11-28 21:04:55, amount=43.0, type_raw='Redeem', label='Redeem', currency='USD', status_raw='Approved' → norm_status='approved'
[2025-08-25 11:33:53] ✅ [PS TRACE] Row 290: ACCEPT Redeem 43.0 USD on 2016-11-28 21:04:55 (status='Approved'→'approved')
[2025-08-25 11:33:53] 🔍 [PS TRACE] Row 291: read date=2016-12-01 15:25:37, amount=25.43, type_raw='Deposit', label='Deposit', currency='USD', status_raw='Approved' → norm_status='approved'
[2025-08-25 11:33:53] ✅ [PS TRACE] Row 291: ACCEPT Deposit 25.43 USD on 2016-12-01 15:25:37 (status='Approved'→'approved')
[2025-08-25 11:33:53] 🔍 [PS TRACE] Row 292: read date=2016-12-05 11:16:15, amount=10.45, type_raw='Deposit', label='Deposit', currency='USD', status_raw='Approved' → norm_status='approved'
[2025-08-25 11:33:53] ✅ [PS TRACE] Row 292: ACCEPT Deposit 10.45 USD on 2016-12-05 11:16:15 (status='Approved'→'approved')
[2025-08-25 11:33:53] 🔍 [PS TRACE] Row 293: read date=2016-12-06 19:52:33, amount=224.0, type_raw='Redeem', label='Redeem', currency='USD', status_raw='Approved' → norm_status='approved'
[2025-08-25 11:33:53] ✅ [PS TRACE] Row 293: ACCEPT Redeem 224.0 USD on 2016-12-06 19:52:33 (status='Approved'→'approved')
[2025-08-25 11:33:53] 🔍 [PS TRACE] Row 294: read date=2016-12-13 14:52:21, amount=17.6, type_raw='Deposit', label='Deposit', currency='USD', status_raw='Approved' → norm_status='approved'
[2025-08-25 11:33:53] ✅ [PS TRACE] Row 294: ACCEPT Deposit 17.6 USD on 2016-12-13 14:52:21 (status='Approved'→'approved')
[2025-08-25 11:33:53] 🔍 [PS TRACE] Row 295: read date=2016-12-15 19:21:02, amount=20.3, type_raw='Deposit', label='Deposit', currency='USD', status_raw='Approved' → norm_status='approved'
[2025-08-25 11:33:53] ✅ [PS TRACE] Row 295: ACCEPT Deposit 20.3 USD on 2016-12-15 19:21:02 (status='Approved'→'approved')
[2025-08-25 11:33:53] 🔍 [PS TRACE] Row 296: read date=2016-12-16 04:26:32, amount=23.0, type_raw='Redeem', label='Redeem', currency='USD', status_raw='Approved' → norm_status='approved'
[2025-08-25 11:33:53] ✅ [PS TRACE] Row 296: ACCEPT Redeem 23.0 USD on 2016-12-16 04:26:32 (status='Approved'→'approved')
[2025-08-25 11:33:53] 🔍 [PS TRACE] Row 297: read date=2016-12-16 05:15:50, amount=20.39, type_raw='Deposit', label='Deposit', currency='USD', status_raw='Approved' → norm_status='approved'
[2025-08-25 11:33:53] ✅ [PS TRACE] Row 297: ACCEPT Deposit 20.39 USD on 2016-12-16 05:15:50 (status='Approved'→'approved')
[2025-08-25 11:33:53] 🔍 [PS TRACE] Row 298: read date=2016-12-16 16:50:25, amount=30.0, type_raw='Deposit', label='Deposit', currency='EUR', status_raw='Approved' → norm_status='approved'
[2025-08-25 11:33:53] ✅ [PS TRACE] Row 298: ACCEPT Deposit 30.0 EUR on 2016-12-16 16:50:25 (status='Approved'→'approved')
[2025-08-25 11:33:53] 🔍 [PS TRACE] Row 299: read date=2016-12-21 05:08:11, amount=17.93, type_raw='Deposit', label='Deposit', currency='USD', status_raw='Approved' → norm_status='approved'
[2025-08-25 11:33:53] ✅ [PS TRACE] Row 299: ACCEPT Deposit 17.93 USD on 2016-12-21 05:08:11 (status='Approved'→'approved')
[2025-08-25 11:33:53] 🔍 [PS TRACE] Row 300: read date=2016-12-29 05:56:08, amount=15.31, type_raw='Deposit', label='Deposit', currency='USD', status_raw='Approved' → norm_status='approved'
[2025-08-25 11:33:53] ✅ [PS TRACE] Row 300: ACCEPT Deposit 15.31 USD on 2016-12-29 05:56:08 (status='Approved'→'approved')
[2025-08-25 11:33:53] 🔍 [PS TRACE] Row 301: read date=2017-01-04 13:37:04, amount=20.42, type_raw='Deposit', label='Deposit', currency='USD', status_raw='Approved' → norm_status='approved'
[2025-08-25 11:33:53] ✅ [PS TRACE] Row 301: ACCEPT Deposit 20.42 USD on 2017-01-04 13:37:04 (status='Approved'→'approved')
[2025-08-25 11:33:53] 🔍 [PS TRACE] Row 302: read date=2017-01-10 10:41:06, amount=30.96, type_raw='Deposit', label='Deposit', currency='USD', status_raw='Approved' → norm_status='approved'
[2025-08-25 11:33:53] ✅ [PS TRACE] Row 302: ACCEPT Deposit 30.96 USD on 2017-01-10 10:41:06 (status='Approved'→'approved')
[2025-08-25 11:33:53] 🔍 [PS TRACE] Row 303: read date=2017-01-24 05:54:36, amount=17.79, type_raw='Deposit', label='Deposit', currency='USD', status_raw='Approved' → norm_status='approved'
[2025-08-25 11:33:53] ✅ [PS TRACE] Row 303: ACCEPT Deposit 17.79 USD on 2017-01-24 05:54:36 (status='Approved'→'approved')
[2025-08-25 11:33:53] 🔍 [PS TRACE] Row 304: read date=2017-02-04 15:23:14, amount=10.51, type_raw='Deposit', label='Deposit', currency='USD', status_raw='Approved' → norm_status='approved'
[2025-08-25 11:33:53] ✅ [PS TRACE] Row 304: ACCEPT Deposit 10.51 USD on 2017-02-04 15:23:14 (status='Approved'→'approved')
[2025-08-25 11:33:53] 🔍 [PS TRACE] Row 305: read date=2017-03-14 00:53:45, amount=17.64, type_raw='Deposit', label='Deposit', currency='USD', status_raw='Rejected' → norm_status='rejected'
[2025-08-25 11:33:53] 🛑 [PS TRACE] Row 305: skipped — label='Deposit', status='Rejected'→'rejected' not accepted
[2025-08-25 11:33:53] 🔍 [PS TRACE] Row 306: read date=2017-02-10 06:07:16, amount=17.64, type_raw='Deposit', label='Deposit', currency='USD', status_raw='Approved' → norm_status='approved'
[2025-08-25 11:33:53] ✅ [PS TRACE] Row 306: ACCEPT Deposit 17.64 USD on 2017-02-10 06:07:16 (status='Approved'→'approved')
[2025-08-25 11:33:53] 🔍 [PS TRACE] Row 307: read date=2017-02-13 06:10:17, amount=15.56, type_raw='Deposit', label='Deposit', currency='USD', status_raw='Approved' → norm_status='approved'
[2025-08-25 11:33:53] ✅ [PS TRACE] Row 307: ACCEPT Deposit 15.56 USD on 2017-02-13 06:10:17 (status='Approved'→'approved')
[2025-08-25 11:33:53] 🔍 [PS TRACE] Row 308: read date=2017-03-17 00:53:29, amount=11.41, type_raw='Deposit', label='Deposit', currency='USD', status_raw='Rejected' → norm_status='rejected'
[2025-08-25 11:33:53] 🛑 [PS TRACE] Row 308: skipped — label='Deposit', status='Rejected'→'rejected' not accepted
[2025-08-25 11:33:53] 🔍 [PS TRACE] Row 309: read date=2017-02-13 06:41:59, amount=10.37, type_raw='Deposit', label='Deposit', currency='USD', status_raw='Approved' → norm_status='approved'
[2025-08-25 11:33:53] ✅ [PS TRACE] Row 309: ACCEPT Deposit 10.37 USD on 2017-02-13 06:41:59 (status='Approved'→'approved')
[2025-08-25 11:33:53] 🔍 [PS TRACE] Row 310: read date=2017-02-14 08:12:10, amount=10.35, type_raw='Deposit', label='Deposit', currency='USD', status_raw='Approved' → norm_status='approved'
[2025-08-25 11:33:53] ✅ [PS TRACE] Row 310: ACCEPT Deposit 10.35 USD on 2017-02-14 08:12:10 (status='Approved'→'approved')
[2025-08-25 11:33:53] 🔍 [PS TRACE] Row 311: read date=2017-02-16 12:41:04, amount=17.66, type_raw='Deposit', label='Deposit', currency='USD', status_raw='Approved' → norm_status='approved'
[2025-08-25 11:33:53] ✅ [PS TRACE] Row 311: ACCEPT Deposit 17.66 USD on 2017-02-16 12:41:04 (status='Approved'→'approved')
[2025-08-25 11:33:53] 🔍 [PS TRACE] Row 312: read date=2017-02-18 05:37:02, amount=12.42, type_raw='Deposit', label='Deposit', currency='USD', status_raw='Approved' → norm_status='approved'
[2025-08-25 11:33:53] ✅ [PS TRACE] Row 312: ACCEPT Deposit 12.42 USD on 2017-02-18 05:37:02 (status='Approved'→'approved')
[2025-08-25 11:33:53] 🔍 [PS TRACE] Row 313: read date=2017-02-18 09:05:49, amount=10.35, type_raw='Deposit', label='Deposit', currency='USD', status_raw='Approved' → norm_status='approved'
[2025-08-25 11:33:53] ✅ [PS TRACE] Row 313: ACCEPT Deposit 10.35 USD on 2017-02-18 09:05:49 (status='Approved'→'approved')
[2025-08-25 11:33:53] 🔍 [PS TRACE] Row 314: read date=2017-02-20 08:08:53, amount=10.34, type_raw='Deposit', label='Deposit', currency='USD', status_raw='Approved' → norm_status='approved'
[2025-08-25 11:33:53] ✅ [PS TRACE] Row 314: ACCEPT Deposit 10.34 USD on 2017-02-20 08:08:53 (status='Approved'→'approved')
[2025-08-25 11:33:53] 🔍 [PS TRACE] Row 315: read date=2017-02-24 10:35:33, amount=10.31, type_raw='Deposit', label='Deposit', currency='USD', status_raw='Approved' → norm_status='approved'
[2025-08-25 11:33:53] ✅ [PS TRACE] Row 315: ACCEPT Deposit 10.31 USD on 2017-02-24 10:35:33 (status='Approved'→'approved')
[2025-08-25 11:33:53] 🔍 [PS TRACE] Row 316: read date=2017-02-25 06:54:17, amount=10.29, type_raw='Deposit', label='Deposit', currency='USD', status_raw='Approved' → norm_status='approved'
[2025-08-25 11:33:53] ✅ [PS TRACE] Row 316: ACCEPT Deposit 10.29 USD on 2017-02-25 06:54:17 (status='Approved'→'approved')
[2025-08-25 11:33:53] 🔍 [PS TRACE] Row 317: read date=2017-03-01 09:39:08, amount=10.26, type_raw='Deposit', label='Deposit', currency='USD', status_raw='Approved' → norm_status='approved'
[2025-08-25 11:33:53] ✅ [PS TRACE] Row 317: ACCEPT Deposit 10.26 USD on 2017-03-01 09:39:08 (status='Approved'→'approved')
[2025-08-25 11:33:53] 🔍 [PS TRACE] Row 318: read date=2017-03-04 09:37:44, amount=20.71, type_raw='Deposit', label='Deposit', currency='USD', status_raw='Approved' → norm_status='approved'
[2025-08-25 11:33:53] ✅ [PS TRACE] Row 318: ACCEPT Deposit 20.71 USD on 2017-03-04 09:37:44 (status='Approved'→'approved')
[2025-08-25 11:33:53] 🔍 [PS TRACE] Row 319: read date=2017-03-06 04:57:35, amount=10.35, type_raw='Deposit', label='Deposit', currency='USD', status_raw='Approved' → norm_status='approved'
[2025-08-25 11:33:54] ✅ [PS TRACE] Row 319: ACCEPT Deposit 10.35 USD on 2017-03-06 04:57:35 (status='Approved'→'approved')
[2025-08-25 11:33:54] 🔍 [PS TRACE] Row 320: read date=2017-03-06 05:56:31, amount=11.04, type_raw='Deposit', label='Deposit', currency='USD', status_raw='Approved' → norm_status='approved'
[2025-08-25 11:33:54] ✅ [PS TRACE] Row 320: ACCEPT Deposit 11.04 USD on 2017-03-06 05:56:31 (status='Approved'→'approved')
[2025-08-25 11:33:54] 🔍 [PS TRACE] Row 321: read date=2017-03-09 12:25:06, amount=10.31, type_raw='Deposit', label='Deposit', currency='USD', status_raw='Approved' → norm_status='approved'
[2025-08-25 11:33:54] ✅ [PS TRACE] Row 321: ACCEPT Deposit 10.31 USD on 2017-03-09 12:25:06 (status='Approved'→'approved')
[2025-08-25 11:33:54] 🔍 [PS TRACE] Row 322: read date=2017-03-10 10:52:53, amount=10.36, type_raw='Deposit', label='Deposit', currency='USD', status_raw='Approved' → norm_status='approved'
[2025-08-25 11:33:54] ✅ [PS TRACE] Row 322: ACCEPT Deposit 10.36 USD on 2017-03-10 10:52:53 (status='Approved'→'approved')
[2025-08-25 11:33:54] 🔍 [PS TRACE] Row 323: read date=2017-03-17 10:34:34, amount=10.48, type_raw='Deposit', label='Deposit', currency='USD', status_raw='Approved' → norm_status='approved'
[2025-08-25 11:33:54] ✅ [PS TRACE] Row 323: ACCEPT Deposit 10.48 USD on 2017-03-17 10:34:34 (status='Approved'→'approved')
[2025-08-25 11:33:54] 🔍 [PS TRACE] Row 324: read date=2017-03-20 12:45:25, amount=12.56, type_raw='Deposit', label='Deposit', currency='USD', status_raw='Approved' → norm_status='approved'
[2025-08-25 11:33:54] ✅ [PS TRACE] Row 324: ACCEPT Deposit 12.56 USD on 2017-03-20 12:45:25 (status='Approved'→'approved')
[2025-08-25 11:33:54] 🔍 [PS TRACE] Row 325: read date=2017-03-21 09:43:01, amount=10.53, type_raw='Deposit', label='Deposit', currency='USD', status_raw='Approved' → norm_status='approved'
[2025-08-25 11:33:54] ✅ [PS TRACE] Row 325: ACCEPT Deposit 10.53 USD on 2017-03-21 09:43:01 (status='Approved'→'approved')
[2025-08-25 11:33:54] 🔍 [PS TRACE] Row 326: read date=2017-04-08 06:47:49, amount=10.32, type_raw='Deposit', label='Deposit', currency='USD', status_raw='Approved' → norm_status='approved'
[2025-08-25 11:33:54] ✅ [PS TRACE] Row 326: ACCEPT Deposit 10.32 USD on 2017-04-08 06:47:49 (status='Approved'→'approved')
[2025-08-25 11:33:54] 🔍 [PS TRACE] Row 327: read date=2017-04-20 12:29:14, amount=26.19, type_raw='Deposit', label='Deposit', currency='USD', status_raw='Approved' → norm_status='approved'
[2025-08-25 11:33:54] ✅ [PS TRACE] Row 327: ACCEPT Deposit 26.19 USD on 2017-04-20 12:29:14 (status='Approved'→'approved')
[2025-08-25 11:33:54] 🔍 [PS TRACE] Row 328: read date=2017-04-26 17:13:44, amount=26.57, type_raw='Deposit', label='Deposit', currency='USD', status_raw='Approved' → norm_status='approved'
[2025-08-25 11:33:54] ✅ [PS TRACE] Row 328: ACCEPT Deposit 26.57 USD on 2017-04-26 17:13:44 (status='Approved'→'approved')
[2025-08-25 11:33:54] 🔍 [PS TRACE] Row 329: read date=2017-04-28 12:36:47, amount=14.87, type_raw='Deposit', label='Deposit', currency='USD', status_raw='Approved' → norm_status='approved'
[2025-08-25 11:33:54] ✅ [PS TRACE] Row 329: ACCEPT Deposit 14.87 USD on 2017-04-28 12:36:47 (status='Approved'→'approved')
[2025-08-25 11:33:54] 🔍 [PS TRACE] Row 330: read date=2017-05-02 11:17:36, amount=18.07, type_raw='Deposit', label='Deposit', currency='USD', status_raw='Approved' → norm_status='approved'
[2025-08-25 11:33:54] ✅ [PS TRACE] Row 330: ACCEPT Deposit 18.07 USD on 2017-05-02 11:17:36 (status='Approved'→'approved')
[2025-08-25 11:33:54] 🔍 [PS TRACE] Row 331: read date=2017-05-02 13:16:41, amount=15.95, type_raw='Deposit', label='Deposit', currency='USD', status_raw='Approved' → norm_status='approved'
[2025-08-25 11:33:54] ✅ [PS TRACE] Row 331: ACCEPT Deposit 15.95 USD on 2017-05-02 13:16:41 (status='Approved'→'approved')
[2025-08-25 11:33:54] 🔍 [PS TRACE] Row 332: read date=2017-05-03 06:04:32, amount=13.82, type_raw='Deposit', label='Deposit', currency='USD', status_raw='Approved' → norm_status='approved'
[2025-08-25 11:33:54] ✅ [PS TRACE] Row 332: ACCEPT Deposit 13.82 USD on 2017-05-03 06:04:32 (status='Approved'→'approved')
[2025-08-25 11:33:54] 🔍 [PS TRACE] Row 333: read date=2017-05-04 11:08:53, amount=21.34, type_raw='Deposit', label='Deposit', currency='USD', status_raw='Approved' → norm_status='approved'
[2025-08-25 11:33:54] ✅ [PS TRACE] Row 333: ACCEPT Deposit 21.34 USD on 2017-05-04 11:08:53 (status='Approved'→'approved')
[2025-08-25 11:33:54] 🔍 [PS TRACE] Row 334: read date=2017-05-06 14:15:46, amount=19.3, type_raw='Deposit', label='Deposit', currency='USD', status_raw='Approved' → norm_status='approved'
[2025-08-25 11:33:54] ✅ [PS TRACE] Row 334: ACCEPT Deposit 19.3 USD on 2017-05-06 14:15:46 (status='Approved'→'approved')
[2025-08-25 11:33:54] 🔍 [PS TRACE] Row 335: read date=2017-05-11 10:36:26, amount=21.19, type_raw='Deposit', label='Deposit', currency='USD', status_raw='Approved' → norm_status='approved'
[2025-08-25 11:33:54] ✅ [PS TRACE] Row 335: ACCEPT Deposit 21.19 USD on 2017-05-11 10:36:26 (status='Approved'→'approved')
[2025-08-25 11:33:54] 🔍 [PS TRACE] Row 336: read date=2017-05-19 11:14:47, amount=43.66, type_raw='Deposit', label='Deposit', currency='USD', status_raw='Approved' → norm_status='approved'
[2025-08-25 11:33:54] ✅ [PS TRACE] Row 336: ACCEPT Deposit 43.66 USD on 2017-05-19 11:14:47 (status='Approved'→'approved')
[2025-08-25 11:33:54] 🔍 [PS TRACE] Row 337: read date=2017-05-20 09:26:02, amount=21.84, type_raw='Deposit', label='Deposit', currency='USD', status_raw='Approved' → norm_status='approved'
[2025-08-25 11:33:54] ✅ [PS TRACE] Row 337: ACCEPT Deposit 21.84 USD on 2017-05-20 09:26:02 (status='Approved'→'approved')
[2025-08-25 11:33:54] 🔍 [PS TRACE] Row 338: read date=2017-06-24 00:34:47, amount=16.42, type_raw='Deposit', label='Deposit', currency='USD', status_raw='Rejected' → norm_status='rejected'
[2025-08-25 11:33:54] 🛑 [PS TRACE] Row 338: skipped — label='Deposit', status='Rejected'→'rejected' not accepted
[2025-08-25 11:33:54] 🔍 [PS TRACE] Row 339: read date=2017-05-23 12:13:17, amount=16.37, type_raw='Deposit', label='Deposit', currency='USD', status_raw='Approved' → norm_status='approved'
[2025-08-25 11:33:54] ✅ [PS TRACE] Row 339: ACCEPT Deposit 16.37 USD on 2017-05-23 12:13:17 (status='Approved'→'approved')
[2025-08-25 11:33:54] 🔍 [PS TRACE] Row 340: read date=2017-05-26 13:30:46, amount=21.79, type_raw='Deposit', label='Deposit', currency='USD', status_raw='Approved' → norm_status='approved'
[2025-08-25 11:33:54] ✅ [PS TRACE] Row 340: ACCEPT Deposit 21.79 USD on 2017-05-26 13:30:46 (status='Approved'→'approved')
[2025-08-25 11:33:54] 🔍 [PS TRACE] Row 341: read date=2017-05-28 13:34:04, amount=51.23, type_raw='Deposit', label='Deposit', currency='USD', status_raw='Approved' → norm_status='approved'
[2025-08-25 11:33:54] ✅ [PS TRACE] Row 341: ACCEPT Deposit 51.23 USD on 2017-05-28 13:34:04 (status='Approved'→'approved')
[2025-08-25 11:33:54] 🔍 [PS TRACE] Row 342: read date=2017-06-06 04:34:37, amount=17.54, type_raw='Deposit', label='Deposit', currency='USD', status_raw='Approved' → norm_status='approved'
[2025-08-25 11:33:54] ✅ [PS TRACE] Row 342: ACCEPT Deposit 17.54 USD on 2017-06-06 04:34:37 (status='Approved'→'approved')
[2025-08-25 11:33:54] 🔍 [PS TRACE] Row 343: read date=2017-06-11 12:09:00, amount=19.64, type_raw='Deposit', label='Deposit', currency='USD', status_raw='Approved' → norm_status='approved'
[2025-08-25 11:33:54] ✅ [PS TRACE] Row 343: ACCEPT Deposit 19.64 USD on 2017-06-11 12:09:00 (status='Approved'→'approved')
[2025-08-25 11:33:54] 🔍 [PS TRACE] Row 344: read date=2017-08-18 12:35:04, amount=17.18, type_raw='Deposit', label='Deposit', currency='USD', status_raw='Approved' → norm_status='approved'
[2025-08-25 11:33:54] ✅ [PS TRACE] Row 344: ACCEPT Deposit 17.18 USD on 2017-08-18 12:35:04 (status='Approved'→'approved')
[2025-08-25 11:33:54] 🔍 [PS TRACE] Row 345: read date=2017-08-27 08:24:37, amount=11.62, type_raw='Deposit', label='Deposit', currency='USD', status_raw='Approved' → norm_status='approved'
[2025-08-25 11:33:54] ✅ [PS TRACE] Row 345: ACCEPT Deposit 11.62 USD on 2017-08-27 08:24:37 (status='Approved'→'approved')
[2025-08-25 11:33:54] 🔍 [PS TRACE] Row 346: read date=2017-10-06 10:22:25, amount=13.68, type_raw='Deposit', label='Deposit', currency='USD', status_raw='Approved' → norm_status='approved'
[2025-08-25 11:33:54] ✅ [PS TRACE] Row 346: ACCEPT Deposit 13.68 USD on 2017-10-06 10:22:25 (status='Approved'→'approved')
[2025-08-25 11:33:54] 🔍 [PS TRACE] Row 347: read date=2017-10-20 14:03:30, amount=11.49, type_raw='Deposit', label='Deposit', currency='USD', status_raw='Approved' → norm_status='approved'
[2025-08-25 11:33:54] ✅ [PS TRACE] Row 347: ACCEPT Deposit 11.49 USD on 2017-10-20 14:03:30 (status='Approved'→'approved')
[2025-08-25 11:33:54] 🔍 [PS TRACE] Row 348: read date=2017-10-24 22:11:59, amount=50.0, type_raw='Redeem', label='Redeem', currency='USD', status_raw='Approved' → norm_status='approved'
[2025-08-25 11:33:54] ✅ [PS TRACE] Row 348: ACCEPT Redeem 50.0 USD on 2017-10-24 22:11:59 (status='Approved'→'approved')
[2025-08-25 11:33:54] 🔍 [PS TRACE] Row 349: read date=2017-10-31 05:37:34, amount=56.73, type_raw='Deposit', label='Deposit', currency='USD', status_raw='Approved' → norm_status='approved'
[2025-08-25 11:33:54] ✅ [PS TRACE] Row 349: ACCEPT Deposit 56.73 USD on 2017-10-31 05:37:34 (status='Approved'→'approved')
[2025-08-25 11:33:54] 🔍 [PS TRACE] Row 350: read date=2017-12-11 05:47:19, amount=14.2, type_raw='Deposit', label='Deposit', currency='USD', status_raw='Approved' → norm_status='approved'
[2025-08-25 11:33:54] ✅ [PS TRACE] Row 350: ACCEPT Deposit 14.2 USD on 2017-12-11 05:47:19 (status='Approved'→'approved')
[2025-08-25 11:33:54] 🔍 [PS TRACE] Row 351: read date=2018-01-18 10:38:56, amount=43.0, type_raw='Deposit', label='Deposit', currency='USD', status_raw='Approved' → norm_status='approved'
[2025-08-25 11:33:54] ✅ [PS TRACE] Row 351: ACCEPT Deposit 43.0 USD on 2018-01-18 10:38:56 (status='Approved'→'approved')
[2025-08-25 11:33:54] 🔍 [PS TRACE] Row 352: read date=2018-01-27 08:51:12, amount=30.29, type_raw='Deposit', label='Deposit', currency='USD', status_raw='Approved' → norm_status='approved'
[2025-08-25 11:33:54] ✅ [PS TRACE] Row 352: ACCEPT Deposit 30.29 USD on 2018-01-27 08:51:12 (status='Approved'→'approved')
[2025-08-25 11:33:54] 🔍 [PS TRACE] Row 353: read date=2018-02-04 10:02:56, amount=12.14, type_raw='Deposit', label='Deposit', currency='USD', status_raw='Approved' → norm_status='approved'
[2025-08-25 11:33:54] ✅ [PS TRACE] Row 353: ACCEPT Deposit 12.14 USD on 2018-02-04 10:02:56 (status='Approved'→'approved')
[2025-08-25 11:33:54] 🔍 [PS TRACE] Row 354: read date=2018-02-15 06:05:48, amount=20.7, type_raw='Deposit', label='Deposit', currency='USD', status_raw='Approved' → norm_status='approved'
[2025-08-25 11:33:54] ✅ [PS TRACE] Row 354: ACCEPT Deposit 20.7 USD on 2018-02-15 06:05:48 (status='Approved'→'approved')
[2025-08-25 11:33:54] 🔍 [PS TRACE] Row 355: read date=2018-03-08 11:09:40, amount=42.12, type_raw='Deposit', label='Deposit', currency='USD', status_raw='Approved' → norm_status='approved'
[2025-08-25 11:33:54] ✅ [PS TRACE] Row 355: ACCEPT Deposit 42.12 USD on 2018-03-08 11:09:40 (status='Approved'→'approved')
[2025-08-25 11:33:54] 🔍 [PS TRACE] Row 356: read date=2018-09-15 07:42:26, amount=11.34, type_raw='Deposit', label='Deposit', currency='USD', status_raw='Approved' → norm_status='approved'
[2025-08-25 11:33:54] ✅ [PS TRACE] Row 356: ACCEPT Deposit 11.34 USD on 2018-09-15 07:42:26 (status='Approved'→'approved')
[2025-08-25 11:33:54] 🔍 [PS TRACE] Row 357: read date=2018-10-29 14:45:24, amount=33.32, type_raw='Deposit', label='Deposit', currency='USD', status_raw='Approved' → norm_status='approved'
[2025-08-25 11:33:54] ✅ [PS TRACE] Row 357: ACCEPT Deposit 33.32 USD on 2018-10-29 14:45:24 (status='Approved'→'approved')
[2025-08-25 11:33:54] 🔍 [PS TRACE] Row 358: read date=2018-12-22 12:18:45, amount=27.71, type_raw='Deposit', label='Deposit', currency='USD', status_raw='Approved' → norm_status='approved'
[2025-08-25 11:33:54] ✅ [PS TRACE] Row 358: ACCEPT Deposit 27.71 USD on 2018-12-22 12:18:45 (status='Approved'→'approved')
[2025-08-25 11:33:54] 🔍 [PS TRACE] Row 359: read date=2019-01-18 11:19:12, amount=22.16, type_raw='Deposit', label='Deposit', currency='USD', status_raw='Approved' → norm_status='approved'
[2025-08-25 11:33:54] ✅ [PS TRACE] Row 359: ACCEPT Deposit 22.16 USD on 2019-01-18 11:19:12 (status='Approved'→'approved')
[2025-08-25 11:33:54] 🔍 [PS TRACE] Row 360: read date=2019-01-20 10:20:42, amount=27.7, type_raw='Deposit', label='Deposit', currency='USD', status_raw='Approved' → norm_status='approved'
[2025-08-25 11:33:54] ✅ [PS TRACE] Row 360: ACCEPT Deposit 27.7 USD on 2019-01-20 10:20:42 (status='Approved'→'approved')
[2025-08-25 11:33:54] 🔍 [PS TRACE] Row 361: read date=2019-01-21 08:28:01, amount=60.0, type_raw='Redeem', label='Redeem', currency='USD', status_raw='Cancelled' → norm_status='cancelled'
[2025-08-25 11:33:54] 🛑 [PS TRACE] Row 361: skipped — label='Redeem', status='Cancelled'→'cancelled' not accepted
[2025-08-25 11:33:54] 🔍 [PS TRACE] Row 362: read date=2019-01-22 08:57:17, amount=11.06, type_raw='Deposit', label='Deposit', currency='USD', status_raw='Approved' → norm_status='approved'
[2025-08-25 11:33:54] ✅ [PS TRACE] Row 362: ACCEPT Deposit 11.06 USD on 2019-01-22 08:57:17 (status='Approved'→'approved')
[2025-08-25 11:33:54] 🔍 [PS TRACE] Row 363: read date=2019-01-22 10:53:17, amount=16.61, type_raw='Deposit', label='Deposit', currency='USD', status_raw='Approved' → norm_status='approved'
[2025-08-25 11:33:54] ✅ [PS TRACE] Row 363: ACCEPT Deposit 16.61 USD on 2019-01-22 10:53:17 (status='Approved'→'approved')
[2025-08-25 11:33:54] 🔍 [PS TRACE] Row 364: read date=2019-01-22 14:24:02, amount=11.08, type_raw='Deposit', label='Deposit', currency='USD', status_raw='Approved' → norm_status='approved'
[2025-08-25 11:33:54] ✅ [PS TRACE] Row 364: ACCEPT Deposit 11.08 USD on 2019-01-22 14:24:02 (status='Approved'→'approved')
[2025-08-25 11:33:54] 🔍 [PS TRACE] Row 365: read date=2019-01-27 05:41:13, amount=22.24, type_raw='Deposit', label='Deposit', currency='USD', status_raw='Approved' → norm_status='approved'
[2025-08-25 11:33:54] ✅ [PS TRACE] Row 365: ACCEPT Deposit 22.24 USD on 2019-01-27 05:41:13 (status='Approved'→'approved')
[2025-08-25 11:33:54] 🔍 [PS TRACE] Row 366: read date=2019-01-27 12:05:29, amount=14.45, type_raw='Deposit', label='Deposit', currency='USD', status_raw='Approved' → norm_status='approved'
[2025-08-25 11:33:54] ✅ [PS TRACE] Row 366: ACCEPT Deposit 14.45 USD on 2019-01-27 12:05:29 (status='Approved'→'approved')
[2025-08-25 11:33:54] 🔍 [PS TRACE] Row 367: read date=2019-01-27 22:02:22, amount=30.0, type_raw='Redeem', label='Redeem', currency='USD', status_raw='Approved' → norm_status='approved'
[2025-08-25 11:33:54] ✅ [PS TRACE] Row 367: ACCEPT Redeem 30.0 USD on 2019-01-27 22:02:22 (status='Approved'→'approved')
[2025-08-25 11:33:54] 🔍 [PS TRACE] Row 368: read date=2019-01-29 13:43:35, amount=41.22, type_raw='Deposit', label='Deposit', currency='USD', status_raw='Approved' → norm_status='approved'
[2025-08-25 11:33:54] ✅ [PS TRACE] Row 368: ACCEPT Deposit 41.22 USD on 2019-01-29 13:43:35 (status='Approved'→'approved')
[2025-08-25 11:33:54] 🔍 [PS TRACE] Row 369: read date=2019-01-30 12:08:03, amount=12.02, type_raw='Deposit', label='Deposit', currency='USD', status_raw='Approved' → norm_status='approved'
[2025-08-25 11:33:54] ✅ [PS TRACE] Row 369: ACCEPT Deposit 12.02 USD on 2019-01-30 12:08:03 (status='Approved'→'approved')
[2025-08-25 11:33:54] 🔍 [PS TRACE] Row 370: read date=2019-02-04 11:31:28, amount=22.28, type_raw='Deposit', label='Deposit', currency='USD', status_raw='Approved' → norm_status='approved'
[2025-08-25 11:33:54] ✅ [PS TRACE] Row 370: ACCEPT Deposit 22.28 USD on 2019-02-04 11:31:28 (status='Approved'→'approved')
[2025-08-25 11:33:54] 🔍 [PS TRACE] Row 371: read date=2019-02-04 11:52:47, amount=13.37, type_raw='Deposit', label='Deposit', currency='USD', status_raw='Approved' → norm_status='approved'
[2025-08-25 11:33:54] ✅ [PS TRACE] Row 371: ACCEPT Deposit 13.37 USD on 2019-02-04 11:52:47 (status='Approved'→'approved')
[2025-08-25 11:33:54] 🔍 [PS TRACE] Row 372: read date=2019-02-07 14:40:13, amount=11.06, type_raw='Deposit', label='Deposit', currency='USD', status_raw='Approved' → norm_status='approved'
[2025-08-25 11:33:54] ✅ [PS TRACE] Row 372: ACCEPT Deposit 11.06 USD on 2019-02-07 14:40:13 (status='Approved'→'approved')
[2025-08-25 11:33:54] 🔍 [PS TRACE] Row 373: read date=2019-02-11 22:07:00, amount=145.0, type_raw='Redeem', label='Redeem', currency='USD', status_raw='Approved' → norm_status='approved'
[2025-08-25 11:33:54] ✅ [PS TRACE] Row 373: ACCEPT Redeem 145.0 USD on 2019-02-11 22:07:00 (status='Approved'→'approved')
[2025-08-25 11:33:54] 🔍 [PS TRACE] Row 374: read date=2019-02-17 10:35:12, amount=90.0, type_raw='Deposit', label='Deposit', currency='USD', status_raw='Approved' → norm_status='approved'
[2025-08-25 11:33:54] ✅ [PS TRACE] Row 374: ACCEPT Deposit 90.0 USD on 2019-02-17 10:35:12 (status='Approved'→'approved')
[2025-08-25 11:33:54] 🔍 [PS TRACE] Row 375: read date=2019-02-18 11:18:45, amount=16.53, type_raw='Deposit', label='Deposit', currency='USD', status_raw='Approved' → norm_status='approved'
[2025-08-25 11:33:54] ✅ [PS TRACE] Row 375: ACCEPT Deposit 16.53 USD on 2019-02-18 11:18:45 (status='Approved'→'approved')
[2025-08-25 11:33:54] 🔍 [PS TRACE] Row 376: read date=2019-02-18 13:53:02, amount=11.02, type_raw='Deposit', label='Deposit', currency='USD', status_raw='Approved' → norm_status='approved'
[2025-08-25 11:33:54] ✅ [PS TRACE] Row 376: ACCEPT Deposit 11.02 USD on 2019-02-18 13:53:02 (status='Approved'→'approved')
[2025-08-25 11:33:54] 🔍 [PS TRACE] Row 377: read date=2019-02-19 05:14:44, amount=13.22, type_raw='Deposit', label='Deposit', currency='USD', status_raw='Approved' → norm_status='approved'
[2025-08-25 11:33:54] ✅ [PS TRACE] Row 377: ACCEPT Deposit 13.22 USD on 2019-02-19 05:14:44 (status='Approved'→'approved')
[2025-08-25 11:33:54] 🔍 [PS TRACE] Row 378: read date=2019-02-19 05:34:45, amount=11.02, type_raw='Deposit', label='Deposit', currency='USD', status_raw='Approved' → norm_status='approved'
[2025-08-25 11:33:54] ✅ [PS TRACE] Row 378: ACCEPT Deposit 11.02 USD on 2019-02-19 05:34:45 (status='Approved'→'approved')
[2025-08-25 11:33:54] 🔍 [PS TRACE] Row 379: read date=2019-02-26 04:00:32, amount=25.46, type_raw='Deposit', label='Deposit', currency='USD', status_raw='Approved' → norm_status='approved'
[2025-08-25 11:33:54] ✅ [PS TRACE] Row 379: ACCEPT Deposit 25.46 USD on 2019-02-26 04:00:32 (status='Approved'→'approved')
[2025-08-25 11:33:54] 🔍 [PS TRACE] Row 380: read date=2019-02-26 08:38:22, amount=12.18, type_raw='Deposit', label='Deposit', currency='USD', status_raw='Approved' → norm_status='approved'
[2025-08-25 11:33:54] ✅ [PS TRACE] Row 380: ACCEPT Deposit 12.18 USD on 2019-02-26 08:38:22 (status='Approved'→'approved')
[2025-08-25 11:33:54] 🔍 [PS TRACE] Row 381: read date=2019-02-27 14:51:49, amount=11.08, type_raw='Deposit', label='Deposit', currency='USD', status_raw='Approved' → norm_status='approved'
[2025-08-25 11:33:54] ✅ [PS TRACE] Row 381: ACCEPT Deposit 11.08 USD on 2019-02-27 14:51:49 (status='Approved'→'approved')
[2025-08-25 11:33:54] 🔍 [PS TRACE] Row 382: read date=2019-03-04 04:55:57, amount=16.59, type_raw='Deposit', label='Deposit', currency='USD', status_raw='Approved' → norm_status='approved'
[2025-08-25 11:33:54] ✅ [PS TRACE] Row 382: ACCEPT Deposit 16.59 USD on 2019-03-04 04:55:57 (status='Approved'→'approved')
[2025-08-25 11:33:54] 🔍 [PS TRACE] Row 383: read date=2019-03-06 13:51:40, amount=22.05, type_raw='Deposit', label='Deposit', currency='USD', status_raw='Approved' → norm_status='approved'
[2025-08-25 11:33:54] ✅ [PS TRACE] Row 383: ACCEPT Deposit 22.05 USD on 2019-03-06 13:51:40 (status='Approved'→'approved')
[2025-08-25 11:33:55] 🔍 [PS TRACE] Row 384: read date=2019-03-07 04:46:39, amount=12.13, type_raw='Deposit', label='Deposit', currency='USD', status_raw='Approved' → norm_status='approved'
[2025-08-25 11:33:55] ✅ [PS TRACE] Row 384: ACCEPT Deposit 12.13 USD on 2019-03-07 04:46:39 (status='Approved'→'approved')
[2025-08-25 11:33:55] 🔍 [PS TRACE] Row 385: read date=2019-03-07 13:58:42, amount=12.03, type_raw='Deposit', label='Deposit', currency='USD', status_raw='Approved' → norm_status='approved'
[2025-08-25 11:33:55] ✅ [PS TRACE] Row 385: ACCEPT Deposit 12.03 USD on 2019-03-07 13:58:42 (status='Approved'→'approved')
[2025-08-25 11:33:55] 🔍 [PS TRACE] Row 386: read date=2019-03-09 13:36:09, amount=11.17, type_raw='Deposit', label='Deposit', currency='USD', status_raw='Approved' → norm_status='approved'
[2025-08-25 11:33:55] ✅ [PS TRACE] Row 386: ACCEPT Deposit 11.17 USD on 2019-03-09 13:36:09 (status='Approved'→'approved')
[2025-08-25 11:33:55] 🔍 [PS TRACE] Row 387: read date=2019-03-10 15:31:12, amount=16.0, type_raw='Deposit', label='Deposit', currency='USD', status_raw='Approved' → norm_status='approved'
[2025-08-25 11:33:55] ✅ [PS TRACE] Row 387: ACCEPT Deposit 16.0 USD on 2019-03-10 15:31:12 (status='Approved'→'approved')
[2025-08-25 11:33:55] 🔍 [PS TRACE] Row 388: read date=2019-03-15 08:38:24, amount=32.0, type_raw='Redeem', label='Redeem', currency='USD', status_raw='Cancelled' → norm_status='cancelled'
[2025-08-25 11:33:55] 🛑 [PS TRACE] Row 388: skipped — label='Redeem', status='Cancelled'→'cancelled' not accepted
[2025-08-25 11:33:55] 🔍 [PS TRACE] Row 389: read date=2019-03-17 14:09:47, amount=92.0, type_raw='Redeem', label='Redeem', currency='USD', status_raw='Cancelled' → norm_status='cancelled'
[2025-08-25 11:33:55] 🛑 [PS TRACE] Row 389: skipped — label='Redeem', status='Cancelled'→'cancelled' not accepted
[2025-08-25 11:33:55] 🔍 [PS TRACE] Row 390: read date=2019-03-15 13:38:47, amount=22.07, type_raw='Deposit', label='Deposit', currency='USD', status_raw='Approved' → norm_status='approved'
[2025-08-25 11:33:55] ✅ [PS TRACE] Row 390: ACCEPT Deposit 22.07 USD on 2019-03-15 13:38:47 (status='Approved'→'approved')
[2025-08-25 11:33:55] 🔍 [PS TRACE] Row 391: read date=2019-03-16 06:26:18, amount=15.46, type_raw='Deposit', label='Deposit', currency='USD', status_raw='Approved' → norm_status='approved'
[2025-08-25 11:33:55] ✅ [PS TRACE] Row 391: ACCEPT Deposit 15.46 USD on 2019-03-16 06:26:18 (status='Approved'→'approved')
[2025-08-25 11:33:55] 🔍 [PS TRACE] Row 392: read date=2019-03-17 20:34:26, amount=49.0, type_raw='Redeem', label='Redeem', currency='USD', status_raw='Approved' → norm_status='approved'
[2025-08-25 11:33:55] ✅ [PS TRACE] Row 392: ACCEPT Redeem 49.0 USD on 2019-03-17 20:34:26 (status='Approved'→'approved')
[2025-08-25 11:33:55] 🔍 [PS TRACE] Row 393: read date=2019-03-18 17:16:10, amount=12.38, type_raw='Deposit', label='Deposit', currency='USD', status_raw='Approved' → norm_status='approved'
[2025-08-25 11:33:55] ✅ [PS TRACE] Row 393: ACCEPT Deposit 12.38 USD on 2019-03-18 17:16:10 (status='Approved'→'approved')
[2025-08-25 11:33:55] 🔍 [PS TRACE] Row 394: read date=2019-03-19 13:12:36, amount=15.49, type_raw='Deposit', label='Deposit', currency='USD', status_raw='Approved' → norm_status='approved'
[2025-08-25 11:33:55] ✅ [PS TRACE] Row 394: ACCEPT Deposit 15.49 USD on 2019-03-19 13:12:36 (status='Approved'→'approved')
[2025-08-25 11:33:55] 🔍 [PS TRACE] Row 395: read date=2019-03-19 14:03:03, amount=11.07, type_raw='Deposit', label='Deposit', currency='USD', status_raw='Approved' → norm_status='approved'
[2025-08-25 11:33:55] ✅ [PS TRACE] Row 395: ACCEPT Deposit 11.07 USD on 2019-03-19 14:03:03 (status='Approved'→'approved')
[2025-08-25 11:33:55] 🔍 [PS TRACE] Row 396: read date=2019-03-19 14:24:52, amount=11.07, type_raw='Deposit', label='Deposit', currency='USD', status_raw='Approved' → norm_status='approved'
[2025-08-25 11:33:55] ✅ [PS TRACE] Row 396: ACCEPT Deposit 11.07 USD on 2019-03-19 14:24:52 (status='Approved'→'approved')
[2025-08-25 11:33:55] 🔍 [PS TRACE] Row 397: read date=2019-03-22 14:12:12, amount=12.11, type_raw='Deposit', label='Deposit', currency='USD', status_raw='Approved' → norm_status='approved'
[2025-08-25 11:33:55] ✅ [PS TRACE] Row 397: ACCEPT Deposit 12.11 USD on 2019-03-22 14:12:12 (status='Approved'→'approved')
[2025-08-25 11:33:55] 🔍 [PS TRACE] Row 398: read date=2019-03-22 15:50:31, amount=11.01, type_raw='Deposit', label='Deposit', currency='USD', status_raw='Approved' → norm_status='approved'
[2025-08-25 11:33:55] ✅ [PS TRACE] Row 398: ACCEPT Deposit 11.01 USD on 2019-03-22 15:50:31 (status='Approved'→'approved')
[2025-08-25 11:33:55] 🔍 [PS TRACE] Row 399: read date=2019-03-23 15:35:56, amount=107.0, type_raw='Redeem', label='Redeem', currency='USD', status_raw='Approved' → norm_status='approved'
[2025-08-25 11:33:55] ✅ [PS TRACE] Row 399: ACCEPT Redeem 107.0 USD on 2019-03-23 15:35:56 (status='Approved'→'approved')
[2025-08-25 11:33:55] 🔍 [PS TRACE] Row 400: read date=2019-03-24 07:41:30, amount=16.53, type_raw='Deposit', label='Deposit', currency='USD', status_raw='Approved' → norm_status='approved'
[2025-08-25 11:33:55] ✅ [PS TRACE] Row 400: ACCEPT Deposit 16.53 USD on 2019-03-24 07:41:30 (status='Approved'→'approved')
[2025-08-25 11:33:55] 🔍 [PS TRACE] Row 401: read date=2019-03-27 04:53:42, amount=18.67, type_raw='Deposit', label='Deposit', currency='USD', status_raw='Approved' → norm_status='approved'
[2025-08-25 11:33:55] ✅ [PS TRACE] Row 401: ACCEPT Deposit 18.67 USD on 2019-03-27 04:53:42 (status='Approved'→'approved')
[2025-08-25 11:33:55] 🔍 [PS TRACE] Row 402: read date=2019-03-28 10:11:29, amount=10.93, type_raw='Deposit', label='Deposit', currency='USD', status_raw='Approved' → norm_status='approved'
[2025-08-25 11:33:55] ✅ [PS TRACE] Row 402: ACCEPT Deposit 10.93 USD on 2019-03-28 10:11:29 (status='Approved'→'approved')
[2025-08-25 11:33:55] 🔍 [PS TRACE] Row 403: read date=2019-03-28 10:30:56, amount=10.94, type_raw='Deposit', label='Deposit', currency='USD', status_raw='Approved' → norm_status='approved'
[2025-08-25 11:33:55] ✅ [PS TRACE] Row 403: ACCEPT Deposit 10.94 USD on 2019-03-28 10:30:56 (status='Approved'→'approved')
[2025-08-25 11:33:55] 🔍 [PS TRACE] Row 404: read date=2019-03-30 08:32:49, amount=27.37, type_raw='Deposit', label='Deposit', currency='USD', status_raw='Approved' → norm_status='approved'
[2025-08-25 11:33:55] ✅ [PS TRACE] Row 404: ACCEPT Deposit 27.37 USD on 2019-03-30 08:32:49 (status='Approved'→'approved')
[2025-08-25 11:33:55] 🔍 [PS TRACE] Row 405: read date=2019-03-30 19:10:05, amount=320.0, type_raw='Redeem', label='Redeem', currency='USD', status_raw='Cancelled' → norm_status='cancelled'
[2025-08-25 11:33:55] 🛑 [PS TRACE] Row 405: skipped — label='Redeem', status='Cancelled'→'cancelled' not accepted
[2025-08-25 11:33:55] 🔍 [PS TRACE] Row 406: read date=2019-03-31 07:36:22, amount=379.0, type_raw='Redeem', label='Redeem', currency='USD', status_raw='Cancelled' → norm_status='cancelled'
[2025-08-25 11:33:55] 🛑 [PS TRACE] Row 406: skipped — label='Redeem', status='Cancelled'→'cancelled' not accepted
[2025-08-25 11:33:55] 🔍 [PS TRACE] Row 407: read date=2019-03-31 10:18:04, amount=345.21, type_raw='Redeem', label='Redeem', currency='USD', status_raw='Cancelled' → norm_status='cancelled'
[2025-08-25 11:33:55] 🛑 [PS TRACE] Row 407: skipped — label='Redeem', status='Cancelled'→'cancelled' not accepted
[2025-08-25 11:33:55] 🔍 [PS TRACE] Row 408: read date=2019-03-31 11:52:44, amount=329.0, type_raw='Redeem', label='Redeem', currency='USD', status_raw='Cancelled' → norm_status='cancelled'
[2025-08-25 11:33:55] 🛑 [PS TRACE] Row 408: skipped — label='Redeem', status='Cancelled'→'cancelled' not accepted
[2025-08-25 11:33:55] 🔍 [PS TRACE] Row 409: read date=2019-03-31 12:05:51, amount=321.42, type_raw='Redeem', label='Redeem', currency='USD', status_raw='Cancelled' → norm_status='cancelled'
[2025-08-25 11:33:55] 🛑 [PS TRACE] Row 409: skipped — label='Redeem', status='Cancelled'→'cancelled' not accepted
[2025-08-25 11:33:55] 🔍 [PS TRACE] Row 410: read date=2019-03-31 20:54:47, amount=310.0, type_raw='Redeem', label='Redeem', currency='USD', status_raw='Approved' → norm_status='approved'
[2025-08-25 11:33:55] ✅ [PS TRACE] Row 410: ACCEPT Redeem 310.0 USD on 2019-03-31 20:54:47 (status='Approved'→'approved')
[2025-08-25 11:33:55] 🔍 [PS TRACE] Row 411: read date=2019-04-01 13:21:13, amount=22.06, type_raw='Deposit', label='Deposit', currency='USD', status_raw='Approved' → norm_status='approved'
[2025-08-25 11:33:55] ✅ [PS TRACE] Row 411: ACCEPT Deposit 22.06 USD on 2019-04-01 13:21:13 (status='Approved'→'approved')
[2025-08-25 11:33:55] 🔍 [PS TRACE] Row 412: read date=2019-04-04 13:10:11, amount=10.93, type_raw='Deposit', label='Deposit', currency='USD', status_raw='Approved' → norm_status='approved'
[2025-08-25 11:33:55] ✅ [PS TRACE] Row 412: ACCEPT Deposit 10.93 USD on 2019-04-04 13:10:11 (status='Approved'→'approved')
[2025-08-25 11:33:55] 🔍 [PS TRACE] Row 413: read date=2019-04-05 08:47:17, amount=29.56, type_raw='Deposit', label='Deposit', currency='USD', status_raw='Approved' → norm_status='approved'
[2025-08-25 11:33:55] ✅ [PS TRACE] Row 413: ACCEPT Deposit 29.56 USD on 2019-04-05 08:47:17 (status='Approved'→'approved')
[2025-08-25 11:33:55] 🔍 [PS TRACE] Row 414: read date=2019-04-06 12:28:43, amount=81.63, type_raw='Redeem', label='Redeem', currency='USD', status_raw='Cancelled' → norm_status='cancelled'
[2025-08-25 11:33:55] 🛑 [PS TRACE] Row 414: skipped — label='Redeem', status='Cancelled'→'cancelled' not accepted
[2025-08-25 11:33:55] 🔍 [PS TRACE] Row 415: read date=2019-04-07 11:52:49, amount=19.0, type_raw='Redeem', label='Redeem', currency='USD', status_raw='Cancelled' → norm_status='cancelled'
[2025-08-25 11:33:55] 🛑 [PS TRACE] Row 415: skipped — label='Redeem', status='Cancelled'→'cancelled' not accepted
[2025-08-25 11:33:55] 🔍 [PS TRACE] Row 416: read date=2019-04-07 15:22:24, amount=10.93, type_raw='Deposit', label='Deposit', currency='USD', status_raw='Approved' → norm_status='approved'
[2025-08-25 11:33:55] ✅ [PS TRACE] Row 416: ACCEPT Deposit 10.93 USD on 2019-04-07 15:22:24 (status='Approved'→'approved')
[2025-08-25 11:33:55] 🔍 [PS TRACE] Row 417: read date=2019-04-13 08:46:16, amount=55.08, type_raw='Deposit', label='Deposit', currency='USD', status_raw='Approved' → norm_status='approved'
[2025-08-25 11:33:55] ✅ [PS TRACE] Row 417: ACCEPT Deposit 55.08 USD on 2019-04-13 08:46:16 (status='Approved'→'approved')
[2025-08-25 11:33:55] 🔍 [PS TRACE] Row 418: read date=2019-04-13 11:17:12, amount=22.03, type_raw='Deposit', label='Deposit', currency='USD', status_raw='Approved' → norm_status='approved'
[2025-08-25 11:33:55] ✅ [PS TRACE] Row 418: ACCEPT Deposit 22.03 USD on 2019-04-13 11:17:12 (status='Approved'→'approved')
[2025-08-25 11:33:55] 🔍 [PS TRACE] Row 419: read date=2019-05-16 00:24:52, amount=11.01, type_raw='Deposit', label='Deposit', currency='USD', status_raw='Rejected' → norm_status='rejected'
[2025-08-25 11:33:55] 🛑 [PS TRACE] Row 419: skipped — label='Deposit', status='Rejected'→'rejected' not accepted
[2025-08-25 11:33:55] 🔍 [PS TRACE] Row 420: read date=2019-04-15 04:49:47, amount=422.07, type_raw='Redeem', label='Redeem', currency='USD', status_raw='Approved' → norm_status='approved'
[2025-08-25 11:33:55] ✅ [PS TRACE] Row 420: ACCEPT Redeem 422.07 USD on 2019-04-15 04:49:47 (status='Approved'→'approved')
[2025-08-25 11:33:55] 🔍 [PS TRACE] Row 421: read date=2019-04-15 08:18:14, amount=12.88, type_raw='Deposit', label='Deposit', currency='USD', status_raw='Approved' → norm_status='approved'
[2025-08-25 11:33:55] ✅ [PS TRACE] Row 421: ACCEPT Deposit 12.88 USD on 2019-04-15 08:18:14 (status='Approved'→'approved')
[2025-08-25 11:33:55] 🔍 [PS TRACE] Row 422: read date=2019-04-21 10:51:33, amount=21.92, type_raw='Deposit', label='Deposit', currency='USD', status_raw='Approved' → norm_status='approved'
[2025-08-25 11:33:55] ✅ [PS TRACE] Row 422: ACCEPT Deposit 21.92 USD on 2019-04-21 10:51:33 (status='Approved'→'approved')
[2025-08-25 11:33:55] 🔍 [PS TRACE] Row 423: read date=2019-04-21 12:25:26, amount=32.89, type_raw='Deposit', label='Deposit', currency='USD', status_raw='Approved' → norm_status='approved'
[2025-08-25 11:33:55] ✅ [PS TRACE] Row 423: ACCEPT Deposit 32.89 USD on 2019-04-21 12:25:26 (status='Approved'→'approved')
[2025-08-25 11:33:55] 🔍 [PS TRACE] Row 424: read date=2019-04-21 14:07:52, amount=25.0, type_raw='Redeem', label='Redeem', currency='USD', status_raw='Cancelled' → norm_status='cancelled'
[2025-08-25 11:33:55] 🛑 [PS TRACE] Row 424: skipped — label='Redeem', status='Cancelled'→'cancelled' not accepted
[2025-08-25 11:33:55] 🔍 [PS TRACE] Row 425: read date=2019-04-21 14:12:40, amount=21.93, type_raw='Deposit', label='Deposit', currency='USD', status_raw='Approved' → norm_status='approved'
[2025-08-25 11:33:55] ✅ [PS TRACE] Row 425: ACCEPT Deposit 21.93 USD on 2019-04-21 14:12:40 (status='Approved'→'approved')
[2025-08-25 11:33:55] 🔍 [PS TRACE] Row 426: read date=2019-04-22 08:40:35, amount=13.16, type_raw='Deposit', label='Deposit', currency='USD', status_raw='Approved' → norm_status='approved'
[2025-08-25 11:33:55] ✅ [PS TRACE] Row 426: ACCEPT Deposit 13.16 USD on 2019-04-22 08:40:35 (status='Approved'→'approved')
[2025-08-25 11:33:55] 🔍 [PS TRACE] Row 427: read date=2019-04-29 09:47:04, amount=10.87, type_raw='Deposit', label='Deposit', currency='USD', status_raw='Approved' → norm_status='approved'
[2025-08-25 11:33:55] ✅ [PS TRACE] Row 427: ACCEPT Deposit 10.87 USD on 2019-04-29 09:47:04 (status='Approved'→'approved')
[2025-08-25 11:33:55] 🔍 [PS TRACE] Row 428: read date=2019-05-02 11:43:42, amount=10.13, type_raw='Deposit', label='Deposit', currency='USD', status_raw='Approved' → norm_status='approved'
[2025-08-25 11:33:55] ✅ [PS TRACE] Row 428: ACCEPT Deposit 10.13 USD on 2019-05-02 11:43:42 (status='Approved'→'approved')
[2025-08-25 11:33:55] 🔍 [PS TRACE] Row 429: read date=2019-05-05 14:19:57, amount=19.67, type_raw='Deposit', label='Deposit', currency='USD', status_raw='Approved' → norm_status='approved'
[2025-08-25 11:33:55] ✅ [PS TRACE] Row 429: ACCEPT Deposit 19.67 USD on 2019-05-05 14:19:57 (status='Approved'→'approved')
[2025-08-25 11:33:55] 🔍 [PS TRACE] Row 430: read date=2019-05-05 14:22:04, amount=26.23, type_raw='Deposit', label='Deposit', currency='USD', status_raw='Approved' → norm_status='approved'
[2025-08-25 11:33:55] ✅ [PS TRACE] Row 430: ACCEPT Deposit 26.23 USD on 2019-05-05 14:22:04 (status='Approved'→'approved')
[2025-08-25 11:33:55] 🔍 [PS TRACE] Row 431: read date=2019-05-05 14:53:40, amount=86.0, type_raw='Redeem', label='Redeem', currency='USD', status_raw='Cancelled' → norm_status='cancelled'
[2025-08-25 11:33:55] 🛑 [PS TRACE] Row 431: skipped — label='Redeem', status='Cancelled'→'cancelled' not accepted
[2025-08-25 11:33:55] 🔍 [PS TRACE] Row 432: read date=2019-05-05 14:59:11, amount=64.0, type_raw='Redeem', label='Redeem', currency='USD', status_raw='Cancelled' → norm_status='cancelled'
[2025-08-25 11:33:55] 🛑 [PS TRACE] Row 432: skipped — label='Redeem', status='Cancelled'→'cancelled' not accepted
[2025-08-25 11:33:55] 🔍 [PS TRACE] Row 433: read date=2019-05-05 15:26:05, amount=115.0, type_raw='Redeem', label='Redeem', currency='USD', status_raw='Cancelled' → norm_status='cancelled'
[2025-08-25 11:33:55] 🛑 [PS TRACE] Row 433: skipped — label='Redeem', status='Cancelled'→'cancelled' not accepted
[2025-08-25 11:33:55] 🔍 [PS TRACE] Row 434: read date=2019-05-05 15:39:08, amount=101.23, type_raw='Redeem', label='Redeem', currency='USD', status_raw='Cancelled' → norm_status='cancelled'
[2025-08-25 11:33:55] 🛑 [PS TRACE] Row 434: skipped — label='Redeem', status='Cancelled'→'cancelled' not accepted
[2025-08-25 11:33:55] 🔍 [PS TRACE] Row 435: read date=2019-05-05 21:17:05, amount=91.23, type_raw='Redeem', label='Redeem', currency='USD', status_raw='Approved' → norm_status='approved'
[2025-08-25 11:33:55] ✅ [PS TRACE] Row 435: ACCEPT Redeem 91.23 USD on 2019-05-05 21:17:05 (status='Approved'→'approved')
[2025-08-25 11:33:55] 🔍 [PS TRACE] Row 436: read date=2019-05-09 09:54:18, amount=33.76, type_raw='Deposit', label='Deposit', currency='USD', status_raw='Approved' → norm_status='approved'
[2025-08-25 11:33:55] ✅ [PS TRACE] Row 436: ACCEPT Deposit 33.76 USD on 2019-05-09 09:54:18 (status='Approved'→'approved')
[2025-08-25 11:33:55] 🔍 [PS TRACE] Row 437: read date=2019-05-10 17:05:28, amount=10.05, type_raw='Deposit', label='Deposit', currency='USD', status_raw='Approved' → norm_status='approved'
[2025-08-25 11:33:55] ✅ [PS TRACE] Row 437: ACCEPT Deposit 10.05 USD on 2019-05-10 17:05:28 (status='Approved'→'approved')
[2025-08-25 11:33:55] 🔍 [PS TRACE] Row 438: read date=2019-05-11 08:05:02, amount=240.0, type_raw='Redeem', label='Redeem', currency='USD', status_raw='Cancelled' → norm_status='cancelled'
[2025-08-25 11:33:55] 🛑 [PS TRACE] Row 438: skipped — label='Redeem', status='Cancelled'→'cancelled' not accepted
[2025-08-25 11:33:55] 🔍 [PS TRACE] Row 439: read date=2019-05-12 12:15:13, amount=170.0, type_raw='Redeem', label='Redeem', currency='USD', status_raw='Cancelled' → norm_status='cancelled'
[2025-08-25 11:33:55] 🛑 [PS TRACE] Row 439: skipped — label='Redeem', status='Cancelled'→'cancelled' not accepted
[2025-08-25 11:33:55] 🔍 [PS TRACE] Row 440: read date=2019-05-12 21:44:51, amount=120.0, type_raw='Redeem', label='Redeem', currency='USD', status_raw='Approved' → norm_status='approved'
[2025-08-25 11:33:55] ✅ [PS TRACE] Row 440: ACCEPT Redeem 120.0 USD on 2019-05-12 21:44:51 (status='Approved'→'approved')
[2025-08-25 11:33:55] 🔍 [PS TRACE] Row 441: read date=2019-05-13 09:06:42, amount=10.01, type_raw='Deposit', label='Deposit', currency='USD', status_raw='Approved' → norm_status='approved'
[2025-08-25 11:33:55] ✅ [PS TRACE] Row 441: ACCEPT Deposit 10.01 USD on 2019-05-13 09:06:42 (status='Approved'→'approved')
[2025-08-25 11:33:55] 🔍 [PS TRACE] Row 442: read date=2019-05-14 11:58:00, amount=290.0, type_raw='Redeem', label='Redeem', currency='USD', status_raw='Cancelled' → norm_status='cancelled'
[2025-08-25 11:33:55] 🛑 [PS TRACE] Row 442: skipped — label='Redeem', status='Cancelled'→'cancelled' not accepted
[2025-08-25 11:33:55] 🔍 [PS TRACE] Row 443: read date=2019-05-14 14:26:56, amount=270.0, type_raw='Redeem', label='Redeem', currency='USD', status_raw='Cancelled' → norm_status='cancelled'
[2025-08-25 11:33:55] 🛑 [PS TRACE] Row 443: skipped — label='Redeem', status='Cancelled'→'cancelled' not accepted
[2025-08-25 11:33:56] 🔍 [PS TRACE] Row 444: read date=2019-05-14 14:51:24, amount=260.0, type_raw='Redeem', label='Redeem', currency='USD', status_raw='Cancelled' → norm_status='cancelled'
[2025-08-25 11:33:56] 🛑 [PS TRACE] Row 444: skipped — label='Redeem', status='Cancelled'→'cancelled' not accepted
[2025-08-25 11:33:56] 🔍 [PS TRACE] Row 445: read date=2019-05-14 22:09:30, amount=255.67, type_raw='Redeem', label='Redeem', currency='USD', status_raw='Approved' → norm_status='approved'
[2025-08-25 11:33:56] ✅ [PS TRACE] Row 445: ACCEPT Redeem 255.67 USD on 2019-05-14 22:09:30 (status='Approved'→'approved')
[2025-08-25 11:33:56] 🔍 [PS TRACE] Row 446: read date=2019-05-15 12:14:06, amount=35.96, type_raw='Deposit', label='Deposit', currency='USD', status_raw='Approved' → norm_status='approved'
[2025-08-25 11:33:56] ✅ [PS TRACE] Row 446: ACCEPT Deposit 35.96 USD on 2019-05-15 12:14:06 (status='Approved'→'approved')
[2025-08-25 11:33:56] 🔍 [PS TRACE] Row 447: read date=2019-06-17 00:37:02, amount=21.74, type_raw='Deposit', label='Deposit', currency='USD', status_raw='Rejected' → norm_status='rejected'
[2025-08-25 11:33:56] 🛑 [PS TRACE] Row 447: skipped — label='Deposit', status='Rejected'→'rejected' not accepted
[2025-08-25 11:33:56] 🔍 [PS TRACE] Row 448: read date=2019-05-16 11:04:09, amount=33.7, type_raw='Deposit', label='Deposit', currency='USD', status_raw='Approved' → norm_status='approved'
[2025-08-25 11:33:56] ✅ [PS TRACE] Row 448: ACCEPT Deposit 33.7 USD on 2019-05-16 11:04:09 (status='Approved'→'approved')
[2025-08-25 11:33:56] 🔍 [PS TRACE] Row 449: read date=2019-05-18 12:09:24, amount=200.0, type_raw='Redeem', label='Redeem', currency='USD', status_raw='Cancelled' → norm_status='cancelled'
[2025-08-25 11:33:56] 🛑 [PS TRACE] Row 449: skipped — label='Redeem', status='Cancelled'→'cancelled' not accepted
[2025-08-25 11:33:56] 🔍 [PS TRACE] Row 450: read date=2019-05-18 12:51:00, amount=160.0, type_raw='Redeem', label='Redeem', currency='USD', status_raw='Cancelled' → norm_status='cancelled'
[2025-08-25 11:33:56] 🛑 [PS TRACE] Row 450: skipped — label='Redeem', status='Cancelled'→'cancelled' not accepted
[2025-08-25 11:33:56] 🔍 [PS TRACE] Row 451: read date=2019-05-18 14:15:55, amount=150.0, type_raw='Redeem', label='Redeem', currency='USD', status_raw='Cancelled' → norm_status='cancelled'
[2025-08-25 11:33:56] 🛑 [PS TRACE] Row 451: skipped — label='Redeem', status='Cancelled'→'cancelled' not accepted
[2025-08-25 11:33:56] 🔍 [PS TRACE] Row 452: read date=2019-05-19 19:11:01, amount=165.0, type_raw='Redeem', label='Redeem', currency='USD', status_raw='Approved' → norm_status='approved'
[2025-08-25 11:33:56] ✅ [PS TRACE] Row 452: ACCEPT Redeem 165.0 USD on 2019-05-19 19:11:01 (status='Approved'→'approved')
[2025-08-25 11:33:56] 🔍 [PS TRACE] Row 453: read date=2019-05-23 14:30:49, amount=32.62, type_raw='Deposit', label='Deposit', currency='USD', status_raw='Approved' → norm_status='approved'
[2025-08-25 11:33:56] ✅ [PS TRACE] Row 453: ACCEPT Deposit 32.62 USD on 2019-05-23 14:30:49 (status='Approved'→'approved')
[2025-08-25 11:33:56] 🔍 [PS TRACE] Row 454: read date=2019-05-23 14:51:38, amount=32.62, type_raw='Deposit', label='Deposit', currency='USD', status_raw='Approved' → norm_status='approved'
[2025-08-25 11:33:56] ✅ [PS TRACE] Row 454: ACCEPT Deposit 32.62 USD on 2019-05-23 14:51:38 (status='Approved'→'approved')
[2025-08-25 11:33:56] 🔍 [PS TRACE] Row 455: read date=2019-06-24 00:25:35, amount=23.91, type_raw='Deposit', label='Deposit', currency='USD', status_raw='Rejected' → norm_status='rejected'
[2025-08-25 11:33:56] 🛑 [PS TRACE] Row 455: skipped — label='Deposit', status='Rejected'→'rejected' not accepted
[2025-08-25 11:33:56] 🔍 [PS TRACE] Row 456: read date=2019-05-24 11:37:06, amount=24.63, type_raw='Deposit', label='Deposit', currency='USD', status_raw='Approved' → norm_status='approved'
[2025-08-25 11:33:56] ✅ [PS TRACE] Row 456: ACCEPT Deposit 24.63 USD on 2019-05-24 11:37:06 (status='Approved'→'approved')
[2025-08-25 11:33:56] 🔍 [PS TRACE] Row 457: read date=2019-05-27 14:00:41, amount=108.84, type_raw='Deposit', label='Deposit', currency='USD', status_raw='Approved' → norm_status='approved'
[2025-08-25 11:33:56] ✅ [PS TRACE] Row 457: ACCEPT Deposit 108.84 USD on 2019-05-27 14:00:41 (status='Approved'→'approved')
[2025-08-25 11:33:56] 🔍 [PS TRACE] Row 458: read date=2019-05-27 17:30:40, amount=14.48, type_raw='Redeem', label='Redeem', currency='USD', status_raw='Cancelled' → norm_status='cancelled'
[2025-08-25 11:33:56] 🛑 [PS TRACE] Row 458: skipped — label='Redeem', status='Cancelled'→'cancelled' not accepted
[2025-08-25 11:33:56] 🔍 [PS TRACE] Row 459: read date=2019-05-28 16:01:40, amount=10.42, type_raw='Deposit', label='Deposit', currency='USD', status_raw='Approved' → norm_status='approved'
[2025-08-25 11:33:56] ✅ [PS TRACE] Row 459: ACCEPT Deposit 10.42 USD on 2019-05-28 16:01:40 (status='Approved'→'approved')
[2025-08-25 11:33:56] 🔍 [PS TRACE] Row 460: read date=2019-06-06 09:10:25, amount=10.12, type_raw='Deposit', label='Deposit', currency='USD', status_raw='Approved' → norm_status='approved'
[2025-08-25 11:33:56] ✅ [PS TRACE] Row 460: ACCEPT Deposit 10.12 USD on 2019-06-06 09:10:25 (status='Approved'→'approved')
[2025-08-25 11:33:56] 🔍 [PS TRACE] Row 461: read date=2019-06-08 09:09:25, amount=22.04, type_raw='Deposit', label='Deposit', currency='USD', status_raw='Approved' → norm_status='approved'
[2025-08-25 11:33:56] ✅ [PS TRACE] Row 461: ACCEPT Deposit 22.04 USD on 2019-06-08 09:09:25 (status='Approved'→'approved')
[2025-08-25 11:33:56] 🔍 [PS TRACE] Row 462: read date=2019-06-16 20:55:57, amount=270.0, type_raw='Redeem', label='Redeem', currency='USD', status_raw='Approved' → norm_status='approved'
[2025-08-25 11:33:56] ✅ [PS TRACE] Row 462: ACCEPT Redeem 270.0 USD on 2019-06-16 20:55:57 (status='Approved'→'approved')
[2025-08-25 11:33:56] 🔍 [PS TRACE] Row 463: read date=2019-06-18 14:43:08, amount=10.01, type_raw='Deposit', label='Deposit', currency='USD', status_raw='Approved' → norm_status='approved'
[2025-08-25 11:33:56] ✅ [PS TRACE] Row 463: ACCEPT Deposit 10.01 USD on 2019-06-18 14:43:08 (status='Approved'→'approved')
[2025-08-25 11:33:56] 🔍 [PS TRACE] Row 464: read date=2019-06-19 09:45:54, amount=10.89, type_raw='Deposit', label='Deposit', currency='USD', status_raw='Approved' → norm_status='approved'
[2025-08-25 11:33:56] ✅ [PS TRACE] Row 464: ACCEPT Deposit 10.89 USD on 2019-06-19 09:45:54 (status='Approved'→'approved')
[2025-08-25 11:33:56] 🔍 [PS TRACE] Row 465: read date=2019-06-26 08:31:46, amount=10.05, type_raw='Deposit', label='Deposit', currency='USD', status_raw='Approved' → norm_status='approved'
[2025-08-25 11:33:56] ✅ [PS TRACE] Row 465: ACCEPT Deposit 10.05 USD on 2019-06-26 08:31:46 (status='Approved'→'approved')
[2025-08-25 11:33:56] 🔍 [PS TRACE] Row 466: read date=2019-06-26 10:57:24, amount=330.0, type_raw='Redeem', label='Redeem', currency='USD', status_raw='Rejected' → norm_status='rejected'
[2025-08-25 11:33:56] 🛑 [PS TRACE] Row 466: skipped — label='Redeem', status='Rejected'→'rejected' not accepted
[2025-08-25 11:33:56] 🔍 [PS TRACE] Row 467: read date=2019-06-26 11:28:37, amount=380.0, type_raw='Redeem', label='Redeem', currency='USD', status_raw='Rejected' → norm_status='rejected'
[2025-08-25 11:33:56] 🛑 [PS TRACE] Row 467: skipped — label='Redeem', status='Rejected'→'rejected' not accepted
[2025-08-25 11:33:56] 🔍 [PS TRACE] Row 468: read date=2019-06-26 11:40:05, amount=450.0, type_raw='Redeem', label='Redeem', currency='USD', status_raw='Rejected' → norm_status='rejected'
[2025-08-25 11:33:56] 🛑 [PS TRACE] Row 468: skipped — label='Redeem', status='Rejected'→'rejected' not accepted
[2025-08-25 11:33:56] 🔍 [PS TRACE] Row 469: read date=2019-06-26 20:25:21, amount=100.0, type_raw='Redeem', label='Redeem', currency='USD', status_raw='Approved' → norm_status='approved'
[2025-08-25 11:33:56] ✅ [PS TRACE] Row 469: ACCEPT Redeem 100.0 USD on 2019-06-26 20:25:21 (status='Approved'→'approved')
[2025-08-25 11:33:56] 🔍 [PS TRACE] Row 470: read date=2019-06-28 15:19:07, amount=200.0, type_raw='Redeem', label='Redeem', currency='USD', status_raw='Rejected' → norm_status='rejected'
[2025-08-25 11:33:56] 🛑 [PS TRACE] Row 470: skipped — label='Redeem', status='Rejected'→'rejected' not accepted
[2025-08-25 11:33:56] 🔍 [PS TRACE] Row 471: read date=2019-06-28 15:29:46, amount=300.0, type_raw='Redeem', label='Redeem', currency='USD', status_raw='Rejected' → norm_status='rejected'
[2025-08-25 11:33:56] 🛑 [PS TRACE] Row 471: skipped — label='Redeem', status='Rejected'→'rejected' not accepted
[2025-08-25 11:33:56] 🔍 [PS TRACE] Row 472: read date=2019-06-28 15:36:23, amount=300.0, type_raw='Redeem', label='Redeem', currency='USD', status_raw='Cancelled' → norm_status='cancelled'
[2025-08-25 11:33:56] 🛑 [PS TRACE] Row 472: skipped — label='Redeem', status='Cancelled'→'cancelled' not accepted
[2025-08-25 11:33:56] 🔍 [PS TRACE] Row 473: read date=2019-06-28 15:42:45, amount=350.0, type_raw='Redeem', label='Redeem', currency='USD', status_raw='Rejected' → norm_status='rejected'
[2025-08-25 11:33:56] 🛑 [PS TRACE] Row 473: skipped — label='Redeem', status='Rejected'→'rejected' not accepted
[2025-08-25 11:33:56] 🔍 [PS TRACE] Row 474: read date=2019-06-28 15:45:27, amount=340.0, type_raw='Redeem', label='Redeem', currency='USD', status_raw='Rejected' → norm_status='rejected'
[2025-08-25 11:33:56] 🛑 [PS TRACE] Row 474: skipped — label='Redeem', status='Rejected'→'rejected' not accepted
[2025-08-25 11:33:56] 🔍 [PS TRACE] Row 475: read date=2019-06-28 16:20:53, amount=350.0, type_raw='Redeem', label='Redeem', currency='USD', status_raw='Rejected' → norm_status='rejected'
[2025-08-25 11:33:56] 🛑 [PS TRACE] Row 475: skipped — label='Redeem', status='Rejected'→'rejected' not accepted
[2025-08-25 11:33:56] 🔍 [PS TRACE] Row 476: read date=2019-06-28 16:43:50, amount=600.0, type_raw='Redeem', label='Redeem', currency='USD', status_raw='Rejected' → norm_status='rejected'
[2025-08-25 11:33:56] 🛑 [PS TRACE] Row 476: skipped — label='Redeem', status='Rejected'→'rejected' not accepted
[2025-08-25 11:33:56] 🔍 [PS TRACE] Row 477: read date=2019-06-28 17:01:35, amount=640.0, type_raw='Redeem', label='Redeem', currency='USD', status_raw='Rejected' → norm_status='rejected'
[2025-08-25 11:33:56] 🛑 [PS TRACE] Row 477: skipped — label='Redeem', status='Rejected'→'rejected' not accepted
[2025-08-25 11:33:56] 🔍 [PS TRACE] Row 478: read date=2019-06-28 17:37:50, amount=24.32, type_raw='Deposit', label='Deposit', currency='USD', status_raw='Approved' → norm_status='approved'
[2025-08-25 11:33:56] ✅ [PS TRACE] Row 478: ACCEPT Deposit 24.32 USD on 2019-06-28 17:37:50 (status='Approved'→'approved')
[2025-08-25 11:33:56] 🔍 [PS TRACE] Row 479: read date=2019-06-28 19:07:47, amount=430.0, type_raw='Redeem', label='Redeem', currency='USD', status_raw='Rejected' → norm_status='rejected'
[2025-08-25 11:33:56] 🛑 [PS TRACE] Row 479: skipped — label='Redeem', status='Rejected'→'rejected' not accepted
[2025-08-25 11:33:56] 🔍 [PS TRACE] Row 480: read date=2019-06-28 19:13:38, amount=375.0, type_raw='Redeem', label='Redeem', currency='USD', status_raw='Rejected' → norm_status='rejected'
[2025-08-25 11:33:56] 🛑 [PS TRACE] Row 480: skipped — label='Redeem', status='Rejected'→'rejected' not accepted
[2025-08-25 11:33:56] 🔍 [PS TRACE] Row 481: read date=2019-06-29 06:24:03, amount=25.46, type_raw='Deposit', label='Deposit', currency='USD', status_raw='Approved' → norm_status='approved'
[2025-08-25 11:33:56] ✅ [PS TRACE] Row 481: ACCEPT Deposit 25.46 USD on 2019-06-29 06:24:03 (status='Approved'→'approved')
[2025-08-25 11:33:56] 🔍 [PS TRACE] Row 482: read date=2019-06-29 06:26:51, amount=18.82, type_raw='Deposit', label='Deposit', currency='USD', status_raw='Approved' → norm_status='approved'
[2025-08-25 11:33:56] ✅ [PS TRACE] Row 482: ACCEPT Deposit 18.82 USD on 2019-06-29 06:26:51 (status='Approved'→'approved')
[2025-08-25 11:33:56] 🔍 [PS TRACE] Row 483: read date=2019-06-29 06:32:12, amount=11.07, type_raw='Deposit', label='Deposit', currency='USD', status_raw='Approved' → norm_status='approved'
[2025-08-25 11:33:56] ✅ [PS TRACE] Row 483: ACCEPT Deposit 11.07 USD on 2019-06-29 06:32:12 (status='Approved'→'approved')
[2025-08-25 11:33:56] 🔍 [PS TRACE] Row 484: read date=2019-06-29 16:27:44, amount=22.11, type_raw='Deposit', label='Deposit', currency='USD', status_raw='Approved' → norm_status='approved'
[2025-08-25 11:33:56] ✅ [PS TRACE] Row 484: ACCEPT Deposit 22.11 USD on 2019-06-29 16:27:44 (status='Approved'→'approved')
[2025-08-25 11:33:56] 🔍 [PS TRACE] Row 485: read date=2019-06-29 18:02:45, amount=14.37, type_raw='Deposit', label='Deposit', currency='USD', status_raw='Approved' → norm_status='approved'
[2025-08-25 11:33:56] ✅ [PS TRACE] Row 485: ACCEPT Deposit 14.37 USD on 2019-06-29 18:02:45 (status='Approved'→'approved')
[2025-08-25 11:33:56] 🔍 [PS TRACE] Row 486: read date=2019-06-29 19:19:07, amount=400.0, type_raw='Redeem', label='Redeem', currency='USD', status_raw='Rejected' → norm_status='rejected'
[2025-08-25 11:33:56] 🛑 [PS TRACE] Row 486: skipped — label='Redeem', status='Rejected'→'rejected' not accepted
[2025-08-25 11:33:56] 🔍 [PS TRACE] Row 487: read date=2019-06-30 07:36:30, amount=890.0, type_raw='Redeem', label='Redeem', currency='USD', status_raw='Rejected' → norm_status='rejected'
[2025-08-25 11:33:56] 🛑 [PS TRACE] Row 487: skipped — label='Redeem', status='Rejected'→'rejected' not accepted
[2025-08-25 11:33:56] 🔍 [PS TRACE] Row 488: read date=2019-06-30 15:27:45, amount=780.0, type_raw='Redeem', label='Redeem', currency='USD', status_raw='Rejected' → norm_status='rejected'
[2025-08-25 11:33:56] 🛑 [PS TRACE] Row 488: skipped — label='Redeem', status='Rejected'→'rejected' not accepted
[2025-08-25 11:33:56] 🔍 [PS TRACE] Row 489: read date=2019-07-01 13:21:17, amount=490.0, type_raw='Redeem', label='Redeem', currency='USD', status_raw='Rejected' → norm_status='rejected'
[2025-08-25 11:33:56] 🛑 [PS TRACE] Row 489: skipped — label='Redeem', status='Rejected'→'rejected' not accepted
[2025-08-25 11:33:56] 🔍 [PS TRACE] Row 490: read date=2019-07-01 15:38:33, amount=670.0, type_raw='Redeem', label='Redeem', currency='USD', status_raw='Rejected' → norm_status='rejected'
[2025-08-25 11:33:56] 🛑 [PS TRACE] Row 490: skipped — label='Redeem', status='Rejected'→'rejected' not accepted
[2025-08-25 11:33:56] 🔍 [PS TRACE] Row 491: read date=2019-07-02 11:27:15, amount=650.0, type_raw='Redeem', label='Redeem', currency='USD', status_raw='Rejected' → norm_status='rejected'
[2025-08-25 11:33:56] 🛑 [PS TRACE] Row 491: skipped — label='Redeem', status='Rejected'→'rejected' not accepted
[2025-08-25 11:33:56] 🔍 [PS TRACE] Row 492: read date=2019-07-03 06:31:03, amount=1110.0, type_raw='Redeem', label='Redeem', currency='USD', status_raw='Rejected' → norm_status='rejected'
[2025-08-25 11:33:56] 🛑 [PS TRACE] Row 492: skipped — label='Redeem', status='Rejected'→'rejected' not accepted
[2025-08-25 11:33:56] 🔍 [PS TRACE] Row 493: read date=2019-07-03 16:55:51, amount=860.0, type_raw='Redeem', label='Redeem', currency='USD', status_raw='Rejected' → norm_status='rejected'
[2025-08-25 11:33:56] 🛑 [PS TRACE] Row 493: skipped — label='Redeem', status='Rejected'→'rejected' not accepted
[2025-08-25 11:33:56] 🔍 [PS TRACE] Row 494: read date=2019-07-15 16:09:26, amount=16.42, type_raw='Deposit', label='Deposit', currency='USD', status_raw='Approved' → norm_status='approved'
[2025-08-25 11:33:56] ✅ [PS TRACE] Row 494: ACCEPT Deposit 16.42 USD on 2019-07-15 16:09:26 (status='Approved'→'approved')
[2025-08-25 11:33:56] 🔍 [PS TRACE] Row 495: read date=2019-07-16 05:15:48, amount=14.43, type_raw='Deposit', label='Deposit', currency='USD', status_raw='Approved' → norm_status='approved'
[2025-08-25 11:33:56] ✅ [PS TRACE] Row 495: ACCEPT Deposit 14.43 USD on 2019-07-16 05:15:48 (status='Approved'→'approved')
[2025-08-25 11:33:56] 🔍 [PS TRACE] Row 496: read date=2019-08-17 00:39:54, amount=10.37, type_raw='Deposit', label='Deposit', currency='USD', status_raw='Rejected' → norm_status='rejected'
[2025-08-25 11:33:56] 🛑 [PS TRACE] Row 496: skipped — label='Deposit', status='Rejected'→'rejected' not accepted
[2025-08-25 11:33:56] 🔍 [PS TRACE] Row 497: read date=2019-08-17 00:39:30, amount=10.36, type_raw='Deposit', label='Deposit', currency='USD', status_raw='Rejected' → norm_status='rejected'
[2025-08-25 11:33:56] 🛑 [PS TRACE] Row 497: skipped — label='Deposit', status='Rejected'→'rejected' not accepted
[2025-08-25 11:33:56] 🔍 [PS TRACE] Row 498: read date=2019-07-16 10:01:35, amount=10.36, type_raw='Deposit', label='Deposit', currency='USD', status_raw='Approved' → norm_status='approved'
[2025-08-25 11:33:56] ✅ [PS TRACE] Row 498: ACCEPT Deposit 10.36 USD on 2019-07-16 10:01:35 (status='Approved'→'approved')
[2025-08-25 11:33:56] 🔍 [PS TRACE] Row 499: read date=2019-07-17 09:08:39, amount=10.9, type_raw='Deposit', label='Deposit', currency='USD', status_raw='Approved' → norm_status='approved'
[2025-08-25 11:33:56] ✅ [PS TRACE] Row 499: ACCEPT Deposit 10.9 USD on 2019-07-17 09:08:39 (status='Approved'→'approved')
[2025-08-25 11:33:56] 🔍 [PS TRACE] Row 500: read date=2019-07-17 10:12:00, amount=21.81, type_raw='Deposit', label='Deposit', currency='USD', status_raw='Approved' → norm_status='approved'
[2025-08-25 11:33:57] ✅ [PS TRACE] Row 500: ACCEPT Deposit 21.81 USD on 2019-07-17 10:12:00 (status='Approved'→'approved')
[2025-08-25 11:33:57] 🔍 [PS TRACE] Row 501: read date=2019-08-18 00:34:11, amount=16.36, type_raw='Deposit', label='Deposit', currency='USD', status_raw='Rejected' → norm_status='rejected'
[2025-08-25 11:33:57] 🛑 [PS TRACE] Row 501: skipped — label='Deposit', status='Rejected'→'rejected' not accepted
[2025-08-25 11:33:57] 🔍 [PS TRACE] Row 502: read date=2019-07-17 11:02:56, amount=14.18, type_raw='Deposit', label='Deposit', currency='USD', status_raw='Approved' → norm_status='approved'
[2025-08-25 11:33:57] ✅ [PS TRACE] Row 502: ACCEPT Deposit 14.18 USD on 2019-07-17 11:02:56 (status='Approved'→'approved')
[2025-08-25 11:33:57] 🔍 [PS TRACE] Row 503: read date=2019-07-19 15:29:04, amount=16.36, type_raw='Deposit', label='Deposit', currency='USD', status_raw='Approved' → norm_status='approved'
[2025-08-25 11:33:57] ✅ [PS TRACE] Row 503: ACCEPT Deposit 16.36 USD on 2019-07-19 15:29:04 (status='Approved'→'approved')
[2025-08-25 11:33:57] 🔍 [PS TRACE] Row 504: read date=2019-07-19 15:34:07, amount=10.91, type_raw='Deposit', label='Deposit', currency='USD', status_raw='Approved' → norm_status='approved'
[2025-08-25 11:33:57] ✅ [PS TRACE] Row 504: ACCEPT Deposit 10.91 USD on 2019-07-19 15:34:07 (status='Approved'→'approved')
[2025-08-25 11:33:57] 🔍 [PS TRACE] Row 505: read date=2019-07-19 16:57:01, amount=10.91, type_raw='Deposit', label='Deposit', currency='USD', status_raw='Approved' → norm_status='approved'
[2025-08-25 11:33:57] ✅ [PS TRACE] Row 505: ACCEPT Deposit 10.91 USD on 2019-07-19 16:57:01 (status='Approved'→'approved')
[2025-08-25 11:33:57] 🔍 [PS TRACE] Row 506: read date=2019-07-20 03:55:54, amount=13.14, type_raw='Deposit', label='Deposit', currency='USD', status_raw='Approved' → norm_status='approved'
[2025-08-25 11:33:57] ✅ [PS TRACE] Row 506: ACCEPT Deposit 13.14 USD on 2019-07-20 03:55:54 (status='Approved'→'approved')
[2025-08-25 11:33:57] 🔍 [PS TRACE] Row 507: read date=2019-07-20 04:00:48, amount=10.95, type_raw='Deposit', label='Deposit', currency='USD', status_raw='Approved' → norm_status='approved'
[2025-08-25 11:33:57] ✅ [PS TRACE] Row 507: ACCEPT Deposit 10.95 USD on 2019-07-20 04:00:48 (status='Approved'→'approved')
[2025-08-25 11:33:57] 🔍 [PS TRACE] Row 508: read date=2019-07-20 15:56:50, amount=10.36, type_raw='Deposit', label='Deposit', currency='USD', status_raw='Approved' → norm_status='approved'
[2025-08-25 11:33:57] ✅ [PS TRACE] Row 508: ACCEPT Deposit 10.36 USD on 2019-07-20 15:56:50 (status='Approved'→'approved')
[2025-08-25 11:33:57] 🔍 [PS TRACE] Row 509: read date=2019-07-21 13:43:00, amount=13.8, type_raw='Deposit', label='Deposit', currency='USD', status_raw='Approved' → norm_status='approved'
[2025-08-25 11:33:57] ✅ [PS TRACE] Row 509: ACCEPT Deposit 13.8 USD on 2019-07-21 13:43:00 (status='Approved'→'approved')
[2025-08-25 11:33:57] 🔍 [PS TRACE] Row 510: read date=2019-07-21 14:19:44, amount=10.5, type_raw='Deposit', label='Deposit', currency='USD', status_raw='Approved' → norm_status='approved'
[2025-08-25 11:33:57] ✅ [PS TRACE] Row 510: ACCEPT Deposit 10.5 USD on 2019-07-21 14:19:44 (status='Approved'→'approved')
[2025-08-25 11:33:57] 🔍 [PS TRACE] Row 511: read date=2019-07-22 15:51:44, amount=10.41, type_raw='Deposit', label='Deposit', currency='USD', status_raw='Approved' → norm_status='approved'
[2025-08-25 11:33:57] ✅ [PS TRACE] Row 511: ACCEPT Deposit 10.41 USD on 2019-07-22 15:51:44 (status='Approved'→'approved')
[2025-08-25 11:33:57] 🔍 [PS TRACE] Row 512: read date=2019-07-23 13:56:15, amount=10.41, type_raw='Deposit', label='Deposit', currency='USD', status_raw='Approved' → norm_status='approved'
[2025-08-25 11:33:57] ✅ [PS TRACE] Row 512: ACCEPT Deposit 10.41 USD on 2019-07-23 13:56:15 (status='Approved'→'approved')
[2025-08-25 11:33:57] 🔍 [PS TRACE] Row 513: read date=2019-07-25 14:34:22, amount=10.51, type_raw='Deposit', label='Deposit', currency='USD', status_raw='Approved' → norm_status='approved'
[2025-08-25 11:33:57] ✅ [PS TRACE] Row 513: ACCEPT Deposit 10.51 USD on 2019-07-25 14:34:22 (status='Approved'→'approved')
[2025-08-25 11:33:57] 🔍 [PS TRACE] Row 514: read date=2019-07-26 15:50:48, amount=10.49, type_raw='Deposit', label='Deposit', currency='USD', status_raw='Approved' → norm_status='approved'
[2025-08-25 11:33:57] ✅ [PS TRACE] Row 514: ACCEPT Deposit 10.49 USD on 2019-07-26 15:50:48 (status='Approved'→'approved')
[2025-08-25 11:33:57] 🔍 [PS TRACE] Row 515: read date=2019-08-27 00:22:48, amount=12.98, type_raw='Deposit', label='Deposit', currency='USD', status_raw='Rejected' → norm_status='rejected'
[2025-08-25 11:33:57] 🛑 [PS TRACE] Row 515: skipped — label='Deposit', status='Rejected'→'rejected' not accepted
[2025-08-25 11:33:57] 🔍 [PS TRACE] Row 516: read date=2019-11-16 11:30:16, amount=21.49, type_raw='Deposit', label='Deposit', currency='USD', status_raw='Approved' → norm_status='approved'
[2025-08-25 11:33:57] ✅ [PS TRACE] Row 516: ACCEPT Deposit 21.49 USD on 2019-11-16 11:30:16 (status='Approved'→'approved')
[2025-08-25 11:33:57] 🔍 [PS TRACE] Row 517: read date=2019-11-16 14:01:36, amount=10.53, type_raw='Deposit', label='Deposit', currency='USD', status_raw='Approved' → norm_status='approved'
[2025-08-25 11:33:57] ✅ [PS TRACE] Row 517: ACCEPT Deposit 10.53 USD on 2019-11-16 14:01:36 (status='Approved'→'approved')
[2025-08-25 11:33:57] 🔍 [PS TRACE] Row 518: read date=2019-11-21 12:43:30, amount=21.51, type_raw='Deposit', label='Deposit', currency='USD', status_raw='Approved' → norm_status='approved'
[2025-08-25 11:33:57] ✅ [PS TRACE] Row 518: ACCEPT Deposit 21.51 USD on 2019-11-21 12:43:30 (status='Approved'→'approved')
[2025-08-25 11:33:57] 🔍 [PS TRACE] Row 519: read date=2019-11-21 13:20:59, amount=10.75, type_raw='Deposit', label='Deposit', currency='USD', status_raw='Approved' → norm_status='approved'
[2025-08-25 11:33:57] ✅ [PS TRACE] Row 519: ACCEPT Deposit 10.75 USD on 2019-11-21 13:20:59 (status='Approved'→'approved')
[2025-08-25 11:33:57] 🔍 [PS TRACE] Row 520: read date=2019-11-28 16:15:03, amount=13.91, type_raw='Deposit', label='Deposit', currency='USD', status_raw='Approved' → norm_status='approved'
[2025-08-25 11:33:57] ✅ [PS TRACE] Row 520: ACCEPT Deposit 13.91 USD on 2019-11-28 16:15:03 (status='Approved'→'approved')
[2025-08-25 11:33:57] 🔍 [PS TRACE] Row 521: read date=2019-11-30 09:03:16, amount=14.99, type_raw='Deposit', label='Deposit', currency='USD', status_raw='Approved' → norm_status='approved'
[2025-08-25 11:33:57] ✅ [PS TRACE] Row 521: ACCEPT Deposit 14.99 USD on 2019-11-30 09:03:16 (status='Approved'→'approved')
[2025-08-25 11:33:57] 🔍 [PS TRACE] Row 522: read date=2020-01-07 01:56:32, amount=10.74, type_raw='Deposit', label='Deposit', currency='USD', status_raw='Rejected' → norm_status='rejected'
[2025-08-25 11:33:57] 🛑 [PS TRACE] Row 522: skipped — label='Deposit', status='Rejected'→'rejected' not accepted
[2025-08-25 11:33:57] 🔍 [PS TRACE] Row 523: read date=2019-12-06 09:55:09, amount=21.48, type_raw='Deposit', label='Deposit', currency='USD', status_raw='Approved' → norm_status='approved'
[2025-08-25 11:33:57] ✅ [PS TRACE] Row 523: ACCEPT Deposit 21.48 USD on 2019-12-06 09:55:09 (status='Approved'→'approved')
[2025-08-25 11:33:57] 🔍 [PS TRACE] Row 524: read date=2019-12-06 11:02:32, amount=16.07, type_raw='Deposit', label='Deposit', currency='USD', status_raw='Approved' → norm_status='approved'
[2025-08-25 11:33:57] ✅ [PS TRACE] Row 524: ACCEPT Deposit 16.07 USD on 2019-12-06 11:02:32 (status='Approved'→'approved')
[2025-08-25 11:33:57] 🔍 [PS TRACE] Row 525: read date=2019-12-06 15:10:06, amount=21.44, type_raw='Deposit', label='Deposit', currency='USD', status_raw='Approved' → norm_status='approved'
[2025-08-25 11:33:57] ✅ [PS TRACE] Row 525: ACCEPT Deposit 21.44 USD on 2019-12-06 15:10:06 (status='Approved'→'approved')
[2025-08-25 11:33:57] 🔍 [PS TRACE] Row 526: read date=2019-12-06 15:13:59, amount=16.08, type_raw='Deposit', label='Deposit', currency='USD', status_raw='Approved' → norm_status='approved'
[2025-08-25 11:33:57] ✅ [PS TRACE] Row 526: ACCEPT Deposit 16.08 USD on 2019-12-06 15:13:59 (status='Approved'→'approved')
[2025-08-25 11:33:57] 🔍 [PS TRACE] Row 527: read date=2019-12-06 15:19:50, amount=10.72, type_raw='Deposit', label='Deposit', currency='USD', status_raw='Approved' → norm_status='approved'
[2025-08-25 11:33:57] ✅ [PS TRACE] Row 527: ACCEPT Deposit 10.72 USD on 2019-12-06 15:19:50 (status='Approved'→'approved')
[2025-08-25 11:33:57] 🔍 [PS TRACE] Row 528: read date=2019-12-06 15:24:02, amount=11.79, type_raw='Deposit', label='Deposit', currency='USD', status_raw='Approved' → norm_status='approved'
[2025-08-25 11:33:57] ✅ [PS TRACE] Row 528: ACCEPT Deposit 11.79 USD on 2019-12-06 15:24:02 (status='Approved'→'approved')
[2025-08-25 11:33:57] 🔍 [PS TRACE] Row 529: read date=2019-12-13 13:23:03, amount=16.18, type_raw='Deposit', label='Deposit', currency='USD', status_raw='Approved' → norm_status='approved'
[2025-08-25 11:33:57] ✅ [PS TRACE] Row 529: ACCEPT Deposit 16.18 USD on 2019-12-13 13:23:03 (status='Approved'→'approved')
[2025-08-25 11:33:57] 🔍 [PS TRACE] Row 530: read date=2019-12-14 10:44:49, amount=17.36, type_raw='Deposit', label='Deposit', currency='USD', status_raw='Approved' → norm_status='approved'
[2025-08-25 11:33:57] ✅ [PS TRACE] Row 530: ACCEPT Deposit 17.36 USD on 2019-12-14 10:44:49 (status='Approved'→'approved')
[2025-08-25 11:33:57] 🔍 [PS TRACE] Row 531: read date=2019-12-21 10:34:12, amount=21.48, type_raw='Deposit', label='Deposit', currency='USD', status_raw='Approved' → norm_status='approved'
[2025-08-25 11:33:57] ✅ [PS TRACE] Row 531: ACCEPT Deposit 21.48 USD on 2019-12-21 10:34:12 (status='Approved'→'approved')
[2025-08-25 11:33:57] 🔍 [PS TRACE] Row 532: read date=2019-12-21 10:55:07, amount=10.2, type_raw='Deposit', label='Deposit', currency='USD', status_raw='Approved' → norm_status='approved'
[2025-08-25 11:33:57] ✅ [PS TRACE] Row 532: ACCEPT Deposit 10.2 USD on 2019-12-21 10:55:07 (status='Approved'→'approved')
[2025-08-25 11:33:57] 🔍 [PS TRACE] Row 533: read date=2019-12-21 16:15:48, amount=10.2, type_raw='Deposit', label='Deposit', currency='USD', status_raw='Approved' → norm_status='approved'
[2025-08-25 11:33:57] ✅ [PS TRACE] Row 533: ACCEPT Deposit 10.2 USD on 2019-12-21 16:15:48 (status='Approved'→'approved')
[2025-08-25 11:33:57] 🔍 [PS TRACE] Row 534: read date=2019-12-21 16:45:25, amount=10.2, type_raw='Deposit', label='Deposit', currency='USD', status_raw='Approved' → norm_status='approved'
[2025-08-25 11:33:57] ✅ [PS TRACE] Row 534: ACCEPT Deposit 10.2 USD on 2019-12-21 16:45:25 (status='Approved'→'approved')
[2025-08-25 11:33:57] 🔍 [PS TRACE] Row 535: read date=2019-12-22 14:33:09, amount=21.48, type_raw='Deposit', label='Deposit', currency='USD', status_raw='Approved' → norm_status='approved'
[2025-08-25 11:33:57] ✅ [PS TRACE] Row 535: ACCEPT Deposit 21.48 USD on 2019-12-22 14:33:09 (status='Approved'→'approved')
[2025-08-25 11:33:57] 🔍 [PS TRACE] Row 536: read date=2019-12-25 15:51:29, amount=27.21, type_raw='Deposit', label='Deposit', currency='USD', status_raw='Approved' → norm_status='approved'
[2025-08-25 11:33:57] ✅ [PS TRACE] Row 536: ACCEPT Deposit 27.21 USD on 2019-12-25 15:51:29 (status='Approved'→'approved')
[2025-08-25 11:33:57] 🔍 [PS TRACE] Row 537: read date=2019-12-27 10:52:13, amount=37.94, type_raw='Deposit', label='Deposit', currency='USD', status_raw='Approved' → norm_status='approved'
[2025-08-25 11:33:57] ✅ [PS TRACE] Row 537: ACCEPT Deposit 37.94 USD on 2019-12-27 10:52:13 (status='Approved'→'approved')
[2025-08-25 11:33:57] 🔍 [PS TRACE] Row 538: read date=2019-12-28 08:25:29, amount=65.04, type_raw='Deposit', label='Deposit', currency='USD', status_raw='Approved' → norm_status='approved'
[2025-08-25 11:33:57] ✅ [PS TRACE] Row 538: ACCEPT Deposit 65.04 USD on 2019-12-28 08:25:29 (status='Approved'→'approved')
[2025-08-25 11:33:57] 🔍 [PS TRACE] Row 539: read date=2019-12-28 10:26:21, amount=108.4, type_raw='Deposit', label='Deposit', currency='USD', status_raw='Approved' → norm_status='approved'
[2025-08-25 11:33:57] ✅ [PS TRACE] Row 539: ACCEPT Deposit 108.4 USD on 2019-12-28 10:26:21 (status='Approved'→'approved')
[2025-08-25 11:33:57] 🔍 [PS TRACE] Row 540: read date=2019-12-28 12:00:21, amount=32.52, type_raw='Deposit', label='Deposit', currency='USD', status_raw='Approved' → norm_status='approved'
[2025-08-25 11:33:57] ✅ [PS TRACE] Row 540: ACCEPT Deposit 32.52 USD on 2019-12-28 12:00:21 (status='Approved'→'approved')
[2025-08-25 11:33:57] 🔍 [PS TRACE] Row 541: read date=2019-12-28 15:47:34, amount=43.36, type_raw='Deposit', label='Deposit', currency='USD', status_raw='Approved' → norm_status='approved'
[2025-08-25 11:33:57] ✅ [PS TRACE] Row 541: ACCEPT Deposit 43.36 USD on 2019-12-28 15:47:34 (status='Approved'→'approved')
[2025-08-25 11:33:57] 🔍 [PS TRACE] Row 542: read date=2019-12-30 03:21:14, amount=484.13, type_raw='Redeem', label='Redeem', currency='USD', status_raw='Approved' → norm_status='approved'
[2025-08-25 11:33:57] ✅ [PS TRACE] Row 542: ACCEPT Redeem 484.13 USD on 2019-12-30 03:21:14 (status='Approved'→'approved')
[2025-08-25 11:33:57] 🔍 [PS TRACE] Row 543: read date=2020-01-01 13:41:34, amount=11.2, type_raw='Deposit', label='Deposit', currency='USD', status_raw='Approved' → norm_status='approved'
[2025-08-25 11:33:57] ✅ [PS TRACE] Row 543: ACCEPT Deposit 11.2 USD on 2020-01-01 13:41:34 (status='Approved'→'approved')
[2025-08-25 11:33:57] 🔍 [PS TRACE] Row 544: read date=2020-01-01 13:59:23, amount=16.33, type_raw='Deposit', label='Deposit', currency='USD', status_raw='Approved' → norm_status='approved'
[2025-08-25 11:33:57] ✅ [PS TRACE] Row 544: ACCEPT Deposit 16.33 USD on 2020-01-01 13:59:23 (status='Approved'→'approved')
[2025-08-25 11:33:57] 🔍 [PS TRACE] Row 545: read date=2020-01-01 14:22:50, amount=13.59, type_raw='Deposit', label='Deposit', currency='USD', status_raw='Approved' → norm_status='approved'
[2025-08-25 11:33:57] ✅ [PS TRACE] Row 545: ACCEPT Deposit 13.59 USD on 2020-01-01 14:22:50 (status='Approved'→'approved')
[2025-08-25 11:33:57] 🔍 [PS TRACE] Row 546: read date=2020-01-25 08:18:17, amount=22.46, type_raw='Deposit', label='Deposit', currency='USD', status_raw='Approved' → norm_status='approved'
[2025-08-25 11:33:57] ✅ [PS TRACE] Row 546: ACCEPT Deposit 22.46 USD on 2020-01-25 08:18:17 (status='Approved'→'approved')
[2025-08-25 11:33:57] 🔍 [PS TRACE] Row 547: read date=2020-02-08 12:15:56, amount=21.23, type_raw='Deposit', label='Deposit', currency='USD', status_raw='Approved' → norm_status='approved'
[2025-08-25 11:33:57] ✅ [PS TRACE] Row 547: ACCEPT Deposit 21.23 USD on 2020-02-08 12:15:56 (status='Approved'→'approved')
[2025-08-25 11:33:57] 🔍 [PS TRACE] Row 548: read date=2020-02-15 08:18:06, amount=25.32, type_raw='Deposit', label='Deposit', currency='USD', status_raw='Approved' → norm_status='approved'
[2025-08-25 11:33:57] ✅ [PS TRACE] Row 548: ACCEPT Deposit 25.32 USD on 2020-02-15 08:18:06 (status='Approved'→'approved')
[2025-08-25 11:33:57] 🔍 [PS TRACE] Row 549: read date=2020-02-15 13:53:01, amount=21.91, type_raw='Deposit', label='Deposit', currency='USD', status_raw='Approved' → norm_status='approved'
[2025-08-25 11:33:57] ✅ [PS TRACE] Row 549: ACCEPT Deposit 21.91 USD on 2020-02-15 13:53:01 (status='Approved'→'approved')
[2025-08-25 11:33:57] 🔍 [PS TRACE] Row 550: read date=2020-02-16 06:09:41, amount=12.6, type_raw='Deposit', label='Deposit', currency='USD', status_raw='Approved' → norm_status='approved'
[2025-08-25 11:33:57] ✅ [PS TRACE] Row 550: ACCEPT Deposit 12.6 USD on 2020-02-16 06:09:41 (status='Approved'→'approved')
[2025-08-25 11:33:57] 🔍 [PS TRACE] Row 551: read date=2020-02-25 13:19:23, amount=15.83, type_raw='Deposit', label='Deposit', currency='USD', status_raw='Approved' → norm_status='approved'
[2025-08-25 11:33:57] ✅ [PS TRACE] Row 551: ACCEPT Deposit 15.83 USD on 2020-02-25 13:19:23 (status='Approved'→'approved')
[2025-08-25 11:33:57] 🔍 [PS TRACE] Row 552: read date=2020-02-29 15:11:25, amount=23.53, type_raw='Deposit', label='Deposit', currency='USD', status_raw='Approved' → norm_status='approved'
[2025-08-25 11:33:57] ✅ [PS TRACE] Row 552: ACCEPT Deposit 23.53 USD on 2020-02-29 15:11:25 (status='Approved'→'approved')
[2025-08-25 11:33:57] 🔍 [PS TRACE] Row 553: read date=2020-03-01 15:41:24, amount=135.52, type_raw='Redeem', label='Redeem', currency='USD', status_raw='Cancelled' → norm_status='cancelled'
[2025-08-25 11:33:57] 🛑 [PS TRACE] Row 553: skipped — label='Redeem', status='Cancelled'→'cancelled' not accepted
[2025-08-25 11:33:57] 🔍 [PS TRACE] Row 554: read date=2020-03-01 19:50:19, amount=135.32, type_raw='Redeem', label='Redeem', currency='USD', status_raw='Approved' → norm_status='approved'
[2025-08-25 11:33:57] ✅ [PS TRACE] Row 554: ACCEPT Redeem 135.32 USD on 2020-03-01 19:50:19 (status='Approved'→'approved')
[2025-08-25 11:33:57] 🔍 [PS TRACE] Row 555: read date=2020-03-03 10:30:44, amount=10.83, type_raw='Deposit', label='Deposit', currency='USD', status_raw='Approved' → norm_status='approved'
[2025-08-25 11:33:57] ✅ [PS TRACE] Row 555: ACCEPT Deposit 10.83 USD on 2020-03-03 10:30:44 (status='Approved'→'approved')
[2025-08-25 11:33:57] 🔍 [PS TRACE] Row 556: read date=2020-03-07 07:42:26, amount=14.23, type_raw='Deposit', label='Deposit', currency='USD', status_raw='Approved' → norm_status='approved'
[2025-08-25 11:33:57] ✅ [PS TRACE] Row 556: ACCEPT Deposit 14.23 USD on 2020-03-07 07:42:26 (status='Approved'→'approved')
[2025-08-25 11:33:57] 🔍 [PS TRACE] Row 557: read date=2020-03-07 13:22:18, amount=11.38, type_raw='Deposit', label='Deposit', currency='USD', status_raw='Approved' → norm_status='approved'
[2025-08-25 11:33:57] ✅ [PS TRACE] Row 557: ACCEPT Deposit 11.38 USD on 2020-03-07 13:22:18 (status='Approved'→'approved')
[2025-08-25 11:33:57] 🔍 [PS TRACE] Row 558: read date=2020-03-14 15:14:28, amount=12.39, type_raw='Deposit', label='Deposit', currency='USD', status_raw='Approved' → norm_status='approved'
[2025-08-25 11:33:57] ✅ [PS TRACE] Row 558: ACCEPT Deposit 12.39 USD on 2020-03-14 15:14:28 (status='Approved'→'approved')
[2025-08-25 11:33:57] 🔍 [PS TRACE] Row 559: read date=2020-03-21 08:44:02, amount=21.89, type_raw='Deposit', label='Deposit', currency='USD', status_raw='Approved' → norm_status='approved'
[2025-08-25 11:33:57] ✅ [PS TRACE] Row 559: ACCEPT Deposit 21.89 USD on 2020-03-21 08:44:02 (status='Approved'→'approved')
[2025-08-25 11:33:57] 🔍 [PS TRACE] Row 560: read date=2020-03-21 10:36:02, amount=16.21, type_raw='Deposit', label='Deposit', currency='USD', status_raw='Approved' → norm_status='approved'
[2025-08-25 11:33:57] ✅ [PS TRACE] Row 560: ACCEPT Deposit 16.21 USD on 2020-03-21 10:36:02 (status='Approved'→'approved')
[2025-08-25 11:33:57] 🔍 [PS TRACE] Row 561: read date=2020-03-22 10:30:21, amount=20.85, type_raw='Deposit', label='Deposit', currency='USD', status_raw='Approved' → norm_status='approved'
[2025-08-25 11:33:57] ✅ [PS TRACE] Row 561: ACCEPT Deposit 20.85 USD on 2020-03-22 10:30:21 (status='Approved'→'approved')
[2025-08-25 11:33:57] 🔍 [PS TRACE] Row 562: read date=2020-03-29 07:16:39, amount=10.81, type_raw='Deposit', label='Deposit', currency='USD', status_raw='Approved' → norm_status='approved'
[2025-08-25 11:33:57] ✅ [PS TRACE] Row 562: ACCEPT Deposit 10.81 USD on 2020-03-29 07:16:39 (status='Approved'→'approved')
[2025-08-25 11:33:58] 🔍 [PS TRACE] Row 563: read date=2020-03-29 14:08:12, amount=17.3, type_raw='Deposit', label='Deposit', currency='USD', status_raw='Approved' → norm_status='approved'
[2025-08-25 11:33:58] ✅ [PS TRACE] Row 563: ACCEPT Deposit 17.3 USD on 2020-03-29 14:08:12 (status='Approved'→'approved')
[2025-08-25 11:33:58] 🔍 [PS TRACE] Row 564: read date=2020-04-04 07:19:37, amount=10.06, type_raw='Deposit', label='Deposit', currency='USD', status_raw='Approved' → norm_status='approved'
[2025-08-25 11:33:58] ✅ [PS TRACE] Row 564: ACCEPT Deposit 10.06 USD on 2020-04-04 07:19:37 (status='Approved'→'approved')
[2025-08-25 11:33:58] 🔍 [PS TRACE] Row 565: read date=2020-04-04 09:51:39, amount=10.06, type_raw='Deposit', label='Deposit', currency='USD', status_raw='Approved' → norm_status='approved'
[2025-08-25 11:33:58] ✅ [PS TRACE] Row 565: ACCEPT Deposit 10.06 USD on 2020-04-04 09:51:39 (status='Approved'→'approved')
[2025-08-25 11:33:58] 🔍 [PS TRACE] Row 566: read date=2020-04-05 05:26:37, amount=10.89, type_raw='Deposit', label='Deposit', currency='USD', status_raw='Approved' → norm_status='approved'
[2025-08-25 11:33:58] ✅ [PS TRACE] Row 566: ACCEPT Deposit 10.89 USD on 2020-04-05 05:26:37 (status='Approved'→'approved')
[2025-08-25 11:33:58] 🔍 [PS TRACE] Row 567: read date=2020-04-11 11:41:53, amount=18.03, type_raw='Deposit', label='Deposit', currency='USD', status_raw='Approved' → norm_status='approved'
[2025-08-25 11:33:58] ✅ [PS TRACE] Row 567: ACCEPT Deposit 18.03 USD on 2020-04-11 11:41:53 (status='Approved'→'approved')
[2025-08-25 11:33:58] 🔍 [PS TRACE] Row 568: read date=2020-04-11 13:21:57, amount=10.6, type_raw='Deposit', label='Deposit', currency='USD', status_raw='Approved' → norm_status='approved'
[2025-08-25 11:33:58] ✅ [PS TRACE] Row 568: ACCEPT Deposit 10.6 USD on 2020-04-11 13:21:57 (status='Approved'→'approved')
[2025-08-25 11:33:58] 🔍 [PS TRACE] Row 569: read date=2020-04-11 14:23:12, amount=14.85, type_raw='Deposit', label='Deposit', currency='USD', status_raw='Approved' → norm_status='approved'
[2025-08-25 11:33:58] ✅ [PS TRACE] Row 569: ACCEPT Deposit 14.85 USD on 2020-04-11 14:23:12 (status='Approved'→'approved')
[2025-08-25 11:33:58] 🔍 [PS TRACE] Row 570: read date=2020-04-12 08:16:01, amount=13.04, type_raw='Deposit', label='Deposit', currency='USD', status_raw='Approved' → norm_status='approved'
[2025-08-25 11:33:58] ✅ [PS TRACE] Row 570: ACCEPT Deposit 13.04 USD on 2020-04-12 08:16:01 (status='Approved'→'approved')
[2025-08-25 11:33:58] 🔍 [PS TRACE] Row 571: read date=2020-04-19 09:55:30, amount=21.09, type_raw='Deposit', label='Deposit', currency='USD', status_raw='Approved' → norm_status='approved'
[2025-08-25 11:33:58] ✅ [PS TRACE] Row 571: ACCEPT Deposit 21.09 USD on 2020-04-19 09:55:30 (status='Approved'→'approved')
[2025-08-25 11:33:58] 🔍 [PS TRACE] Row 572: read date=2020-04-19 13:23:18, amount=25.31, type_raw='Deposit', label='Deposit', currency='USD', status_raw='Approved' → norm_status='approved'
[2025-08-25 11:33:58] ✅ [PS TRACE] Row 572: ACCEPT Deposit 25.31 USD on 2020-04-19 13:23:18 (status='Approved'→'approved')
[2025-08-25 11:33:58] 🔍 [PS TRACE] Row 573: read date=2020-04-25 13:32:52, amount=13.6, type_raw='Deposit', label='Deposit', currency='USD', status_raw='Approved' → norm_status='approved'
[2025-08-25 11:33:58] ✅ [PS TRACE] Row 573: ACCEPT Deposit 13.6 USD on 2020-04-25 13:32:52 (status='Approved'→'approved')
[2025-08-25 11:33:58] 🔍 [PS TRACE] Row 574: read date=2020-04-26 13:49:09, amount=29.39, type_raw='Deposit', label='Deposit', currency='USD', status_raw='Approved' → norm_status='approved'
[2025-08-25 11:33:58] ✅ [PS TRACE] Row 574: ACCEPT Deposit 29.39 USD on 2020-04-26 13:49:09 (status='Approved'→'approved')
[2025-08-25 11:33:58] 🔍 [PS TRACE] Row 575: read date=2020-04-26 14:30:28, amount=17.01, type_raw='Deposit', label='Deposit', currency='USD', status_raw='Approved' → norm_status='approved'
[2025-08-25 11:33:58] ✅ [PS TRACE] Row 575: ACCEPT Deposit 17.01 USD on 2020-04-26 14:30:28 (status='Approved'→'approved')
[2025-08-25 11:33:58] 🔍 [PS TRACE] Row 576: read date=2020-05-03 07:07:03, amount=13.6, type_raw='Deposit', label='Deposit', currency='USD', status_raw='Approved' → norm_status='approved'
[2025-08-25 11:33:58] ✅ [PS TRACE] Row 576: ACCEPT Deposit 13.6 USD on 2020-05-03 07:07:03 (status='Approved'→'approved')
[2025-08-25 11:33:58] 🔍 [PS TRACE] Row 577: read date=2020-05-16 15:02:07, amount=12.59, type_raw='Deposit', label='Deposit', currency='USD', status_raw='Approved' → norm_status='approved'
[2025-08-25 11:33:58] ✅ [PS TRACE] Row 577: ACCEPT Deposit 12.59 USD on 2020-05-16 15:02:07 (status='Approved'→'approved')
[2025-08-25 11:33:58] 🔍 [PS TRACE] Row 578: read date=2020-05-17 10:13:22, amount=10.49, type_raw='Deposit', label='Deposit', currency='USD', status_raw='Approved' → norm_status='approved'
[2025-08-25 11:33:58] ✅ [PS TRACE] Row 578: ACCEPT Deposit 10.49 USD on 2020-05-17 10:13:22 (status='Approved'→'approved')
[2025-08-25 11:33:58] 🔍 [PS TRACE] Row 579: read date=2020-05-17 13:27:20, amount=31.49, type_raw='Deposit', label='Deposit', currency='USD', status_raw='Approved' → norm_status='approved'
[2025-08-25 11:33:58] ✅ [PS TRACE] Row 579: ACCEPT Deposit 31.49 USD on 2020-05-17 13:27:20 (status='Approved'→'approved')
[2025-08-25 11:33:58] 🔍 [PS TRACE] Row 580: read date=2020-05-24 14:15:42, amount=25.38, type_raw='Deposit', label='Deposit', currency='USD', status_raw='Approved' → norm_status='approved'
[2025-08-25 11:33:58] ✅ [PS TRACE] Row 580: ACCEPT Deposit 25.38 USD on 2020-05-24 14:15:42 (status='Approved'→'approved')
[2025-08-25 11:33:58] 🔍 [PS TRACE] Row 581: read date=2020-06-13 14:52:57, amount=10.92, type_raw='Deposit', label='Deposit', currency='USD', status_raw='Approved' → norm_status='approved'
[2025-08-25 11:33:58] ✅ [PS TRACE] Row 581: ACCEPT Deposit 10.92 USD on 2020-06-13 14:52:57 (status='Approved'→'approved')
[2025-08-25 11:33:58] 🔍 [PS TRACE] Row 582: read date=2020-06-18 08:57:19, amount=21.78, type_raw='Deposit', label='Deposit', currency='USD', status_raw='Approved' → norm_status='approved'
[2025-08-25 11:33:58] ✅ [PS TRACE] Row 582: ACCEPT Deposit 21.78 USD on 2020-06-18 08:57:19 (status='Approved'→'approved')
[2025-08-25 11:33:58] 🔍 [PS TRACE] Row 583: read date=2020-06-18 11:37:38, amount=13.06, type_raw='Deposit', label='Deposit', currency='USD', status_raw='Approved' → norm_status='approved'
[2025-08-25 11:33:58] ✅ [PS TRACE] Row 583: ACCEPT Deposit 13.06 USD on 2020-06-18 11:37:38 (status='Approved'→'approved')
[2025-08-25 11:33:58] 🔍 [PS TRACE] Row 584: read date=2020-06-23 05:27:11, amount=400.0, type_raw='Redeem', label='Redeem', currency='USD', status_raw='Approved' → norm_status='approved'
[2025-08-25 11:33:58] ✅ [PS TRACE] Row 584: ACCEPT Redeem 400.0 USD on 2020-06-23 05:27:11 (status='Approved'→'approved')
[2025-08-25 11:33:58] 🔍 [PS TRACE] Row 585: read date=2020-06-30 04:51:24, amount=130.0, type_raw='Redeem', label='Redeem', currency='USD', status_raw='Approved' → norm_status='approved'
[2025-08-25 11:33:58] ✅ [PS TRACE] Row 585: ACCEPT Redeem 130.0 USD on 2020-06-30 04:51:24 (status='Approved'→'approved')
[2025-08-25 11:33:58] 🔍 [PS TRACE] Row 586: read date=2020-07-03 14:52:28, amount=23.99, type_raw='Deposit', label='Deposit', currency='USD', status_raw='Approved' → norm_status='approved'
[2025-08-25 11:33:58] ✅ [PS TRACE] Row 586: ACCEPT Deposit 23.99 USD on 2020-07-03 14:52:28 (status='Approved'→'approved')
[2025-08-25 11:33:58] 🔍 [PS TRACE] Row 587: read date=2020-07-03 16:13:48, amount=16.36, type_raw='Deposit', label='Deposit', currency='USD', status_raw='Approved' → norm_status='approved'
[2025-08-25 11:33:58] ✅ [PS TRACE] Row 587: ACCEPT Deposit 16.36 USD on 2020-07-03 16:13:48 (status='Approved'→'approved')
[2025-08-25 11:33:58] 🔍 [PS TRACE] Row 588: read date=2020-07-04 06:47:55, amount=19.53, type_raw='Deposit', label='Deposit', currency='USD', status_raw='Approved' → norm_status='approved'
[2025-08-25 11:33:58] ✅ [PS TRACE] Row 588: ACCEPT Deposit 19.53 USD on 2020-07-04 06:47:55 (status='Approved'→'approved')
[2025-08-25 11:33:58] 🔍 [PS TRACE] Row 589: read date=2020-07-16 06:08:50, amount=10.05, type_raw='Deposit', label='Deposit', currency='USD', status_raw='Approved' → norm_status='approved'
[2025-08-25 11:33:58] ✅ [PS TRACE] Row 589: ACCEPT Deposit 10.05 USD on 2020-07-16 06:08:50 (status='Approved'→'approved')
[2025-08-25 11:33:58] 🔍 [PS TRACE] Row 590: read date=2020-07-16 06:10:55, amount=11.82, type_raw='Deposit', label='Deposit', currency='USD', status_raw='Approved' → norm_status='approved'
[2025-08-25 11:33:58] ✅ [PS TRACE] Row 590: ACCEPT Deposit 11.82 USD on 2020-07-16 06:10:55 (status='Approved'→'approved')
[2025-08-25 11:33:58] 🔍 [PS TRACE] Row 591: read date=2020-07-17 14:42:23, amount=38.05, type_raw='Deposit', label='Deposit', currency='USD', status_raw='Approved' → norm_status='approved'
[2025-08-25 11:33:58] ✅ [PS TRACE] Row 591: ACCEPT Deposit 38.05 USD on 2020-07-17 14:42:23 (status='Approved'→'approved')
[2025-08-25 11:33:58] 🔍 [PS TRACE] Row 592: read date=2020-07-19 20:15:07, amount=253.0, type_raw='Redeem', label='Redeem', currency='USD', status_raw='Approved' → norm_status='approved'
[2025-08-25 11:33:58] ✅ [PS TRACE] Row 592: ACCEPT Redeem 253.0 USD on 2020-07-19 20:15:07 (status='Approved'→'approved')
[2025-08-25 11:33:58] 🔍 [PS TRACE] Row 593: read date=2020-07-23 07:28:41, amount=21.93, type_raw='Deposit', label='Deposit', currency='USD', status_raw='Approved' → norm_status='approved'
[2025-08-25 11:33:58] ✅ [PS TRACE] Row 593: ACCEPT Deposit 21.93 USD on 2020-07-23 07:28:41 (status='Approved'→'approved')
[2025-08-25 11:33:58] 🔍 [PS TRACE] Row 594: read date=2020-07-24 15:37:46, amount=22.58, type_raw='Deposit', label='Deposit', currency='USD', status_raw='Approved' → norm_status='approved'
[2025-08-25 11:33:58] ✅ [PS TRACE] Row 594: ACCEPT Deposit 22.58 USD on 2020-07-24 15:37:46 (status='Approved'→'approved')
[2025-08-25 11:33:58] 🔍 [PS TRACE] Row 595: read date=2020-07-25 15:26:57, amount=10.06, type_raw='Deposit', label='Deposit', currency='USD', status_raw='Approved' → norm_status='approved'
[2025-08-25 11:33:58] ✅ [PS TRACE] Row 595: ACCEPT Deposit 10.06 USD on 2020-07-25 15:26:57 (status='Approved'→'approved')
[2025-08-25 11:33:58] 🔍 [PS TRACE] Row 596: read date=2020-07-29 03:47:56, amount=388.0, type_raw='Redeem', label='Redeem', currency='USD', status_raw='Approved' → norm_status='approved'
[2025-08-25 11:33:58] ✅ [PS TRACE] Row 596: ACCEPT Redeem 388.0 USD on 2020-07-29 03:47:56 (status='Approved'→'approved')
[2025-08-25 11:33:58] 🔍 [PS TRACE] Row 597: read date=2020-07-30 14:16:48, amount=22.94, type_raw='Deposit', label='Deposit', currency='USD', status_raw='Approved' → norm_status='approved'
[2025-08-25 11:33:58] ✅ [PS TRACE] Row 597: ACCEPT Deposit 22.94 USD on 2020-07-30 14:16:48 (status='Approved'→'approved')
[2025-08-25 11:33:58] 🔍 [PS TRACE] Row 598: read date=2020-08-02 13:05:17, amount=34.27, type_raw='Deposit', label='Deposit', currency='USD', status_raw='Approved' → norm_status='approved'
[2025-08-25 11:33:58] ✅ [PS TRACE] Row 598: ACCEPT Deposit 34.27 USD on 2020-08-02 13:05:17 (status='Approved'→'approved')
[2025-08-25 11:33:58] 🔍 [PS TRACE] Row 599: read date=2020-08-06 03:40:20, amount=333.0, type_raw='Redeem', label='Redeem', currency='USD', status_raw='Approved' → norm_status='approved'
[2025-08-25 11:33:58] ✅ [PS TRACE] Row 599: ACCEPT Redeem 333.0 USD on 2020-08-06 03:40:20 (status='Approved'→'approved')
[2025-08-25 11:33:58] 🔍 [PS TRACE] Row 600: read date=2020-08-07 12:45:29, amount=13.7, type_raw='Deposit', label='Deposit', currency='USD', status_raw='Approved' → norm_status='approved'
[2025-08-25 11:33:58] ✅ [PS TRACE] Row 600: ACCEPT Deposit 13.7 USD on 2020-08-07 12:45:29 (status='Approved'→'approved')
[2025-08-25 11:33:58] 🔍 [PS TRACE] Row 601: read date=2020-08-07 12:50:58, amount=11.99, type_raw='Deposit', label='Deposit', currency='USD', status_raw='Approved' → norm_status='approved'
[2025-08-25 11:33:58] ✅ [PS TRACE] Row 601: ACCEPT Deposit 11.99 USD on 2020-08-07 12:50:58 (status='Approved'→'approved')
[2025-08-25 11:33:58] 🔍 [PS TRACE] Row 602: read date=2020-08-09 09:43:07, amount=350.0, type_raw='Redeem', label='Redeem', currency='USD', status_raw='Cancelled' → norm_status='cancelled'
[2025-08-25 11:33:58] 🛑 [PS TRACE] Row 602: skipped — label='Redeem', status='Cancelled'→'cancelled' not accepted
[2025-08-25 11:33:58] 🔍 [PS TRACE] Row 603: read date=2020-08-09 11:47:08, amount=570.0, type_raw='Redeem', label='Redeem', currency='USD', status_raw='Cancelled' → norm_status='cancelled'
[2025-08-25 11:33:58] 🛑 [PS TRACE] Row 603: skipped — label='Redeem', status='Cancelled'→'cancelled' not accepted
[2025-08-25 11:33:58] 🔍 [PS TRACE] Row 604: read date=2020-08-09 19:11:36, amount=700.0, type_raw='Redeem', label='Redeem', currency='USD', status_raw='Approved' → norm_status='approved'
[2025-08-25 11:33:58] ✅ [PS TRACE] Row 604: ACCEPT Redeem 700.0 USD on 2020-08-09 19:11:36 (status='Approved'→'approved')
[2025-08-25 11:33:58] 🔍 [PS TRACE] Row 605: read date=2020-08-10 09:27:12, amount=11.41, type_raw='Deposit', label='Deposit', currency='USD', status_raw='Approved' → norm_status='approved'
[2025-08-25 11:33:58] ✅ [PS TRACE] Row 605: ACCEPT Deposit 11.41 USD on 2020-08-10 09:27:12 (status='Approved'→'approved')
[2025-08-25 11:33:58] 🔍 [PS TRACE] Row 606: read date=2020-08-10 13:52:22, amount=22.8, type_raw='Deposit', label='Deposit', currency='USD', status_raw='Approved' → norm_status='approved'
[2025-08-25 11:33:58] ✅ [PS TRACE] Row 606: ACCEPT Deposit 22.8 USD on 2020-08-10 13:52:22 (status='Approved'→'approved')
[2025-08-25 11:33:58] 🔍 [PS TRACE] Row 607: read date=2020-08-15 07:44:31, amount=11.02, type_raw='Deposit', label='Deposit', currency='USD', status_raw='Approved' → norm_status='approved'
[2025-08-25 11:33:58] ✅ [PS TRACE] Row 607: ACCEPT Deposit 11.02 USD on 2020-08-15 07:44:31 (status='Approved'→'approved')
[2025-08-25 11:33:58] 🔍 [PS TRACE] Row 608: read date=2020-08-22 14:56:33, amount=27.46, type_raw='Deposit', label='Deposit', currency='USD', status_raw='Approved' → norm_status='approved'
[2025-08-25 11:33:58] ✅ [PS TRACE] Row 608: ACCEPT Deposit 27.46 USD on 2020-08-22 14:56:33 (status='Approved'→'approved')
[2025-08-25 11:33:58] 🔍 [PS TRACE] Row 609: read date=2020-08-30 11:15:41, amount=20.44, type_raw='Deposit', label='Deposit', currency='USD', status_raw='Approved' → norm_status='approved'
[2025-08-25 11:33:58] ✅ [PS TRACE] Row 609: ACCEPT Deposit 20.44 USD on 2020-08-30 11:15:41 (status='Approved'→'approved')
[2025-08-25 11:33:58] 🔍 [PS TRACE] Row 610: read date=2020-09-04 13:41:24, amount=18.6, type_raw='Deposit', label='Deposit', currency='USD', status_raw='Approved' → norm_status='approved'
[2025-08-25 11:33:58] ✅ [PS TRACE] Row 610: ACCEPT Deposit 18.6 USD on 2020-09-04 13:41:24 (status='Approved'→'approved')
[2025-08-25 11:33:58] 🔍 [PS TRACE] Row 611: read date=2020-09-06 05:51:45, amount=10.79, type_raw='Deposit', label='Deposit', currency='USD', status_raw='Approved' → norm_status='approved'
[2025-08-25 11:33:58] ✅ [PS TRACE] Row 611: ACCEPT Deposit 10.79 USD on 2020-09-06 05:51:45 (status='Approved'→'approved')
[2025-08-25 11:33:58] 🔍 [PS TRACE] Row 612: read date=2020-09-06 07:42:29, amount=10.1, type_raw='Deposit', label='Deposit', currency='USD', status_raw='Approved' → norm_status='approved'
[2025-08-25 11:33:58] ✅ [PS TRACE] Row 612: ACCEPT Deposit 10.1 USD on 2020-09-06 07:42:29 (status='Approved'→'approved')
[2025-08-25 11:33:58] 🔍 [PS TRACE] Row 613: read date=2020-09-27 11:47:35, amount=22.56, type_raw='Deposit', label='Deposit', currency='USD', status_raw='Approved' → norm_status='approved'
[2025-08-25 11:33:58] ✅ [PS TRACE] Row 613: ACCEPT Deposit 22.56 USD on 2020-09-27 11:47:35 (status='Approved'→'approved')
[2025-08-25 11:33:58] 🔍 [PS TRACE] Row 614: read date=2020-10-02 13:21:20, amount=36.37, type_raw='Deposit', label='Deposit', currency='USD', status_raw='Approved' → norm_status='approved'
[2025-08-25 11:33:58] ✅ [PS TRACE] Row 614: ACCEPT Deposit 36.37 USD on 2020-10-02 13:21:20 (status='Approved'→'approved')
[2025-08-25 11:33:58] 🔍 [PS TRACE] Row 615: read date=2020-10-04 19:48:15, amount=170.0, type_raw='Redeem', label='Redeem', currency='USD', status_raw='Approved' → norm_status='approved'
[2025-08-25 11:33:58] ✅ [PS TRACE] Row 615: ACCEPT Redeem 170.0 USD on 2020-10-04 19:48:15 (status='Approved'→'approved')
[2025-08-25 11:33:58] 🔍 [PS TRACE] Row 616: read date=2020-10-10 07:16:57, amount=22.95, type_raw='Deposit', label='Deposit', currency='USD', status_raw='Approved' → norm_status='approved'
[2025-08-25 11:33:58] ✅ [PS TRACE] Row 616: ACCEPT Deposit 22.95 USD on 2020-10-10 07:16:57 (status='Approved'→'approved')
[2025-08-25 11:33:58] 🔍 [PS TRACE] Row 617: read date=2020-10-10 08:30:02, amount=21.17, type_raw='Redeem', label='Redeem', currency='USD', status_raw='Cancelled' → norm_status='cancelled'
[2025-08-25 11:33:58] 🛑 [PS TRACE] Row 617: skipped — label='Redeem', status='Cancelled'→'cancelled' not accepted
[2025-08-25 11:33:58] 🔍 [PS TRACE] Row 618: read date=2020-10-11 11:17:55, amount=270.0, type_raw='Redeem', label='Redeem', currency='USD', status_raw='Cancelled' → norm_status='cancelled'
[2025-08-25 11:33:58] 🛑 [PS TRACE] Row 618: skipped — label='Redeem', status='Cancelled'→'cancelled' not accepted
[2025-08-25 11:33:58] 🔍 [PS TRACE] Row 619: read date=2020-10-12 13:00:51, amount=114.58, type_raw='Deposit', label='Deposit', currency='USD', status_raw='Approved' → norm_status='approved'
[2025-08-25 11:33:58] ✅ [PS TRACE] Row 619: ACCEPT Deposit 114.58 USD on 2020-10-12 13:00:51 (status='Approved'→'approved')
[2025-08-25 11:33:58] 🔍 [PS TRACE] Row 620: read date=2020-10-12 15:31:12, amount=22.91, type_raw='Deposit', label='Deposit', currency='USD', status_raw='Approved' → norm_status='approved'
[2025-08-25 11:33:58] ✅ [PS TRACE] Row 620: ACCEPT Deposit 22.91 USD on 2020-10-12 15:31:12 (status='Approved'→'approved')
[2025-08-25 11:33:58] 🔍 [PS TRACE] Row 621: read date=2020-10-16 11:11:15, amount=22.73, type_raw='Deposit', label='Deposit', currency='USD', status_raw='Approved' → norm_status='approved'
[2025-08-25 11:33:58] ✅ [PS TRACE] Row 621: ACCEPT Deposit 22.73 USD on 2020-10-16 11:11:15 (status='Approved'→'approved')
[2025-08-25 11:33:58] 🔍 [PS TRACE] Row 622: read date=2020-10-16 16:42:26, amount=34.09, type_raw='Deposit', label='Deposit', currency='USD', status_raw='Approved' → norm_status='approved'
[2025-08-25 11:33:58] ✅ [PS TRACE] Row 622: ACCEPT Deposit 34.09 USD on 2020-10-16 16:42:26 (status='Approved'→'approved')
[2025-08-25 11:33:58] 🔍 [PS TRACE] Row 623: read date=2020-10-16 16:57:46, amount=22.72, type_raw='Deposit', label='Deposit', currency='USD', status_raw='Approved' → norm_status='approved'
[2025-08-25 11:33:58] ✅ [PS TRACE] Row 623: ACCEPT Deposit 22.72 USD on 2020-10-16 16:57:46 (status='Approved'→'approved')
[2025-08-25 11:33:58] 🔍 [PS TRACE] Row 624: read date=2020-10-17 08:43:31, amount=22.73, type_raw='Deposit', label='Deposit', currency='USD', status_raw='Approved' → norm_status='approved'
[2025-08-25 11:33:58] ✅ [PS TRACE] Row 624: ACCEPT Deposit 22.73 USD on 2020-10-17 08:43:31 (status='Approved'→'approved')
[2025-08-25 11:33:58] 🔍 [PS TRACE] Row 625: read date=2020-10-17 11:16:52, amount=45.47, type_raw='Deposit', label='Deposit', currency='USD', status_raw='Approved' → norm_status='approved'
[2025-08-25 11:33:59] ✅ [PS TRACE] Row 625: ACCEPT Deposit 45.47 USD on 2020-10-17 11:16:52 (status='Approved'→'approved')
[2025-08-25 11:33:59] 🔍 [PS TRACE] Row 626: read date=2020-10-17 11:27:20, amount=22.73, type_raw='Deposit', label='Deposit', currency='USD', status_raw='Approved' → norm_status='approved'
[2025-08-25 11:33:59] ✅ [PS TRACE] Row 626: ACCEPT Deposit 22.73 USD on 2020-10-17 11:27:20 (status='Approved'→'approved')
[2025-08-25 11:33:59] 🔍 [PS TRACE] Row 627: read date=2020-10-17 11:31:11, amount=11.36, type_raw='Deposit', label='Deposit', currency='USD', status_raw='Approved' → norm_status='approved'
[2025-08-25 11:33:59] ✅ [PS TRACE] Row 627: ACCEPT Deposit 11.36 USD on 2020-10-17 11:31:11 (status='Approved'→'approved')
[2025-08-25 11:33:59] 🔍 [PS TRACE] Row 628: read date=2020-10-17 11:38:25, amount=11.36, type_raw='Deposit', label='Deposit', currency='USD', status_raw='Approved' → norm_status='approved'
[2025-08-25 11:33:59] ✅ [PS TRACE] Row 628: ACCEPT Deposit 11.36 USD on 2020-10-17 11:38:25 (status='Approved'→'approved')
[2025-08-25 11:33:59] 🔍 [PS TRACE] Row 629: read date=2020-10-17 11:44:59, amount=17.05, type_raw='Deposit', label='Deposit', currency='USD', status_raw='Rejected' → norm_status='rejected'
[2025-08-25 11:33:59] 🛑 [PS TRACE] Row 629: skipped — label='Deposit', status='Rejected'→'rejected' not accepted
[2025-08-25 11:33:59] 🔍 [PS TRACE] Row 630: read date=2020-10-17 11:45:14, amount=17.05, type_raw='Deposit', label='Deposit', currency='USD', status_raw='Rejected' → norm_status='rejected'
[2025-08-25 11:33:59] 🛑 [PS TRACE] Row 630: skipped — label='Deposit', status='Rejected'→'rejected' not accepted
[2025-08-25 11:33:59] 🔍 [PS TRACE] Row 631: read date=2020-10-17 11:46:07, amount=15.91, type_raw='Deposit', label='Deposit', currency='USD', status_raw='Rejected' → norm_status='rejected'
[2025-08-25 11:33:59] 🛑 [PS TRACE] Row 631: skipped — label='Deposit', status='Rejected'→'rejected' not accepted
[2025-08-25 11:33:59] 🔍 [PS TRACE] Row 632: read date=2020-10-17 14:16:44, amount=17.05, type_raw='Deposit', label='Deposit', currency='USD', status_raw='Rejected' → norm_status='rejected'
[2025-08-25 11:33:59] 🛑 [PS TRACE] Row 632: skipped — label='Deposit', status='Rejected'→'rejected' not accepted
[2025-08-25 11:33:59] 🔍 [PS TRACE] Row 633: read date=2020-10-17 12:33:58, amount=22.73, type_raw='Deposit', label='Deposit', currency='USD', status_raw='Rejected' → norm_status='rejected'
[2025-08-25 11:33:59] 🛑 [PS TRACE] Row 633: skipped — label='Deposit', status='Rejected'→'rejected' not accepted
[2025-08-25 11:33:59] 🔍 [PS TRACE] Row 634: read date=2020-10-17 12:36:23, amount=22.73, type_raw='Deposit', label='Deposit', currency='USD', status_raw='Rejected' → norm_status='rejected'
[2025-08-25 11:33:59] 🛑 [PS TRACE] Row 634: skipped — label='Deposit', status='Rejected'→'rejected' not accepted
[2025-08-25 11:33:59] 🔍 [PS TRACE] Row 635: read date=2020-10-17 15:44:53, amount=170.52, type_raw='Deposit', label='Deposit', currency='USD', status_raw='Rejected' → norm_status='rejected'
[2025-08-25 11:33:59] 🛑 [PS TRACE] Row 635: skipped — label='Deposit', status='Rejected'→'rejected' not accepted
[2025-08-25 11:33:59] 🔍 [PS TRACE] Row 636: read date=2020-10-17 20:01:43, amount=56.84, type_raw='Deposit', label='Deposit', currency='USD', status_raw='Rejected' → norm_status='rejected'
[2025-08-25 11:33:59] 🛑 [PS TRACE] Row 636: skipped — label='Deposit', status='Rejected'→'rejected' not accepted
[2025-08-25 11:33:59] 🔍 [PS TRACE] Row 637: read date=2020-10-17 18:09:38, amount=56.83, type_raw='Deposit', label='Deposit', currency='USD', status_raw='Approved' → norm_status='approved'
[2025-08-25 11:33:59] ✅ [PS TRACE] Row 637: ACCEPT Deposit 56.83 USD on 2020-10-17 18:09:38 (status='Approved'→'approved')
[2025-08-25 11:33:59] 🔍 [PS TRACE] Row 638: read date=2020-10-18 15:29:32, amount=34.1, type_raw='Deposit', label='Deposit', currency='USD', status_raw='Approved' → norm_status='approved'
[2025-08-25 11:33:59] ✅ [PS TRACE] Row 638: ACCEPT Deposit 34.1 USD on 2020-10-18 15:29:32 (status='Approved'→'approved')
[2025-08-25 11:33:59] 🔍 [PS TRACE] Row 639: read date=2020-10-18 15:35:27, amount=56.84, type_raw='Deposit', label='Deposit', currency='USD', status_raw='Approved' → norm_status='approved'
[2025-08-25 11:33:59] ✅ [PS TRACE] Row 639: ACCEPT Deposit 56.84 USD on 2020-10-18 15:35:27 (status='Approved'→'approved')
[2025-08-25 11:33:59] 🔍 [PS TRACE] Row 640: read date=2020-10-19 06:51:25, amount=57.03, type_raw='Deposit', label='Deposit', currency='USD', status_raw='Approved' → norm_status='approved'
[2025-08-25 11:33:59] ✅ [PS TRACE] Row 640: ACCEPT Deposit 57.03 USD on 2020-10-19 06:51:25 (status='Approved'→'approved')
[2025-08-25 11:33:59] 🔍 [PS TRACE] Row 641: read date=2020-10-19 07:32:50, amount=11.41, type_raw='Deposit', label='Deposit', currency='USD', status_raw='Approved' → norm_status='approved'
[2025-08-25 11:33:59] ✅ [PS TRACE] Row 641: ACCEPT Deposit 11.41 USD on 2020-10-19 07:32:50 (status='Approved'→'approved')
[2025-08-25 11:33:59] 🔍 [PS TRACE] Row 642: read date=2020-10-19 13:15:56, amount=57.15, type_raw='Deposit', label='Deposit', currency='USD', status_raw='Approved' → norm_status='approved'
[2025-08-25 11:33:59] ✅ [PS TRACE] Row 642: ACCEPT Deposit 57.15 USD on 2020-10-19 13:15:56 (status='Approved'→'approved')
[2025-08-25 11:33:59] 🔍 [PS TRACE] Row 643: read date=2020-10-19 14:54:26, amount=45.67, type_raw='Deposit', label='Deposit', currency='USD', status_raw='Approved' → norm_status='approved'
[2025-08-25 11:33:59] ✅ [PS TRACE] Row 643: ACCEPT Deposit 45.67 USD on 2020-10-19 14:54:26 (status='Approved'→'approved')
[2025-08-25 11:33:59] 🔍 [PS TRACE] Row 644: read date=2020-10-20 03:39:42, amount=509.73, type_raw='Redeem', label='Redeem', currency='EUR', status_raw='Approved' → norm_status='approved'
[2025-08-25 11:33:59] ✅ [PS TRACE] Row 644: ACCEPT Redeem 509.73 EUR on 2020-10-20 03:39:42 (status='Approved'→'approved')
[2025-08-25 11:33:59] 🔍 [PS TRACE] Row 645: read date=2020-10-20 16:24:00, amount=28.67, type_raw='Deposit', label='Deposit', currency='USD', status_raw='Approved' → norm_status='approved'
[2025-08-25 11:33:59] ✅ [PS TRACE] Row 645: ACCEPT Deposit 28.67 USD on 2020-10-20 16:24:00 (status='Approved'→'approved')
[2025-08-25 11:33:59] 🔍 [PS TRACE] Row 646: read date=2020-10-20 16:47:16, amount=10.32, type_raw='Deposit', label='Deposit', currency='USD', status_raw='Approved' → norm_status='approved'
[2025-08-25 11:33:59] ✅ [PS TRACE] Row 646: ACCEPT Deposit 10.32 USD on 2020-10-20 16:47:16 (status='Approved'→'approved')
[2025-08-25 11:33:59] 🔍 [PS TRACE] Row 647: read date=2020-10-21 05:04:00, amount=125.38, type_raw='Deposit', label='Deposit', currency='USD', status_raw='Approved' → norm_status='approved'
[2025-08-25 11:33:59] ✅ [PS TRACE] Row 647: ACCEPT Deposit 125.38 USD on 2020-10-21 05:04:00 (status='Approved'→'approved')
[2025-08-25 11:33:59] 🔍 [PS TRACE] Row 648: read date=2020-10-21 06:20:01, amount=22.98, type_raw='Deposit', label='Deposit', currency='USD', status_raw='Approved' → norm_status='approved'
[2025-08-25 11:33:59] ✅ [PS TRACE] Row 648: ACCEPT Deposit 22.98 USD on 2020-10-21 06:20:01 (status='Approved'→'approved')
[2025-08-25 11:33:59] 🔍 [PS TRACE] Row 649: read date=2020-10-22 04:47:19, amount=295.08, type_raw='Redeem', label='Redeem', currency='EUR', status_raw='Approved' → norm_status='approved'
[2025-08-25 11:33:59] ✅ [PS TRACE] Row 649: ACCEPT Redeem 295.08 EUR on 2020-10-22 04:47:19 (status='Approved'→'approved')
[2025-08-25 11:33:59] 🔍 [PS TRACE] Row 650: read date=2020-10-22 16:46:57, amount=22.93, type_raw='Deposit', label='Deposit', currency='USD', status_raw='Approved' → norm_status='approved'
[2025-08-25 11:33:59] ✅ [PS TRACE] Row 650: ACCEPT Deposit 22.93 USD on 2020-10-22 16:46:57 (status='Approved'→'approved')
[2025-08-25 11:33:59] 🔍 [PS TRACE] Row 651: read date=2020-10-23 07:08:46, amount=22.98, type_raw='Deposit', label='Deposit', currency='USD', status_raw='Approved' → norm_status='approved'
[2025-08-25 11:33:59] ✅ [PS TRACE] Row 651: ACCEPT Deposit 22.98 USD on 2020-10-23 07:08:46 (status='Approved'→'approved')
[2025-08-25 11:33:59] 🔍 [PS TRACE] Row 652: read date=2020-10-23 07:51:35, amount=11.49, type_raw='Deposit', label='Deposit', currency='USD', status_raw='Approved' → norm_status='approved'
[2025-08-25 11:33:59] ✅ [PS TRACE] Row 652: ACCEPT Deposit 11.49 USD on 2020-10-23 07:51:35 (status='Approved'→'approved')
[2025-08-25 11:33:59] 🔍 [PS TRACE] Row 653: read date=2020-10-23 14:19:31, amount=138.0, type_raw='Deposit', label='Deposit', currency='USD', status_raw='Approved' → norm_status='approved'
[2025-08-25 11:33:59] ✅ [PS TRACE] Row 653: ACCEPT Deposit 138.0 USD on 2020-10-23 14:19:31 (status='Approved'→'approved')
[2025-08-25 11:33:59] 🔍 [PS TRACE] Row 654: read date=2020-10-24 07:11:11, amount=28.76, type_raw='Deposit', label='Deposit', currency='USD', status_raw='Approved' → norm_status='approved'
[2025-08-25 11:33:59] ✅ [PS TRACE] Row 654: ACCEPT Deposit 28.76 USD on 2020-10-24 07:11:11 (status='Approved'→'approved')
[2025-08-25 11:33:59] 🔍 [PS TRACE] Row 655: read date=2020-10-25 10:35:16, amount=57.53, type_raw='Deposit', label='Deposit', currency='USD', status_raw='Approved' → norm_status='approved'
[2025-08-25 11:33:59] ✅ [PS TRACE] Row 655: ACCEPT Deposit 57.53 USD on 2020-10-25 10:35:16 (status='Approved'→'approved')
[2025-08-25 11:33:59] 🔍 [PS TRACE] Row 656: read date=2020-10-25 10:39:06, amount=23.01, type_raw='Deposit', label='Deposit', currency='USD', status_raw='Approved' → norm_status='approved'
[2025-08-25 11:33:59] ✅ [PS TRACE] Row 656: ACCEPT Deposit 23.01 USD on 2020-10-25 10:39:06 (status='Approved'→'approved')
[2025-08-25 11:33:59] 🔍 [PS TRACE] Row 657: read date=2020-10-25 11:00:01, amount=23.01, type_raw='Deposit', label='Deposit', currency='USD', status_raw='Approved' → norm_status='approved'
[2025-08-25 11:33:59] ✅ [PS TRACE] Row 657: ACCEPT Deposit 23.01 USD on 2020-10-25 11:00:01 (status='Approved'→'approved')
[2025-08-25 11:33:59] 🔍 [PS TRACE] Row 658: read date=2020-10-25 12:16:10, amount=225.0, type_raw='Redeem', label='Redeem', currency='USD', status_raw='Cancelled' → norm_status='cancelled'
[2025-08-25 11:33:59] 🛑 [PS TRACE] Row 658: skipped — label='Redeem', status='Cancelled'→'cancelled' not accepted
[2025-08-25 11:33:59] 🔍 [PS TRACE] Row 659: read date=2020-10-25 12:29:45, amount=190.0, type_raw='Redeem', label='Redeem', currency='USD', status_raw='Cancelled' → norm_status='cancelled'
[2025-08-25 11:33:59] 🛑 [PS TRACE] Row 659: skipped — label='Redeem', status='Cancelled'→'cancelled' not accepted
[2025-08-25 11:33:59] 🔍 [PS TRACE] Row 660: read date=2020-10-25 15:25:51, amount=172.42, type_raw='Deposit', label='Deposit', currency='USD', status_raw='Approved' → norm_status='approved'
[2025-08-25 11:33:59] ✅ [PS TRACE] Row 660: ACCEPT Deposit 172.42 USD on 2020-10-25 15:25:51 (status='Approved'→'approved')
[2025-08-25 11:33:59] 🔍 [PS TRACE] Row 661: read date=2020-10-25 15:30:21, amount=69.0, type_raw='Deposit', label='Deposit', currency='USD', status_raw='Approved' → norm_status='approved'
[2025-08-25 11:33:59] ✅ [PS TRACE] Row 661: ACCEPT Deposit 69.0 USD on 2020-10-25 15:30:21 (status='Approved'→'approved')
[2025-08-25 11:33:59] 🔍 [PS TRACE] Row 662: read date=2020-10-25 15:32:50, amount=67.0, type_raw='Redeem', label='Redeem', currency='USD', status_raw='Cancelled' → norm_status='cancelled'
[2025-08-25 11:33:59] 🛑 [PS TRACE] Row 662: skipped — label='Redeem', status='Cancelled'→'cancelled' not accepted
[2025-08-25 11:33:59] 🔍 [PS TRACE] Row 663: read date=2020-10-25 15:34:41, amount=123.0, type_raw='Redeem', label='Redeem', currency='USD', status_raw='Cancelled' → norm_status='cancelled'
[2025-08-25 11:33:59] 🛑 [PS TRACE] Row 663: skipped — label='Redeem', status='Cancelled'→'cancelled' not accepted
[2025-08-25 11:33:59] 🔍 [PS TRACE] Row 664: read date=2020-10-25 15:36:52, amount=190.0, type_raw='Redeem', label='Redeem', currency='USD', status_raw='Cancelled' → norm_status='cancelled'
[2025-08-25 11:33:59] 🛑 [PS TRACE] Row 664: skipped — label='Redeem', status='Cancelled'→'cancelled' not accepted
[2025-08-25 11:33:59] 🔍 [PS TRACE] Row 665: read date=2020-10-25 15:42:07, amount=250.0, type_raw='Redeem', label='Redeem', currency='USD', status_raw='Cancelled' → norm_status='cancelled'
[2025-08-25 11:33:59] 🛑 [PS TRACE] Row 665: skipped — label='Redeem', status='Cancelled'→'cancelled' not accepted
[2025-08-25 11:33:59] 🔍 [PS TRACE] Row 666: read date=2020-10-25 16:01:50, amount=340.0, type_raw='Redeem', label='Redeem', currency='USD', status_raw='Cancelled' → norm_status='cancelled'
[2025-08-25 11:33:59] 🛑 [PS TRACE] Row 666: skipped — label='Redeem', status='Cancelled'→'cancelled' not accepted
[2025-08-25 11:33:59] 🔍 [PS TRACE] Row 667: read date=2020-10-25 17:21:41, amount=253.0, type_raw='Redeem', label='Redeem', currency='EUR', status_raw='Cancelled' → norm_status='cancelled'
[2025-08-25 11:33:59] 🛑 [PS TRACE] Row 667: skipped — label='Redeem', status='Cancelled'→'cancelled' not accepted
[2025-08-25 11:33:59] 🔍 [PS TRACE] Row 668: read date=2020-10-25 21:27:17, amount=725.0, type_raw='Redeem', label='Redeem', currency='EUR', status_raw='Approved' → norm_status='approved'
[2025-08-25 11:33:59] ✅ [PS TRACE] Row 668: ACCEPT Redeem 725.0 EUR on 2020-10-25 21:27:17 (status='Approved'→'approved')
[2025-08-25 11:33:59] 🔍 [PS TRACE] Row 669: read date=2020-10-26 04:49:01, amount=37.83, type_raw='Deposit', label='Deposit', currency='USD', status_raw='Approved' → norm_status='approved'
[2025-08-25 11:33:59] ✅ [PS TRACE] Row 669: ACCEPT Deposit 37.83 USD on 2020-10-26 04:49:01 (status='Approved'→'approved')
[2025-08-25 11:33:59] 🔍 [PS TRACE] Row 670: read date=2020-10-26 05:52:46, amount=13.74, type_raw='Deposit', label='Deposit', currency='USD', status_raw='Approved' → norm_status='approved'
[2025-08-25 11:33:59] ✅ [PS TRACE] Row 670: ACCEPT Deposit 13.74 USD on 2020-10-26 05:52:46 (status='Approved'→'approved')
[2025-08-25 11:33:59] 🔍 [PS TRACE] Row 671: read date=2020-10-31 14:49:40, amount=90.45, type_raw='Deposit', label='Deposit', currency='USD', status_raw='Approved' → norm_status='approved'
[2025-08-25 11:33:59] ✅ [PS TRACE] Row 671: ACCEPT Deposit 90.45 USD on 2020-10-31 14:49:40 (status='Approved'→'approved')
[2025-08-25 11:33:59] 🔍 [PS TRACE] Row 672: read date=2020-10-31 16:22:25, amount=38.42, type_raw='Deposit', label='Deposit', currency='USD', status_raw='Approved' → norm_status='approved'
[2025-08-25 11:33:59] ✅ [PS TRACE] Row 672: ACCEPT Deposit 38.42 USD on 2020-10-31 16:22:25 (status='Approved'→'approved')
[2025-08-25 11:33:59] 🔍 [PS TRACE] Row 673: read date=2020-11-01 12:57:21, amount=10.19, type_raw='Deposit', label='Deposit', currency='USD', status_raw='Approved' → norm_status='approved'
[2025-08-25 11:33:59] ✅ [PS TRACE] Row 673: ACCEPT Deposit 10.19 USD on 2020-11-01 12:57:21 (status='Approved'→'approved')
[2025-08-25 11:33:59] 🔍 [PS TRACE] Row 674: read date=2020-11-01 13:51:06, amount=28.3, type_raw='Deposit', label='Deposit', currency='USD', status_raw='Rejected' → norm_status='rejected'
[2025-08-25 11:33:59] 🛑 [PS TRACE] Row 674: skipped — label='Deposit', status='Rejected'→'rejected' not accepted
[2025-08-25 11:33:59] 🔍 [PS TRACE] Row 675: read date=2020-11-01 13:52:06, amount=28.3, type_raw='Deposit', label='Deposit', currency='USD', status_raw='Approved' → norm_status='approved'
[2025-08-25 11:33:59] ✅ [PS TRACE] Row 675: ACCEPT Deposit 28.3 USD on 2020-11-01 13:52:06 (status='Approved'→'approved')
[2025-08-25 11:33:59] 🔍 [PS TRACE] Row 676: read date=2020-11-01 14:50:07, amount=27.12, type_raw='Deposit', label='Deposit', currency='USD', status_raw='Approved' → norm_status='approved'
[2025-08-25 11:33:59] ✅ [PS TRACE] Row 676: ACCEPT Deposit 27.12 USD on 2020-11-01 14:50:07 (status='Approved'→'approved')
[2025-08-25 11:33:59] 🔍 [PS TRACE] Row 677: read date=2020-11-01 16:53:16, amount=56.49, type_raw='Deposit', label='Deposit', currency='USD', status_raw='Approved' → norm_status='approved'
[2025-08-25 11:33:59] ✅ [PS TRACE] Row 677: ACCEPT Deposit 56.49 USD on 2020-11-01 16:53:16 (status='Approved'→'approved')
[2025-08-25 11:33:59] 🔍 [PS TRACE] Row 678: read date=2020-11-01 16:58:02, amount=39.54, type_raw='Deposit', label='Deposit', currency='USD', status_raw='Approved' → norm_status='approved'
[2025-08-25 11:33:59] ✅ [PS TRACE] Row 678: ACCEPT Deposit 39.54 USD on 2020-11-01 16:58:02 (status='Approved'→'approved')
[2025-08-25 11:33:59] 🔍 [PS TRACE] Row 679: read date=2020-11-01 17:04:26, amount=16.94, type_raw='Deposit', label='Deposit', currency='USD', status_raw='Approved' → norm_status='approved'
[2025-08-25 11:33:59] ✅ [PS TRACE] Row 679: ACCEPT Deposit 16.94 USD on 2020-11-01 17:04:26 (status='Approved'→'approved')
[2025-08-25 11:33:59] 🔍 [PS TRACE] Row 680: read date=2020-11-10 05:05:21, amount=11.0, type_raw='Deposit', label='Deposit', currency='USD', status_raw='Approved' → norm_status='approved'
[2025-08-25 11:33:59] ✅ [PS TRACE] Row 680: ACCEPT Deposit 11.0 USD on 2020-11-10 05:05:21 (status='Approved'→'approved')
[2025-08-25 11:33:59] 🔍 [PS TRACE] Row 681: read date=2020-11-14 14:02:31, amount=11.47, type_raw='Deposit', label='Deposit', currency='USD', status_raw='Approved' → norm_status='approved'
[2025-08-25 11:33:59] ✅ [PS TRACE] Row 681: ACCEPT Deposit 11.47 USD on 2020-11-14 14:02:31 (status='Approved'→'approved')
[2025-08-25 11:33:59] 🔍 [PS TRACE] Row 682: read date=2020-11-15 09:58:01, amount=11.48, type_raw='Deposit', label='Deposit', currency='USD', status_raw='Approved' → norm_status='approved'
[2025-08-25 11:33:59] ✅ [PS TRACE] Row 682: ACCEPT Deposit 11.48 USD on 2020-11-15 09:58:01 (status='Approved'→'approved')
[2025-08-25 11:33:59] 🔍 [PS TRACE] Row 683: read date=2020-11-15 10:29:16, amount=10.33, type_raw='Deposit', label='Deposit', currency='USD', status_raw='Approved' → norm_status='approved'
[2025-08-25 11:33:59] ✅ [PS TRACE] Row 683: ACCEPT Deposit 10.33 USD on 2020-11-15 10:29:16 (status='Approved'→'approved')
[2025-08-25 11:33:59] 🔍 [PS TRACE] Row 684: read date=2020-11-15 12:56:56, amount=114.8, type_raw='Deposit', label='Deposit', currency='USD', status_raw='Approved' → norm_status='approved'
[2025-08-25 11:33:59] ✅ [PS TRACE] Row 684: ACCEPT Deposit 114.8 USD on 2020-11-15 12:56:56 (status='Approved'→'approved')
[2025-08-25 11:33:59] 🔍 [PS TRACE] Row 685: read date=2020-11-15 21:47:36, amount=717.58, type_raw='Redeem', label='Redeem', currency='EUR', status_raw='Approved' → norm_status='approved'
