[2025-09-24 09:35:00] ✔ Deposit sheets: ['PS Transactions']
[2025-09-24 09:35:00] ✔ Cashout sheets: ['PS Transactions']
[2025-09-24 09:35:00] ℹ️ Same sheet in both lists → will parse once as combined: ['PS Transactions']
[2025-09-24 09:35:00] ✅ Detected header row at Excel row 8: ['TransId', 'ParentId', 'TransType', 'Started', 'Completed', 'Account Currency', 'Amount', 'Status', 'PaySystem', 'Country', 'Logged-In', 'Reference']
[2025-09-24 09:35:00] 🔎 Header row 8: ['TransId', 'ParentId', 'TransType', 'Started', 'Completed', 'Account Currency', 'Amount', 'Status', 'PaySystem', 'Country', 'Logged-In', 'Reference']
[2025-09-24 09:35:00] 🧭 Columns: amount=6, currency=5, type=2, ref_date=3, conf_date=4, status=7, gateway=None, descr=10, drcr=None
[2025-09-24 09:35:00] 🔎 row 9: ✅ accept → dt=2016-01-07 amt=31.98 sign=+1 curr=USD label=Deposit (type/gateway/descr/drcr/sign) status='approved'
[2025-09-24 09:35:00] 🔎 row 10: ✅ accept → dt=2016-01-08 amt=10.61 sign=+1 curr=USD label=Deposit (type/gateway/descr/drcr/sign) status='approved'
[2025-09-24 09:35:00] 🔎 row 11: ✅ accept → dt=2016-01-29 amt=10.56 sign=+1 curr=USD label=Deposit (type/gateway/descr/drcr/sign) status='approved'
[2025-09-24 09:35:00] 🔎 row 12: ⏭️ drop — bad status 'rejected' (type_raw='Deposit')
[2025-09-24 09:35:00] 🔎 row 13: ✅ accept → dt=2016-01-31 amt=10.56 sign=+1 curr=USD label=Deposit (type/gateway/descr/drcr/sign) status='approved'
[2025-09-24 09:35:00] 🔎 row 14: ✅ accept → dt=2016-01-31 amt=15.84 sign=+1 curr=USD label=Deposit (type/gateway/descr/drcr/sign) status='approved'
[2025-09-24 09:35:00] 🔎 row 15: ⏭️ drop — bad status 'rejected' (type_raw='Deposit')
[2025-09-24 09:35:00] 🔎 row 16: ✅ accept → dt=2016-02-08 amt=10.83 sign=+1 curr=USD label=Deposit (type/gateway/descr/drcr/sign) status='approved'
[2025-09-24 09:35:00] 🔎 row 17: ✅ accept → dt=2016-02-08 amt=16.33 sign=+1 curr=USD label=Deposit (type/gateway/descr/drcr/sign) status='approved'
[2025-09-24 09:35:00] 🔎 row 18: ✅ accept → dt=2016-02-10 amt=16.46 sign=+1 curr=USD label=Deposit (type/gateway/descr/drcr/sign) status='approved'
[2025-09-24 09:35:00] 🔎 row 19: ⏭️ drop — bad status 'rejected' (type_raw='Deposit')
[2025-09-24 09:35:00] 🔎 row 20: ✅ accept → dt=2016-02-15 amt=16.34 sign=+1 curr=USD label=Deposit (type/gateway/descr/drcr/sign) status='approved'
[2025-09-24 09:35:00] 🔎 row 21: ✅ accept → dt=2016-02-22 amt=11.81 sign=+1 curr=USD label=Deposit (type/gateway/descr/drcr/sign) status='approved'
[2025-09-24 09:35:00] 🔎 row 22: ✅ accept → dt=2016-02-25 amt=10.75 sign=+1 curr=USD label=Deposit (type/gateway/descr/drcr/sign) status='approved'
[2025-09-24 09:35:00] 🔎 row 23: ✅ accept → dt=2016-02-25 amt=10.76 sign=+1 curr=USD label=Deposit (type/gateway/descr/drcr/sign) status='approved'
[2025-09-24 09:35:00] 🔎 row 24: ✅ accept → dt=2016-03-04 amt=10.74 sign=+1 curr=USD label=Deposit (type/gateway/descr/drcr/sign) status='approved'
[2025-09-24 09:35:00] 🔎 row 25: ✅ accept → dt=2016-03-04 amt=10.71 sign=+1 curr=USD label=Deposit (type/gateway/descr/drcr/sign) status='approved'
[2025-09-24 09:35:00] 🔎 row 26: ✅ accept → dt=2016-03-08 amt=10.77 sign=+1 curr=USD label=Deposit (type/gateway/descr/drcr/sign) status='approved'
[2025-09-24 09:35:00] 🔎 row 27: ✅ accept → dt=2016-03-09 amt=10.72 sign=+1 curr=USD label=Deposit (type/gateway/descr/drcr/sign) status='approved'
[2025-09-24 09:35:00] 🔎 row 28: ✅ accept → dt=2016-03-10 amt=43.60 sign=+1 curr=USD label=Deposit (type/gateway/descr/drcr/sign) status='approved'
[2025-09-24 09:35:00] 🔎 row 29: ⏭️ drop — bad status 'rejected' (type_raw='Deposit')
[2025-09-24 09:35:00] 🔎 row 30: ✅ accept → dt=2016-03-11 amt=30.44 sign=+1 curr=USD label=Deposit (type/gateway/descr/drcr/sign) status='approved'
[2025-09-24 09:35:00] 🔎 row 31: ✅ accept → dt=2016-03-15 amt=15.16 sign=+1 curr=USD label=Deposit (type/gateway/descr/drcr/sign) status='approved'
[2025-09-24 09:35:00] 🔎 row 32: ⏭️ drop — bad status 'rejected' (type_raw='Deposit')
[2025-09-24 09:35:00] 🔎 row 33: ✅ accept → dt=2016-03-16 amt=16.19 sign=+1 curr=USD label=Deposit (type/gateway/descr/drcr/sign) status='approved'
[2025-09-24 09:35:00] 🔎 row 34: ⏭️ drop — bad status 'rejected' (type_raw='Deposit')
[2025-09-24 09:35:00] 🔎 row 35: ⏭️ drop — bad status 'rejected' (type_raw='Deposit')
[2025-09-24 09:35:00] 🔎 row 36: ⏭️ drop — bad status 'rejected' (type_raw='Deposit')
[2025-09-24 09:35:00] 🔎 row 37: ✅ accept → dt=2016-03-16 amt=20.75 sign=+1 curr=USD label=Deposit (type/gateway/descr/drcr/sign) status='approved'
[2025-09-24 09:35:00] 🔎 row 38: ⏭️ drop — bad status 'rejected' (type_raw='Deposit')
[2025-09-24 09:35:00] 🔎 row 39: ⏭️ drop — bad status 'rejected' (type_raw='Deposit')
[2025-09-24 09:35:00] 🔎 row 40: ⏭️ drop — bad status 'rejected' (type_raw='Deposit')
[2025-09-24 09:35:00] 🔎 row 41: ✅ accept → dt=2016-04-24 amt=21.87 sign=+1 curr=USD label=Deposit (type/gateway/descr/drcr/sign) status='approved'
[2025-09-24 09:35:00] 🔎 row 42: ✅ accept → dt=2016-05-14 amt=22.04 sign=+1 curr=USD label=Deposit (type/gateway/descr/drcr/sign) status='approved'
[2025-09-24 09:35:00] 🔎 row 43: ✅ accept → dt=2016-05-18 amt=16.49 sign=+1 curr=USD label=Deposit (type/gateway/descr/drcr/sign) status='approved'
[2025-09-24 09:35:00] 🔎 row 44: ✅ accept → dt=2016-05-25 amt=21.77 sign=+1 curr=USD label=Deposit (type/gateway/descr/drcr/sign) status='approved'
[2025-09-24 09:35:00] 🔎 row 45: ✅ accept → dt=2016-06-16 amt=50.42 sign=+1 curr=USD label=Deposit (type/gateway/descr/drcr/sign) status='approved'
[2025-09-24 09:35:00] 🔎 row 46: ⏭️ drop — bad status 'rejected' (type_raw='Deposit')
[2025-09-24 09:35:00] 🔎 row 47: ⏭️ drop — bad status 'rejected' (type_raw='Deposit')
[2025-09-24 09:35:00] 🔎 row 48: ✅ accept → dt=2016-06-17 amt=27.50 sign=+1 curr=USD label=Deposit (type/gateway/descr/drcr/sign) status='approved'
[2025-09-24 09:35:00] 🔎 row 49: ✅ accept → dt=2016-06-24 amt=16.30 sign=+1 curr=USD label=Deposit (type/gateway/descr/drcr/sign) status='approved'
[2025-09-24 09:35:00] 🔎 row 50: ⏭️ drop — bad status 'rejected' (type_raw='Deposit')
[2025-09-24 09:35:00] 🔎 row 51: ⏭️ drop — bad status 'rejected' (type_raw='Deposit')
[2025-09-24 09:35:00] 🔎 row 52: ✅ accept → dt=2016-06-29 amt=13.00 sign=+1 curr=USD label=Deposit (type/gateway/descr/drcr/sign) status='approved'
[2025-09-24 09:35:00] 🔎 row 53: ✅ accept → dt=2016-06-30 amt=12.98 sign=+1 curr=USD label=Deposit (type/gateway/descr/drcr/sign) status='approved'
[2025-09-24 09:35:00] 🔎 row 54: ⏭️ drop — bad status 'rejected' (type_raw='Deposit')
[2025-09-24 09:35:00] 🔎 row 55: ✅ accept → dt=2016-07-03 amt=15.20 sign=+1 curr=USD label=Deposit (type/gateway/descr/drcr/sign) status='approved'
[2025-09-24 09:35:00] 🔎 row 56: ⏭️ drop — bad status 'rejected' (type_raw='Deposit')
[2025-09-24 09:35:00] 🔎 row 57: ✅ accept → dt=2016-07-10 amt=43.09 sign=+1 curr=USD label=Deposit (type/gateway/descr/drcr/sign) status='approved'
[2025-09-24 09:35:00] 🔎 row 58: ✅ accept → dt=2016-07-12 amt=10.78 sign=+1 curr=USD label=Deposit (type/gateway/descr/drcr/sign) status='approved'
[2025-09-24 09:35:00] 🔎 row 59: ⏭️ drop — bad status 'rejected' (type_raw='Deposit')
[2025-09-24 09:35:00] 🔎 row 60: ✅ accept → dt=2016-09-23 amt=21.90 sign=+1 curr=USD label=Deposit (type/gateway/descr/drcr/sign) status='approved'
[2025-09-24 09:35:00] 🔎 row 61: ✅ accept → dt=2016-09-25 amt=21.89 sign=+1 curr=USD label=Deposit (type/gateway/descr/drcr/sign) status='approved'
[2025-09-24 09:35:00] 🔎 row 62: ⏭️ drop — bad status 'rejected' (type_raw='Deposit')
[2025-09-24 09:35:00] 🔎 row 63: ⏭️ drop — bad status 'rejected' (type_raw='Deposit')
[2025-09-24 09:35:00] 🔎 row 64: ✅ accept → dt=2016-10-07 amt=27.27 sign=+1 curr=USD label=Deposit (type/gateway/descr/drcr/sign) status='approved'
[2025-09-24 09:35:00] 🔎 row 65: ✅ accept → dt=2016-10-08 amt=27.30 sign=+1 curr=USD label=Deposit (type/gateway/descr/drcr/sign) status='approved'
[2025-09-24 09:35:00] 🔎 row 66: ✅ accept → dt=2016-10-12 amt=32.26 sign=+1 curr=USD label=Deposit (type/gateway/descr/drcr/sign) status='approved'
[2025-09-24 09:35:00] 🔎 row 67: ✅ accept → dt=2016-10-23 amt=31.83 sign=+1 curr=USD label=Deposit (type/gateway/descr/drcr/sign) status='approved'
[2025-09-24 09:35:00] 🔎 row 68: ⏭️ drop — bad status 'rejected' (type_raw='Deposit')
[2025-09-24 09:35:00] 🔎 row 69: ✅ accept → dt=2016-11-29 amt=20.75 sign=+1 curr=USD label=Deposit (type/gateway/descr/drcr/sign) status='approved'
[2025-09-24 09:35:00] 🔎 row 70: ⏭️ drop — bad status 'rejected' (type_raw='Deposit')
[2025-09-24 09:35:00] 🔎 row 71: ⏭️ drop — bad status 'rejected' (type_raw='Deposit')
[2025-09-24 09:35:00] 🔎 row 72: ✅ accept → dt=2016-12-17 amt=20.38 sign=+1 curr=USD label=Deposit (type/gateway/descr/drcr/sign) status='approved'
[2025-09-24 09:35:00] 🔎 row 73: ✅ accept → dt=2016-12-21 amt=25.41 sign=+1 curr=USD label=Deposit (type/gateway/descr/drcr/sign) status='approved'
[2025-09-24 09:35:00] 🔎 row 74: ⏭️ drop — bad status 'rejected' (type_raw='Deposit')
[2025-09-24 09:35:00] 🔎 row 75: ⏭️ drop — bad status 'rejected' (type_raw='Deposit')
[2025-09-24 09:35:00] 🔎 row 76: ✅ accept → dt=2016-12-23 amt=50.89 sign=+1 curr=USD label=Deposit (type/gateway/descr/drcr/sign) status='approved'
[2025-09-24 09:35:00] 🔎 row 77: ✅ accept → dt=2016-12-30 amt=15.40 sign=+1 curr=USD label=Deposit (type/gateway/descr/drcr/sign) status='approved'
[2025-09-24 09:35:00] 🔎 row 78: ✅ accept → dt=2017-01-23 amt=36.72 sign=+1 curr=USD label=Deposit (type/gateway/descr/drcr/sign) status='approved'
[2025-09-24 09:35:00] 🔎 row 79: ✅ accept → dt=2017-01-23 amt=31.47 sign=+1 curr=USD label=Deposit (type/gateway/descr/drcr/sign) status='approved'
[2025-09-24 09:35:00] 🔎 row 80: ✅ accept → dt=2017-01-27 amt=20.86 sign=+1 curr=USD label=Deposit (type/gateway/descr/drcr/sign) status='approved'
[2025-09-24 09:35:00] 🔎 row 81: ✅ accept → dt=2017-01-28 amt=20.86 sign=+1 curr=USD label=Deposit (type/gateway/descr/drcr/sign) status='approved'
[2025-09-24 09:35:00] 🔎 row 82: ⏭️ drop — bad status 'rejected' (type_raw='Deposit')
[2025-09-24 09:35:00] 🔎 row 83: ✅ accept → dt=2017-01-30 amt=20.86 sign=+1 curr=USD label=Deposit (type/gateway/descr/drcr/sign) status='approved'
[2025-09-24 09:35:00] 🔎 row 84: ✅ accept → dt=2017-02-04 amt=38.91 sign=+1 curr=USD label=Deposit (type/gateway/descr/drcr/sign) status='approved'
[2025-09-24 09:35:00] 🔎 row 85: ✅ accept → dt=2017-02-04 amt=10.51 sign=+1 curr=USD label=Deposit (type/gateway/descr/drcr/sign) status='approved'
[2025-09-24 09:35:00] 🔎 row 86: ✅ accept → dt=2017-02-04 amt=26.29 sign=+1 curr=USD label=Deposit (type/gateway/descr/drcr/sign) status='approved'
[2025-09-24 09:35:00] 🔎 row 87: ✅ accept → dt=2017-02-12 amt=20.75 sign=+1 curr=USD label=Deposit (type/gateway/descr/drcr/sign) status='approved'
[2025-09-24 09:35:00] 🔎 row 88: ✅ accept → dt=2017-02-13 amt=20.67 sign=+1 curr=USD label=Deposit (type/gateway/descr/drcr/sign) status='approved'
[2025-09-24 09:35:00] 🔎 row 89: ✅ accept → dt=2017-02-13 amt=31.00 sign=+1 curr=USD label=Deposit (type/gateway/descr/drcr/sign) status='approved'
[2025-09-24 09:35:00] 🔎 row 90: ✅ accept → dt=2017-02-17 amt=20.70 sign=+1 curr=USD label=Deposit (type/gateway/descr/drcr/sign) status='approved'
[2025-09-24 09:35:01] 🔎 row 91: ✅ accept → dt=2017-02-17 amt=25.86 sign=+1 curr=USD label=Deposit (type/gateway/descr/drcr/sign) status='approved'
[2025-09-24 09:35:01] 🔎 row 92: ✅ accept → dt=2017-02-18 amt=25.87 sign=+1 curr=USD label=Deposit (type/gateway/descr/drcr/sign) status='approved'
[2025-09-24 09:35:01] 🔎 row 93: ✅ accept → dt=2017-02-18 amt=20.70 sign=+1 curr=USD label=Deposit (type/gateway/descr/drcr/sign) status='approved'
[2025-09-24 09:35:01] 🔎 row 94: ✅ accept → dt=2017-02-20 amt=10.35 sign=+1 curr=USD label=Deposit (type/gateway/descr/drcr/sign) status='approved'
[2025-09-24 09:35:01] 🔎 row 95: ✅ accept → dt=2017-02-20 amt=20.69 sign=+1 curr=USD label=Deposit (type/gateway/descr/drcr/sign) status='approved'
[2025-09-24 09:35:01] 🔎 row 96: ✅ accept → dt=2017-02-20 amt=20.69 sign=+1 curr=USD label=Deposit (type/gateway/descr/drcr/sign) status='approved'
[2025-09-24 09:35:01] 🔎 row 97: ✅ accept → dt=2017-02-24 amt=41.22 sign=+1 curr=USD label=Deposit (type/gateway/descr/drcr/sign) status='approved'
[2025-09-24 09:35:01] 🔎 row 98: ✅ accept → dt=2017-02-24 amt=30.87 sign=+1 curr=USD label=Deposit (type/gateway/descr/drcr/sign) status='approved'
[2025-09-24 09:35:01] 🔎 row 99: ✅ accept → dt=2017-02-26 amt=20.60 sign=+1 curr=USD label=Deposit (type/gateway/descr/drcr/sign) status='approved'
[2025-09-24 09:35:01] 🔎 row 100: ✅ accept → dt=2017-02-26 amt=20.59 sign=+1 curr=USD label=Deposit (type/gateway/descr/drcr/sign) status='approved'
[2025-09-24 09:35:01] 🔎 row 101: ⏭️ drop — bad status 'rejected' (type_raw='Deposit')
[2025-09-24 09:35:01] 🔎 row 102: ✅ accept → dt=2017-02-27 amt=82.42 sign=+1 curr=USD label=Deposit (type/gateway/descr/drcr/sign) status='approved'
[2025-09-24 09:35:01] 🔎 row 103: ✅ accept → dt=2017-03-02 amt=10.24 sign=+1 curr=USD label=Deposit (type/gateway/descr/drcr/sign) status='approved'
[2025-09-24 09:35:01] 🔎 row 104: ✅ accept → dt=2017-03-05 amt=20.69 sign=+1 curr=USD label=Deposit (type/gateway/descr/drcr/sign) status='approved'
[2025-09-24 09:35:01] 🔎 row 105: ✅ accept → dt=2017-03-10 amt=41.65 sign=+1 curr=USD label=Deposit (type/gateway/descr/drcr/sign) status='approved'
[2025-09-24 09:35:01] 🔎 row 106: ✅ accept → dt=2017-03-11 amt=31.22 sign=+1 curr=USD label=Deposit (type/gateway/descr/drcr/sign) status='approved'
[2025-09-24 09:35:01] 🔎 row 107: ✅ accept → dt=2017-03-12 amt=36.46 sign=+1 curr=USD label=Deposit (type/gateway/descr/drcr/sign) status='approved'
[2025-09-24 09:35:01] 🔎 row 108: ✅ accept → dt=2017-03-16 amt=52.31 sign=+1 curr=USD label=Deposit (type/gateway/descr/drcr/sign) status='approved'
[2025-09-24 09:35:01] 🔎 row 109: ✅ accept → dt=2017-03-17 amt=52.36 sign=+1 curr=USD label=Deposit (type/gateway/descr/drcr/sign) status='approved'
[2025-09-24 09:35:01] 🔎 row 110: ✅ accept → dt=2017-03-20 amt=36.69 sign=+1 curr=USD label=Deposit (type/gateway/descr/drcr/sign) status='approved'
[2025-09-24 09:35:01] 🔎 row 111: ✅ accept → dt=2017-03-22 amt=36.82 sign=+1 curr=USD label=Deposit (type/gateway/descr/drcr/sign) status='approved'
[2025-09-24 09:35:01] 🔎 row 112: ✅ accept → dt=2017-03-22 amt=52.57 sign=+1 curr=USD label=Deposit (type/gateway/descr/drcr/sign) status='approved'
[2025-09-24 09:35:01] 🔎 row 113: ✅ accept → dt=2017-03-24 amt=52.67 sign=+1 curr=USD label=Deposit (type/gateway/descr/drcr/sign) status='approved'
[2025-09-24 09:35:01] 🔎 row 114: ⏭️ drop — bad status 'rejected' (type_raw='Deposit')
[2025-09-24 09:35:01] 🔎 row 115: ✅ accept → dt=2017-03-24 amt=21.05 sign=+1 curr=USD label=Deposit (type/gateway/descr/drcr/sign) status='approved'
[2025-09-24 09:35:01] 🔎 row 116: ✅ accept → dt=2017-03-25 amt=21.06 sign=+1 curr=USD label=Deposit (type/gateway/descr/drcr/sign) status='approved'
[2025-09-24 09:35:01] 🔎 row 117: ✅ accept → dt=2017-03-25 amt=31.58 sign=+1 curr=USD label=Deposit (type/gateway/descr/drcr/sign) status='approved'
[2025-09-24 09:35:01] 🔎 row 118: ✅ accept → dt=2017-04-01 amt=41.55 sign=+1 curr=USD label=Deposit (type/gateway/descr/drcr/sign) status='approved'
[2025-09-24 09:35:01] 🔎 row 119: ✅ accept → dt=2017-04-03 amt=15.60 sign=+1 curr=USD label=Deposit (type/gateway/descr/drcr/sign) status='approved'
[2025-09-24 09:35:01] 🔎 row 120: ✅ accept → dt=2017-04-08 amt=10.32 sign=+1 curr=USD label=Deposit (type/gateway/descr/drcr/sign) status='approved'
[2025-09-24 09:35:01] 🔎 row 121: ✅ accept → dt=2017-04-08 amt=10.32 sign=+1 curr=USD label=Deposit (type/gateway/descr/drcr/sign) status='approved'
[2025-09-24 09:35:01] 🔎 row 122: ⏭️ drop — bad status 'rejected' (type_raw='Deposit')
[2025-09-24 09:35:01] 🔎 row 123: ✅ accept → dt=2017-04-09 amt=15.47 sign=+1 curr=USD label=Deposit (type/gateway/descr/drcr/sign) status='approved'
[2025-09-24 09:35:01] 🔎 row 124: ✅ accept → dt=2017-04-09 amt=10.32 sign=+1 curr=USD label=Deposit (type/gateway/descr/drcr/sign) status='approved'
[2025-09-24 09:35:01] 🔎 row 125: ✅ accept → dt=2017-04-10 amt=20.66 sign=+1 curr=USD label=Deposit (type/gateway/descr/drcr/sign) status='approved'
[2025-09-24 09:35:01] 🔎 row 126: ✅ accept → dt=2017-04-12 amt=51.98 sign=+1 curr=USD label=Deposit (type/gateway/descr/drcr/sign) status='approved'
[2025-09-24 09:35:01] 🔎 row 127: ✅ accept → dt=2017-04-14 amt=62.10 sign=+1 curr=USD label=Deposit (type/gateway/descr/drcr/sign) status='approved'
[2025-09-24 09:35:01] 🔎 row 128: ⏭️ drop — bad status 'rejected' (type_raw='Deposit')
[2025-09-24 09:35:01] 🔎 row 129: ✅ accept → dt=2017-04-19 amt=31.37 sign=+1 curr=USD label=Deposit (type/gateway/descr/drcr/sign) status='approved'
[2025-09-24 09:35:01] 🔎 row 130: ✅ accept → dt=2017-04-22 amt=41.83 sign=+1 curr=USD label=Deposit (type/gateway/descr/drcr/sign) status='approved'
[2025-09-24 09:35:01] 🔎 row 131: ✅ accept → dt=2017-04-29 amt=53.11 sign=+1 curr=USD label=Deposit (type/gateway/descr/drcr/sign) status='approved'
[2025-09-24 09:35:01] 🔎 row 132: ✅ accept → dt=2017-05-04 amt=31.94 sign=+1 curr=USD label=Deposit (type/gateway/descr/drcr/sign) status='approved'
[2025-09-24 09:35:01] 🔎 row 133: ✅ accept → dt=2017-05-04 amt=18.20 sign=+1 curr=USD label=Deposit (type/gateway/descr/drcr/sign) status='approved'
[2025-09-24 09:35:01] 🔎 row 134: ✅ accept → dt=2017-05-12 amt=53.25 sign=+1 curr=USD label=Deposit (type/gateway/descr/drcr/sign) status='approved'
[2025-09-24 09:35:01] 🔎 row 135: ✅ accept → dt=2017-05-13 amt=31.95 sign=+1 curr=USD label=Deposit (type/gateway/descr/drcr/sign) status='approved'
[2025-09-24 09:35:01] 🔎 row 136: ✅ accept → dt=2017-05-13 amt=21.31 sign=+1 curr=USD label=Deposit (type/gateway/descr/drcr/sign) status='approved'
[2025-09-24 09:35:01] 🔎 row 137: ✅ accept → dt=2017-05-13 amt=53.28 sign=+1 curr=USD label=Deposit (type/gateway/descr/drcr/sign) status='approved'
[2025-09-24 09:35:01] 🔎 row 138: ✅ accept → dt=2017-05-14 amt=21.31 sign=+1 curr=USD label=Deposit (type/gateway/descr/drcr/sign) status='approved'
[2025-09-24 09:35:01] 🔎 row 139: ✅ accept → dt=2017-05-24 amt=54.62 sign=+1 curr=USD label=Deposit (type/gateway/descr/drcr/sign) status='approved'
[2025-09-24 09:35:01] 🔎 row 140: ✅ accept → dt=2017-06-05 amt=54.90 sign=+1 curr=USD label=Deposit (type/gateway/descr/drcr/sign) status='approved'
[2025-09-24 09:35:01] 🔎 row 141: ✅ accept → dt=2017-06-07 amt=54.85 sign=+1 curr=USD label=Deposit (type/gateway/descr/drcr/sign) status='approved'
[2025-09-24 09:35:01] 🔎 row 142: ✅ accept → dt=2017-06-18 amt=27.28 sign=+1 curr=USD label=Deposit (type/gateway/descr/drcr/sign) status='approved'
[2025-09-24 09:35:01] 🔎 row 143: ✅ accept → dt=2017-06-30 amt=38.95 sign=+1 curr=USD label=Deposit (type/gateway/descr/drcr/sign) status='approved'
[2025-09-24 09:35:01] 🔎 row 144: ✅ accept → dt=2017-07-15 amt=22.35 sign=+1 curr=USD label=Deposit (type/gateway/descr/drcr/sign) status='approved'
[2025-09-24 09:35:01] 🔎 row 145: ✅ accept → dt=2017-07-21 amt=34.11 sign=+1 curr=USD label=Deposit (type/gateway/descr/drcr/sign) status='approved'
[2025-09-24 09:35:01] 🔎 row 146: ✅ accept → dt=2017-07-26 amt=34.04 sign=+1 curr=USD label=Deposit (type/gateway/descr/drcr/sign) status='approved'
[2025-09-24 09:35:01] 🔎 row 147: ✅ accept → dt=2017-07-26 amt=40.06 sign=+1 curr=USD label=Deposit (type/gateway/descr/drcr/sign) status='approved'
[2025-09-24 09:35:01] 🔎 row 148: ✅ accept → dt=2017-07-26 amt=57.23 sign=+1 curr=USD label=Deposit (type/gateway/descr/drcr/sign) status='approved'
[2025-09-24 09:35:01] 🔎 row 149: ✅ accept → dt=2017-07-27 amt=260.00 sign=+1 curr=USD label=Redeem (type/gateway/descr/drcr/sign) status='approved'
[2025-09-24 09:35:01] 🔎 row 150: ✅ accept → dt=2017-07-27 amt=51.32 sign=+1 curr=USD label=Deposit (type/gateway/descr/drcr/sign) status='approved'
[2025-09-24 09:35:01] 🔎 row 151: ✅ accept → dt=2017-07-28 amt=22.90 sign=+1 curr=USD label=Deposit (type/gateway/descr/drcr/sign) status='approved'
[2025-09-24 09:35:01] 🔎 row 152: ✅ accept → dt=2017-07-28 amt=45.83 sign=+1 curr=USD label=Deposit (type/gateway/descr/drcr/sign) status='approved'
[2025-09-24 09:35:01] 🔎 row 153: ✅ accept → dt=2017-07-28 amt=28.63 sign=+1 curr=USD label=Deposit (type/gateway/descr/drcr/sign) status='approved'
[2025-09-24 09:35:01] 🔎 row 154: ✅ accept → dt=2017-07-28 amt=91.67 sign=+1 curr=USD label=Deposit (type/gateway/descr/drcr/sign) status='approved'
[2025-09-24 09:35:01] 🔎 row 155: ✅ accept → dt=2017-07-29 amt=57.29 sign=+1 curr=USD label=Deposit (type/gateway/descr/drcr/sign) status='approved'
[2025-09-24 09:35:01] 🔎 row 156: ✅ accept → dt=2017-07-30 amt=540.00 sign=+1 curr=USD label=Redeem (type/gateway/descr/drcr/sign) status='approved'
[2025-09-24 09:35:01] 🔎 row 157: ⏭️ drop — bad status 'rejected' (type_raw='Deposit')
[2025-09-24 09:35:01] 🔎 row 158: ✅ accept → dt=2017-08-04 amt=17.22 sign=+1 curr=USD label=Deposit (type/gateway/descr/drcr/sign) status='approved'
[2025-09-24 09:35:01] 🔎 row 159: ✅ accept → dt=2017-08-04 amt=22.97 sign=+1 curr=USD label=Deposit (type/gateway/descr/drcr/sign) status='approved'
[2025-09-24 09:35:01] 🔎 row 160: ⏭️ drop — bad status 'rejected' (type_raw='Deposit')
[2025-09-24 09:35:01] 🔎 row 161: ✅ accept → dt=2017-08-10 amt=22.96 sign=+1 curr=USD label=Deposit (type/gateway/descr/drcr/sign) status='approved'
[2025-09-24 09:35:01] 🔎 row 162: ✅ accept → dt=2017-08-11 amt=23.02 sign=+1 curr=USD label=Deposit (type/gateway/descr/drcr/sign) status='approved'
[2025-09-24 09:35:01] 🔎 row 163: ✅ accept → dt=2017-08-11 amt=11.52 sign=+1 curr=USD label=Deposit (type/gateway/descr/drcr/sign) status='approved'
[2025-09-24 09:35:01] 🔎 row 164: ✅ accept → dt=2017-08-11 amt=23.06 sign=+1 curr=USD label=Deposit (type/gateway/descr/drcr/sign) status='approved'
[2025-09-24 09:35:01] 🔎 row 165: ✅ accept → dt=2017-08-11 amt=23.05 sign=+1 curr=USD label=Deposit (type/gateway/descr/drcr/sign) status='approved'
[2025-09-24 09:35:01] 🔎 row 166: ✅ accept → dt=2017-08-11 amt=17.29 sign=+1 curr=USD label=Deposit (type/gateway/descr/drcr/sign) status='approved'
[2025-09-24 09:35:01] 🔎 row 167: ✅ accept → dt=2017-08-12 amt=23.06 sign=+1 curr=USD label=Deposit (type/gateway/descr/drcr/sign) status='approved'
[2025-09-24 09:35:01] 🔎 row 168: ✅ accept → dt=2017-08-12 amt=23.06 sign=+1 curr=USD label=Deposit (type/gateway/descr/drcr/sign) status='approved'
[2025-09-24 09:35:01] 🔎 row 169: ✅ accept → dt=2017-08-12 amt=23.05 sign=+1 curr=USD label=Deposit (type/gateway/descr/drcr/sign) status='approved'
[2025-09-24 09:35:01] 🔎 row 170: ✅ accept → dt=2017-08-12 amt=11.52 sign=+1 curr=USD label=Deposit (type/gateway/descr/drcr/sign) status='approved'
[2025-09-24 09:35:01] 🔎 row 171: ✅ accept → dt=2017-08-12 amt=11.52 sign=+1 curr=USD label=Deposit (type/gateway/descr/drcr/sign) status='approved'
[2025-09-24 09:35:01] 🔎 row 172: ✅ accept → dt=2017-08-12 amt=11.52 sign=+1 curr=USD label=Deposit (type/gateway/descr/drcr/sign) status='approved'
[2025-09-24 09:35:01] 🔎 row 173: ✅ accept → dt=2017-08-12 amt=11.52 sign=+1 curr=USD label=Deposit (type/gateway/descr/drcr/sign) status='approved'
[2025-09-24 09:35:01] 🔎 row 174: ✅ accept → dt=2017-08-12 amt=11.52 sign=+1 curr=USD label=Deposit (type/gateway/descr/drcr/sign) status='approved'
[2025-09-24 09:35:01] 🔎 row 175: ✅ accept → dt=2017-08-12 amt=34.58 sign=+1 curr=USD label=Deposit (type/gateway/descr/drcr/sign) status='approved'
[2025-09-24 09:35:01] 🔎 row 176: ✅ accept → dt=2017-08-12 amt=11.52 sign=+1 curr=USD label=Deposit (type/gateway/descr/drcr/sign) status='approved'
[2025-09-24 09:35:01] 🔎 row 177: ✅ accept → dt=2017-08-14 amt=34.51 sign=+1 curr=USD label=Deposit (type/gateway/descr/drcr/sign) status='approved'
[2025-09-24 09:35:01] 🔎 row 178: ✅ accept → dt=2017-08-14 amt=45.98 sign=+1 curr=USD label=Deposit (type/gateway/descr/drcr/sign) status='approved'
[2025-09-24 09:35:01] 🔎 row 179: ✅ accept → dt=2017-08-14 amt=11.50 sign=+1 curr=USD label=Deposit (type/gateway/descr/drcr/sign) status='approved'
[2025-09-24 09:35:01] 🔎 row 180: ✅ accept → dt=2017-08-14 amt=34.46 sign=+1 curr=USD label=Deposit (type/gateway/descr/drcr/sign) status='approved'
[2025-09-24 09:35:01] 🔎 row 181: ✅ accept → dt=2017-08-18 amt=28.63 sign=+1 curr=USD label=Deposit (type/gateway/descr/drcr/sign) status='approved'
[2025-09-24 09:35:01] 🔎 row 182: ✅ accept → dt=2017-08-25 amt=23.15 sign=+1 curr=USD label=Deposit (type/gateway/descr/drcr/sign) status='approved'
[2025-09-24 09:35:01] 🔎 row 183: ✅ accept → dt=2017-08-25 amt=23.25 sign=+1 curr=USD label=Deposit (type/gateway/descr/drcr/sign) status='approved'
[2025-09-24 09:35:01] 🔎 row 184: ✅ accept → dt=2017-08-25 amt=23.24 sign=+1 curr=USD label=Deposit (type/gateway/descr/drcr/sign) status='approved'
[2025-09-24 09:35:01] 🔎 row 185: ✅ accept → dt=2017-08-25 amt=11.62 sign=+1 curr=USD label=Deposit (type/gateway/descr/drcr/sign) status='approved'
[2025-09-24 09:35:01] 🔎 row 186: ✅ accept → dt=2017-08-26 amt=17.44 sign=+1 curr=USD label=Deposit (type/gateway/descr/drcr/sign) status='approved'
[2025-09-24 09:35:01] 🔎 row 187: ✅ accept → dt=2017-08-30 amt=28.97 sign=+1 curr=USD label=Deposit (type/gateway/descr/drcr/sign) status='approved'
[2025-09-24 09:35:01] 🔎 row 188: ✅ accept → dt=2017-08-30 amt=17.38 sign=+1 curr=USD label=Deposit (type/gateway/descr/drcr/sign) status='approved'
[2025-09-24 09:35:01] 🔎 row 189: ✅ accept → dt=2017-08-31 amt=34.78 sign=+1 curr=USD label=Deposit (type/gateway/descr/drcr/sign) status='approved'
[2025-09-24 09:35:01] 🔎 row 190: ✅ accept → dt=2017-09-01 amt=23.13 sign=+1 curr=USD label=Deposit (type/gateway/descr/drcr/sign) status='approved'
[2025-09-24 09:35:01] 🔎 row 191: ✅ accept → dt=2017-09-01 amt=23.14 sign=+1 curr=USD label=Deposit (type/gateway/descr/drcr/sign) status='approved'
[2025-09-24 09:35:01] 🔎 row 192: ✅ accept → dt=2017-09-06 amt=23.25 sign=+1 curr=USD label=Deposit (type/gateway/descr/drcr/sign) status='approved'
[2025-09-24 09:35:01] 🔎 row 193: ✅ accept → dt=2017-10-13 amt=23.04 sign=+1 curr=USD label=Deposit (type/gateway/descr/drcr/sign) status='approved'
[2025-09-24 09:35:01] 🔎 row 194: ✅ accept → dt=2017-10-13 amt=17.29 sign=+1 curr=USD label=Deposit (type/gateway/descr/drcr/sign) status='approved'
[2025-09-24 09:35:01] 🔎 row 195: ✅ accept → dt=2017-10-17 amt=28.64 sign=+1 curr=USD label=Deposit (type/gateway/descr/drcr/sign) status='approved'
[2025-09-24 09:35:01] 🔎 row 196: ✅ accept → dt=2017-10-19 amt=28.78 sign=+1 curr=USD label=Deposit (type/gateway/descr/drcr/sign) status='approved'
[2025-09-24 09:35:01] 🔎 row 197: ✅ accept → dt=2017-10-19 amt=23.04 sign=+1 curr=USD label=Deposit (type/gateway/descr/drcr/sign) status='approved'
[2025-09-24 09:35:01] 🔎 row 198: ✅ accept → dt=2017-10-20 amt=28.80 sign=+1 curr=USD label=Deposit (type/gateway/descr/drcr/sign) status='approved'
[2025-09-24 09:35:01] 🔎 row 199: ⏭️ drop — bad status 'rejected' (type_raw='Deposit')
[2025-09-24 09:35:01] 🔎 row 200: ⏭️ drop — bad status 'rejected' (type_raw='Deposit')
[2025-09-24 09:35:01] 🔎 row 201: ✅ accept → dt=2017-10-20 amt=48.19 sign=+1 curr=USD label=Deposit (type/gateway/descr/drcr/sign) status='approved'
[2025-09-24 09:35:01] 🔎 row 202: ✅ accept → dt=2017-10-20 amt=22.97 sign=+1 curr=USD label=Deposit (type/gateway/descr/drcr/sign) status='approved'
[2025-09-24 09:35:01] 🔎 row 203: ✅ accept → dt=2017-10-25 amt=28.79 sign=+1 curr=USD label=Deposit (type/gateway/descr/drcr/sign) status='approved'
[2025-09-24 09:35:01] 🔎 row 204: ✅ accept → dt=2017-10-25 amt=46.07 sign=+1 curr=USD label=Deposit (type/gateway/descr/drcr/sign) status='approved'
[2025-09-24 09:35:01] 🔎 row 205: ✅ accept → dt=2017-10-25 amt=11.51 sign=+1 curr=USD label=Deposit (type/gateway/descr/drcr/sign) status='approved'
[2025-09-24 09:35:01] 🔎 row 206: ✅ accept → dt=2017-10-25 amt=28.77 sign=+1 curr=USD label=Deposit (type/gateway/descr/drcr/sign) status='approved'
[2025-09-24 09:35:01] 🔎 row 207: ✅ accept → dt=2017-10-25 amt=28.78 sign=+1 curr=USD label=Deposit (type/gateway/descr/drcr/sign) status='approved'
[2025-09-24 09:35:01] 🔎 row 208: ✅ accept → dt=2017-10-25 amt=28.76 sign=+1 curr=USD label=Deposit (type/gateway/descr/drcr/sign) status='approved'
[2025-09-24 09:35:01] 🔎 row 209: ✅ accept → dt=2017-10-25 amt=250.00 sign=+1 curr=USD label=Redeem (type/gateway/descr/drcr/sign) status='approved'
[2025-09-24 09:35:01] 🔎 row 210: ✅ accept → dt=2017-10-27 amt=22.61 sign=+1 curr=USD label=Deposit (type/gateway/descr/drcr/sign) status='approved'
[2025-09-24 09:35:01] 🔎 row 211: ⏭️ drop — bad status 'rejected' (type_raw='Deposit')
[2025-09-24 09:35:01] 🔎 row 212: ✅ accept → dt=2017-10-28 amt=26.03 sign=+1 curr=USD label=Deposit (type/gateway/descr/drcr/sign) status='approved'
[2025-09-24 09:35:01] 🔎 row 213: ✅ accept → dt=2017-10-28 amt=22.63 sign=+1 curr=USD label=Deposit (type/gateway/descr/drcr/sign) status='approved'
[2025-09-24 09:35:01] 🔎 row 214: ✅ accept → dt=2017-11-02 amt=11.37 sign=+1 curr=USD label=Deposit (type/gateway/descr/drcr/sign) status='approved'
[2025-09-24 09:35:01] 🔎 row 215: ✅ accept → dt=2017-11-02 amt=17.04 sign=+1 curr=USD label=Deposit (type/gateway/descr/drcr/sign) status='approved'
[2025-09-24 09:35:01] 🔎 row 216: ✅ accept → dt=2017-11-03 amt=16.98 sign=+1 curr=USD label=Deposit (type/gateway/descr/drcr/sign) status='approved'
[2025-09-24 09:35:01] 🔎 row 217: ✅ accept → dt=2017-11-04 amt=14.71 sign=+1 curr=USD label=Deposit (type/gateway/descr/drcr/sign) status='approved'
[2025-09-24 09:35:01] 🔎 row 218: ✅ accept → dt=2017-11-05 amt=11.32 sign=+1 curr=USD label=Deposit (type/gateway/descr/drcr/sign) status='approved'
[2025-09-24 09:35:01] 🔎 row 219: ✅ accept → dt=2017-11-05 amt=11.32 sign=+1 curr=USD label=Deposit (type/gateway/descr/drcr/sign) status='approved'
[2025-09-24 09:35:01] 🔎 row 220: ✅ accept → dt=2017-11-05 amt=22.63 sign=+1 curr=USD label=Deposit (type/gateway/descr/drcr/sign) status='approved'
[2025-09-24 09:35:01] 🔎 row 221: ⏭️ drop — bad status 'rejected' (type_raw='Deposit')
[2025-09-24 09:35:01] 🔎 row 222: ⏭️ drop — bad status 'rejected' (type_raw='Deposit')
[2025-09-24 09:35:01] 🔎 row 223: ⏭️ drop — bad status 'rejected' (type_raw='Deposit')
[2025-09-24 09:35:01] 🔎 row 224: ✅ accept → dt=2017-11-07 amt=16.94 sign=+1 curr=USD label=Deposit (type/gateway/descr/drcr/sign) status='approved'
[2025-09-24 09:35:01] 🔎 row 225: ⏭️ drop — bad status 'rejected' (type_raw='Deposit')
[2025-09-24 09:35:01] 🔎 row 226: ✅ accept → dt=2017-11-07 amt=11.29 sign=+1 curr=USD label=Deposit (type/gateway/descr/drcr/sign) status='approved'
[2025-09-24 09:35:01] 🔎 row 227: ⏭️ drop — bad status 'rejected' (type_raw='Deposit')
[2025-09-24 09:35:01] 🔎 row 228: ⏭️ drop — bad status 'rejected' (type_raw='Deposit')
[2025-09-24 09:35:01] 🔎 row 229: ✅ accept → dt=2017-11-14 amt=22.91 sign=+1 curr=USD label=Deposit (type/gateway/descr/drcr/sign) status='approved'
[2025-09-24 09:35:01] 🔎 row 230: ✅ accept → dt=2017-11-16 amt=17.21 sign=+1 curr=USD label=Deposit (type/gateway/descr/drcr/sign) status='approved'
[2025-09-24 09:35:01] 🔎 row 231: ✅ accept → dt=2017-11-24 amt=17.44 sign=+1 curr=USD label=Deposit (type/gateway/descr/drcr/sign) status='approved'
[2025-09-24 09:35:01] 🔎 row 232: ✅ accept → dt=2017-11-24 amt=17.44 sign=+1 curr=USD label=Deposit (type/gateway/descr/drcr/sign) status='approved'
[2025-09-24 09:35:01] 🔎 row 233: ✅ accept → dt=2017-11-26 amt=40.72 sign=+1 curr=USD label=Deposit (type/gateway/descr/drcr/sign) status='approved'
[2025-09-24 09:35:01] 🔎 row 234: ✅ accept → dt=2017-11-27 amt=23.29 sign=+1 curr=USD label=Deposit (type/gateway/descr/drcr/sign) status='approved'
[2025-09-24 09:35:01] 🔎 row 235: ✅ accept → dt=2017-11-28 amt=34.78 sign=+1 curr=USD label=Deposit (type/gateway/descr/drcr/sign) status='approved'
[2025-09-24 09:35:01] 🔎 row 236: ⏭️ drop — bad status 'rejected' (type_raw='Deposit')
[2025-09-24 09:35:01] 🔎 row 237: ✅ accept → dt=2017-11-30 amt=23.21 sign=+1 curr=USD label=Deposit (type/gateway/descr/drcr/sign) status='approved'
[2025-09-24 09:35:01] 🔎 row 238: ✅ accept → dt=2017-11-30 amt=95.23 sign=+1 curr=USD label=Deposit (type/gateway/descr/drcr/sign) status='approved'
[2025-09-24 09:35:01] 🔎 row 239: ✅ accept → dt=2017-12-01 amt=34.71 sign=+1 curr=USD label=Deposit (type/gateway/descr/drcr/sign) status='approved'
[2025-09-24 09:35:01] 🔎 row 240: ✅ accept → dt=2017-12-01 amt=23.21 sign=+1 curr=USD label=Deposit (type/gateway/descr/drcr/sign) status='approved'
[2025-09-24 09:35:01] 🔎 row 241: ✅ accept → dt=2017-12-01 amt=23.20 sign=+1 curr=USD label=Deposit (type/gateway/descr/drcr/sign) status='approved'
[2025-09-24 09:35:01] 🔎 row 242: ✅ accept → dt=2017-12-02 amt=11.59 sign=+1 curr=USD label=Deposit (type/gateway/descr/drcr/sign) status='approved'
[2025-09-24 09:35:01] 🔎 row 243: ⏭️ drop — bad status 'rejected' (type_raw='Deposit')
[2025-09-24 09:35:01] 🔎 row 244: ⏭️ drop — bad status 'rejected' (type_raw='Deposit')
[2025-09-24 09:35:01] 🔎 row 245: ✅ accept → dt=2017-12-02 amt=11.59 sign=+1 curr=USD label=Deposit (type/gateway/descr/drcr/sign) status='approved'
[2025-09-24 09:35:01] 🔎 row 246: ✅ accept → dt=2017-12-02 amt=17.40 sign=+1 curr=USD label=Deposit (type/gateway/descr/drcr/sign) status='approved'
[2025-09-24 09:35:01] 🔎 row 247: ✅ accept → dt=2017-12-02 amt=28.99 sign=+1 curr=USD label=Deposit (type/gateway/descr/drcr/sign) status='approved'
[2025-09-24 09:35:01] 🔎 row 248: ✅ accept → dt=2017-12-02 amt=29.00 sign=+1 curr=USD label=Deposit (type/gateway/descr/drcr/sign) status='approved'
[2025-09-24 09:35:01] 🔎 row 249: ✅ accept → dt=2017-12-02 amt=23.20 sign=+1 curr=USD label=Deposit (type/gateway/descr/drcr/sign) status='approved'
[2025-09-24 09:35:01] 🔎 row 250: ✅ accept → dt=2017-12-03 amt=23.14 sign=+1 curr=USD label=Deposit (type/gateway/descr/drcr/sign) status='approved'
[2025-09-24 09:35:01] 🔎 row 251: ✅ accept → dt=2017-12-03 amt=52.08 sign=+1 curr=USD label=Deposit (type/gateway/descr/drcr/sign) status='approved'
[2025-09-24 09:35:01] 🔎 row 252: ✅ accept → dt=2017-12-03 amt=46.29 sign=+1 curr=USD label=Deposit (type/gateway/descr/drcr/sign) status='approved'
[2025-09-24 09:35:01] 🔎 row 253: ✅ accept → dt=2017-12-03 amt=57.87 sign=+1 curr=USD label=Deposit (type/gateway/descr/drcr/sign) status='approved'
[2025-09-24 09:35:01] 🔎 row 254: ✅ accept → dt=2017-12-04 amt=40.48 sign=+1 curr=USD label=Deposit (type/gateway/descr/drcr/sign) status='approved'
[2025-09-24 09:35:01] 🔎 row 255: ✅ accept → dt=2017-12-04 amt=28.90 sign=+1 curr=USD label=Deposit (type/gateway/descr/drcr/sign) status='approved'
[2025-09-24 09:35:01] 🔎 row 256: ✅ accept → dt=2017-12-05 amt=17.31 sign=+1 curr=USD label=Deposit (type/gateway/descr/drcr/sign) status='approved'
[2025-09-24 09:35:01] 🔎 row 257: ✅ accept → dt=2017-12-05 amt=34.61 sign=+1 curr=USD label=Deposit (type/gateway/descr/drcr/sign) status='approved'
[2025-09-24 09:35:01] 🔎 row 258: ✅ accept → dt=2017-12-06 amt=31.10 sign=+1 curr=USD label=Deposit (type/gateway/descr/drcr/sign) status='approved'
[2025-09-24 09:35:01] 🔎 row 259: ✅ accept → dt=2017-12-06 amt=57.61 sign=+1 curr=USD label=Deposit (type/gateway/descr/drcr/sign) status='approved'
[2025-09-24 09:35:01] 🔎 row 260: ✅ accept → dt=2017-12-08 amt=17.19 sign=+1 curr=USD label=Deposit (type/gateway/descr/drcr/sign) status='approved'
[2025-09-24 09:35:01] 🔎 row 261: ✅ accept → dt=2017-12-08 amt=18.33 sign=+1 curr=USD label=Deposit (type/gateway/descr/drcr/sign) status='approved'
[2025-09-24 09:35:01] 🔎 row 262: ✅ accept → dt=2017-12-11 amt=23.00 sign=+1 curr=USD label=Deposit (type/gateway/descr/drcr/sign) status='approved'
[2025-09-24 09:35:01] 🔎 row 263: ✅ accept → dt=2017-12-11 amt=51.74 sign=+1 curr=USD label=Deposit (type/gateway/descr/drcr/sign) status='approved'
[2025-09-24 09:35:01] 🔎 row 264: ✅ accept → dt=2017-12-12 amt=22.92 sign=+1 curr=USD label=Deposit (type/gateway/descr/drcr/sign) status='approved'
[2025-09-24 09:35:01] 🔎 row 265: ✅ accept → dt=2017-12-12 amt=114.55 sign=+1 curr=USD label=Deposit (type/gateway/descr/drcr/sign) status='approved'
[2025-09-24 09:35:01] 🔎 row 266: ✅ accept → dt=2017-12-12 amt=229.10 sign=+1 curr=USD label=Deposit (type/gateway/descr/drcr/sign) status='approved'
[2025-09-24 09:35:01] 🔎 row 267: ✅ accept → dt=2017-12-13 amt=400.00 sign=+1 curr=USD label=Redeem (type/gateway/descr/drcr/sign) status='approved'
[2025-09-24 09:35:01] 🔎 row 268: ✅ accept → dt=2017-12-13 amt=57.30 sign=+1 curr=USD label=Deposit (type/gateway/descr/drcr/sign) status='approved'
[2025-09-24 09:35:01] 🔎 row 269: ✅ accept → dt=2017-12-13 amt=57.30 sign=+1 curr=USD label=Deposit (type/gateway/descr/drcr/sign) status='approved'
[2025-09-24 09:35:01] 🔎 row 270: ✅ accept → dt=2017-12-13 amt=34.64 sign=+1 curr=USD label=Deposit (type/gateway/descr/drcr/sign) status='approved'
[2025-09-24 09:35:01] 🔎 row 271: ✅ accept → dt=2017-12-13 amt=20.77 sign=+1 curr=USD label=Deposit (type/gateway/descr/drcr/sign) status='approved'
[2025-09-24 09:35:01] 🔎 row 272: ✅ accept → dt=2017-12-14 amt=34.45 sign=+1 curr=USD label=Deposit (type/gateway/descr/drcr/sign) status='approved'
[2025-09-24 09:35:01] 🔎 row 273: ✅ accept → dt=2017-12-14 amt=23.00 sign=+1 curr=USD label=Deposit (type/gateway/descr/drcr/sign) status='approved'
[2025-09-24 09:35:01] 🔎 row 274: ✅ accept → dt=2017-12-14 amt=22.97 sign=+1 curr=USD label=Deposit (type/gateway/descr/drcr/sign) status='approved'
[2025-09-24 09:35:01] 🔎 row 275: ✅ accept → dt=2017-12-17 amt=10.00 sign=+1 curr=USD label=Deposit (type/gateway/descr/drcr/sign) status='approved'
[2025-09-24 09:35:01] 🔎 row 276: ✅ accept → dt=2017-12-17 amt=57.31 sign=+1 curr=USD label=Deposit (type/gateway/descr/drcr/sign) status='approved'
[2025-09-24 09:35:01] 🔎 row 277: ✅ accept → dt=2017-12-17 amt=114.65 sign=+1 curr=USD label=Deposit (type/gateway/descr/drcr/sign) status='approved'
[2025-09-24 09:35:01] 🔎 row 278: ✅ accept → dt=2017-12-17 amt=172.00 sign=+1 curr=USD label=Deposit (type/gateway/descr/drcr/sign) status='approved'
[2025-09-24 09:35:01] 🔎 row 279: ✅ accept → dt=2017-12-17 amt=229.28 sign=+1 curr=USD label=Deposit (type/gateway/descr/drcr/sign) status='approved'
[2025-09-24 09:35:02] 🔎 row 280: ✅ accept → dt=2017-12-19 amt=57.73 sign=+1 curr=USD label=Deposit (type/gateway/descr/drcr/sign) status='approved'
[2025-09-24 09:35:02] 🔎 row 281: ✅ accept → dt=2017-12-19 amt=46.18 sign=+1 curr=USD label=Deposit (type/gateway/descr/drcr/sign) status='approved'
[2025-09-24 09:35:02] 🔎 row 282: ⏭️ drop — bad status 'rejected' (type_raw='Deposit')
[2025-09-24 09:35:02] 🔎 row 283: ✅ accept → dt=2017-12-20 amt=50.93 sign=+1 curr=USD label=Deposit (type/gateway/descr/drcr/sign) status='approved'
[2025-09-24 09:35:02] 🔎 row 284: ✅ accept → dt=2017-12-21 amt=57.85 sign=+1 curr=USD label=Deposit (type/gateway/descr/drcr/sign) status='approved'
[2025-09-24 09:35:02] 🔎 row 285: ✅ accept → dt=2017-12-21 amt=57.86 sign=+1 curr=USD label=Deposit (type/gateway/descr/drcr/sign) status='approved'
[2025-09-24 09:35:02] 🔎 row 286: ✅ accept → dt=2018-01-12 amt=23.80 sign=+1 curr=USD label=Deposit (type/gateway/descr/drcr/sign) status='approved'
[2025-09-24 09:35:02] 🔎 row 287: ✅ accept → dt=2018-01-14 amt=23.79 sign=+1 curr=USD label=Deposit (type/gateway/descr/drcr/sign) status='approved'
[2025-09-24 09:35:02] 🔎 row 288: ✅ accept → dt=2018-01-15 amt=71.80 sign=+1 curr=USD label=Deposit (type/gateway/descr/drcr/sign) status='approved'
[2025-09-24 09:35:02] 🔎 row 289: ✅ accept → dt=2018-01-15 amt=59.76 sign=+1 curr=USD label=Deposit (type/gateway/descr/drcr/sign) status='approved'
[2025-09-24 09:35:02] 🔎 row 290: ✅ accept → dt=2018-01-15 amt=59.79 sign=+1 curr=USD label=Deposit (type/gateway/descr/drcr/sign) status='approved'
[2025-09-24 09:35:02] 🔎 row 291: ✅ accept → dt=2018-01-15 amt=119.58 sign=+1 curr=USD label=Deposit (type/gateway/descr/drcr/sign) status='approved'
[2025-09-24 09:35:02] 🔎 row 292: ✅ accept → dt=2018-01-15 amt=119.54 sign=+1 curr=USD label=Deposit (type/gateway/descr/drcr/sign) status='approved'
[2025-09-24 09:35:02] 🔎 row 293: ✅ accept → dt=2018-01-15 amt=59.80 sign=+1 curr=USD label=Deposit (type/gateway/descr/drcr/sign) status='approved'
[2025-09-24 09:35:02] 🔎 row 294: ✅ accept → dt=2018-01-16 amt=119.32 sign=+1 curr=USD label=Deposit (type/gateway/descr/drcr/sign) status='approved'
[2025-09-24 09:35:02] 🔎 row 295: ✅ accept → dt=2018-01-18 amt=11.94 sign=+1 curr=USD label=Deposit (type/gateway/descr/drcr/sign) status='approved'
[2025-09-24 09:35:02] 🔎 row 296: ✅ accept → dt=2018-01-18 amt=13.13 sign=+1 curr=USD label=Deposit (type/gateway/descr/drcr/sign) status='approved'
[2025-09-24 09:35:02] 🔎 row 297: ✅ accept → dt=2018-01-22 amt=11.94 sign=+1 curr=USD label=Deposit (type/gateway/descr/drcr/sign) status='approved'
[2025-09-24 09:35:02] 🔎 row 298: ✅ accept → dt=2018-01-23 amt=18.00 sign=+1 curr=USD label=Deposit (type/gateway/descr/drcr/sign) status='approved'
[2025-09-24 09:35:02] 🔎 row 299: ✅ accept → dt=2018-01-28 amt=24.16 sign=+1 curr=USD label=Deposit (type/gateway/descr/drcr/sign) status='approved'
[2025-09-24 09:35:02] 🔎 row 300: ✅ accept → dt=2018-01-30 amt=24.20 sign=+1 curr=USD label=Deposit (type/gateway/descr/drcr/sign) status='approved'
[2025-09-24 09:35:02] 🔎 row 301: ⏭️ drop — bad status 'rejected' (type_raw='Deposit')
[2025-09-24 09:35:02] 🔎 row 302: ⏭️ drop — bad status 'rejected' (type_raw='Deposit')
[2025-09-24 09:35:02] 🔎 row 303: ⏭️ drop — bad status 'rejected' (type_raw='Deposit')
[2025-09-24 09:35:02] 🔎 row 304: ✅ accept → dt=2018-02-01 amt=21.84 sign=+1 curr=USD label=Deposit (type/gateway/descr/drcr/sign) status='approved'
[2025-09-24 09:35:02] 🔎 row 305: ✅ accept → dt=2018-02-04 amt=24.28 sign=+1 curr=USD label=Deposit (type/gateway/descr/drcr/sign) status='approved'
[2025-09-24 09:35:02] 🔎 row 306: ✅ accept → dt=2018-02-12 amt=11.95 sign=+1 curr=USD label=Deposit (type/gateway/descr/drcr/sign) status='approved'
[2025-09-24 09:35:02] 🔎 row 307: ✅ accept → dt=2018-02-12 amt=29.88 sign=+1 curr=USD label=Deposit (type/gateway/descr/drcr/sign) status='approved'
[2025-09-24 09:35:02] 🔎 row 308: ✅ accept → dt=2018-02-13 amt=18.07 sign=+1 curr=USD label=Deposit (type/gateway/descr/drcr/sign) status='approved'
[2025-09-24 09:35:02] 🔎 row 309: ⏭️ drop — bad status 'rejected' (type_raw='Deposit')
[2025-09-24 09:35:02] 🔎 row 310: ✅ accept → dt=2018-02-14 amt=24.01 sign=+1 curr=USD label=Deposit (type/gateway/descr/drcr/sign) status='approved'
[2025-09-24 09:35:02] 🔎 row 311: ⏭️ drop — bad status 'rejected' (type_raw='Deposit')
[2025-09-24 09:35:02] 🔎 row 312: ✅ accept → dt=2018-02-14 amt=30.37 sign=+1 curr=USD label=Deposit (type/gateway/descr/drcr/sign) status='approved'
[2025-09-24 09:35:02] 🔎 row 313: ✅ accept → dt=2018-02-15 amt=12.15 sign=+1 curr=USD label=Deposit (type/gateway/descr/drcr/sign) status='approved'
[2025-09-24 09:35:02] 🔎 row 314: ✅ accept → dt=2018-02-15 amt=30.44 sign=+1 curr=USD label=Deposit (type/gateway/descr/drcr/sign) status='approved'
[2025-09-24 09:35:02] 🔎 row 315: ⏭️ drop — bad status 'rejected' (type_raw='Deposit')
[2025-09-24 09:35:02] 🔎 row 316: ✅ accept → dt=2018-02-15 amt=24.38 sign=+1 curr=USD label=Deposit (type/gateway/descr/drcr/sign) status='approved'
[2025-09-24 09:35:02] 🔎 row 317: ✅ accept → dt=2018-02-17 amt=24.20 sign=+1 curr=USD label=Deposit (type/gateway/descr/drcr/sign) status='approved'
[2025-09-24 09:35:02] 🔎 row 318: ✅ accept → dt=2018-02-17 amt=42.36 sign=+1 curr=USD label=Deposit (type/gateway/descr/drcr/sign) status='approved'
[2025-09-24 09:35:02] 🔎 row 319: ⏭️ drop — bad status 'rejected' (type_raw='Deposit')
[2025-09-24 09:35:02] 🔎 row 320: ✅ accept → dt=2018-02-18 amt=24.20 sign=+1 curr=USD label=Deposit (type/gateway/descr/drcr/sign) status='approved'
[2025-09-24 09:35:02] 🔎 row 321: ✅ accept → dt=2018-02-18 amt=36.36 sign=+1 curr=USD label=Deposit (type/gateway/descr/drcr/sign) status='approved'
[2025-09-24 09:35:02] 🔎 row 322: ✅ accept → dt=2018-02-18 amt=121.19 sign=+1 curr=USD label=Deposit (type/gateway/descr/drcr/sign) status='approved'
[2025-09-24 09:35:02] 🔎 row 323: ⏭️ drop — bad status 'rejected' (type_raw='Deposit')
[2025-09-24 09:35:02] 🔎 row 324: ✅ accept → dt=2018-02-18 amt=54.53 sign=+1 curr=USD label=Deposit (type/gateway/descr/drcr/sign) status='approved'
[2025-09-24 09:35:02] 🔎 row 325: ⏭️ drop — bad status 'rejected' (type_raw='Deposit')
[2025-09-24 09:35:02] 🔎 row 326: ✅ accept → dt=2018-02-21 amt=23.93 sign=+1 curr=USD label=Deposit (type/gateway/descr/drcr/sign) status='approved'
[2025-09-24 09:35:02] 🔎 row 327: ✅ accept → dt=2018-02-22 amt=12.02 sign=+1 curr=USD label=Deposit (type/gateway/descr/drcr/sign) status='approved'
[2025-09-24 09:35:02] 🔎 row 328: ✅ accept → dt=2018-02-22 amt=12.02 sign=+1 curr=USD label=Deposit (type/gateway/descr/drcr/sign) status='approved'
[2025-09-24 09:35:02] 🔎 row 329: ✅ accept → dt=2018-02-22 amt=12.02 sign=+1 curr=USD label=Deposit (type/gateway/descr/drcr/sign) status='approved'
[2025-09-24 09:35:02] 🔎 row 330: ✅ accept → dt=2018-02-23 amt=23.98 sign=+1 curr=USD label=Deposit (type/gateway/descr/drcr/sign) status='approved'
[2025-09-24 09:35:02] 🔎 row 331: ✅ accept → dt=2018-02-23 amt=41.95 sign=+1 curr=USD label=Deposit (type/gateway/descr/drcr/sign) status='approved'
[2025-09-24 09:35:02] 🔎 row 332: ✅ accept → dt=2018-02-23 amt=53.96 sign=+1 curr=USD label=Deposit (type/gateway/descr/drcr/sign) status='approved'
[2025-09-24 09:35:02] 🔎 row 333: ✅ accept → dt=2018-02-23 amt=60.03 sign=+1 curr=USD label=Deposit (type/gateway/descr/drcr/sign) status='approved'
[2025-09-24 09:35:02] 🔎 row 334: ✅ accept → dt=2018-02-25 amt=59.93 sign=+1 curr=USD label=Deposit (type/gateway/descr/drcr/sign) status='approved'
[2025-09-24 09:35:02] 🔎 row 335: ✅ accept → dt=2018-02-25 amt=59.93 sign=+1 curr=USD label=Deposit (type/gateway/descr/drcr/sign) status='approved'
[2025-09-24 09:35:02] 🔎 row 336: ✅ accept → dt=2018-02-25 amt=59.93 sign=+1 curr=USD label=Deposit (type/gateway/descr/drcr/sign) status='approved'
[2025-09-24 09:35:02] 🔎 row 337: ⏭️ drop — bad status 'rejected' (type_raw='Deposit')
[2025-09-24 09:35:02] 🔎 row 338: ✅ accept → dt=2018-02-26 amt=48.08 sign=+1 curr=USD label=Deposit (type/gateway/descr/drcr/sign) status='approved'
[2025-09-24 09:35:02] 🔎 row 339: ✅ accept → dt=2018-02-26 amt=60.10 sign=+1 curr=USD label=Deposit (type/gateway/descr/drcr/sign) status='approved'
[2025-09-24 09:35:02] 🔎 row 340: ✅ accept → dt=2018-02-26 amt=48.11 sign=+1 curr=USD label=Deposit (type/gateway/descr/drcr/sign) status='approved'
[2025-09-24 09:35:02] 🔎 row 341: ✅ accept → dt=2018-02-27 amt=60.04 sign=+1 curr=USD label=Deposit (type/gateway/descr/drcr/sign) status='approved'
[2025-09-24 09:35:02] 🔎 row 342: ✅ accept → dt=2018-02-27 amt=60.05 sign=+1 curr=USD label=Deposit (type/gateway/descr/drcr/sign) status='approved'
[2025-09-24 09:35:02] 🔎 row 343: ✅ accept → dt=2018-02-27 amt=120.12 sign=+1 curr=USD label=Deposit (type/gateway/descr/drcr/sign) status='approved'
[2025-09-24 09:35:02] 🔎 row 344: ✅ accept → dt=2018-02-27 amt=119.97 sign=+1 curr=USD label=Deposit (type/gateway/descr/drcr/sign) status='approved'
[2025-09-24 09:35:02] 🔎 row 345: ✅ accept → dt=2018-02-28 amt=35.65 sign=+1 curr=USD label=Deposit (type/gateway/descr/drcr/sign) status='approved'
[2025-09-24 09:35:02] 🔎 row 346: ⏭️ drop — bad status 'rejected' (type_raw='Deposit')
[2025-09-24 09:35:02] 🔎 row 347: ✅ accept → dt=2018-03-27 amt=24.19 sign=+1 curr=USD label=Deposit (type/gateway/descr/drcr/sign) status='approved'
[2025-09-24 09:35:02] 🔎 row 348: ✅ accept → dt=2018-03-29 amt=11.99 sign=+1 curr=USD label=Deposit (type/gateway/descr/drcr/sign) status='approved'
[2025-09-24 09:35:02] 🔎 row 349: ✅ accept → dt=2018-03-29 amt=11.99 sign=+1 curr=USD label=Deposit (type/gateway/descr/drcr/sign) status='approved'
[2025-09-24 09:35:02] 🔎 row 350: ⏭️ drop — bad status 'rejected' (type_raw='Deposit')
[2025-09-24 09:35:02] 🔎 row 351: ✅ accept → dt=2018-04-07 amt=35.93 sign=+1 curr=USD label=Deposit (type/gateway/descr/drcr/sign) status='approved'
[2025-09-24 09:35:02] 🔎 row 352: ✅ accept → dt=2018-04-10 amt=12.04 sign=+1 curr=USD label=Deposit (type/gateway/descr/drcr/sign) status='approved'
[2025-09-24 09:35:02] 🔎 row 353: ✅ accept → dt=2018-04-11 amt=18.10 sign=+1 curr=USD label=Deposit (type/gateway/descr/drcr/sign) status='approved'
[2025-09-24 09:35:02] 🔎 row 354: ✅ accept → dt=2018-04-11 amt=12.07 sign=+1 curr=USD label=Deposit (type/gateway/descr/drcr/sign) status='approved'
[2025-09-24 09:35:02] 🔎 row 355: ✅ accept → dt=2018-04-11 amt=12.06 sign=+1 curr=USD label=Deposit (type/gateway/descr/drcr/sign) status='approved'
[2025-09-24 09:35:02] 🔎 row 356: ✅ accept → dt=2018-04-11 amt=24.11 sign=+1 curr=USD label=Deposit (type/gateway/descr/drcr/sign) status='approved'
[2025-09-24 09:35:02] 🔎 row 357: ✅ accept → dt=2018-04-11 amt=24.11 sign=+1 curr=USD label=Deposit (type/gateway/descr/drcr/sign) status='approved'
[2025-09-24 09:35:02] 🔎 row 358: ✅ accept → dt=2018-04-11 amt=24.11 sign=+1 curr=USD label=Deposit (type/gateway/descr/drcr/sign) status='approved'
[2025-09-24 09:35:02] 🔎 row 359: ✅ accept → dt=2018-04-12 amt=30.02 sign=+1 curr=USD label=Deposit (type/gateway/descr/drcr/sign) status='approved'
[2025-09-24 09:35:02] 🔎 row 360: ✅ accept → dt=2018-04-12 amt=36.04 sign=+1 curr=USD label=Deposit (type/gateway/descr/drcr/sign) status='approved'
[2025-09-24 09:35:02] 🔎 row 361: ✅ accept → dt=2018-04-12 amt=12.01 sign=+1 curr=USD label=Deposit (type/gateway/descr/drcr/sign) status='approved'
[2025-09-24 09:35:02] 🔎 row 362: ✅ accept → dt=2018-04-12 amt=12.01 sign=+1 curr=USD label=Deposit (type/gateway/descr/drcr/sign) status='approved'
[2025-09-24 09:35:02] 🔎 row 363: ✅ accept → dt=2018-04-14 amt=12.02 sign=+1 curr=USD label=Deposit (type/gateway/descr/drcr/sign) status='approved'
[2025-09-24 09:35:02] 🔎 row 364: ✅ accept → dt=2018-04-17 amt=14.47 sign=+1 curr=USD label=Deposit (type/gateway/descr/drcr/sign) status='approved'
[2025-09-24 09:35:02] 🔎 row 365: ✅ accept → dt=2018-04-20 amt=35.94 sign=+1 curr=USD label=Deposit (type/gateway/descr/drcr/sign) status='approved'
[2025-09-24 09:35:02] 🔎 row 366: ✅ accept → dt=2018-04-20 amt=23.95 sign=+1 curr=USD label=Deposit (type/gateway/descr/drcr/sign) status='approved'
[2025-09-24 09:35:02] 🔎 row 367: ✅ accept → dt=2018-04-21 amt=13.17 sign=+1 curr=USD label=Deposit (type/gateway/descr/drcr/sign) status='approved'
[2025-09-24 09:35:02] 🔎 row 368: ✅ accept → dt=2018-04-21 amt=23.96 sign=+1 curr=USD label=Deposit (type/gateway/descr/drcr/sign) status='approved'
[2025-09-24 09:35:02] 🔎 row 369: ✅ accept → dt=2018-04-21 amt=17.97 sign=+1 curr=USD label=Deposit (type/gateway/descr/drcr/sign) status='approved'
[2025-09-24 09:35:02] 🔎 row 370: ✅ accept → dt=2018-04-23 amt=23.80 sign=+1 curr=USD label=Deposit (type/gateway/descr/drcr/sign) status='approved'
[2025-09-24 09:35:02] 🔎 row 371: ✅ accept → dt=2018-04-23 amt=23.80 sign=+1 curr=USD label=Deposit (type/gateway/descr/drcr/sign) status='approved'
[2025-09-24 09:35:02] 🔎 row 372: ✅ accept → dt=2018-04-24 amt=23.85 sign=+1 curr=USD label=Deposit (type/gateway/descr/drcr/sign) status='approved'
[2025-09-24 09:35:02] 🔎 row 373: ✅ accept → dt=2018-04-24 amt=23.84 sign=+1 curr=USD label=Deposit (type/gateway/descr/drcr/sign) status='approved'
[2025-09-24 09:35:02] 🔎 row 374: ✅ accept → dt=2018-04-24 amt=17.87 sign=+1 curr=USD label=Deposit (type/gateway/descr/drcr/sign) status='approved'
[2025-09-24 09:35:02] 🔎 row 375: ✅ accept → dt=2018-04-24 amt=35.75 sign=+1 curr=USD label=Deposit (type/gateway/descr/drcr/sign) status='approved'
[2025-09-24 09:35:02] 🔎 row 376: ✅ accept → dt=2018-04-24 amt=41.71 sign=+1 curr=USD label=Deposit (type/gateway/descr/drcr/sign) status='approved'
[2025-09-24 09:35:02] 🔎 row 377: ✅ accept → dt=2018-04-24 amt=39.32 sign=+1 curr=USD label=Deposit (type/gateway/descr/drcr/sign) status='approved'
[2025-09-24 09:35:02] 🔎 row 378: ✅ accept → dt=2018-04-24 amt=59.60 sign=+1 curr=USD label=Deposit (type/gateway/descr/drcr/sign) status='approved'
[2025-09-24 09:35:02] 🔎 row 379: ✅ accept → dt=2018-04-25 amt=700.00 sign=+1 curr=USD label=Redeem (type/gateway/descr/drcr/sign) status='approved'
[2025-09-24 09:35:02] 🔎 row 380: ✅ accept → dt=2018-04-25 amt=59.49 sign=+1 curr=USD label=Deposit (type/gateway/descr/drcr/sign) status='approved'
[2025-09-24 09:35:02] 🔎 row 381: ✅ accept → dt=2018-04-25 amt=59.36 sign=+1 curr=USD label=Deposit (type/gateway/descr/drcr/sign) status='approved'
[2025-09-24 09:35:02] 🔎 row 382: ✅ accept → dt=2018-04-25 amt=59.36 sign=+1 curr=USD label=Deposit (type/gateway/descr/drcr/sign) status='approved'
[2025-09-24 09:35:02] 🔎 row 383: ✅ accept → dt=2018-04-25 amt=59.37 sign=+1 curr=USD label=Deposit (type/gateway/descr/drcr/sign) status='approved'
[2025-09-24 09:35:02] 🔎 row 384: ✅ accept → dt=2018-04-25 amt=118.67 sign=+1 curr=USD label=Deposit (type/gateway/descr/drcr/sign) status='approved'
[2025-09-24 09:35:02] 🔎 row 385: ✅ accept → dt=2018-04-25 amt=118.68 sign=+1 curr=USD label=Deposit (type/gateway/descr/drcr/sign) status='approved'
[2025-09-24 09:35:02] 🔎 row 386: ✅ accept → dt=2018-04-25 amt=59.34 sign=+1 curr=USD label=Deposit (type/gateway/descr/drcr/sign) status='approved'
[2025-09-24 09:35:02] 🔎 row 387: ✅ accept → dt=2018-04-26 amt=59.41 sign=+1 curr=USD label=Deposit (type/gateway/descr/drcr/sign) status='approved'
[2025-09-24 09:35:02] 🔎 row 388: ✅ accept → dt=2018-04-26 amt=41.61 sign=+1 curr=USD label=Deposit (type/gateway/descr/drcr/sign) status='approved'
[2025-09-24 09:35:02] 🔎 row 389: ✅ accept → dt=2018-04-26 amt=59.41 sign=+1 curr=USD label=Deposit (type/gateway/descr/drcr/sign) status='approved'
[2025-09-24 09:35:02] 🔎 row 390: ✅ accept → dt=2018-04-26 amt=35.60 sign=+1 curr=USD label=Deposit (type/gateway/descr/drcr/sign) status='approved'
[2025-09-24 09:35:02] 🔎 row 391: ✅ accept → dt=2018-04-26 amt=47.27 sign=+1 curr=USD label=Deposit (type/gateway/descr/drcr/sign) status='approved'
[2025-09-24 09:35:02] 🔎 row 392: ✅ accept → dt=2018-04-27 amt=35.34 sign=+1 curr=USD label=Deposit (type/gateway/descr/drcr/sign) status='approved'
[2025-09-24 09:35:02] 🔎 row 393: ✅ accept → dt=2018-04-27 amt=41.24 sign=+1 curr=USD label=Deposit (type/gateway/descr/drcr/sign) status='approved'
[2025-09-24 09:35:02] 🔎 row 394: ✅ accept → dt=2018-04-28 amt=23.65 sign=+1 curr=USD label=Deposit (type/gateway/descr/drcr/sign) status='approved'
[2025-09-24 09:35:02] 🔎 row 395: ✅ accept → dt=2018-04-29 amt=21.28 sign=+1 curr=USD label=Deposit (type/gateway/descr/drcr/sign) status='approved'
[2025-09-24 09:35:02] 🔎 row 396: ✅ accept → dt=2018-05-01 amt=23.39 sign=+1 curr=USD label=Deposit (type/gateway/descr/drcr/sign) status='approved'
[2025-09-24 09:35:02] 🔎 row 397: ✅ accept → dt=2018-05-04 amt=23.33 sign=+1 curr=USD label=Deposit (type/gateway/descr/drcr/sign) status='approved'
[2025-09-24 09:35:02] 🔎 row 398: ✅ accept → dt=2018-05-04 amt=23.33 sign=+1 curr=USD label=Deposit (type/gateway/descr/drcr/sign) status='approved'
[2025-09-24 09:35:02] 🔎 row 399: ✅ accept → dt=2018-05-05 amt=34.99 sign=+1 curr=USD label=Deposit (type/gateway/descr/drcr/sign) status='approved'
[2025-09-24 09:35:02] 🔎 row 400: ✅ accept → dt=2018-05-05 amt=11.66 sign=+1 curr=USD label=Deposit (type/gateway/descr/drcr/sign) status='approved'
[2025-09-24 09:35:02] 🔎 row 401: ✅ accept → dt=2018-05-10 amt=46.32 sign=+1 curr=USD label=Deposit (type/gateway/descr/drcr/sign) status='approved'
[2025-09-24 09:35:02] 🔎 row 402: ✅ accept → dt=2018-05-10 amt=23.18 sign=+1 curr=USD label=Deposit (type/gateway/descr/drcr/sign) status='approved'
[2025-09-24 09:35:02] 🔎 row 403: ✅ accept → dt=2018-05-10 amt=23.16 sign=+1 curr=USD label=Deposit (type/gateway/descr/drcr/sign) status='approved'
[2025-09-24 09:35:02] 🔎 row 404: ✅ accept → dt=2018-05-21 amt=42.52 sign=+1 curr=USD label=Deposit (type/gateway/descr/drcr/sign) status='approved'
[2025-09-24 09:35:02] 🔎 row 405: ⏭️ drop — bad status 'rejected' (type_raw='Deposit')
[2025-09-24 09:35:02] 🔎 row 406: ✅ accept → dt=2018-05-23 amt=22.83 sign=+1 curr=USD label=Deposit (type/gateway/descr/drcr/sign) status='approved'
[2025-09-24 09:35:02] 🔎 row 407: ✅ accept → dt=2018-05-25 amt=57.15 sign=+1 curr=USD label=Deposit (type/gateway/descr/drcr/sign) status='approved'
[2025-09-24 09:35:02] 🔎 row 408: ✅ accept → dt=2018-05-25 amt=57.04 sign=+1 curr=USD label=Deposit (type/gateway/descr/drcr/sign) status='approved'
[2025-09-24 09:35:02] 🔎 row 409: ✅ accept → dt=2018-05-25 amt=56.92 sign=+1 curr=USD label=Deposit (type/gateway/descr/drcr/sign) status='approved'
[2025-09-24 09:35:02] 🔎 row 410: ✅ accept → dt=2018-05-25 amt=40.92 sign=+1 curr=USD label=Deposit (type/gateway/descr/drcr/sign) status='approved'
[2025-09-24 09:35:02] 🔎 row 411: ✅ accept → dt=2018-05-26 amt=56.85 sign=+1 curr=USD label=Deposit (type/gateway/descr/drcr/sign) status='approved'
[2025-09-24 09:35:02] 🔎 row 412: ✅ accept → dt=2018-05-26 amt=56.85 sign=+1 curr=USD label=Deposit (type/gateway/descr/drcr/sign) status='approved'
[2025-09-24 09:35:02] 🔎 row 413: ✅ accept → dt=2018-05-26 amt=56.85 sign=+1 curr=USD label=Deposit (type/gateway/descr/drcr/sign) status='approved'
[2025-09-24 09:35:02] 🔎 row 414: ✅ accept → dt=2018-05-26 amt=56.85 sign=+1 curr=USD label=Deposit (type/gateway/descr/drcr/sign) status='approved'
[2025-09-24 09:35:02] 🔎 row 415: ✅ accept → dt=2018-05-26 amt=56.85 sign=+1 curr=USD label=Deposit (type/gateway/descr/drcr/sign) status='approved'
[2025-09-24 09:35:02] 🔎 row 416: ✅ accept → dt=2018-05-26 amt=113.69 sign=+1 curr=USD label=Deposit (type/gateway/descr/drcr/sign) status='approved'
[2025-09-24 09:35:02] 🔎 row 417: ✅ accept → dt=2018-05-26 amt=113.70 sign=+1 curr=USD label=Deposit (type/gateway/descr/drcr/sign) status='approved'
[2025-09-24 09:35:02] 🔎 row 418: ✅ accept → dt=2018-05-26 amt=68.21 sign=+1 curr=USD label=Deposit (type/gateway/descr/drcr/sign) status='approved'
[2025-09-24 09:35:02] 🔎 row 419: ✅ accept → dt=2018-05-26 amt=45.47 sign=+1 curr=USD label=Deposit (type/gateway/descr/drcr/sign) status='approved'
[2025-09-24 09:35:02] 🔎 row 420: ✅ accept → dt=2018-05-29 amt=16.89 sign=+1 curr=USD label=Deposit (type/gateway/descr/drcr/sign) status='approved'
[2025-09-24 09:35:02] 🔎 row 421: ✅ accept → dt=2018-05-29 amt=22.50 sign=+1 curr=USD label=Deposit (type/gateway/descr/drcr/sign) status='approved'
[2025-09-24 09:35:02] 🔎 row 422: ✅ accept → dt=2018-05-29 amt=22.50 sign=+1 curr=USD label=Deposit (type/gateway/descr/drcr/sign) status='approved'
[2025-09-24 09:35:02] 🔎 row 423: ✅ accept → dt=2018-05-29 amt=11.23 sign=+1 curr=USD label=Deposit (type/gateway/descr/drcr/sign) status='approved'
[2025-09-24 09:35:02] 🔎 row 424: ✅ accept → dt=2018-05-29 amt=22.49 sign=+1 curr=USD label=Deposit (type/gateway/descr/drcr/sign) status='approved'
[2025-09-24 09:35:02] 🔎 row 425: ✅ accept → dt=2018-05-29 amt=22.50 sign=+1 curr=USD label=Deposit (type/gateway/descr/drcr/sign) status='approved'
[2025-09-24 09:35:02] 🔎 row 426: ✅ accept → dt=2018-05-29 amt=33.74 sign=+1 curr=USD label=Deposit (type/gateway/descr/drcr/sign) status='approved'
[2025-09-24 09:35:02] 🔎 row 427: ✅ accept → dt=2018-05-29 amt=22.49 sign=+1 curr=USD label=Deposit (type/gateway/descr/drcr/sign) status='approved'
[2025-09-24 09:35:02] 🔎 row 428: ✅ accept → dt=2018-05-29 amt=22.49 sign=+1 curr=USD label=Deposit (type/gateway/descr/drcr/sign) status='approved'
[2025-09-24 09:35:02] 🔎 row 429: ✅ accept → dt=2018-05-29 amt=33.75 sign=+1 curr=USD label=Deposit (type/gateway/descr/drcr/sign) status='approved'
[2025-09-24 09:35:02] 🔎 row 430: ✅ accept → dt=2018-05-29 amt=22.50 sign=+1 curr=USD label=Deposit (type/gateway/descr/drcr/sign) status='approved'
[2025-09-24 09:35:02] 🔎 row 431: ✅ accept → dt=2018-05-29 amt=33.75 sign=+1 curr=USD label=Deposit (type/gateway/descr/drcr/sign) status='approved'
[2025-09-24 09:35:02] 🔎 row 432: ✅ accept → dt=2018-05-30 amt=22.67 sign=+1 curr=USD label=Deposit (type/gateway/descr/drcr/sign) status='approved'
[2025-09-24 09:35:02] 🔎 row 433: ✅ accept → dt=2018-05-30 amt=11.33 sign=+1 curr=USD label=Deposit (type/gateway/descr/drcr/sign) status='approved'
[2025-09-24 09:35:02] 🔎 row 434: ✅ accept → dt=2018-05-30 amt=22.67 sign=+1 curr=USD label=Deposit (type/gateway/descr/drcr/sign) status='approved'
[2025-09-24 09:35:02] 🔎 row 435: ✅ accept → dt=2018-06-01 amt=22.82 sign=+1 curr=USD label=Deposit (type/gateway/descr/drcr/sign) status='approved'
[2025-09-24 09:35:02] 🔎 row 436: ✅ accept → dt=2018-06-01 amt=22.82 sign=+1 curr=USD label=Deposit (type/gateway/descr/drcr/sign) status='approved'
[2025-09-24 09:35:02] 🔎 row 437: ✅ accept → dt=2018-06-01 amt=28.40 sign=+1 curr=USD label=Deposit (type/gateway/descr/drcr/sign) status='approved'
[2025-09-24 09:35:02] 🔎 row 438: ✅ accept → dt=2018-06-08 amt=22.90 sign=+1 curr=USD label=Deposit (type/gateway/descr/drcr/sign) status='approved'
[2025-09-24 09:35:02] 🔎 row 439: ✅ accept → dt=2018-06-08 amt=22.94 sign=+1 curr=USD label=Deposit (type/gateway/descr/drcr/sign) status='approved'
[2025-09-24 09:35:02] 🔎 row 440: ✅ accept → dt=2018-06-11 amt=40.09 sign=+1 curr=USD label=Deposit (type/gateway/descr/drcr/sign) status='approved'
[2025-09-24 09:35:02] 🔎 row 441: ✅ accept → dt=2018-06-12 amt=57.51 sign=+1 curr=USD label=Deposit (type/gateway/descr/drcr/sign) status='approved'
[2025-09-24 09:35:02] 🔎 row 442: ✅ accept → dt=2018-06-12 amt=34.51 sign=+1 curr=USD label=Deposit (type/gateway/descr/drcr/sign) status='approved'
[2025-09-24 09:35:02] 🔎 row 443: ✅ accept → dt=2018-06-12 amt=34.35 sign=+1 curr=USD label=Deposit (type/gateway/descr/drcr/sign) status='approved'
[2025-09-24 09:35:02] 🔎 row 444: ✅ accept → dt=2018-06-12 amt=11.44 sign=+1 curr=USD label=Deposit (type/gateway/descr/drcr/sign) status='approved'
[2025-09-24 09:35:02] 🔎 row 445: ✅ accept → dt=2018-06-12 amt=57.25 sign=+1 curr=USD label=Deposit (type/gateway/descr/drcr/sign) status='approved'
[2025-09-24 09:35:02] 🔎 row 446: ✅ accept → dt=2018-06-16 amt=20.37 sign=+1 curr=USD label=Deposit (type/gateway/descr/drcr/sign) status='approved'
[2025-09-24 09:35:02] 🔎 row 447: ✅ accept → dt=2018-06-16 amt=28.29 sign=+1 curr=USD label=Deposit (type/gateway/descr/drcr/sign) status='approved'
[2025-09-24 09:35:02] 🔎 row 448: ✅ accept → dt=2018-06-26 amt=22.72 sign=+1 curr=USD label=Deposit (type/gateway/descr/drcr/sign) status='approved'
[2025-09-24 09:35:02] 🔎 row 449: ✅ accept → dt=2018-06-26 amt=22.72 sign=+1 curr=USD label=Deposit (type/gateway/descr/drcr/sign) status='approved'
[2025-09-24 09:35:02] 🔎 row 450: ⏭️ drop — bad status 'rejected' (type_raw='Deposit')
[2025-09-24 09:35:02] 🔎 row 451: ✅ accept → dt=2018-07-11 amt=40.08 sign=+1 curr=USD label=Deposit (type/gateway/descr/drcr/sign) status='approved'
[2025-09-24 09:35:02] 🔎 row 452: ✅ accept → dt=2018-07-11 amt=57.27 sign=+1 curr=USD label=Deposit (type/gateway/descr/drcr/sign) status='approved'
[2025-09-24 09:35:02] 🔎 row 453: ✅ accept → dt=2018-07-11 amt=57.26 sign=+1 curr=USD label=Deposit (type/gateway/descr/drcr/sign) status='approved'
[2025-09-24 09:35:02] 🔎 row 454: ✅ accept → dt=2018-07-12 amt=28.49 sign=+1 curr=USD label=Deposit (type/gateway/descr/drcr/sign) status='approved'
[2025-09-24 09:35:02] 🔎 row 455: ✅ accept → dt=2018-07-12 amt=30.72 sign=+1 curr=USD label=Deposit (type/gateway/descr/drcr/sign) status='approved'
[2025-09-24 09:35:02] 🔎 row 456: ✅ accept → dt=2018-07-13 amt=34.12 sign=+1 curr=USD label=Deposit (type/gateway/descr/drcr/sign) status='approved'
[2025-09-24 09:35:02] 🔎 row 457: ✅ accept → dt=2018-07-13 amt=22.74 sign=+1 curr=USD label=Deposit (type/gateway/descr/drcr/sign) status='approved'
[2025-09-24 09:35:02] 🔎 row 458: ✅ accept → dt=2018-07-13 amt=28.48 sign=+1 curr=USD label=Deposit (type/gateway/descr/drcr/sign) status='approved'
[2025-09-24 09:35:02] 🔎 row 459: ✅ accept → dt=2018-07-13 amt=28.48 sign=+1 curr=USD label=Deposit (type/gateway/descr/drcr/sign) status='approved'
[2025-09-24 09:35:02] 🔎 row 460: ✅ accept → dt=2018-07-13 amt=15.95 sign=+1 curr=USD label=Deposit (type/gateway/descr/drcr/sign) status='approved'
[2025-09-24 09:35:02] 🔎 row 461: ✅ accept → dt=2018-07-14 amt=11.39 sign=+1 curr=USD label=Deposit (type/gateway/descr/drcr/sign) status='approved'
[2025-09-24 09:35:02] 🔎 row 462: ✅ accept → dt=2018-07-15 amt=11.39 sign=+1 curr=USD label=Deposit (type/gateway/descr/drcr/sign) status='approved'
[2025-09-24 09:35:02] 🔎 row 463: ✅ accept → dt=2018-07-15 amt=11.39 sign=+1 curr=USD label=Deposit (type/gateway/descr/drcr/sign) status='approved'
[2025-09-24 09:35:02] 🔎 row 464: ✅ accept → dt=2018-07-16 amt=11.42 sign=+1 curr=USD label=Deposit (type/gateway/descr/drcr/sign) status='approved'
[2025-09-24 09:35:02] 🔎 row 465: ✅ accept → dt=2018-07-17 amt=22.80 sign=+1 curr=USD label=Deposit (type/gateway/descr/drcr/sign) status='approved'
[2025-09-24 09:35:02] 🔎 row 466: ✅ accept → dt=2018-07-17 amt=22.79 sign=+1 curr=USD label=Deposit (type/gateway/descr/drcr/sign) status='approved'
[2025-09-24 09:35:02] 🔎 row 467: ✅ accept → dt=2018-07-17 amt=22.72 sign=+1 curr=USD label=Deposit (type/gateway/descr/drcr/sign) status='approved'
[2025-09-24 09:35:02] 🔎 row 468: ✅ accept → dt=2018-07-20 amt=28.39 sign=+1 curr=USD label=Deposit (type/gateway/descr/drcr/sign) status='approved'
[2025-09-24 09:35:02] 🔎 row 469: ✅ accept → dt=2018-07-20 amt=22.83 sign=+1 curr=USD label=Deposit (type/gateway/descr/drcr/sign) status='approved'
[2025-09-24 09:35:02] 🔎 row 470: ✅ accept → dt=2018-07-21 amt=12.58 sign=+1 curr=USD label=Deposit (type/gateway/descr/drcr/sign) status='approved'
[2025-09-24 09:35:02] 🔎 row 471: ✅ accept → dt=2018-07-21 amt=11.43 sign=+1 curr=USD label=Deposit (type/gateway/descr/drcr/sign) status='approved'
[2025-09-24 09:35:02] 🔎 row 472: ✅ accept → dt=2018-07-21 amt=11.43 sign=+1 curr=USD label=Deposit (type/gateway/descr/drcr/sign) status='approved'
[2025-09-24 09:35:02] 🔎 row 473: ✅ accept → dt=2018-07-22 amt=11.43 sign=+1 curr=USD label=Deposit (type/gateway/descr/drcr/sign) status='approved'
[2025-09-24 09:35:03] 🔎 row 474: ✅ accept → dt=2018-07-24 amt=35.38 sign=+1 curr=USD label=Deposit (type/gateway/descr/drcr/sign) status='approved'
[2025-09-24 09:35:03] 🔎 row 475: ✅ accept → dt=2018-07-24 amt=22.82 sign=+1 curr=USD label=Deposit (type/gateway/descr/drcr/sign) status='approved'
[2025-09-24 09:35:03] 🔎 row 476: ✅ accept → dt=2018-07-24 amt=57.01 sign=+1 curr=USD label=Deposit (type/gateway/descr/drcr/sign) status='approved'
[2025-09-24 09:35:03] 🔎 row 477: ✅ accept → dt=2018-07-24 amt=22.83 sign=+1 curr=USD label=Deposit (type/gateway/descr/drcr/sign) status='approved'
[2025-09-24 09:35:03] 🔎 row 478: ✅ accept → dt=2018-07-24 amt=22.79 sign=+1 curr=USD label=Deposit (type/gateway/descr/drcr/sign) status='approved'
[2025-09-24 09:35:03] 🔎 row 479: ✅ accept → dt=2018-07-24 amt=22.79 sign=+1 curr=USD label=Deposit (type/gateway/descr/drcr/sign) status='approved'
[2025-09-24 09:35:03] 🔎 row 480: ✅ accept → dt=2018-07-24 amt=21.65 sign=+1 curr=USD label=Deposit (type/gateway/descr/drcr/sign) status='approved'
[2025-09-24 09:35:03] 🔎 row 481: ✅ accept → dt=2018-07-24 amt=22.77 sign=+1 curr=USD label=Deposit (type/gateway/descr/drcr/sign) status='approved'
[2025-09-24 09:35:03] 🔎 row 482: ✅ accept → dt=2018-07-24 amt=22.78 sign=+1 curr=USD label=Deposit (type/gateway/descr/drcr/sign) status='approved'
[2025-09-24 09:35:03] 🔎 row 483: ✅ accept → dt=2018-07-24 amt=22.78 sign=+1 curr=USD label=Deposit (type/gateway/descr/drcr/sign) status='approved'
[2025-09-24 09:35:03] 🔎 row 484: ✅ accept → dt=2018-07-25 amt=11.40 sign=+1 curr=USD label=Deposit (type/gateway/descr/drcr/sign) status='approved'
[2025-09-24 09:35:03] 🔎 row 485: ✅ accept → dt=2018-07-25 amt=17.10 sign=+1 curr=USD label=Deposit (type/gateway/descr/drcr/sign) status='approved'
[2025-09-24 09:35:03] 🔎 row 486: ✅ accept → dt=2018-07-25 amt=28.49 sign=+1 curr=USD label=Deposit (type/gateway/descr/drcr/sign) status='approved'
[2025-09-24 09:35:03] 🔎 row 487: ✅ accept → dt=2018-07-25 amt=34.20 sign=+1 curr=USD label=Deposit (type/gateway/descr/drcr/sign) status='approved'
[2025-09-24 09:35:03] 🔎 row 488: ✅ accept → dt=2018-07-25 amt=22.80 sign=+1 curr=USD label=Deposit (type/gateway/descr/drcr/sign) status='approved'
[2025-09-24 09:35:03] 🔎 row 489: ✅ accept → dt=2018-07-27 amt=22.67 sign=+1 curr=USD label=Deposit (type/gateway/descr/drcr/sign) status='approved'
[2025-09-24 09:35:03] 🔎 row 490: ✅ accept → dt=2018-07-27 amt=22.67 sign=+1 curr=USD label=Deposit (type/gateway/descr/drcr/sign) status='approved'
[2025-09-24 09:35:03] 🔎 row 491: ✅ accept → dt=2018-08-02 amt=11.33 sign=+1 curr=USD label=Deposit (type/gateway/descr/drcr/sign) status='approved'
[2025-09-24 09:35:03] 🔎 row 492: ✅ accept → dt=2018-08-02 amt=11.33 sign=+1 curr=USD label=Deposit (type/gateway/descr/drcr/sign) status='approved'
[2025-09-24 09:35:03] 🔎 row 493: ⏭️ drop — bad status 'rejected' (type_raw='Deposit')
[2025-09-24 09:35:03] 🔎 row 494: ✅ accept → dt=2018-08-06 amt=24.76 sign=+1 curr=USD label=Deposit (type/gateway/descr/drcr/sign) status='approved'
[2025-09-24 09:35:03] 🔎 row 495: ✅ accept → dt=2018-08-09 amt=11.26 sign=+1 curr=USD label=Deposit (type/gateway/descr/drcr/sign) status='approved'
[2025-09-24 09:35:03] 🔎 row 496: ✅ accept → dt=2018-08-09 amt=22.53 sign=+1 curr=USD label=Deposit (type/gateway/descr/drcr/sign) status='approved'
[2025-09-24 09:35:03] 🔎 row 497: ✅ accept → dt=2018-08-13 amt=18.85 sign=+1 curr=USD label=Deposit (type/gateway/descr/drcr/sign) status='approved'
[2025-09-24 09:35:03] 🔎 row 498: ✅ accept → dt=2018-08-13 amt=22.24 sign=+1 curr=USD label=Deposit (type/gateway/descr/drcr/sign) status='approved'
[2025-09-24 09:35:03] 🔎 row 499: ✅ accept → dt=2018-08-13 amt=22.24 sign=+1 curr=USD label=Deposit (type/gateway/descr/drcr/sign) status='approved'
[2025-09-24 09:35:03] 🔎 row 500: ✅ accept → dt=2018-08-13 amt=44.50 sign=+1 curr=USD label=Deposit (type/gateway/descr/drcr/sign) status='approved'
[2025-09-24 09:35:03] 🔎 row 501: ✅ accept → dt=2018-08-13 amt=33.38 sign=+1 curr=USD label=Deposit (type/gateway/descr/drcr/sign) status='approved'
[2025-09-24 09:35:03] 🔎 row 502: ✅ accept → dt=2018-08-13 amt=22.25 sign=+1 curr=USD label=Deposit (type/gateway/descr/drcr/sign) status='approved'
[2025-09-24 09:35:03] 🔎 row 503: ✅ accept → dt=2018-08-14 amt=16.64 sign=+1 curr=USD label=Deposit (type/gateway/descr/drcr/sign) status='approved'
[2025-09-24 09:35:03] 🔎 row 504: ✅ accept → dt=2018-08-14 amt=22.19 sign=+1 curr=USD label=Deposit (type/gateway/descr/drcr/sign) status='approved'
[2025-09-24 09:35:03] 🔎 row 505: ✅ accept → dt=2018-08-15 amt=55.33 sign=+1 curr=USD label=Deposit (type/gateway/descr/drcr/sign) status='approved'
[2025-09-24 09:35:03] 🔎 row 506: ✅ accept → dt=2018-08-16 amt=55.50 sign=+1 curr=USD label=Deposit (type/gateway/descr/drcr/sign) status='approved'
[2025-09-24 09:35:03] 🔎 row 507: ✅ accept → dt=2018-08-16 amt=55.38 sign=+1 curr=USD label=Deposit (type/gateway/descr/drcr/sign) status='approved'
[2025-09-24 09:35:03] 🔎 row 508: ⏭️ drop — bad status 'rejected' (type_raw='Deposit')
[2025-09-24 09:35:03] 🔎 row 509: ✅ accept → dt=2018-08-19 amt=22.29 sign=+1 curr=USD label=Deposit (type/gateway/descr/drcr/sign) status='approved'
[2025-09-24 09:35:03] 🔎 row 510: ✅ accept → dt=2018-08-19 amt=11.14 sign=+1 curr=USD label=Deposit (type/gateway/descr/drcr/sign) status='approved'
[2025-09-24 09:35:03] 🔎 row 511: ✅ accept → dt=2018-08-20 amt=13.34 sign=+1 curr=USD label=Deposit (type/gateway/descr/drcr/sign) status='approved'
[2025-09-24 09:35:03] 🔎 row 512: ✅ accept → dt=2018-08-20 amt=15.58 sign=+1 curr=USD label=Deposit (type/gateway/descr/drcr/sign) status='approved'
[2025-09-24 09:35:03] 🔎 row 513: ✅ accept → dt=2018-08-24 amt=56.55 sign=+1 curr=USD label=Deposit (type/gateway/descr/drcr/sign) status='approved'
[2025-09-24 09:35:03] 🔎 row 514: ✅ accept → dt=2018-08-24 amt=45.33 sign=+1 curr=USD label=Deposit (type/gateway/descr/drcr/sign) status='approved'
[2025-09-24 09:35:03] 🔎 row 515: ✅ accept → dt=2018-08-24 amt=56.69 sign=+1 curr=USD label=Deposit (type/gateway/descr/drcr/sign) status='approved'
[2025-09-24 09:35:03] 🔎 row 516: ✅ accept → dt=2018-08-24 amt=23.81 sign=+1 curr=USD label=Deposit (type/gateway/descr/drcr/sign) status='approved'
[2025-09-24 09:35:03] 🔎 row 517: ✅ accept → dt=2018-08-24 amt=22.67 sign=+1 curr=USD label=Deposit (type/gateway/descr/drcr/sign) status='approved'
[2025-09-24 09:35:03] 🔎 row 518: ✅ accept → dt=2018-08-24 amt=34.00 sign=+1 curr=USD label=Deposit (type/gateway/descr/drcr/sign) status='approved'
[2025-09-24 09:35:03] 🔎 row 519: ✅ accept → dt=2018-08-24 amt=28.34 sign=+1 curr=USD label=Deposit (type/gateway/descr/drcr/sign) status='approved'
[2025-09-24 09:35:03] 🔎 row 520: ✅ accept → dt=2018-08-24 amt=17.00 sign=+1 curr=USD label=Deposit (type/gateway/descr/drcr/sign) status='approved'
[2025-09-24 09:35:03] 🔎 row 521: ✅ accept → dt=2018-08-24 amt=14.73 sign=+1 curr=USD label=Deposit (type/gateway/descr/drcr/sign) status='approved'
[2025-09-24 09:35:03] 🔎 row 522: ✅ accept → dt=2018-08-24 amt=19.26 sign=+1 curr=USD label=Deposit (type/gateway/descr/drcr/sign) status='approved'
[2025-09-24 09:35:03] 🔎 row 523: ✅ accept → dt=2018-08-24 amt=11.33 sign=+1 curr=USD label=Deposit (type/gateway/descr/drcr/sign) status='approved'
[2025-09-24 09:35:03] 🔎 row 524: ✅ accept → dt=2018-08-24 amt=55.55 sign=+1 curr=USD label=Deposit (type/gateway/descr/drcr/sign) status='approved'
[2025-09-24 09:35:03] 🔎 row 525: ✅ accept → dt=2018-08-25 amt=22.66 sign=+1 curr=USD label=Deposit (type/gateway/descr/drcr/sign) status='approved'
[2025-09-24 09:35:03] 🔎 row 526: ✅ accept → dt=2018-08-25 amt=34.00 sign=+1 curr=USD label=Deposit (type/gateway/descr/drcr/sign) status='approved'
[2025-09-24 09:35:03] 🔎 row 527: ✅ accept → dt=2018-08-25 amt=30.60 sign=+1 curr=USD label=Deposit (type/gateway/descr/drcr/sign) status='approved'
[2025-09-24 09:35:03] 🔎 row 528: ✅ accept → dt=2018-08-25 amt=11.33 sign=+1 curr=USD label=Deposit (type/gateway/descr/drcr/sign) status='approved'
[2025-09-24 09:35:03] 🔎 row 529: ✅ accept → dt=2018-08-25 amt=22.67 sign=+1 curr=USD label=Deposit (type/gateway/descr/drcr/sign) status='approved'
[2025-09-24 09:35:03] 🔎 row 530: ✅ accept → dt=2018-08-26 amt=22.66 sign=+1 curr=USD label=Deposit (type/gateway/descr/drcr/sign) status='approved'
[2025-09-24 09:35:03] 🔎 row 531: ✅ accept → dt=2018-08-26 amt=28.34 sign=+1 curr=USD label=Deposit (type/gateway/descr/drcr/sign) status='approved'
[2025-09-24 09:35:03] 🔎 row 532: ✅ accept → dt=2018-08-26 amt=56.68 sign=+1 curr=USD label=Deposit (type/gateway/descr/drcr/sign) status='approved'
[2025-09-24 09:35:03] 🔎 row 533: ✅ accept → dt=2018-08-26 amt=45.35 sign=+1 curr=USD label=Deposit (type/gateway/descr/drcr/sign) status='approved'
[2025-09-24 09:35:03] 🔎 row 534: ✅ accept → dt=2018-08-26 amt=56.68 sign=+1 curr=USD label=Deposit (type/gateway/descr/drcr/sign) status='approved'
[2025-09-24 09:35:03] 🔎 row 535: ✅ accept → dt=2018-08-26 amt=56.68 sign=+1 curr=USD label=Deposit (type/gateway/descr/drcr/sign) status='approved'
[2025-09-24 09:35:03] 🔎 row 536: ✅ accept → dt=2018-08-26 amt=31.74 sign=+1 curr=USD label=Deposit (type/gateway/descr/drcr/sign) status='approved'
[2025-09-24 09:35:03] 🔎 row 537: ✅ accept → dt=2018-08-26 amt=11.33 sign=+1 curr=USD label=Deposit (type/gateway/descr/drcr/sign) status='approved'
[2025-09-24 09:35:03] 🔎 row 538: ⏭️ drop — bad status 'rejected' (type_raw='Deposit')
[2025-09-24 09:35:03] 🔎 row 539: ✅ accept → dt=2018-08-28 amt=28.54 sign=+1 curr=USD label=Deposit (type/gateway/descr/drcr/sign) status='approved'
[2025-09-24 09:35:03] 🔎 row 540: ✅ accept → dt=2018-08-28 amt=57.03 sign=+1 curr=USD label=Deposit (type/gateway/descr/drcr/sign) status='approved'
[2025-09-24 09:35:03] 🔎 row 541: ✅ accept → dt=2018-09-02 amt=11.31 sign=+1 curr=USD label=Deposit (type/gateway/descr/drcr/sign) status='approved'
[2025-09-24 09:35:03] 🔎 row 542: ✅ accept → dt=2018-09-02 amt=11.31 sign=+1 curr=USD label=Deposit (type/gateway/descr/drcr/sign) status='approved'
[2025-09-24 09:35:03] 🔎 row 543: ✅ accept → dt=2018-09-03 amt=11.32 sign=+1 curr=USD label=Deposit (type/gateway/descr/drcr/sign) status='approved'
[2025-09-24 09:35:03] 🔎 row 544: ✅ accept → dt=2018-09-03 amt=11.33 sign=+1 curr=USD label=Deposit (type/gateway/descr/drcr/sign) status='approved'
[2025-09-24 09:35:03] 🔎 row 545: ✅ accept → dt=2018-09-03 amt=11.33 sign=+1 curr=USD label=Deposit (type/gateway/descr/drcr/sign) status='approved'
[2025-09-24 09:35:03] 🔎 row 546: ✅ accept → dt=2018-09-03 amt=11.32 sign=+1 curr=USD label=Deposit (type/gateway/descr/drcr/sign) status='approved'
[2025-09-24 09:35:03] 🔎 row 547: ✅ accept → dt=2018-09-04 amt=56.44 sign=+1 curr=USD label=Deposit (type/gateway/descr/drcr/sign) status='approved'
[2025-09-24 09:35:03] 🔎 row 548: ✅ accept → dt=2018-09-04 amt=28.23 sign=+1 curr=USD label=Deposit (type/gateway/descr/drcr/sign) status='approved'
[2025-09-24 09:35:03] 🔎 row 549: ✅ accept → dt=2018-09-05 amt=22.66 sign=+1 curr=USD label=Deposit (type/gateway/descr/drcr/sign) status='approved'
[2025-09-24 09:35:03] 🔎 row 550: ✅ accept → dt=2018-09-05 amt=11.33 sign=+1 curr=USD label=Deposit (type/gateway/descr/drcr/sign) status='approved'
[2025-09-24 09:35:03] 🔎 row 551: ⏭️ drop — bad status 'rejected' (type_raw='Deposit')
[2025-09-24 09:35:03] 🔎 row 552: ✅ accept → dt=2018-09-07 amt=11.32 sign=+1 curr=USD label=Deposit (type/gateway/descr/drcr/sign) status='approved'
[2025-09-24 09:35:03] 🔎 row 553: ✅ accept → dt=2018-09-07 amt=28.18 sign=+1 curr=USD label=Deposit (type/gateway/descr/drcr/sign) status='approved'
[2025-09-24 09:35:03] 🔎 row 554: ✅ accept → dt=2018-09-07 amt=11.27 sign=+1 curr=USD label=Deposit (type/gateway/descr/drcr/sign) status='approved'
[2025-09-24 09:35:03] 🔎 row 555: ✅ accept → dt=2018-09-07 amt=11.27 sign=+1 curr=USD label=Deposit (type/gateway/descr/drcr/sign) status='approved'
[2025-09-24 09:35:03] 🔎 row 556: ✅ accept → dt=2018-09-11 amt=28.28 sign=+1 curr=USD label=Deposit (type/gateway/descr/drcr/sign) status='approved'
[2025-09-24 09:35:03] 🔎 row 557: ✅ accept → dt=2018-09-12 amt=28.25 sign=+1 curr=USD label=Deposit (type/gateway/descr/drcr/sign) status='approved'
[2025-09-24 09:35:03] 🔎 row 558: ✅ accept → dt=2018-09-12 amt=28.23 sign=+1 curr=USD label=Deposit (type/gateway/descr/drcr/sign) status='approved'
[2025-09-24 09:35:03] 🔎 row 559: ✅ accept → dt=2018-09-13 amt=11.38 sign=+1 curr=USD label=Deposit (type/gateway/descr/drcr/sign) status='approved'
[2025-09-24 09:35:03] 🔎 row 560: ✅ accept → dt=2018-09-13 amt=11.38 sign=+1 curr=USD label=Deposit (type/gateway/descr/drcr/sign) status='approved'
[2025-09-24 09:35:03] 🔎 row 561: ✅ accept → dt=2018-09-13 amt=28.48 sign=+1 curr=USD label=Deposit (type/gateway/descr/drcr/sign) status='approved'
[2025-09-24 09:35:03] 🔎 row 562: ✅ accept → dt=2018-09-13 amt=28.49 sign=+1 curr=USD label=Deposit (type/gateway/descr/drcr/sign) status='approved'
[2025-09-24 09:35:03] 🔎 row 563: ✅ accept → dt=2018-09-15 amt=11.34 sign=+1 curr=USD label=Deposit (type/gateway/descr/drcr/sign) status='approved'
[2025-09-24 09:35:03] 🔎 row 564: ✅ accept → dt=2018-09-15 amt=11.34 sign=+1 curr=USD label=Deposit (type/gateway/descr/drcr/sign) status='approved'
[2025-09-24 09:35:03] 🔎 row 565: ✅ accept → dt=2018-09-20 amt=11.46 sign=+1 curr=USD label=Deposit (type/gateway/descr/drcr/sign) status='approved'
[2025-09-24 09:35:03] 🔎 row 566: ✅ accept → dt=2018-09-21 amt=11.49 sign=+1 curr=USD label=Deposit (type/gateway/descr/drcr/sign) status='approved'
[2025-09-24 09:35:03] 🔎 row 567: ✅ accept → dt=2018-09-21 amt=11.49 sign=+1 curr=USD label=Deposit (type/gateway/descr/drcr/sign) status='approved'
[2025-09-24 09:35:03] 🔎 row 568: ✅ accept → dt=2018-09-21 amt=11.48 sign=+1 curr=USD label=Deposit (type/gateway/descr/drcr/sign) status='approved'
[2025-09-24 09:35:03] 🔎 row 569: ✅ accept → dt=2018-09-25 amt=28.65 sign=+1 curr=USD label=Deposit (type/gateway/descr/drcr/sign) status='approved'
[2025-09-24 09:35:03] 🔎 row 570: ⏭️ drop — bad status 'rejected' (type_raw='Deposit')
[2025-09-24 09:35:03] 🔎 row 571: ✅ accept → dt=2018-09-25 amt=28.72 sign=+1 curr=USD label=Deposit (type/gateway/descr/drcr/sign) status='approved'
[2025-09-24 09:35:03] 🔎 row 572: ✅ accept → dt=2018-09-25 amt=57.37 sign=+1 curr=USD label=Deposit (type/gateway/descr/drcr/sign) status='approved'
[2025-09-24 09:35:03] 🔎 row 573: ✅ accept → dt=2018-09-25 amt=28.67 sign=+1 curr=USD label=Deposit (type/gateway/descr/drcr/sign) status='approved'
[2025-09-24 09:35:03] 🔎 row 574: ✅ accept → dt=2018-09-26 amt=28.63 sign=+1 curr=USD label=Deposit (type/gateway/descr/drcr/sign) status='approved'
[2025-09-24 09:35:03] 🔎 row 575: ✅ accept → dt=2018-10-05 amt=56.20 sign=+1 curr=USD label=Deposit (type/gateway/descr/drcr/sign) status='approved'
[2025-09-24 09:35:03] 🔎 row 576: ✅ accept → dt=2018-10-08 amt=11.18 sign=+1 curr=USD label=Deposit (type/gateway/descr/drcr/sign) status='approved'
[2025-09-24 09:35:03] 🔎 row 577: ✅ accept → dt=2018-10-22 amt=27.94 sign=+1 curr=USD label=Deposit (type/gateway/descr/drcr/sign) status='approved'
[2025-09-24 09:35:03] 🔎 row 578: ✅ accept → dt=2018-10-25 amt=11.07 sign=+1 curr=USD label=Deposit (type/gateway/descr/drcr/sign) status='approved'
[2025-09-24 09:35:03] 🔎 row 579: ✅ accept → dt=2018-10-26 amt=27.65 sign=+1 curr=USD label=Deposit (type/gateway/descr/drcr/sign) status='approved'
[2025-09-24 09:35:03] 🔎 row 580: ✅ accept → dt=2018-10-26 amt=11.08 sign=+1 curr=USD label=Deposit (type/gateway/descr/drcr/sign) status='approved'
[2025-09-24 09:35:03] 🔎 row 581: ✅ accept → dt=2018-10-31 amt=27.65 sign=+1 curr=USD label=Deposit (type/gateway/descr/drcr/sign) status='approved'
[2025-09-24 09:35:03] 🔎 row 582: ⏭️ drop — bad status 'rejected' (type_raw='Deposit')
[2025-09-24 09:35:03] 🔎 row 583: ✅ accept → dt=2018-10-31 amt=27.58 sign=+1 curr=USD label=Deposit (type/gateway/descr/drcr/sign) status='approved'
[2025-09-24 09:35:03] 🔎 row 584: ✅ accept → dt=2018-11-22 amt=11.11 sign=+1 curr=USD label=Deposit (type/gateway/descr/drcr/sign) status='approved'
[2025-09-24 09:35:03] 🔎 row 585: ✅ accept → dt=2018-11-22 amt=11.12 sign=+1 curr=USD label=Deposit (type/gateway/descr/drcr/sign) status='approved'
[2025-09-24 09:35:03] 🔎 row 586: ✅ accept → dt=2018-11-26 amt=27.70 sign=+1 curr=USD label=Deposit (type/gateway/descr/drcr/sign) status='approved'
[2025-09-24 09:35:03] 🔎 row 587: ✅ accept → dt=2018-11-27 amt=27.59 sign=+1 curr=USD label=Deposit (type/gateway/descr/drcr/sign) status='approved'
[2025-09-24 09:35:03] 🔎 row 588: ✅ accept → dt=2018-11-29 amt=11.09 sign=+1 curr=USD label=Deposit (type/gateway/descr/drcr/sign) status='approved'
[2025-09-24 09:35:03] 🔎 row 589: ✅ accept → dt=2018-11-30 amt=27.70 sign=+1 curr=USD label=Deposit (type/gateway/descr/drcr/sign) status='approved'
[2025-09-24 09:35:03] 🔎 row 590: ✅ accept → dt=2018-11-30 amt=55.41 sign=+1 curr=USD label=Deposit (type/gateway/descr/drcr/sign) status='approved'
[2025-09-24 09:35:03] 🔎 row 591: ✅ accept → dt=2018-11-30 amt=27.68 sign=+1 curr=USD label=Deposit (type/gateway/descr/drcr/sign) status='approved'
[2025-09-24 09:35:03] 🔎 row 592: ✅ accept → dt=2018-11-30 amt=27.58 sign=+1 curr=USD label=Deposit (type/gateway/descr/drcr/sign) status='approved'
[2025-09-24 09:35:03] 🔎 row 593: ⏭️ drop — bad status 'rejected' (type_raw='Deposit')
[2025-09-24 09:35:03] 🔎 row 594: ✅ accept → dt=2018-12-01 amt=27.59 sign=+1 curr=USD label=Deposit (type/gateway/descr/drcr/sign) status='approved'
[2025-09-24 09:35:03] 🔎 row 595: ✅ accept → dt=2018-12-02 amt=11.03 sign=+1 curr=USD label=Deposit (type/gateway/descr/drcr/sign) status='approved'
[2025-09-24 09:35:03] 🔎 row 596: ⏭️ drop — bad status 'rejected' (type_raw='Deposit')
[2025-09-24 09:35:03] 🔎 row 597: ✅ accept → dt=2018-12-02 amt=11.07 sign=+1 curr=USD label=Deposit (type/gateway/descr/drcr/sign) status='approved'
[2025-09-24 09:35:03] 🔎 row 598: ✅ accept → dt=2018-12-04 amt=27.62 sign=+1 curr=USD label=Deposit (type/gateway/descr/drcr/sign) status='approved'
[2025-09-24 09:35:03] 🔎 row 599: ✅ accept → dt=2018-12-05 amt=11.05 sign=+1 curr=USD label=Deposit (type/gateway/descr/drcr/sign) status='approved'
[2025-09-24 09:35:03] 🔎 row 600: ✅ accept → dt=2018-12-09 amt=22.21 sign=+1 curr=USD label=Deposit (type/gateway/descr/drcr/sign) status='approved'
[2025-09-24 09:35:03] 🔎 row 601: ✅ accept → dt=2018-12-11 amt=27.77 sign=+1 curr=USD label=Deposit (type/gateway/descr/drcr/sign) status='approved'
[2025-09-24 09:35:03] 🔎 row 602: ✅ accept → dt=2018-12-11 amt=27.76 sign=+1 curr=USD label=Deposit (type/gateway/descr/drcr/sign) status='approved'
[2025-09-24 09:35:03] 🔎 row 603: ✅ accept → dt=2018-12-11 amt=27.75 sign=+1 curr=USD label=Deposit (type/gateway/descr/drcr/sign) status='approved'
[2025-09-24 09:35:03] 🔎 row 604: ✅ accept → dt=2018-12-11 amt=27.72 sign=+1 curr=USD label=Deposit (type/gateway/descr/drcr/sign) status='approved'
[2025-09-24 09:35:03] 🔎 row 605: ✅ accept → dt=2018-12-11 amt=27.71 sign=+1 curr=USD label=Deposit (type/gateway/descr/drcr/sign) status='approved'
[2025-09-24 09:35:03] 🔎 row 606: ✅ accept → dt=2018-12-11 amt=27.70 sign=+1 curr=USD label=Deposit (type/gateway/descr/drcr/sign) status='approved'
[2025-09-24 09:35:03] 🔎 row 607: ✅ accept → dt=2018-12-11 amt=27.65 sign=+1 curr=USD label=Deposit (type/gateway/descr/drcr/sign) status='approved'
[2025-09-24 09:35:03] 🔎 row 608: ✅ accept → dt=2018-12-12 amt=11.07 sign=+1 curr=USD label=Deposit (type/gateway/descr/drcr/sign) status='approved'
[2025-09-24 09:35:03] 🔎 row 609: ✅ accept → dt=2018-12-12 amt=11.08 sign=+1 curr=USD label=Deposit (type/gateway/descr/drcr/sign) status='approved'
[2025-09-24 09:35:03] 🔎 row 610: ✅ accept → dt=2018-12-12 amt=11.08 sign=+1 curr=USD label=Deposit (type/gateway/descr/drcr/sign) status='approved'
[2025-09-24 09:35:03] 🔎 row 611: ✅ accept → dt=2018-12-13 amt=27.73 sign=+1 curr=USD label=Deposit (type/gateway/descr/drcr/sign) status='approved'
[2025-09-24 09:35:03] 🔎 row 612: ✅ accept → dt=2018-12-20 amt=11.17 sign=+1 curr=USD label=Deposit (type/gateway/descr/drcr/sign) status='approved'
[2025-09-24 09:35:03] 🔎 row 613: ✅ accept → dt=2018-12-21 amt=27.84 sign=+1 curr=USD label=Deposit (type/gateway/descr/drcr/sign) status='approved'
[2025-09-24 09:35:03] 🔎 row 614: ✅ accept → dt=2018-12-23 amt=27.72 sign=+1 curr=USD label=Deposit (type/gateway/descr/drcr/sign) status='approved'
[2025-09-24 09:35:03] 🔎 row 615: ✅ accept → dt=2018-12-24 amt=27.82 sign=+1 curr=USD label=Deposit (type/gateway/descr/drcr/sign) status='approved'
[2025-09-24 09:35:03] 🔎 row 616: ✅ accept → dt=2018-12-24 amt=27.82 sign=+1 curr=USD label=Deposit (type/gateway/descr/drcr/sign) status='approved'
[2025-09-24 09:35:03] 🔎 row 617: ✅ accept → dt=2018-12-25 amt=11.13 sign=+1 curr=USD label=Deposit (type/gateway/descr/drcr/sign) status='approved'
[2025-09-24 09:35:03] 🔎 row 618: ✅ accept → dt=2018-12-25 amt=27.82 sign=+1 curr=USD label=Deposit (type/gateway/descr/drcr/sign) status='approved'
[2025-09-24 09:35:03] 🔎 row 619: ✅ accept → dt=2018-12-25 amt=11.10 sign=+1 curr=USD label=Deposit (type/gateway/descr/drcr/sign) status='approved'
[2025-09-24 09:35:03] 🔎 row 620: ✅ accept → dt=2018-12-30 amt=11.15 sign=+1 curr=USD label=Deposit (type/gateway/descr/drcr/sign) status='approved'
[2025-09-24 09:35:03] 🔎 row 621: ✅ accept → dt=2019-01-22 amt=27.70 sign=+1 curr=USD label=Deposit (type/gateway/descr/drcr/sign) status='approved'
[2025-09-24 09:35:03] 🔎 row 622: ✅ accept → dt=2019-01-23 amt=27.70 sign=+1 curr=USD label=Deposit (type/gateway/descr/drcr/sign) status='approved'
[2025-09-24 09:35:03] 🔎 row 623: ✅ accept → dt=2019-01-24 amt=11.01 sign=+1 curr=USD label=Deposit (type/gateway/descr/drcr/sign) status='approved'
[2025-09-24 09:35:03] 🔎 row 624: ✅ accept → dt=2019-01-25 amt=27.80 sign=+1 curr=USD label=Deposit (type/gateway/descr/drcr/sign) status='approved'
[2025-09-24 09:35:03] 🔎 row 625: ✅ accept → dt=2019-01-25 amt=55.62 sign=+1 curr=USD label=Deposit (type/gateway/descr/drcr/sign) status='approved'
[2025-09-24 09:35:03] 🔎 row 626: ✅ accept → dt=2019-01-26 amt=27.80 sign=+1 curr=USD label=Deposit (type/gateway/descr/drcr/sign) status='approved'
[2025-09-24 09:35:03] 🔎 row 627: ✅ accept → dt=2019-01-27 amt=27.80 sign=+1 curr=USD label=Deposit (type/gateway/descr/drcr/sign) status='approved'
[2025-09-24 09:35:03] 🔎 row 628: ⏭️ drop — bad status 'rejected' (type_raw='Deposit')
[2025-09-24 09:35:03] 🔎 row 629: ✅ accept → dt=2019-01-28 amt=27.84 sign=+1 curr=USD label=Deposit (type/gateway/descr/drcr/sign) status='approved'
[2025-09-24 09:35:03] 🔎 row 630: ✅ accept → dt=2019-01-30 amt=11.19 sign=+1 curr=USD label=Deposit (type/gateway/descr/drcr/sign) status='approved'
[2025-09-24 09:35:03] 🔎 row 631: ✅ accept → dt=2019-02-01 amt=11.16 sign=+1 curr=USD label=Deposit (type/gateway/descr/drcr/sign) status='approved'
[2025-09-24 09:35:03] 🔎 row 632: ✅ accept → dt=2019-02-05 amt=55.67 sign=+1 curr=USD label=Deposit (type/gateway/descr/drcr/sign) status='approved'
[2025-09-24 09:35:03] 🔎 row 633: ✅ accept → dt=2019-02-05 amt=55.59 sign=+1 curr=USD label=Deposit (type/gateway/descr/drcr/sign) status='approved'
[2025-09-24 09:35:03] 🔎 row 634: ⏭️ drop — bad status 'rejected' (type_raw='Deposit')
[2025-09-24 09:35:03] 🔎 row 635: ⏭️ drop — bad status 'rejected' (type_raw='Deposit')
[2025-09-24 09:35:03] 🔎 row 636: ✅ accept → dt=2019-02-07 amt=27.66 sign=+1 curr=USD label=Deposit (type/gateway/descr/drcr/sign) status='approved'
[2025-09-24 09:35:03] 🔎 row 637: ✅ accept → dt=2019-02-08 amt=55.20 sign=+1 curr=USD label=Deposit (type/gateway/descr/drcr/sign) status='approved'
[2025-09-24 09:35:03] 🔎 row 638: ✅ accept → dt=2019-02-08 amt=27.60 sign=+1 curr=USD label=Deposit (type/gateway/descr/drcr/sign) status='approved'
[2025-09-24 09:35:03] 🔎 row 639: ⏭️ drop — bad status 'rejected' (type_raw='Deposit')
[2025-09-24 09:35:03] 🔎 row 640: ✅ accept → dt=2019-02-08 amt=55.19 sign=+1 curr=USD label=Deposit (type/gateway/descr/drcr/sign) status='approved'
[2025-09-24 09:35:03] 🔎 row 641: ✅ accept → dt=2019-02-09 amt=27.60 sign=+1 curr=USD label=Deposit (type/gateway/descr/drcr/sign) status='approved'
[2025-09-24 09:35:03] 🔎 row 642: ✅ accept → dt=2019-02-13 amt=27.48 sign=+1 curr=USD label=Deposit (type/gateway/descr/drcr/sign) status='approved'
[2025-09-24 09:35:03] 🔎 row 643: ⏭️ drop — bad status 'rejected' (type_raw='Deposit')
[2025-09-24 09:35:03] 🔎 row 644: ✅ accept → dt=2019-02-19 amt=11.04 sign=+1 curr=USD label=Deposit (type/gateway/descr/drcr/sign) status='approved'
[2025-09-24 09:35:03] 🔎 row 645: ✅ accept → dt=2019-02-21 amt=55.32 sign=+1 curr=USD label=Deposit (type/gateway/descr/drcr/sign) status='approved'
[2025-09-24 09:35:03] 🔎 row 646: ✅ accept → dt=2019-02-27 amt=27.78 sign=+1 curr=USD label=Deposit (type/gateway/descr/drcr/sign) status='approved'
[2025-09-24 09:35:03] 🔎 row 647: ✅ accept → dt=2019-02-27 amt=55.42 sign=+1 curr=USD label=Deposit (type/gateway/descr/drcr/sign) status='approved'
[2025-09-24 09:35:03] 🔎 row 648: ✅ accept → dt=2019-02-28 amt=11.08 sign=+1 curr=USD label=Deposit (type/gateway/descr/drcr/sign) status='approved'
[2025-09-24 09:35:03] 🔎 row 649: ✅ accept → dt=2019-03-06 amt=27.56 sign=+1 curr=USD label=Deposit (type/gateway/descr/drcr/sign) status='approved'
[2025-09-24 09:35:03] 🔎 row 650: ⏭️ drop — bad status 'rejected' (type_raw='Deposit')
[2025-09-24 09:35:03] 🔎 row 651: ✅ accept → dt=2019-03-06 amt=27.58 sign=+1 curr=USD label=Deposit (type/gateway/descr/drcr/sign) status='approved'
[2025-09-24 09:35:03] 🔎 row 652: ⏭️ drop — bad status 'rejected' (type_raw='Deposit')
[2025-09-24 09:35:03] 🔎 row 653: ✅ accept → dt=2019-03-07 amt=27.38 sign=+1 curr=USD label=Deposit (type/gateway/descr/drcr/sign) status='approved'
[2025-09-24 09:35:03] 🔎 row 654: ✅ accept → dt=2019-03-07 amt=27.28 sign=+1 curr=USD label=Deposit (type/gateway/descr/drcr/sign) status='approved'
[2025-09-24 09:35:03] 🔎 row 655: ✅ accept → dt=2019-03-14 amt=22.04 sign=+1 curr=USD label=Deposit (type/gateway/descr/drcr/sign) status='approved'
[2025-09-24 09:35:03] 🔎 row 656: ⏭️ drop — bad status 'rejected' (type_raw='Deposit')
[2025-09-24 09:35:03] 🔎 row 657: ✅ accept → dt=2019-03-14 amt=11.02 sign=+1 curr=USD label=Deposit (type/gateway/descr/drcr/sign) status='approved'
[2025-09-24 09:35:03] 🔎 row 658: ✅ accept → dt=2019-03-22 amt=11.01 sign=+1 curr=USD label=Deposit (type/gateway/descr/drcr/sign) status='approved'
[2025-09-24 09:35:03] 🔎 row 659: ✅ accept → dt=2019-03-27 amt=27.43 sign=+1 curr=USD label=Deposit (type/gateway/descr/drcr/sign) status='approved'
[2025-09-24 09:35:03] 🔎 row 660: ✅ accept → dt=2019-04-03 amt=27.40 sign=+1 curr=USD label=Deposit (type/gateway/descr/drcr/sign) status='approved'
[2025-09-24 09:35:03] 🔎 row 661: ✅ accept → dt=2019-04-06 amt=10.93 sign=+1 curr=USD label=Deposit (type/gateway/descr/drcr/sign) status='approved'
[2025-09-24 09:35:03] 🔎 row 662: ✅ accept → dt=2019-04-11 amt=10.00 sign=+1 curr=EUR label=Deposit (type/gateway/descr/drcr/sign) status='approved'
[2025-09-24 09:35:03] 🔎 row 663: ✅ accept → dt=2019-04-12 amt=22.03 sign=+1 curr=USD label=Deposit (type/gateway/descr/drcr/sign) status='approved'
[2025-09-24 09:35:03] 🔎 row 664: ✅ accept → dt=2019-04-12 amt=20.00 sign=+1 curr=EUR label=Deposit (type/gateway/descr/drcr/sign) status='approved'
[2025-09-24 09:35:03] 🔎 row 665: ✅ accept → dt=2019-04-17 amt=11.01 sign=+1 curr=USD label=Deposit (type/gateway/descr/drcr/sign) status='approved'
[2025-09-24 09:35:03] 🔎 row 666: ✅ accept → dt=2019-04-23 amt=25.00 sign=+1 curr=EUR label=Deposit (type/gateway/descr/drcr/sign) status='approved'
[2025-09-24 09:35:03] 🔎 row 667: ✅ accept → dt=2019-04-23 amt=15.00 sign=+1 curr=EUR label=Deposit (type/gateway/descr/drcr/sign) status='approved'
[2025-09-24 09:35:03] 🔎 row 668: ✅ accept → dt=2019-04-24 amt=17.00 sign=+1 curr=EUR label=Deposit (type/gateway/descr/drcr/sign) status='approved'
[2025-09-24 09:35:03] 🔎 row 669: ✅ accept → dt=2019-04-25 amt=40.00 sign=+1 curr=EUR label=Deposit (type/gateway/descr/drcr/sign) status='approved'
[2025-09-24 09:35:03] 🔎 row 670: ✅ accept → dt=2019-04-25 amt=20.00 sign=+1 curr=EUR label=Deposit (type/gateway/descr/drcr/sign) status='approved'
[2025-09-24 09:35:03] 🔎 row 671: ✅ accept → dt=2019-04-27 amt=20.00 sign=+1 curr=EUR label=Deposit (type/gateway/descr/drcr/sign) status='approved'
[2025-09-24 09:35:03] 🔎 row 672: ✅ accept → dt=2019-04-27 amt=30.00 sign=+1 curr=EUR label=Deposit (type/gateway/descr/drcr/sign) status='approved'
[2025-09-24 09:35:03] 🔎 row 673: ✅ accept → dt=2019-04-28 amt=40.00 sign=+1 curr=EUR label=Deposit (type/gateway/descr/drcr/sign) status='approved'
[2025-09-24 09:35:03] 🔎 row 674: ✅ accept → dt=2019-04-28 amt=23.00 sign=+1 curr=EUR label=Deposit (type/gateway/descr/drcr/sign) status='approved'
[2025-09-24 09:35:03] 🔎 row 675: ⏭️ drop — bad status 'rejected' (type_raw='Deposit')
[2025-09-24 09:35:03] 🔎 row 676: ✅ accept → dt=2019-05-02 amt=10.89 sign=+1 curr=USD label=Deposit (type/gateway/descr/drcr/sign) status='approved'
[2025-09-24 09:35:03] 🔎 row 677: ✅ accept → dt=2019-05-04 amt=10.92 sign=+1 curr=USD label=Deposit (type/gateway/descr/drcr/sign) status='approved'
[2025-09-24 09:35:03] 🔎 row 678: ✅ accept → dt=2019-05-04 amt=10.92 sign=+1 curr=USD label=Deposit (type/gateway/descr/drcr/sign) status='approved'
[2025-09-24 09:35:03] 🔎 row 679: ✅ accept → dt=2019-05-05 amt=10.90 sign=+1 curr=USD label=Deposit (type/gateway/descr/drcr/sign) status='approved'
[2025-09-24 09:35:03] 🔎 row 680: ✅ accept → dt=2019-05-05 amt=21.78 sign=+1 curr=USD label=Deposit (type/gateway/descr/drcr/sign) status='approved'
[2025-09-24 09:35:03] 🔎 row 681: ✅ accept → dt=2019-05-14 amt=10.00 sign=+1 curr=EUR label=Deposit (type/gateway/descr/drcr/sign) status='approved'
[2025-09-24 09:35:03] 🔎 row 682: ✅ accept → dt=2019-05-25 amt=25.00 sign=+1 curr=EUR label=Deposit (type/gateway/descr/drcr/sign) status='approved'
[2025-09-24 09:35:03] 🔎 row 683: ✅ accept → dt=2019-05-25 amt=30.00 sign=+1 curr=EUR label=Deposit (type/gateway/descr/drcr/sign) status='approved'
[2025-09-24 09:35:03] 🔎 row 684: ✅ accept → dt=2019-05-25 amt=20.00 sign=+1 curr=EUR label=Deposit (type/gateway/descr/drcr/sign) status='approved'
[2025-09-24 09:35:03] 🔎 row 685: ✅ accept → dt=2019-05-25 amt=21.00 sign=+1 curr=EUR label=Deposit (type/gateway/descr/drcr/sign) status='approved'
[2025-09-24 09:35:03] 🔎 row 686: ✅ accept → dt=2019-05-26 amt=20.00 sign=+1 curr=EUR label=Deposit (type/gateway/descr/drcr/sign) status='approved'
[2025-09-24 09:35:03] 🔎 row 687: ✅ accept → dt=2019-05-26 amt=20.00 sign=+1 curr=EUR label=Deposit (type/gateway/descr/drcr/sign) status='approved'
[2025-09-24 09:35:03] 🔎 row 688: ✅ accept → dt=2019-05-26 amt=10.00 sign=+1 curr=EUR label=Deposit (type/gateway/descr/drcr/sign) status='approved'
[2025-09-24 09:35:03] 🔎 row 689: ✅ accept → dt=2019-05-27 amt=13.00 sign=+1 curr=EUR label=Deposit (type/gateway/descr/drcr/sign) status='approved'
[2025-09-24 09:35:03] 🔎 row 690: ✅ accept → dt=2019-05-28 amt=25.00 sign=+1 curr=EUR label=Deposit (type/gateway/descr/drcr/sign) status='approved'
[2025-09-24 09:35:03] 🔎 row 691: ✅ accept → dt=2019-05-30 amt=27.07 sign=+1 curr=USD label=Deposit (type/gateway/descr/drcr/sign) status='approved'
[2025-09-24 09:35:03] 🔎 row 692: ✅ accept → dt=2019-05-30 amt=10.82 sign=+1 curr=USD label=Deposit (type/gateway/descr/drcr/sign) status='approved'
[2025-09-24 09:35:03] 🔎 row 693: ✅ accept → dt=2019-05-30 amt=10.82 sign=+1 curr=USD label=Deposit (type/gateway/descr/drcr/sign) status='approved'
[2025-09-24 09:35:03] 🔎 row 694: ✅ accept → dt=2019-05-31 amt=10.86 sign=+1 curr=USD label=Deposit (type/gateway/descr/drcr/sign) status='approved'
[2025-09-24 09:35:03] 🔎 row 695: ⏭️ drop — bad status 'rejected' (type_raw='Deposit')
[2025-09-24 09:35:04] 🔎 row 696: ✅ accept → dt=2019-06-05 amt=27.31 sign=+1 curr=USD label=Deposit (type/gateway/descr/drcr/sign) status='approved'
[2025-09-24 09:35:04] 🔎 row 697: ✅ accept → dt=2019-06-13 amt=20.00 sign=+1 curr=EUR label=Deposit (type/gateway/descr/drcr/sign) status='approved'
[2025-09-24 09:35:04] 🔎 row 698: ✅ accept → dt=2019-06-13 amt=20.00 sign=+1 curr=EUR label=Deposit (type/gateway/descr/drcr/sign) status='approved'
[2025-09-24 09:35:04] 🔎 row 699: ✅ accept → dt=2019-06-14 amt=10.00 sign=+1 curr=EUR label=Deposit (type/gateway/descr/drcr/sign) status='approved'
[2025-09-24 09:35:04] 🔎 row 700: ✅ accept → dt=2019-06-14 amt=15.00 sign=+1 curr=EUR label=Deposit (type/gateway/descr/drcr/sign) status='approved'
[2025-09-24 09:35:04] 🔎 row 701: ✅ accept → dt=2019-06-28 amt=11.05 sign=+1 curr=USD label=Deposit (type/gateway/descr/drcr/sign) status='approved'
[2025-09-24 09:35:04] 🔎 row 702: ✅ accept → dt=2019-08-21 amt=16.19 sign=+1 curr=USD label=Deposit (type/gateway/descr/drcr/sign) status='approved'
[2025-09-24 09:35:04] 🔎 row 703: ✅ accept → dt=2019-08-21 amt=10.79 sign=+1 curr=USD label=Deposit (type/gateway/descr/drcr/sign) status='approved'
[2025-09-24 09:35:04] 🔎 row 704: ⏭️ drop — bad status 'rejected' (type_raw='Deposit')
[2025-09-24 09:35:04] 🔎 row 705: ✅ accept → dt=2019-10-01 amt=35.03 sign=+1 curr=USD label=Deposit (type/gateway/descr/drcr/sign) status='approved'
[2025-09-24 09:35:04] 🔎 row 706: ✅ accept → dt=2019-10-01 amt=53.18 sign=+1 curr=USD label=Deposit (type/gateway/descr/drcr/sign) status='approved'
[2025-09-24 09:35:04] 🔎 row 707: ✅ accept → dt=2019-10-02 amt=85.18 sign=+1 curr=USD label=Deposit (type/gateway/descr/drcr/sign) status='approved'
[2025-09-24 09:35:04] 🔎 row 708: ✅ accept → dt=2019-10-02 amt=106.47 sign=+1 curr=USD label=Deposit (type/gateway/descr/drcr/sign) status='approved'
[2025-09-24 09:35:04] 🔎 row 709: ✅ accept → dt=2019-10-02 amt=127.74 sign=+1 curr=USD label=Deposit (type/gateway/descr/drcr/sign) status='approved'
[2025-09-24 09:35:04] 🔎 row 710: ✅ accept → dt=2019-10-02 amt=266.37 sign=+1 curr=USD label=Deposit (type/gateway/descr/drcr/sign) status='approved'
[2025-09-24 09:35:04] 🔎 row 711: ✅ accept → dt=2019-10-02 amt=127.89 sign=+1 curr=USD label=Deposit (type/gateway/descr/drcr/sign) status='approved'
[2025-09-24 09:35:04] 🔎 row 712: ✅ accept → dt=2019-10-02 amt=127.89 sign=+1 curr=USD label=Deposit (type/gateway/descr/drcr/sign) status='approved'
[2025-09-24 09:35:04] 🔎 row 713: ✅ accept → dt=2019-10-02 amt=154.54 sign=+1 curr=USD label=Deposit (type/gateway/descr/drcr/sign) status='approved'
[2025-09-24 09:35:04] 🔎 row 714: ✅ accept → dt=2019-10-04 amt=26.68 sign=+1 curr=USD label=Deposit (type/gateway/descr/drcr/sign) status='approved'
[2025-09-24 09:35:04] 🔎 row 715: ✅ accept → dt=2019-10-04 amt=21.35 sign=+1 curr=USD label=Deposit (type/gateway/descr/drcr/sign) status='approved'
[2025-09-24 09:35:04] 🔎 row 716: ✅ accept → dt=2019-10-04 amt=16.01 sign=+1 curr=USD label=Deposit (type/gateway/descr/drcr/sign) status='approved'
[2025-09-24 09:35:04] 🔎 row 717: ✅ accept → dt=2019-10-04 amt=16.01 sign=+1 curr=USD label=Deposit (type/gateway/descr/drcr/sign) status='approved'
[2025-09-24 09:35:04] 🔎 row 718: ✅ accept → dt=2019-10-04 amt=26.69 sign=+1 curr=USD label=Deposit (type/gateway/descr/drcr/sign) status='approved'
[2025-09-24 09:35:04] 🔎 row 719: ✅ accept → dt=2019-10-05 amt=13.88 sign=+1 curr=USD label=Deposit (type/gateway/descr/drcr/sign) status='approved'
[2025-09-24 09:35:04] 🔎 row 720: ✅ accept → dt=2019-10-05 amt=10.67 sign=+1 curr=USD label=Deposit (type/gateway/descr/drcr/sign) status='approved'
[2025-09-24 09:35:04] 🔎 row 721: ✅ accept → dt=2019-10-07 amt=75.81 sign=+1 curr=USD label=Deposit (type/gateway/descr/drcr/sign) status='approved'
[2025-09-24 09:35:04] 🔎 row 722: ✅ accept → dt=2019-10-07 amt=106.72 sign=+1 curr=USD label=Deposit (type/gateway/descr/drcr/sign) status='approved'
[2025-09-24 09:35:04] 🔎 row 723: ✅ accept → dt=2019-10-07 amt=53.35 sign=+1 curr=USD label=Deposit (type/gateway/descr/drcr/sign) status='approved'
[2025-09-24 09:35:04] 🔎 row 724: ✅ accept → dt=2019-10-08 amt=42.60 sign=+1 curr=USD label=Deposit (type/gateway/descr/drcr/sign) status='approved'
[2025-09-24 09:35:04] 🔎 row 725: ⏭️ drop — bad status 'rejected' (type_raw='Deposit')
[2025-09-24 09:35:04] 🔎 row 726: ✅ accept → dt=2019-10-09 amt=53.36 sign=+1 curr=USD label=Deposit (type/gateway/descr/drcr/sign) status='approved'
[2025-09-24 09:35:04] 🔎 row 727: ✅ accept → dt=2019-10-10 amt=26.80 sign=+1 curr=USD label=Deposit (type/gateway/descr/drcr/sign) status='approved'
[2025-09-24 09:35:04] 🔎 row 728: ✅ accept → dt=2019-10-10 amt=21.43 sign=+1 curr=USD label=Deposit (type/gateway/descr/drcr/sign) status='approved'
[2025-09-24 09:35:04] 🔎 row 729: ✅ accept → dt=2019-10-11 amt=26.84 sign=+1 curr=USD label=Deposit (type/gateway/descr/drcr/sign) status='approved'
[2025-09-24 09:35:04] 🔎 row 730: ✅ accept → dt=2019-10-11 amt=21.48 sign=+1 curr=USD label=Deposit (type/gateway/descr/drcr/sign) status='approved'
[2025-09-24 09:35:04] 🔎 row 731: ✅ accept → dt=2019-10-11 amt=32.22 sign=+1 curr=USD label=Deposit (type/gateway/descr/drcr/sign) status='approved'
[2025-09-24 09:35:04] 🔎 row 732: ✅ accept → dt=2019-10-16 amt=10.75 sign=+1 curr=USD label=Deposit (type/gateway/descr/drcr/sign) status='approved'
[2025-09-24 09:35:04] 🔎 row 733: ✅ accept → dt=2019-10-18 amt=21.70 sign=+1 curr=USD label=Deposit (type/gateway/descr/drcr/sign) status='approved'
[2025-09-24 09:35:04] 🔎 row 734: ✅ accept → dt=2019-10-20 amt=10.86 sign=+1 curr=USD label=Deposit (type/gateway/descr/drcr/sign) status='approved'
[2025-09-24 09:35:04] 🔎 row 735: ✅ accept → dt=2019-10-21 amt=10.85 sign=+1 curr=USD label=Deposit (type/gateway/descr/drcr/sign) status='approved'
[2025-09-24 09:35:04] 🔎 row 736: ✅ accept → dt=2019-10-21 amt=10.86 sign=+1 curr=USD label=Deposit (type/gateway/descr/drcr/sign) status='approved'
[2025-09-24 09:35:04] 🔎 row 737: ✅ accept → dt=2019-10-21 amt=15.18 sign=+1 curr=USD label=Deposit (type/gateway/descr/drcr/sign) status='approved'
[2025-09-24 09:35:04] 🔎 row 738: ✅ accept → dt=2019-10-21 amt=27.10 sign=+1 curr=USD label=Deposit (type/gateway/descr/drcr/sign) status='approved'
[2025-09-24 09:35:04] 🔎 row 739: ✅ accept → dt=2019-10-25 amt=32.44 sign=+1 curr=USD label=Deposit (type/gateway/descr/drcr/sign) status='approved'
[2025-09-24 09:35:04] 🔎 row 740: ✅ accept → dt=2019-10-25 amt=27.03 sign=+1 curr=USD label=Deposit (type/gateway/descr/drcr/sign) status='approved'
[2025-09-24 09:35:04] 🔎 row 741: ✅ accept → dt=2019-10-25 amt=21.61 sign=+1 curr=USD label=Deposit (type/gateway/descr/drcr/sign) status='approved'
[2025-09-24 09:35:04] 🔎 row 742: ✅ accept → dt=2019-10-25 amt=21.60 sign=+1 curr=USD label=Deposit (type/gateway/descr/drcr/sign) status='approved'
[2025-09-24 09:35:04] 🔎 row 743: ✅ accept → dt=2019-10-25 amt=43.19 sign=+1 curr=USD label=Deposit (type/gateway/descr/drcr/sign) status='approved'
[2025-09-24 09:35:04] 🔎 row 744: ✅ accept → dt=2019-10-25 amt=32.36 sign=+1 curr=USD label=Deposit (type/gateway/descr/drcr/sign) status='approved'
[2025-09-24 09:35:04] 🔎 row 745: ✅ accept → dt=2019-10-25 amt=28.03 sign=+1 curr=USD label=Deposit (type/gateway/descr/drcr/sign) status='approved'
[2025-09-24 09:35:04] 🔎 row 746: ✅ accept → dt=2019-10-25 amt=32.32 sign=+1 curr=USD label=Deposit (type/gateway/descr/drcr/sign) status='approved'
[2025-09-24 09:35:04] 🔎 row 747: ✅ accept → dt=2019-10-25 amt=64.64 sign=+1 curr=USD label=Deposit (type/gateway/descr/drcr/sign) status='approved'
[2025-09-24 09:35:04] 🔎 row 748: ✅ accept → dt=2019-10-25 amt=43.09 sign=+1 curr=USD label=Deposit (type/gateway/descr/drcr/sign) status='approved'
[2025-09-24 09:35:04] 🔎 row 749: ✅ accept → dt=2019-10-25 amt=43.10 sign=+1 curr=USD label=Deposit (type/gateway/descr/drcr/sign) status='approved'
[2025-09-24 09:35:04] 🔎 row 750: ✅ accept → dt=2019-10-25 amt=21.55 sign=+1 curr=USD label=Deposit (type/gateway/descr/drcr/sign) status='approved'
[2025-09-24 09:35:04] 🔎 row 751: ✅ accept → dt=2019-10-26 amt=16.16 sign=+1 curr=USD label=Deposit (type/gateway/descr/drcr/sign) status='approved'
[2025-09-24 09:35:04] 🔎 row 752: ✅ accept → dt=2019-10-26 amt=16.16 sign=+1 curr=USD label=Deposit (type/gateway/descr/drcr/sign) status='approved'
[2025-09-24 09:35:04] 🔎 row 753: ✅ accept → dt=2019-10-27 amt=318.00 sign=+1 curr=USD label=Redeem (type/gateway/descr/drcr/sign) status='approved'
[2025-09-24 09:35:04] 🔎 row 754: ✅ accept → dt=2019-10-30 amt=10.81 sign=+1 curr=USD label=Deposit (type/gateway/descr/drcr/sign) status='approved'
[2025-09-24 09:35:04] 🔎 row 755: ✅ accept → dt=2019-11-04 amt=10.83 sign=+1 curr=USD label=Deposit (type/gateway/descr/drcr/sign) status='approved'
[2025-09-24 09:35:04] 🔎 row 756: ✅ accept → dt=2019-11-04 amt=10.82 sign=+1 curr=USD label=Deposit (type/gateway/descr/drcr/sign) status='approved'
[2025-09-24 09:35:04] 🔎 row 757: ✅ accept → dt=2019-11-04 amt=10.82 sign=+1 curr=USD label=Deposit (type/gateway/descr/drcr/sign) status='approved'
[2025-09-24 09:35:04] 🔎 row 758: ✅ accept → dt=2019-11-05 amt=10.76 sign=+1 curr=USD label=Deposit (type/gateway/descr/drcr/sign) status='approved'
[2025-09-24 09:35:04] 🔎 row 759: ✅ accept → dt=2019-11-05 amt=32.31 sign=+1 curr=USD label=Deposit (type/gateway/descr/drcr/sign) status='approved'
[2025-09-24 09:35:04] 🔎 row 760: ✅ accept → dt=2019-11-08 amt=26.79 sign=+1 curr=USD label=Deposit (type/gateway/descr/drcr/sign) status='approved'
[2025-09-24 09:35:04] 🔎 row 761: ✅ accept → dt=2019-11-08 amt=26.79 sign=+1 curr=USD label=Deposit (type/gateway/descr/drcr/sign) status='approved'
[2025-09-24 09:35:04] 🔎 row 762: ✅ accept → dt=2019-11-08 amt=34.29 sign=+1 curr=USD label=Deposit (type/gateway/descr/drcr/sign) status='approved'
[2025-09-24 09:35:04] 🔎 row 763: ✅ accept → dt=2019-11-10 amt=26.78 sign=+1 curr=USD label=Deposit (type/gateway/descr/drcr/sign) status='approved'
[2025-09-24 09:35:04] 🔎 row 764: ✅ accept → dt=2019-11-10 amt=53.57 sign=+1 curr=USD label=Deposit (type/gateway/descr/drcr/sign) status='approved'
[2025-09-24 09:35:04] 🔎 row 765: ✅ accept → dt=2019-11-10 amt=37.49 sign=+1 curr=USD label=Deposit (type/gateway/descr/drcr/sign) status='approved'
[2025-09-24 09:35:04] 🔎 row 766: ✅ accept → dt=2019-11-11 amt=26.83 sign=+1 curr=USD label=Deposit (type/gateway/descr/drcr/sign) status='approved'
[2025-09-24 09:35:04] 🔎 row 767: ✅ accept → dt=2019-11-12 amt=53.52 sign=+1 curr=USD label=Deposit (type/gateway/descr/drcr/sign) status='approved'
[2025-09-24 09:35:04] 🔎 row 768: ⏭️ drop — bad status 'rejected' (type_raw='Deposit')
[2025-09-24 09:35:04] 🔎 row 769: ✅ accept → dt=2019-11-12 amt=16.06 sign=+1 curr=USD label=Deposit (type/gateway/descr/drcr/sign) status='approved'
[2025-09-24 09:35:04] 🔎 row 770: ✅ accept → dt=2019-11-25 amt=26.77 sign=+1 curr=USD label=Deposit (type/gateway/descr/drcr/sign) status='approved'
[2025-09-24 09:35:04] 🔎 row 771: ✅ accept → dt=2019-11-26 amt=42.88 sign=+1 curr=USD label=Deposit (type/gateway/descr/drcr/sign) status='approved'
[2025-09-24 09:35:04] 🔎 row 772: ✅ accept → dt=2019-11-26 amt=22.51 sign=+1 curr=USD label=Deposit (type/gateway/descr/drcr/sign) status='approved'
[2025-09-24 09:35:04] 🔎 row 773: ✅ accept → dt=2019-11-27 amt=26.76 sign=+1 curr=USD label=Deposit (type/gateway/descr/drcr/sign) status='approved'
[2025-09-24 09:35:04] 🔎 row 774: ✅ accept → dt=2019-11-30 amt=42.85 sign=+1 curr=USD label=Deposit (type/gateway/descr/drcr/sign) status='approved'
[2025-09-24 09:35:04] 🔎 row 775: ✅ accept → dt=2019-12-09 amt=10.72 sign=+1 curr=USD label=Deposit (type/gateway/descr/drcr/sign) status='approved'
[2025-09-24 09:35:04] 🔎 row 776: ✅ accept → dt=2019-12-21 amt=21.48 sign=+1 curr=USD label=Deposit (type/gateway/descr/drcr/sign) status='approved'
[2025-09-24 09:35:04] 🔎 row 777: ✅ accept → dt=2020-01-04 amt=21.64 sign=+1 curr=USD label=Deposit (type/gateway/descr/drcr/sign) status='approved'
[2025-09-24 09:35:04] 🔎 row 778: ✅ accept → dt=2020-01-04 amt=10.82 sign=+1 curr=USD label=Deposit (type/gateway/descr/drcr/sign) status='approved'
[2025-09-24 09:35:04] 🔎 row 779: ✅ accept → dt=2020-01-06 amt=10.85 sign=+1 curr=USD label=Deposit (type/gateway/descr/drcr/sign) status='approved'
[2025-09-24 09:35:04] 🔎 row 780: ✅ accept → dt=2020-01-18 amt=53.78 sign=+1 curr=USD label=Deposit (type/gateway/descr/drcr/sign) status='approved'
[2025-09-24 09:35:04] 🔎 row 781: ✅ accept → dt=2020-01-21 amt=32.25 sign=+1 curr=USD label=Deposit (type/gateway/descr/drcr/sign) status='approved'
[2025-09-24 09:35:04] 🔎 row 782: ✅ accept → dt=2020-01-22 amt=37.60 sign=+1 curr=USD label=Deposit (type/gateway/descr/drcr/sign) status='approved'
[2025-09-24 09:35:04] 🔎 row 783: ✅ accept → dt=2020-01-24 amt=42.78 sign=+1 curr=USD label=Deposit (type/gateway/descr/drcr/sign) status='approved'
[2025-09-24 09:35:04] 🔎 row 784: ✅ accept → dt=2020-01-25 amt=42.78 sign=+1 curr=USD label=Deposit (type/gateway/descr/drcr/sign) status='approved'
[2025-09-24 09:35:04] 🔎 row 785: ✅ accept → dt=2020-01-27 amt=53.44 sign=+1 curr=USD label=Deposit (type/gateway/descr/drcr/sign) status='approved'
[2025-09-24 09:35:04] 🔎 row 786: ✅ accept → dt=2020-01-28 amt=37.40 sign=+1 curr=USD label=Deposit (type/gateway/descr/drcr/sign) status='approved'
[2025-09-24 09:35:04] 🔎 row 787: ✅ accept → dt=2020-01-29 amt=37.35 sign=+1 curr=USD label=Deposit (type/gateway/descr/drcr/sign) status='approved'
[2025-09-24 09:35:04] 🔎 row 788: ✅ accept → dt=2020-02-03 amt=10.73 sign=+1 curr=USD label=Deposit (type/gateway/descr/drcr/sign) status='approved'
[2025-09-24 09:35:04] 🔎 row 789: ✅ accept → dt=2020-02-07 amt=10.61 sign=+1 curr=USD label=Deposit (type/gateway/descr/drcr/sign) status='approved'
[2025-09-24 09:35:04] 🔎 row 790: ✅ accept → dt=2020-02-09 amt=10.61 sign=+1 curr=USD label=Deposit (type/gateway/descr/drcr/sign) status='approved'
[2025-09-24 09:35:04] 🔎 row 791: ✅ accept → dt=2020-02-10 amt=21.16 sign=+1 curr=USD label=Deposit (type/gateway/descr/drcr/sign) status='approved'
[2025-09-24 09:35:04] 🔎 row 792: ✅ accept → dt=2020-02-13 amt=36.81 sign=+1 curr=USD label=Deposit (type/gateway/descr/drcr/sign) status='approved'
[2025-09-24 09:35:04] 🔎 row 793: ✅ accept → dt=2020-02-16 amt=26.26 sign=+1 curr=USD label=Deposit (type/gateway/descr/drcr/sign) status='approved'
[2025-09-24 09:35:04] 🔎 row 794: ✅ accept → dt=2020-02-17 amt=26.26 sign=+1 curr=USD label=Deposit (type/gateway/descr/drcr/sign) status='approved'
[2025-09-24 09:35:04] 🔎 row 795: ✅ accept → dt=2020-02-18 amt=26.19 sign=+1 curr=USD label=Deposit (type/gateway/descr/drcr/sign) status='approved'
[2025-09-24 09:35:04] 🔎 row 796: ✅ accept → dt=2020-02-18 amt=10.47 sign=+1 curr=USD label=Deposit (type/gateway/descr/drcr/sign) status='approved'
[2025-09-24 09:35:04] 🔎 row 797: ✅ accept → dt=2020-02-18 amt=31.41 sign=+1 curr=USD label=Deposit (type/gateway/descr/drcr/sign) status='approved'
[2025-09-24 09:35:04] 🔎 row 798: ✅ accept → dt=2020-02-20 amt=20.94 sign=+1 curr=USD label=Deposit (type/gateway/descr/drcr/sign) status='approved'
[2025-09-24 09:35:04] 🔎 row 799: ✅ accept → dt=2020-02-20 amt=10.88 sign=+1 curr=USD label=Deposit (type/gateway/descr/drcr/sign) status='approved'
[2025-09-24 09:35:04] 🔎 row 800: ✅ accept → dt=2020-02-20 amt=10.48 sign=+1 curr=USD label=Deposit (type/gateway/descr/drcr/sign) status='approved'
[2025-09-24 09:35:04] 🔎 row 801: ✅ accept → dt=2020-02-21 amt=10.53 sign=+1 curr=USD label=Deposit (type/gateway/descr/drcr/sign) status='approved'
[2025-09-24 09:35:04] 🔎 row 802: ✅ accept → dt=2020-02-22 amt=52.62 sign=+1 curr=USD label=Deposit (type/gateway/descr/drcr/sign) status='approved'
[2025-09-24 09:35:04] 🔎 row 803: ✅ accept → dt=2020-02-22 amt=10.52 sign=+1 curr=USD label=Deposit (type/gateway/descr/drcr/sign) status='approved'
[2025-09-24 09:35:04] 🔎 row 804: ✅ accept → dt=2020-02-24 amt=21.08 sign=+1 curr=USD label=Deposit (type/gateway/descr/drcr/sign) status='approved'
[2025-09-24 09:35:04] 🔎 row 805: ⏭️ drop — bad status 'rejected' (type_raw='Deposit')
[2025-09-24 09:35:04] 🔎 row 806: ✅ accept → dt=2020-02-27 amt=53.05 sign=+1 curr=USD label=Deposit (type/gateway/descr/drcr/sign) status='approved'
[2025-09-24 09:35:04] 🔎 row 807: ✅ accept → dt=2020-02-27 amt=53.07 sign=+1 curr=USD label=Deposit (type/gateway/descr/drcr/sign) status='approved'
[2025-09-24 09:35:04] 🔎 row 808: ✅ accept → dt=2020-02-27 amt=106.39 sign=+1 curr=USD label=Deposit (type/gateway/descr/drcr/sign) status='approved'
[2025-09-24 09:35:04] 🔎 row 809: ✅ accept → dt=2020-02-27 amt=63.84 sign=+1 curr=USD label=Deposit (type/gateway/descr/drcr/sign) status='approved'
[2025-09-24 09:35:04] 🔎 row 810: ✅ accept → dt=2020-03-01 amt=26.73 sign=+1 curr=USD label=Deposit (type/gateway/descr/drcr/sign) status='approved'
[2025-09-24 09:35:04] 🔎 row 811: ✅ accept → dt=2020-03-01 amt=21.39 sign=+1 curr=USD label=Deposit (type/gateway/descr/drcr/sign) status='approved'
[2025-09-24 09:35:04] 🔎 row 812: ⏭️ drop — bad status 'rejected' (type_raw='Deposit')
[2025-09-24 09:35:04] 🔎 row 813: ✅ accept → dt=2020-03-10 amt=87.85 sign=+1 curr=USD label=Deposit (type/gateway/descr/drcr/sign) status='approved'
[2025-09-24 09:35:04] 🔎 row 814: ✅ accept → dt=2020-03-13 amt=32.23 sign=+1 curr=USD label=Deposit (type/gateway/descr/drcr/sign) status='approved'
[2025-09-24 09:35:04] 🔎 row 815: ✅ accept → dt=2020-03-13 amt=18.24 sign=+1 curr=USD label=Deposit (type/gateway/descr/drcr/sign) status='approved'
[2025-09-24 09:35:04] 🔎 row 816: ✅ accept → dt=2020-03-14 amt=32.36 sign=+1 curr=USD label=Deposit (type/gateway/descr/drcr/sign) status='approved'
[2025-09-24 09:35:04] 🔎 row 817: ✅ accept → dt=2020-03-18 amt=21.34 sign=+1 curr=USD label=Deposit (type/gateway/descr/drcr/sign) status='approved'
[2025-09-24 09:35:04] 🔎 row 818: ✅ accept → dt=2020-03-19 amt=31.30 sign=+1 curr=USD label=Deposit (type/gateway/descr/drcr/sign) status='approved'
[2025-09-24 09:35:04] 🔎 row 819: ✅ accept → dt=2020-03-20 amt=19.75 sign=+1 curr=USD label=Deposit (type/gateway/descr/drcr/sign) status='approved'
[2025-09-24 09:35:04] 🔎 row 820: ✅ accept → dt=2020-03-20 amt=51.74 sign=+1 curr=USD label=Deposit (type/gateway/descr/drcr/sign) status='approved'
[2025-09-24 09:35:04] 🔎 row 821: ⏭️ drop — bad status 'rejected' (type_raw='Deposit')
[2025-09-24 09:35:04] 🔎 row 822: ✅ accept → dt=2020-03-26 amt=78.52 sign=+1 curr=USD label=Deposit (type/gateway/descr/drcr/sign) status='approved'
[2025-09-24 09:35:04] 🔎 row 823: ✅ accept → dt=2020-03-26 amt=64.18 sign=+1 curr=USD label=Deposit (type/gateway/descr/drcr/sign) status='approved'
[2025-09-24 09:35:04] 🔎 row 824: ✅ accept → dt=2020-03-26 amt=56.72 sign=+1 curr=USD label=Deposit (type/gateway/descr/drcr/sign) status='approved'
[2025-09-24 09:35:04] 🔎 row 825: ✅ accept → dt=2020-03-27 amt=32.14 sign=+1 curr=USD label=Deposit (type/gateway/descr/drcr/sign) status='approved'
[2025-09-24 09:35:04] 🔎 row 826: ✅ accept → dt=2020-03-27 amt=108.23 sign=+1 curr=USD label=Deposit (type/gateway/descr/drcr/sign) status='approved'
[2025-09-24 09:35:04] 🔎 row 827: ✅ accept → dt=2020-03-27 amt=81.21 sign=+1 curr=USD label=Deposit (type/gateway/descr/drcr/sign) status='approved'
[2025-09-24 09:35:04] 🔎 row 828: ✅ accept → dt=2020-03-28 amt=45.40 sign=+1 curr=USD label=Deposit (type/gateway/descr/drcr/sign) status='approved'
[2025-09-24 09:35:04] 🔎 row 829: ✅ accept → dt=2020-03-28 amt=21.62 sign=+1 curr=USD label=Deposit (type/gateway/descr/drcr/sign) status='approved'
[2025-09-24 09:35:04] 🔎 row 830: ✅ accept → dt=2020-03-28 amt=17.30 sign=+1 curr=USD label=Deposit (type/gateway/descr/drcr/sign) status='approved'
[2025-09-24 09:35:04] 🔎 row 831: ✅ accept → dt=2020-03-29 amt=16.22 sign=+1 curr=USD label=Deposit (type/gateway/descr/drcr/sign) status='approved'
[2025-09-24 09:35:04] 🔎 row 832: ✅ accept → dt=2020-03-29 amt=27.03 sign=+1 curr=USD label=Deposit (type/gateway/descr/drcr/sign) status='approved'
[2025-09-24 09:35:04] 🔎 row 833: ⏭️ drop — bad status 'rejected' (type_raw='Deposit')
[2025-09-24 09:35:04] 🔎 row 834: ✅ accept → dt=2020-03-30 amt=107.39 sign=+1 curr=USD label=Deposit (type/gateway/descr/drcr/sign) status='approved'
[2025-09-24 09:35:04] 🔎 row 835: ✅ accept → dt=2020-03-31 amt=26.60 sign=+1 curr=USD label=Deposit (type/gateway/descr/drcr/sign) status='approved'
[2025-09-24 09:35:04] 🔎 row 836: ✅ accept → dt=2020-03-31 amt=26.70 sign=+1 curr=USD label=Deposit (type/gateway/descr/drcr/sign) status='approved'
[2025-09-24 09:35:04] 🔎 row 837: ✅ accept → dt=2020-04-02 amt=26.29 sign=+1 curr=USD label=Deposit (type/gateway/descr/drcr/sign) status='approved'
[2025-09-24 09:35:04] 🔎 row 838: ⏭️ drop — bad status 'rejected' (type_raw='Deposit')
[2025-09-24 09:35:04] 🔎 row 839: ✅ accept → dt=2020-04-07 amt=24.32 sign=+1 curr=USD label=Deposit (type/gateway/descr/drcr/sign) status='approved'
[2025-09-24 09:35:04] 🔎 row 840: ✅ accept → dt=2020-04-10 amt=26.51 sign=+1 curr=USD label=Deposit (type/gateway/descr/drcr/sign) status='approved'
[2025-09-24 09:35:04] 🔎 row 841: ✅ accept → dt=2020-04-11 amt=14.32 sign=+1 curr=USD label=Deposit (type/gateway/descr/drcr/sign) status='approved'
[2025-09-24 09:35:04] 🔎 row 842: ✅ accept → dt=2020-04-18 amt=26.37 sign=+1 curr=USD label=Deposit (type/gateway/descr/drcr/sign) status='approved'
[2025-09-24 09:35:04] 🔎 row 843: ✅ accept → dt=2020-04-19 amt=52.74 sign=+1 curr=USD label=Deposit (type/gateway/descr/drcr/sign) status='approved'
[2025-09-24 09:35:04] 🔎 row 844: ✅ accept → dt=2020-04-19 amt=31.64 sign=+1 curr=USD label=Deposit (type/gateway/descr/drcr/sign) status='approved'
[2025-09-24 09:35:04] 🔎 row 845: ⏭️ drop — bad status 'rejected' (type_raw='Deposit')
[2025-09-24 09:35:04] 🔎 row 846: ✅ accept → dt=2020-04-20 amt=42.19 sign=+1 curr=USD label=Deposit (type/gateway/descr/drcr/sign) status='approved'
[2025-09-24 09:35:04] 🔎 row 847: ✅ accept → dt=2020-04-20 amt=31.60 sign=+1 curr=USD label=Deposit (type/gateway/descr/drcr/sign) status='approved'
[2025-09-24 09:35:04] 🔎 row 848: ✅ accept → dt=2020-04-20 amt=22.12 sign=+1 curr=USD label=Deposit (type/gateway/descr/drcr/sign) status='approved'
[2025-09-24 09:35:04] 🔎 row 849: ✅ accept → dt=2020-04-21 amt=26.33 sign=+1 curr=USD label=Deposit (type/gateway/descr/drcr/sign) status='approved'
[2025-09-24 09:35:04] 🔎 row 850: ✅ accept → dt=2020-04-24 amt=52.34 sign=+1 curr=USD label=Deposit (type/gateway/descr/drcr/sign) status='approved'
[2025-09-24 09:35:04] 🔎 row 851: ✅ accept → dt=2020-04-25 amt=31.50 sign=+1 curr=USD label=Deposit (type/gateway/descr/drcr/sign) status='approved'
[2025-09-24 09:35:04] 🔎 row 852: ✅ accept → dt=2020-04-25 amt=131.24 sign=+1 curr=USD label=Deposit (type/gateway/descr/drcr/sign) status='approved'
[2025-09-24 09:35:04] 🔎 row 853: ✅ accept → dt=2020-04-26 amt=15.74 sign=+1 curr=USD label=Deposit (type/gateway/descr/drcr/sign) status='approved'
[2025-09-24 09:35:04] 🔎 row 854: ✅ accept → dt=2020-04-26 amt=52.49 sign=+1 curr=USD label=Deposit (type/gateway/descr/drcr/sign) status='approved'
[2025-09-24 09:35:04] 🔎 row 855: ✅ accept → dt=2020-04-26 amt=94.47 sign=+1 curr=USD label=Deposit (type/gateway/descr/drcr/sign) status='approved'
[2025-09-24 09:35:04] 🔎 row 856: ✅ accept → dt=2020-04-26 amt=52.44 sign=+1 curr=USD label=Deposit (type/gateway/descr/drcr/sign) status='approved'
[2025-09-24 09:35:04] 🔎 row 857: ✅ accept → dt=2020-04-26 amt=62.95 sign=+1 curr=USD label=Deposit (type/gateway/descr/drcr/sign) status='approved'
[2025-09-24 09:35:04] 🔎 row 858: ✅ accept → dt=2020-04-27 amt=115.50 sign=+1 curr=USD label=Deposit (type/gateway/descr/drcr/sign) status='approved'
[2025-09-24 09:35:04] 🔎 row 859: ✅ accept → dt=2020-04-28 amt=85.22 sign=+1 curr=USD label=Deposit (type/gateway/descr/drcr/sign) status='approved'
[2025-09-24 09:35:04] 🔎 row 860: ✅ accept → dt=2020-04-28 amt=31.51 sign=+1 curr=USD label=Deposit (type/gateway/descr/drcr/sign) status='approved'
[2025-09-24 09:35:04] 🔎 row 861: ✅ accept → dt=2020-04-29 amt=42.12 sign=+1 curr=USD label=Deposit (type/gateway/descr/drcr/sign) status='approved'
[2025-09-24 09:35:04] 🔎 row 862: ✅ accept → dt=2020-04-29 amt=23.21 sign=+1 curr=USD label=Deposit (type/gateway/descr/drcr/sign) status='approved'
[2025-09-24 09:35:04] 🔎 row 863: ✅ accept → dt=2020-04-29 amt=21.10 sign=+1 curr=USD label=Deposit (type/gateway/descr/drcr/sign) status='approved'
[2025-09-24 09:35:04] 🔎 row 864: ✅ accept → dt=2020-04-30 amt=36.91 sign=+1 curr=USD label=Deposit (type/gateway/descr/drcr/sign) status='approved'
[2025-09-24 09:35:04] 🔎 row 865: ✅ accept → dt=2020-04-30 amt=15.92 sign=+1 curr=USD label=Deposit (type/gateway/descr/drcr/sign) status='approved'
[2025-09-24 09:35:04] 🔎 row 866: ✅ accept → dt=2020-04-30 amt=15.90 sign=+1 curr=USD label=Deposit (type/gateway/descr/drcr/sign) status='approved'
[2025-09-24 09:35:04] 🔎 row 867: ⏭️ drop — bad status 'rejected' (type_raw='Deposit')
[2025-09-24 09:35:04] 🔎 row 868: ✅ accept → dt=2020-05-01 amt=16.22 sign=+1 curr=USD label=Deposit (type/gateway/descr/drcr/sign) status='approved'
[2025-09-24 09:35:04] 🔎 row 869: ✅ accept → dt=2020-05-01 amt=12.77 sign=+1 curr=USD label=Deposit (type/gateway/descr/drcr/sign) status='approved'
[2025-09-24 09:35:04] 🔎 row 870: ⏭️ drop — bad status 'rejected' (type_raw='Deposit')
[2025-09-24 09:35:04] 🔎 row 871: ✅ accept → dt=2020-05-02 amt=10.69 sign=+1 curr=USD label=Deposit (type/gateway/descr/drcr/sign) status='approved'
[2025-09-24 09:35:04] 🔎 row 872: ✅ accept → dt=2020-05-03 amt=26.68 sign=+1 curr=USD label=Deposit (type/gateway/descr/drcr/sign) status='approved'
[2025-09-24 09:35:04] 🔎 row 873: ✅ accept → dt=2020-05-03 amt=26.63 sign=+1 curr=USD label=Deposit (type/gateway/descr/drcr/sign) status='approved'
[2025-09-24 09:35:04] 🔎 row 874: ✅ accept → dt=2020-05-03 amt=53.22 sign=+1 curr=USD label=Deposit (type/gateway/descr/drcr/sign) status='approved'
[2025-09-24 09:35:04] 🔎 row 875: ⏭️ drop — bad status 'rejected' (type_raw='Deposit')
[2025-09-24 09:35:04] 🔎 row 876: ✅ accept → dt=2020-05-05 amt=63.07 sign=+1 curr=USD label=Deposit (type/gateway/descr/drcr/sign) status='approved'
[2025-09-24 09:35:04] 🔎 row 877: ✅ accept → dt=2020-05-06 amt=125.97 sign=+1 curr=USD label=Deposit (type/gateway/descr/drcr/sign) status='approved'
[2025-09-24 09:35:04] 🔎 row 878: ⏭️ drop — bad status 'cancelled' (type_raw='Redeem')
[2025-09-24 09:35:04] 🔎 row 879: ✅ accept → dt=2020-05-08 amt=800.00 sign=+1 curr=USD label=Redeem (type/gateway/descr/drcr/sign) status='approved'
[2025-09-24 09:35:04] 🔎 row 880: ✅ accept → dt=2020-05-09 amt=63.81 sign=+1 curr=USD label=Deposit (type/gateway/descr/drcr/sign) status='approved'
[2025-09-24 09:35:04] 🔎 row 881: ✅ accept → dt=2020-05-09 amt=31.90 sign=+1 curr=USD label=Deposit (type/gateway/descr/drcr/sign) status='approved'
[2025-09-24 09:35:04] 🔎 row 882: ✅ accept → dt=2020-05-09 amt=63.80 sign=+1 curr=USD label=Deposit (type/gateway/descr/drcr/sign) status='approved'
[2025-09-24 09:35:04] 🔎 row 883: ✅ accept → dt=2020-05-09 amt=160.97 sign=+1 curr=USD label=Deposit (type/gateway/descr/drcr/sign) status='approved'
[2025-09-24 09:35:04] 🔎 row 884: ✅ accept → dt=2020-05-09 amt=136.70 sign=+1 curr=USD label=Deposit (type/gateway/descr/drcr/sign) status='approved'
[2025-09-24 09:35:04] 🔎 row 885: ✅ accept → dt=2020-05-09 amt=105.45 sign=+1 curr=USD label=Deposit (type/gateway/descr/drcr/sign) status='approved'
[2025-09-24 09:35:04] 🔎 row 886: ✅ accept → dt=2020-05-09 amt=126.55 sign=+1 curr=USD label=Deposit (type/gateway/descr/drcr/sign) status='approved'
[2025-09-24 09:35:04] 🔎 row 887: ✅ accept → dt=2020-05-09 amt=63.27 sign=+1 curr=USD label=Deposit (type/gateway/descr/drcr/sign) status='approved'
[2025-09-24 09:35:04] 🔎 row 888: ✅ accept → dt=2020-05-10 amt=63.53 sign=+1 curr=USD label=Deposit (type/gateway/descr/drcr/sign) status='approved'
[2025-09-24 09:35:04] 🔎 row 889: ✅ accept → dt=2020-05-10 amt=31.79 sign=+1 curr=USD label=Deposit (type/gateway/descr/drcr/sign) status='approved'
[2025-09-24 09:35:04] 🔎 row 890: ✅ accept → dt=2020-05-11 amt=63.07 sign=+1 curr=USD label=Deposit (type/gateway/descr/drcr/sign) status='approved'
[2025-09-24 09:35:04] 🔎 row 891: ✅ accept → dt=2020-05-12 amt=31.47 sign=+1 curr=USD label=Deposit (type/gateway/descr/drcr/sign) status='approved'
[2025-09-24 09:35:04] 🔎 row 892: ✅ accept → dt=2020-05-12 amt=62.98 sign=+1 curr=USD label=Deposit (type/gateway/descr/drcr/sign) status='approved'
[2025-09-24 09:35:04] 🔎 row 893: ✅ accept → dt=2020-05-12 amt=63.20 sign=+1 curr=USD label=Deposit (type/gateway/descr/drcr/sign) status='approved'
[2025-09-24 09:35:04] 🔎 row 894: ✅ accept → dt=2020-05-12 amt=70.53 sign=+1 curr=USD label=Deposit (type/gateway/descr/drcr/sign) status='approved'
[2025-09-24 09:35:04] 🔎 row 895: ✅ accept → dt=2020-05-12 amt=63.14 sign=+1 curr=USD label=Deposit (type/gateway/descr/drcr/sign) status='approved'
[2025-09-24 09:35:04] 🔎 row 896: ✅ accept → dt=2020-05-12 amt=45.26 sign=+1 curr=USD label=Deposit (type/gateway/descr/drcr/sign) status='approved'
[2025-09-24 09:35:04] 🔎 row 897: ✅ accept → dt=2020-05-12 amt=63.16 sign=+1 curr=USD label=Deposit (type/gateway/descr/drcr/sign) status='approved'
[2025-09-24 09:35:04] 🔎 row 898: ✅ accept → dt=2020-05-12 amt=46.30 sign=+1 curr=USD label=Deposit (type/gateway/descr/drcr/sign) status='approved'
[2025-09-24 09:35:04] 🔎 row 899: ✅ accept → dt=2020-05-13 amt=21.00 sign=+1 curr=USD label=Deposit (type/gateway/descr/drcr/sign) status='approved'
[2025-09-24 09:35:04] 🔎 row 900: ✅ accept → dt=2020-05-13 amt=10.49 sign=+1 curr=USD label=Deposit (type/gateway/descr/drcr/sign) status='approved'
[2025-09-24 09:35:04] 🔎 row 901: ✅ accept → dt=2020-05-15 amt=15.73 sign=+1 curr=USD label=Deposit (type/gateway/descr/drcr/sign) status='approved'
[2025-09-24 09:35:04] 🔎 row 902: ✅ accept → dt=2020-05-18 amt=23.18 sign=+1 curr=USD label=Deposit (type/gateway/descr/drcr/sign) status='approved'
[2025-09-24 09:35:04] 🔎 row 903: ✅ accept → dt=2020-05-18 amt=37.08 sign=+1 curr=USD label=Deposit (type/gateway/descr/drcr/sign) status='approved'
[2025-09-24 09:35:04] 🔎 row 904: ✅ accept → dt=2020-05-18 amt=28.58 sign=+1 curr=USD label=Deposit (type/gateway/descr/drcr/sign) status='approved'
[2025-09-24 09:35:04] 🔎 row 905: ✅ accept → dt=2020-05-19 amt=21.61 sign=+1 curr=USD label=Deposit (type/gateway/descr/drcr/sign) status='approved'
[2025-09-24 09:35:04] 🔎 row 906: ✅ accept → dt=2020-05-20 amt=16.40 sign=+1 curr=USD label=Deposit (type/gateway/descr/drcr/sign) status='approved'
[2025-09-24 09:35:04] 🔎 row 907: ✅ accept → dt=2020-05-25 amt=147.97 sign=+1 curr=USD label=Deposit (type/gateway/descr/drcr/sign) status='approved'
[2025-09-24 09:35:04] 🔎 row 908: ✅ accept → dt=2020-05-25 amt=126.82 sign=+1 curr=USD label=Deposit (type/gateway/descr/drcr/sign) status='approved'
[2025-09-24 09:35:04] 🔎 row 909: ✅ accept → dt=2020-05-25 amt=126.80 sign=+1 curr=USD label=Deposit (type/gateway/descr/drcr/sign) status='approved'
[2025-09-24 09:35:04] 🔎 row 910: ✅ accept → dt=2020-05-25 amt=63.41 sign=+1 curr=USD label=Deposit (type/gateway/descr/drcr/sign) status='approved'
[2025-09-24 09:35:04] 🔎 row 911: ✅ accept → dt=2020-05-25 amt=63.42 sign=+1 curr=USD label=Deposit (type/gateway/descr/drcr/sign) status='approved'
[2025-09-24 09:35:04] 🔎 row 912: ✅ accept → dt=2020-05-25 amt=80.34 sign=+1 curr=USD label=Deposit (type/gateway/descr/drcr/sign) status='approved'
[2025-09-24 09:35:04] 🔎 row 913: ✅ accept → dt=2020-05-26 amt=47.88 sign=+1 curr=USD label=Deposit (type/gateway/descr/drcr/sign) status='approved'
[2025-09-24 09:35:04] 🔎 row 914: ✅ accept → dt=2020-05-26 amt=26.62 sign=+1 curr=USD label=Deposit (type/gateway/descr/drcr/sign) status='approved'
[2025-09-24 09:35:04] 🔎 row 915: ✅ accept → dt=2020-05-26 amt=26.61 sign=+1 curr=USD label=Deposit (type/gateway/descr/drcr/sign) status='approved'
[2025-09-24 09:35:04] 🔎 row 916: ⏭️ drop — bad status 'rejected' (type_raw='Deposit')
[2025-09-24 09:35:04] 🔎 row 917: ✅ accept → dt=2020-05-26 amt=69.22 sign=+1 curr=USD label=Deposit (type/gateway/descr/drcr/sign) status='approved'
[2025-09-24 09:35:04] 🔎 row 918: ✅ accept → dt=2020-05-28 amt=10.74 sign=+1 curr=USD label=Deposit (type/gateway/descr/drcr/sign) status='approved'
[2025-09-24 09:35:05] 🔎 row 919: ✅ accept → dt=2020-05-29 amt=11.00 sign=+1 curr=USD label=Deposit (type/gateway/descr/drcr/sign) status='approved'
[2025-09-24 09:35:05] 🔎 row 920: ✅ accept → dt=2020-05-29 amt=24.21 sign=+1 curr=USD label=Deposit (type/gateway/descr/drcr/sign) status='approved'
[2025-09-24 09:35:05] 🔎 row 921: ✅ accept → dt=2020-05-29 amt=17.23 sign=+1 curr=USD label=Deposit (type/gateway/descr/drcr/sign) status='approved'
[2025-09-24 09:35:05] 🔎 row 922: ✅ accept → dt=2020-05-30 amt=21.61 sign=+1 curr=USD label=Deposit (type/gateway/descr/drcr/sign) status='approved'
[2025-09-24 09:35:05] 🔎 row 923: ✅ accept → dt=2020-05-30 amt=10.77 sign=+1 curr=USD label=Deposit (type/gateway/descr/drcr/sign) status='approved'
[2025-09-24 09:35:05] 🔎 row 924: ✅ accept → dt=2020-05-30 amt=21.54 sign=+1 curr=USD label=Deposit (type/gateway/descr/drcr/sign) status='approved'
[2025-09-24 09:35:05] 🔎 row 925: ✅ accept → dt=2020-05-30 amt=26.92 sign=+1 curr=USD label=Deposit (type/gateway/descr/drcr/sign) status='approved'
[2025-09-24 09:35:05] 🔎 row 926: ✅ accept → dt=2020-05-30 amt=26.93 sign=+1 curr=USD label=Deposit (type/gateway/descr/drcr/sign) status='approved'
[2025-09-24 09:35:05] 🔎 row 927: ✅ accept → dt=2020-05-30 amt=32.32 sign=+1 curr=USD label=Deposit (type/gateway/descr/drcr/sign) status='approved'
[2025-09-24 09:35:05] 🔎 row 928: ✅ accept → dt=2020-05-31 amt=21.54 sign=+1 curr=USD label=Deposit (type/gateway/descr/drcr/sign) status='approved'
[2025-09-24 09:35:05] 🔎 row 929: ✅ accept → dt=2020-06-02 amt=32.53 sign=+1 curr=USD label=Deposit (type/gateway/descr/drcr/sign) status='approved'
[2025-09-24 09:35:05] 🔎 row 930: ✅ accept → dt=2020-06-02 amt=13.00 sign=+1 curr=USD label=Deposit (type/gateway/descr/drcr/sign) status='approved'
[2025-09-24 09:35:05] 🔎 row 931: ✅ accept → dt=2020-06-07 amt=10.95 sign=+1 curr=USD label=Deposit (type/gateway/descr/drcr/sign) status='approved'
[2025-09-24 09:35:05] 🔎 row 932: ⏭️ drop — bad status 'rejected' (type_raw='Deposit')
[2025-09-24 09:35:05] 🔎 row 933: ✅ accept → dt=2020-06-28 amt=203.50 sign=+1 curr=USD label=Deposit (type/gateway/descr/drcr/sign) status='approved'
[2025-09-24 09:35:05] 🔎 row 934: ✅ accept → dt=2020-06-28 amt=100.12 sign=+1 curr=USD label=Deposit (type/gateway/descr/drcr/sign) status='approved'
[2025-09-24 09:35:05] 🔎 row 935: ✅ accept → dt=2020-06-29 amt=30.16 sign=+1 curr=USD label=Deposit (type/gateway/descr/drcr/sign) status='approved'
[2025-09-24 09:35:05] 🔎 row 936: ✅ accept → dt=2020-07-01 amt=16.38 sign=+1 curr=USD label=Deposit (type/gateway/descr/drcr/sign) status='approved'
[2025-09-24 09:35:05] 🔎 row 937: ✅ accept → dt=2020-07-05 amt=76.35 sign=+1 curr=USD label=Deposit (type/gateway/descr/drcr/sign) status='approved'
[2025-09-24 09:35:05] 🔎 row 938: ✅ accept → dt=2020-07-07 amt=27.39 sign=+1 curr=USD label=Deposit (type/gateway/descr/drcr/sign) status='approved'
[2025-09-24 09:35:05] 🔎 row 939: ✅ accept → dt=2020-07-13 amt=16.53 sign=+1 curr=USD label=Deposit (type/gateway/descr/drcr/sign) status='approved'
[2025-09-24 09:35:05] 🔎 row 940: ✅ accept → dt=2020-07-13 amt=61.19 sign=+1 curr=USD label=Deposit (type/gateway/descr/drcr/sign) status='approved'
[2025-09-24 09:35:05] 🔎 row 941: ✅ accept → dt=2020-07-14 amt=22.03 sign=+1 curr=USD label=Deposit (type/gateway/descr/drcr/sign) status='approved'
[2025-09-24 09:35:05] 🔎 row 942: ✅ accept → dt=2020-07-20 amt=55.48 sign=+1 curr=USD label=Deposit (type/gateway/descr/drcr/sign) status='approved'
[2025-09-24 09:35:05] 🔎 row 943: ✅ accept → dt=2020-07-20 amt=21.07 sign=+1 curr=USD label=Deposit (type/gateway/descr/drcr/sign) status='approved'
[2025-09-24 09:35:05] 🔎 row 944: ✅ accept → dt=2020-07-27 amt=11.42 sign=+1 curr=USD label=Deposit (type/gateway/descr/drcr/sign) status='approved'
[2025-09-24 09:35:05] 🔎 row 945: ✅ accept → dt=2020-07-27 amt=34.26 sign=+1 curr=USD label=Deposit (type/gateway/descr/drcr/sign) status='approved'
[2025-09-24 09:35:05] 🔎 row 946: ✅ accept → dt=2020-07-27 amt=68.35 sign=+1 curr=USD label=Deposit (type/gateway/descr/drcr/sign) status='approved'
[2025-09-24 09:35:05] 🔎 row 947: ✅ accept → dt=2020-07-27 amt=28.48 sign=+1 curr=USD label=Deposit (type/gateway/descr/drcr/sign) status='approved'
[2025-09-24 09:35:05] 🔎 row 948: ✅ accept → dt=2020-08-04 amt=68.50 sign=+1 curr=USD label=Deposit (type/gateway/descr/drcr/sign) status='approved'
[2025-09-24 09:35:05] 🔎 row 949: ✅ accept → dt=2020-08-05 amt=69.04 sign=+1 curr=USD label=Deposit (type/gateway/descr/drcr/sign) status='approved'
[2025-09-24 09:35:05] 🔎 row 950: ✅ accept → dt=2020-09-06 amt=28.70 sign=+1 curr=USD label=Deposit (type/gateway/descr/drcr/sign) status='approved'
[2025-09-24 09:35:05] 🔎 row 951: ✅ accept → dt=2020-09-11 amt=68.86 sign=+1 curr=USD label=Deposit (type/gateway/descr/drcr/sign) status='approved'
[2025-09-24 09:35:05] 🔎 row 952: ✅ accept → dt=2020-09-11 amt=26.42 sign=+1 curr=USD label=Deposit (type/gateway/descr/drcr/sign) status='approved'
[2025-09-24 09:35:05] 🔎 row 953: ✅ accept → dt=2020-09-16 amt=13.23 sign=+1 curr=USD label=Deposit (type/gateway/descr/drcr/sign) status='approved'
[2025-09-24 09:35:05] 🔎 row 954: ✅ accept → dt=2020-09-16 amt=11.62 sign=+1 curr=USD label=Deposit (type/gateway/descr/drcr/sign) status='approved'
[2025-09-24 09:35:05] 🔎 row 955: ✅ accept → dt=2020-10-14 amt=34.19 sign=+1 curr=USD label=Deposit (type/gateway/descr/drcr/sign) status='approved'
[2025-09-24 09:35:05] 🔎 row 956: ✅ accept → dt=2020-10-17 amt=15.91 sign=+1 curr=USD label=Deposit (type/gateway/descr/drcr/sign) status='approved'
[2025-09-24 09:35:05] 🔎 row 957: ✅ accept → dt=2020-10-17 amt=28.42 sign=+1 curr=USD label=Deposit (type/gateway/descr/drcr/sign) status='approved'
[2025-09-24 09:35:05] 🔎 row 958: ✅ accept → dt=2020-10-26 amt=34.39 sign=+1 curr=USD label=Deposit (type/gateway/descr/drcr/sign) status='approved'
[2025-09-24 09:35:05] 🔎 row 959: ✅ accept → dt=2020-10-27 amt=34.28 sign=+1 curr=USD label=Deposit (type/gateway/descr/drcr/sign) status='approved'
[2025-09-24 09:35:05] 🔎 row 960: ✅ accept → dt=2020-10-27 amt=34.27 sign=+1 curr=USD label=Deposit (type/gateway/descr/drcr/sign) status='approved'
[2025-09-24 09:35:05] 🔎 row 961: ✅ accept → dt=2020-10-27 amt=14.85 sign=+1 curr=USD label=Deposit (type/gateway/descr/drcr/sign) status='approved'
[2025-09-24 09:35:05] 🔎 row 962: ✅ accept → dt=2020-11-01 amt=28.29 sign=+1 curr=USD label=Deposit (type/gateway/descr/drcr/sign) status='approved'
[2025-09-24 09:35:05] 🔎 row 963: ✅ accept → dt=2020-11-12 amt=57.22 sign=+1 curr=USD label=Deposit (type/gateway/descr/drcr/sign) status='approved'
[2025-09-24 09:35:05] 🔎 row 964: ✅ accept → dt=2020-11-13 amt=57.37 sign=+1 curr=USD label=Deposit (type/gateway/descr/drcr/sign) status='approved'
[2025-09-24 09:35:05] 🔎 row 965: ✅ accept → dt=2020-11-13 amt=22.95 sign=+1 curr=USD label=Deposit (type/gateway/descr/drcr/sign) status='approved'
[2025-09-24 09:35:05] 🔎 row 966: ✅ accept → dt=2020-11-13 amt=40.17 sign=+1 curr=USD label=Deposit (type/gateway/descr/drcr/sign) status='approved'
[2025-09-24 09:35:05] 🔎 row 967: ✅ accept → dt=2020-11-13 amt=34.43 sign=+1 curr=USD label=Deposit (type/gateway/descr/drcr/sign) status='approved'
[2025-09-24 09:35:05] 🔎 row 968: ✅ accept → dt=2020-11-14 amt=11.47 sign=+1 curr=USD label=Deposit (type/gateway/descr/drcr/sign) status='approved'
[2025-09-24 09:35:05] 🔎 row 969: ✅ accept → dt=2020-11-14 amt=11.47 sign=+1 curr=USD label=Deposit (type/gateway/descr/drcr/sign) status='approved'
[2025-09-24 09:35:05] 🔎 row 970: ✅ accept → dt=2020-11-15 amt=57.40 sign=+1 curr=USD label=Deposit (type/gateway/descr/drcr/sign) status='approved'
[2025-09-24 09:35:05] 🔎 row 971: ✅ accept → dt=2020-11-15 amt=11.48 sign=+1 curr=USD label=Deposit (type/gateway/descr/drcr/sign) status='approved'
[2025-09-24 09:35:05] 🔎 row 972: ✅ accept → dt=2020-11-20 amt=15.53 sign=+1 curr=USD label=Deposit (type/gateway/descr/drcr/sign) status='approved'
[2025-09-24 09:35:05] 🔎 row 973: ⏭️ drop — bad status 'rejected' (type_raw='Deposit')
[2025-09-24 09:35:05] 🔎 row 974: ⏭️ drop — bad status 'rejected' (type_raw='Deposit')
[2025-09-24 09:35:05] 🔎 row 975: ✅ accept → dt=2020-11-22 amt=57.50 sign=+1 curr=USD label=Deposit (type/gateway/descr/drcr/sign) status='approved'
[2025-09-24 09:35:05] 🔎 row 976: ✅ accept → dt=2020-11-22 amt=57.50 sign=+1 curr=USD label=Deposit (type/gateway/descr/drcr/sign) status='approved'
[2025-09-24 09:35:05] 🔎 row 977: ✅ accept → dt=2020-11-23 amt=28.84 sign=+1 curr=USD label=Deposit (type/gateway/descr/drcr/sign) status='approved'
[2025-09-24 09:35:05] 🔎 row 978: ✅ accept → dt=2020-11-25 amt=42.00 sign=+1 curr=USD label=Redeem (type/gateway/descr/drcr/sign) status='approved'
[2025-09-24 09:35:05] 🔎 row 979: ✅ accept → dt=2020-11-25 amt=112.03 sign=+1 curr=USD label=Deposit (type/gateway/descr/drcr/sign) status='approved'
[2025-09-24 09:35:05] 🔎 row 980: ✅ accept → dt=2020-11-25 amt=11.53 sign=+1 curr=USD label=Deposit (type/gateway/descr/drcr/sign) status='approved'
[2025-09-24 09:35:05] 🔎 row 981: ✅ accept → dt=2020-11-25 amt=28.81 sign=+1 curr=USD label=Deposit (type/gateway/descr/drcr/sign) status='approved'
[2025-09-24 09:35:05] 🔎 row 982: ✅ accept → dt=2020-11-29 amt=23.20 sign=+1 curr=USD label=Deposit (type/gateway/descr/drcr/sign) status='approved'
[2025-09-24 09:35:05] 🔎 row 983: ✅ accept → dt=2020-11-30 amt=23.27 sign=+1 curr=USD label=Deposit (type/gateway/descr/drcr/sign) status='approved'
[2025-09-24 09:35:05] 🔎 row 984: ✅ accept → dt=2020-11-30 amt=11.59 sign=+1 curr=USD label=Deposit (type/gateway/descr/drcr/sign) status='approved'
[2025-09-24 09:35:05] 🔎 row 985: ✅ accept → dt=2020-11-30 amt=46.38 sign=+1 curr=USD label=Deposit (type/gateway/descr/drcr/sign) status='approved'
[2025-09-24 09:35:05] 🔎 row 986: ✅ accept → dt=2020-11-30 amt=40.48 sign=+1 curr=USD label=Deposit (type/gateway/descr/drcr/sign) status='approved'
[2025-09-24 09:35:05] 🔎 row 987: ✅ accept → dt=2020-12-06 amt=117.58 sign=+1 curr=USD label=Deposit (type/gateway/descr/drcr/sign) status='approved'
[2025-09-24 09:35:05] 🔎 row 988: ✅ accept → dt=2020-12-19 amt=23.05 sign=+1 curr=USD label=Deposit (type/gateway/descr/drcr/sign) status='approved'
[2025-09-24 09:35:05] 🔎 row 989: ✅ accept → dt=2020-12-19 amt=29.70 sign=+1 curr=USD label=Deposit (type/gateway/descr/drcr/sign) status='approved'
[2025-09-24 09:35:05] 🔎 row 990: ⏭️ drop — bad status 'rejected' (type_raw='Deposit')
[2025-09-24 09:35:05] 🔎 row 991: ✅ accept → dt=2020-12-22 amt=58.96 sign=+1 curr=USD label=Deposit (type/gateway/descr/drcr/sign) status='approved'
[2025-09-24 09:35:05] 🔎 row 992: ✅ accept → dt=2020-12-22 amt=11.79 sign=+1 curr=USD label=Deposit (type/gateway/descr/drcr/sign) status='approved'
[2025-09-24 09:35:05] 🔎 row 993: ⏭️ drop — bad status 'rejected' (type_raw='Deposit')
[2025-09-24 09:35:05] 🔎 row 994: ✅ accept → dt=2020-12-24 amt=147.73 sign=+1 curr=USD label=Deposit (type/gateway/descr/drcr/sign) status='approved'
[2025-09-24 09:35:05] 🔎 row 995: ✅ accept → dt=2020-12-24 amt=94.54 sign=+1 curr=USD label=Deposit (type/gateway/descr/drcr/sign) status='approved'
[2025-09-24 09:35:05] 🔎 row 996: ✅ accept → dt=2020-12-25 amt=51.14 sign=+1 curr=USD label=Deposit (type/gateway/descr/drcr/sign) status='approved'
[2025-09-24 09:35:05] 🔎 row 997: ⏭️ drop — bad status 'cancelled' (type_raw='Redeem')
[2025-09-24 09:35:05] 🔎 row 998: ✅ accept → dt=2020-12-25 amt=29.52 sign=+1 curr=USD label=Deposit (type/gateway/descr/drcr/sign) status='approved'
[2025-09-24 09:35:05] 🔎 row 999: ✅ accept → dt=2020-12-26 amt=11.81 sign=+1 curr=USD label=Deposit (type/gateway/descr/drcr/sign) status='approved'
[2025-09-24 09:35:05] 🔎 row 1000: ✅ accept → dt=2020-12-26 amt=47.31 sign=+1 curr=USD label=Deposit (type/gateway/descr/drcr/sign) status='approved'
[2025-09-24 09:35:05] 🔎 row 1001: ✅ accept → dt=2020-12-31 amt=18.64 sign=+1 curr=USD label=Deposit (type/gateway/descr/drcr/sign) status='approved'
[2025-09-24 09:35:05] 🔎 row 1002: ✅ accept → dt=2021-01-26 amt=35.28 sign=+1 curr=USD label=Deposit (type/gateway/descr/drcr/sign) status='approved'
[2025-09-24 09:35:05] 🔎 row 1003: ✅ accept → dt=2021-01-26 amt=35.39 sign=+1 curr=USD label=Deposit (type/gateway/descr/drcr/sign) status='approved'
[2025-09-24 09:35:05] 🔎 row 1004: ✅ accept → dt=2021-02-05 amt=16.27 sign=+1 curr=USD label=Deposit (type/gateway/descr/drcr/sign) status='approved'
[2025-09-24 09:35:05] 🔎 row 1005: ✅ accept → dt=2021-02-23 amt=29.47 sign=+1 curr=USD label=Deposit (type/gateway/descr/drcr/sign) status='approved'
[2025-09-24 09:35:05] 🔎 row 1006: ✅ accept → dt=2021-02-23 amt=29.47 sign=+1 curr=USD label=Deposit (type/gateway/descr/drcr/sign) status='approved'
[2025-09-24 09:35:05] 🔎 row 1007: ✅ accept → dt=2021-02-23 amt=29.47 sign=+1 curr=USD label=Deposit (type/gateway/descr/drcr/sign) status='approved'
[2025-09-24 09:35:05] 🔎 row 1008: ✅ accept → dt=2021-03-16 amt=21.93 sign=+1 curr=USD label=Deposit (type/gateway/descr/drcr/sign) status='approved'
[2025-09-24 09:35:05] 🔎 row 1009: ✅ accept → dt=2021-03-21 amt=11.57 sign=+1 curr=USD label=Deposit (type/gateway/descr/drcr/sign) status='approved'
[2025-09-24 09:35:05] 🔎 row 1010: ✅ accept → dt=2021-03-22 amt=57.88 sign=+1 curr=USD label=Deposit (type/gateway/descr/drcr/sign) status='approved'
[2025-09-24 09:35:05] 🔎 row 1011: ✅ accept → dt=2021-03-22 amt=57.87 sign=+1 curr=USD label=Deposit (type/gateway/descr/drcr/sign) status='approved'
[2025-09-24 09:35:05] 🔎 row 1012: ✅ accept → dt=2021-03-22 amt=57.87 sign=+1 curr=USD label=Deposit (type/gateway/descr/drcr/sign) status='approved'
[2025-09-24 09:35:05] 🔎 row 1013: ✅ accept → dt=2021-03-22 amt=57.87 sign=+1 curr=USD label=Deposit (type/gateway/descr/drcr/sign) status='approved'
[2025-09-24 09:35:05] 🔎 row 1014: ✅ accept → dt=2021-03-22 amt=11.57 sign=+1 curr=USD label=Deposit (type/gateway/descr/drcr/sign) status='approved'
[2025-09-24 09:35:05] 🔎 row 1015: ✅ accept → dt=2021-03-22 amt=28.94 sign=+1 curr=USD label=Deposit (type/gateway/descr/drcr/sign) status='approved'
[2025-09-24 09:35:05] 🔎 row 1016: ✅ accept → dt=2021-03-26 amt=57.16 sign=+1 curr=USD label=Deposit (type/gateway/descr/drcr/sign) status='approved'
[2025-09-24 09:35:05] 🔎 row 1017: ✅ accept → dt=2021-03-26 amt=34.30 sign=+1 curr=USD label=Deposit (type/gateway/descr/drcr/sign) status='approved'
[2025-09-24 09:35:05] 🔎 row 1018: ✅ accept → dt=2021-03-27 amt=30.83 sign=+1 curr=USD label=Deposit (type/gateway/descr/drcr/sign) status='approved'
[2025-09-24 09:35:05] 🔎 row 1019: ✅ accept → dt=2021-03-27 amt=22.89 sign=+1 curr=USD label=Deposit (type/gateway/descr/drcr/sign) status='approved'
[2025-09-24 09:35:05] 🔎 row 1020: ✅ accept → dt=2021-04-02 amt=57.04 sign=+1 curr=USD label=Deposit (type/gateway/descr/drcr/sign) status='approved'
[2025-09-24 09:35:05] 🔎 row 1021: ✅ accept → dt=2021-04-02 amt=11.40 sign=+1 curr=USD label=Deposit (type/gateway/descr/drcr/sign) status='approved'
[2025-09-24 09:35:05] 🔎 row 1022: ✅ accept → dt=2021-04-02 amt=57.06 sign=+1 curr=USD label=Deposit (type/gateway/descr/drcr/sign) status='approved'
[2025-09-24 09:35:05] 🔎 row 1023: ✅ accept → dt=2021-04-07 amt=28.86 sign=+1 curr=USD label=Deposit (type/gateway/descr/drcr/sign) status='approved'
[2025-09-24 09:35:05] 🔎 row 1024: ✅ accept → dt=2021-04-10 amt=28.86 sign=+1 curr=USD label=Deposit (type/gateway/descr/drcr/sign) status='approved'
[2025-09-24 09:35:05] 🔎 row 1025: ✅ accept → dt=2021-04-10 amt=11.54 sign=+1 curr=USD label=Deposit (type/gateway/descr/drcr/sign) status='approved'
[2025-09-24 09:35:05] 🔎 row 1026: ✅ accept → dt=2021-04-10 amt=57.71 sign=+1 curr=USD label=Deposit (type/gateway/descr/drcr/sign) status='approved'
[2025-09-24 09:35:05] 🔎 row 1027: ✅ accept → dt=2021-04-12 amt=115.55 sign=+1 curr=USD label=Deposit (type/gateway/descr/drcr/sign) status='approved'
[2025-09-24 09:35:05] 🔎 row 1028: ✅ accept → dt=2021-04-13 amt=800.00 sign=+1 curr=EUR label=Redeem (type/gateway/descr/drcr/sign) status='approved'
[2025-09-24 09:35:05] 🔎 row 1029: ✅ accept → dt=2021-04-13 amt=104.15 sign=+1 curr=USD label=Deposit (type/gateway/descr/drcr/sign) status='approved'
[2025-09-24 09:35:05] 🔎 row 1030: ✅ accept → dt=2021-04-13 amt=69.51 sign=+1 curr=USD label=Deposit (type/gateway/descr/drcr/sign) status='approved'
[2025-09-24 09:35:05] 🔎 row 1031: ✅ accept → dt=2021-04-13 amt=104.27 sign=+1 curr=USD label=Deposit (type/gateway/descr/drcr/sign) status='approved'
[2025-09-24 09:35:05] 🔎 row 1032: ⏭️ drop — bad status 'rejected' (type_raw='Deposit')
[2025-09-24 09:35:05] 🔎 row 1033: ⏭️ drop — bad status 'rejected' (type_raw='Deposit')
[2025-09-24 09:35:05] 🔎 row 1034: ⏭️ drop — bad status 'rejected' (type_raw='Deposit')
[2025-09-24 09:35:05] 🔎 row 1035: ⏭️ drop — bad status 'rejected' (type_raw='Deposit')
[2025-09-24 09:35:05] 🔎 row 1036: ✅ accept → dt=2021-04-24 amt=58.67 sign=+1 curr=USD label=Deposit (type/gateway/descr/drcr/sign) status='approved'
[2025-09-24 09:35:05] 🔎 row 1037: ✅ accept → dt=2021-04-25 amt=99.74 sign=+1 curr=USD label=Deposit (type/gateway/descr/drcr/sign) status='approved'
[2025-09-24 09:35:05] 🔎 row 1038: ✅ accept → dt=2021-04-29 amt=176.42 sign=+1 curr=USD label=Deposit (type/gateway/descr/drcr/sign) status='approved'
[2025-09-24 09:35:05] 🔎 row 1039: ✅ accept → dt=2021-04-29 amt=23.52 sign=+1 curr=USD label=Deposit (type/gateway/descr/drcr/sign) status='approved'
[2025-09-24 09:35:05] 🔎 row 1040: ✅ accept → dt=2021-04-29 amt=58.80 sign=+1 curr=USD label=Deposit (type/gateway/descr/drcr/sign) status='approved'
[2025-09-24 09:35:05] 🔎 row 1041: ✅ accept → dt=2021-05-06 amt=70.14 sign=+1 curr=USD label=Deposit (type/gateway/descr/drcr/sign) status='approved'
[2025-09-24 09:35:05] 🔎 row 1042: ⏭️ drop — bad status 'cancelled' (type_raw='Redeem')
[2025-09-24 09:35:05] 🔎 row 1043: ✅ accept → dt=2021-05-06 amt=70.20 sign=+1 curr=USD label=Deposit (type/gateway/descr/drcr/sign) status='approved'
[2025-09-24 09:35:05] 🔎 row 1044: ✅ accept → dt=2021-06-04 amt=141.59 sign=+1 curr=USD label=Deposit (type/gateway/descr/drcr/sign) status='approved'
[2025-09-24 09:35:05] 🔎 row 1045: ✅ accept → dt=2021-08-01 amt=57.56 sign=+1 curr=USD label=Deposit (type/gateway/descr/drcr/sign) status='approved'
[2025-09-24 09:35:05] 🔎 row 1046: ✅ accept → dt=2021-08-01 amt=57.56 sign=+1 curr=USD label=Deposit (type/gateway/descr/drcr/sign) status='approved'
[2025-09-24 09:35:05] 🔎 recap: deposits=32450.18, cashouts=4110.00, net=28340.18
[2025-09-24 09:35:05] TA logic: Deposits = 32450.179999999975, Cashouts = 4110.0, Net = 28340.179999999975
[2025-09-24 09:35:05] ✅ Created Payment Summary with 936 rows.
[2025-09-24 09:35:05] ✅ Created styled Summary (Currency → Type → Year) with title row.
[2025-09-24 09:35:05] 🔁 ECB JSON 406 application/problem+json — {"type":"about:blank","title":"Not Acceptable","status":406,"detail":"Acceptable representations: [application/xml, text
[2025-09-24 09:35:06] 🌍 FX USD/EUR 2016-01-07…2016-12-30 via CSV: 254 pts, avg=1.107226
[2025-09-24 09:35:06] 🌍 FX USD→EUR 2016-01-07…2016-12-30: 1/( USD/EUR ) (mode CSV, 254 pts) => avg=0.903158
[2025-09-24 09:35:06] 🌍 FX USD→EUR 2016 (2016-01-07…2016-12-30) avg = 0.903158
[2025-09-24 09:35:06] 🔁 ECB JSON 406 application/problem+json — {"type":"about:blank","title":"Not Acceptable","status":406,"detail":"Acceptable representations: [application/xml, text
[2025-09-24 09:35:06] 🌍 FX USD/EUR 2017-01-23…2017-12-21 via CSV: 236 pts, avg=1.133249
[2025-09-24 09:35:06] 🌍 FX USD→EUR 2017-01-23…2017-12-21: 1/( USD/EUR ) (mode CSV, 236 pts) => avg=0.882419
[2025-09-24 09:35:06] 🌍 FX USD→EUR 2017 (2017-01-23…2017-12-21) avg = 0.882419
[2025-09-24 09:35:06] 🔁 ECB JSON 406 application/problem+json — {"type":"about:blank","title":"Not Acceptable","status":406,"detail":"Acceptable representations: [application/xml, text
[2025-09-24 09:35:06] 🌍 FX USD/EUR 2018-01-12…2018-12-30 via CSV: 246 pts, avg=1.180436
[2025-09-24 09:35:06] 🌍 FX USD→EUR 2018-01-12…2018-12-30: 1/( USD/EUR ) (mode CSV, 246 pts) => avg=0.847145
[2025-09-24 09:35:06] 🌍 FX USD→EUR 2018 (2018-01-12…2018-12-30) avg = 0.847145
[2025-09-24 09:35:06] 🔁 ECB JSON 406 application/problem+json — {"type":"about:blank","title":"Not Acceptable","status":406,"detail":"Acceptable representations: [application/xml, text
[2025-09-24 09:35:07] 🌍 FX USD/EUR 2019-01-22…2019-12-21 via CSV: 236 pts, avg=1.118192
[2025-09-24 09:35:07] 🌍 FX USD→EUR 2019-01-22…2019-12-21: 1/( USD/EUR ) (mode CSV, 236 pts) => avg=0.894301
[2025-09-24 09:35:07] 🌍 FX USD→EUR 2019 (2019-01-22…2019-12-21) avg = 0.894301
[2025-09-24 09:35:07] 🔁 ECB JSON 406 application/problem+json — {"type":"about:blank","title":"Not Acceptable","status":406,"detail":"Acceptable representations: [application/xml, text
[2025-09-24 09:35:07] 🌍 FX USD/EUR 2020-01-04…2020-12-31 via CSV: 255 pts, avg=1.142394
[2025-09-24 09:35:07] 🌍 FX USD→EUR 2020-01-04…2020-12-31: 1/( USD/EUR ) (mode CSV, 255 pts) => avg=0.875355
[2025-09-24 09:35:07] 🌍 FX USD→EUR 2020 (2020-01-04…2020-12-31) avg = 0.875355
[2025-09-24 09:35:07] 🔁 ECB JSON 406 application/problem+json — {"type":"about:blank","title":"Not Acceptable","status":406,"detail":"Acceptable representations: [application/xml, text
[2025-09-24 09:35:07] 🌍 FX USD/EUR 2021-01-26…2021-08-01 via CSV: 132 pts, avg=1.199911
[2025-09-24 09:35:07] 🌍 FX USD→EUR 2021-01-26…2021-08-01: 1/( USD/EUR ) (mode CSV, 132 pts) => avg=0.833395
[2025-09-24 09:35:07] 🌍 FX USD→EUR 2021 (2021-01-26…2021-08-01) avg = 0.833395
[2025-09-24 09:35:07] ✅ Created 'Payment Summary EUR' (910 USD rows converted).
[2025-09-24 09:35:07] ✅ Created 'Summary EUR' (pivot-style Currency → Type → Year).
[2025-09-24 09:35:07] ✅ Finished processing: TA_Pokerstars Ricardo Keur.xlsx
