[2025-08-20 14:18:02] ⚠️ No files selected.
[2025-08-20 14:18:17] 📎 Added file from Deal 40153: TA_Pokerstars.xlsx
[2025-08-20 14:18:25] 📄 Processing TA_Pokerstars.xlsx...
[2025-08-20 14:18:25] 🧾 Detected TA file — using deposit/cashout logic.
[2025-08-20 14:18:25] Detected single combined transaction sheet. Attempting auto-detection...
[2025-08-20 14:18:25] ✅ Detected normal tabular structure. No CSV conversion needed.
[2025-08-20 14:18:25] 📋 Raw headers: ["Credit Status Report for 'muis21'  (Filtered)", 'None', 'None', 'None', 'None', 'None', 'None', 'None', 'None', 'None', 'None']
[2025-08-20 14:18:25] 🔍 Normalized headers: ["creditstatusreportfor'muis21'(filtered)", 'none', 'none', 'none', 'none', 'none', 'none', 'none', 'none', 'none', 'none']
[2025-08-20 14:18:25] ⚠️ Header check failed: Missing date or amount — fallback mode. Using fallback mode (Column 0 = date, Column 1 = signed amount).
[2025-08-20 14:18:25] ⚠️ Row 2: Unparsable date → 'None'
[2025-08-20 14:18:25] ⚠️ Row 3: Unparsable date → 'From:'
[2025-08-20 14:18:25] ⚠️ Row 4: Unparsable date → 'To:'
[2025-08-20 14:18:25] ⚠️ Row 5: Unparsable date → 'USD'
[2025-08-20 14:18:25] ⚠️ Row 6: Unparsable date → 'Date/Time'
[2025-08-20 14:18:25] ⚠️ Row 7: Unparsable date → 'DIRBANK #N***********348275'
[2025-08-20 14:18:25] ⚠️ Row 8: Unparsable date → '5/26/2019 21:43'
[2025-08-20 14:18:25] ⚠️ Row 9: Unparsable date → 'None'
[2025-08-20 14:18:25] ⚠️ Row 10: Unparsable date → 'DIRBANK #N***********830c27'
[2025-08-20 14:18:25] ⚠️ Row 11: Unparsable date → '6/1/2010 6:34'
[2025-08-20 14:18:25] ⚠️ Row 12: Unparsable date → '6/22/2010 7:31'
[2025-08-20 14:18:25] ⚠️ Row 13: Unparsable date → '6/28/2010 6:19'
[2025-08-20 14:18:25] ⚠️ Row 14: Unparsable date → '7/1/2010 6:14'
[2025-08-20 14:18:25] ⚠️ Row 15: Unparsable date → '9/8/2010 6:25'
[2025-08-20 14:18:25] ⚠️ Row 16: Unparsable date → '12/2/2010 6:50'
[2025-08-20 14:18:25] ⚠️ Row 17: Unparsable date → '12/6/2010 6:10'
[2025-08-20 14:18:25] ⚠️ Row 18: Unparsable date → '12/9/2010 6:10'
[2025-08-20 14:18:25] ⚠️ Row 19: Unparsable date → '12/23/2010 6:29'
[2025-08-20 14:18:25] ⚠️ Row 20: Unparsable date → '7/28/2011 14:54'
[2025-08-20 14:18:25] ⚠️ Row 21: Unparsable date → '6/11/2012 5:12'
[2025-08-20 14:18:25] ⚠️ Row 22: Unparsable date → '6/18/2012 5:52'
[2025-08-20 14:18:25] ⚠️ Row 23: Unparsable date → '4/5/2016 11:53'
[2025-08-20 14:18:25] ⚠️ Row 24: Unparsable date → 'None'
[2025-08-20 14:18:25] ⚠️ Row 25: Unparsable date → 'DIRBANK #N***********830c27'
[2025-08-20 14:18:25] ⚠️ Row 26: Unparsable date → '5/16/2016 8:59'
[2025-08-20 14:18:25] ⚠️ Row 27: Unparsable date → '8/19/2016 8:43'
[2025-08-20 14:18:25] ⚠️ Row 28: Unparsable date → '8/25/2016 8:24'
[2025-08-20 14:18:25] ⚠️ Row 29: Unparsable date → '8/29/2016 8:55'
[2025-08-20 14:18:25] ⚠️ Row 30: Unparsable date → '8/31/2016 8:45'
[2025-08-20 14:18:25] ⚠️ Row 31: Unparsable date → '9/2/2016 7:25'
[2025-08-20 14:18:25] ⚠️ Row 32: Unparsable date → '9/8/2016 7:46'
[2025-08-20 14:18:25] ⚠️ Row 33: Unparsable date → '3/12/2017 21:05'
[2025-08-20 14:18:25] ⚠️ Row 34: Unparsable date → 'None'
[2025-08-20 14:18:25] ⚠️ Row 35: Unparsable date → 'IDEAL #'
[2025-08-20 14:18:25] ⚠️ Row 36: Unparsable date → '3/18/2011 13:40'
[2025-08-20 14:18:25] ⚠️ Row 37: Unparsable date → '3/18/2011 16:56'
[2025-08-20 14:18:25] ⚠️ Row 38: Unparsable date → '3/20/2011 17:46'
[2025-08-20 14:18:25] ⚠️ Row 39: Unparsable date → '3/20/2011 17:57'
[2025-08-20 14:18:25] ⚠️ Row 40: Unparsable date → '3/20/2011 19:17'
[2025-08-20 14:18:25] ⚠️ Row 41: Unparsable date → '3/26/2011 12:25'
[2025-08-20 14:18:25] ⚠️ Row 42: Unparsable date → '3/27/2011 14:39'
[2025-08-20 14:18:25] ⚠️ Row 43: Unparsable date → '3/27/2011 15:16'
[2025-08-20 14:18:25] ⚠️ Row 44: Unparsable date → '3/27/2011 16:31'
[2025-08-20 14:18:25] ⚠️ Row 45: Unparsable date → '3/27/2011 16:53'
[2025-08-20 14:18:25] ⚠️ Row 46: Unparsable date → '3/27/2011 17:50'
[2025-08-20 14:18:25] ⚠️ Row 47: Unparsable date → '3/27/2011 17:57'
[2025-08-20 14:18:25] ⚠️ Row 48: Unparsable date → '3/27/2011 18:05'
[2025-08-20 14:18:26] ⚠️ Row 49: Unparsable date → '3/28/2011 8:48'
[2025-08-20 14:18:26] ⚠️ Row 50: Unparsable date → '3/28/2011 15:38'
[2025-08-20 14:18:26] ⚠️ Row 51: Unparsable date → '3/29/2011 13:37'
[2025-08-20 14:18:26] ⚠️ Row 52: Unparsable date → '4/3/2011 17:15'
[2025-08-20 14:18:26] ⚠️ Row 53: Unparsable date → '4/4/2011 10:36'
[2025-08-20 14:18:26] ⚠️ Row 54: Unparsable date → '4/4/2011 10:51'
[2025-08-20 14:18:26] ⚠️ Row 55: Unparsable date → '4/4/2011 16:45'
[2025-08-20 14:18:26] ⚠️ Row 56: Unparsable date → '4/7/2011 12:31'
[2025-08-20 14:18:26] ⚠️ Row 57: Unparsable date → '4/8/2011 13:04'
[2025-08-20 14:18:26] ⚠️ Row 58: Unparsable date → '4/8/2011 13:39'
[2025-08-20 14:18:26] ⚠️ Row 59: Unparsable date → '4/10/2011 11:44'
[2025-08-20 14:18:26] ⚠️ Row 60: Unparsable date → '4/10/2011 12:13'
[2025-08-20 14:18:26] ⚠️ Row 61: Unparsable date → '4/10/2011 14:11'
[2025-08-20 14:18:26] ⚠️ Row 62: Unparsable date → '4/10/2011 15:28'
[2025-08-20 14:18:26] ⚠️ Row 63: Unparsable date → '4/10/2011 17:17'
[2025-08-20 14:18:26] ⚠️ Row 64: Unparsable date → '4/10/2011 17:52'
[2025-08-20 14:18:26] ⚠️ Row 65: Unparsable date → '4/10/2011 18:03'
[2025-08-20 14:18:26] ⚠️ Row 66: Unparsable date → '4/10/2011 18:55'
[2025-08-20 14:18:26] ⚠️ Row 67: Unparsable date → '4/17/2011 15:52'
[2025-08-20 14:18:26] ⚠️ Row 68: Unparsable date → '4/17/2011 16:43'
[2025-08-20 14:18:26] ⚠️ Row 69: Unparsable date → '4/17/2011 16:55'
[2025-08-20 14:18:26] ⚠️ Row 70: Unparsable date → '4/17/2011 17:51'
[2025-08-20 14:18:26] ⚠️ Row 71: Unparsable date → '4/17/2011 19:05'
[2025-08-20 14:18:26] ⚠️ Row 72: Unparsable date → '4/21/2011 17:08'
[2025-08-20 14:18:26] ⚠️ Row 73: Unparsable date → '4/22/2011 14:51'
[2025-08-20 14:18:26] ⚠️ Row 74: Unparsable date → '4/22/2011 16:30'
[2025-08-20 14:18:26] ⚠️ Row 75: Unparsable date → '4/22/2011 16:58'
[2025-08-20 14:18:26] ⚠️ Row 76: Unparsable date → '5/1/2011 14:07'
[2025-08-20 14:18:26] ⚠️ Row 77: Unparsable date → '5/1/2011 15:36'
[2025-08-20 14:18:26] ⚠️ Row 78: Unparsable date → '5/1/2011 15:41'
[2025-08-20 14:18:26] ⚠️ Row 79: Unparsable date → '5/6/2011 15:31'
[2025-08-20 14:18:26] ⚠️ Row 80: Unparsable date → '5/6/2011 15:56'
[2025-08-20 14:18:26] ⚠️ Row 81: Unparsable date → '5/6/2011 16:49'
[2025-08-20 14:18:26] ⚠️ Row 82: Unparsable date → '5/6/2011 17:54'
[2025-08-20 14:18:26] ⚠️ Row 83: Unparsable date → '5/6/2011 18:28'
[2025-08-20 14:18:26] ⚠️ Row 84: Unparsable date → '5/7/2011 6:15'
[2025-08-20 14:18:26] ⚠️ Row 85: Unparsable date → '5/7/2011 6:58'
[2025-08-20 14:18:26] ⚠️ Row 86: Unparsable date → '5/8/2011 9:49'
[2025-08-20 14:18:26] ⚠️ Row 87: Unparsable date → '5/8/2011 9:53'
[2025-08-20 14:18:26] ⚠️ Row 88: Unparsable date → '5/8/2011 14:40'
[2025-08-20 14:18:26] ⚠️ Row 89: Unparsable date → '5/9/2011 11:54'
[2025-08-20 14:18:26] ⚠️ Row 90: Unparsable date → '5/9/2011 12:07'
[2025-08-20 14:18:26] ⚠️ Row 91: Unparsable date → '5/9/2011 12:12'
[2025-08-20 14:18:26] ⚠️ Row 92: Unparsable date → '5/9/2011 17:38'
[2025-08-20 14:18:26] ⚠️ Row 93: Unparsable date → '5/15/2011 10:56'
[2025-08-20 14:18:26] ⚠️ Row 94: Unparsable date → '5/15/2011 11:06'
[2025-08-20 14:18:26] ⚠️ Row 95: Unparsable date → '5/15/2011 12:27'
[2025-08-20 14:18:26] ⚠️ Row 96: Unparsable date → '5/15/2011 14:18'
[2025-08-20 14:18:26] ⚠️ Row 97: Unparsable date → '5/16/2011 10:06'
[2025-08-20 14:18:26] ⚠️ Row 98: Unparsable date → '5/16/2011 13:11'
[2025-08-20 14:18:26] ⚠️ Row 99: Unparsable date → '5/19/2011 13:00'
[2025-08-20 14:18:26] ⚠️ Row 100: Unparsable date → '5/20/2011 12:22'
[2025-08-20 14:18:26] ⚠️ Row 101: Unparsable date → '5/21/2011 8:20'
[2025-08-20 14:18:26] ⚠️ Row 102: Unparsable date → '5/21/2011 12:29'
[2025-08-20 14:18:26] ⚠️ Row 103: Unparsable date → '5/25/2011 17:13'
[2025-08-20 14:18:26] ⚠️ Row 104: Unparsable date → '5/28/2011 13:29'
[2025-08-20 14:18:26] ⚠️ Row 105: Unparsable date → '6/1/2011 7:59'
[2025-08-20 14:18:26] ⚠️ Row 106: Unparsable date → '6/5/2011 14:09'
[2025-08-20 14:18:26] ⚠️ Row 107: Unparsable date → '6/6/2011 9:13'
[2025-08-20 14:18:26] ⚠️ Row 108: Unparsable date → '6/7/2011 12:32'
[2025-08-20 14:18:26] ⚠️ Row 109: Unparsable date → '6/12/2011 14:10'
[2025-08-20 14:18:26] ⚠️ Row 110: Unparsable date → '6/12/2011 14:47'
[2025-08-20 14:18:26] ⚠️ Row 111: Unparsable date → '6/12/2011 15:18'
[2025-08-20 14:18:26] ⚠️ Row 112: Unparsable date → '6/19/2011 10:32'
[2025-08-20 14:18:26] ⚠️ Row 113: Unparsable date → '6/19/2011 10:47'
[2025-08-20 14:18:26] ⚠️ Row 114: Unparsable date → '6/19/2011 15:57'
[2025-08-20 14:18:26] ⚠️ Row 115: Unparsable date → '6/19/2011 17:36'
[2025-08-20 14:18:26] ⚠️ Row 116: Unparsable date → '6/19/2011 18:13'
[2025-08-20 14:18:26] ⚠️ Row 117: Unparsable date → '6/26/2011 15:25'
[2025-08-20 14:18:26] ⚠️ Row 118: Unparsable date → '6/26/2011 15:34'
[2025-08-20 14:18:26] ⚠️ Row 119: Unparsable date → '6/26/2011 17:12'
[2025-08-20 14:18:26] ⚠️ Row 120: Unparsable date → '7/3/2011 15:02'
[2025-08-20 14:18:26] ⚠️ Row 121: Unparsable date → '7/3/2011 15:20'
[2025-08-20 14:18:26] ⚠️ Row 122: Unparsable date → '7/3/2011 15:57'
[2025-08-20 14:18:26] ⚠️ Row 123: Unparsable date → '7/3/2011 16:18'
[2025-08-20 14:18:26] ⚠️ Row 124: Unparsable date → '7/3/2011 16:58'
[2025-08-20 14:18:26] ⚠️ Row 125: Unparsable date → '7/13/2011 13:02'
[2025-08-20 14:18:26] ⚠️ Row 126: Unparsable date → '7/13/2011 14:27'
[2025-08-20 14:18:26] ⚠️ Row 127: Unparsable date → '7/17/2011 14:03'
[2025-08-20 14:18:26] ⚠️ Row 128: Unparsable date → '7/21/2011 15:36'
[2025-08-20 14:18:26] ⚠️ Row 129: Unparsable date → '7/22/2011 6:04'
[2025-08-20 14:18:26] ⚠️ Row 130: Unparsable date → '7/22/2011 6:24'
[2025-08-20 14:18:26] ⚠️ Row 131: Unparsable date → '7/24/2011 15:49'
[2025-08-20 14:18:26] ⚠️ Row 132: Unparsable date → '7/24/2011 16:33'
[2025-08-20 14:18:26] ⚠️ Row 133: Unparsable date → '7/24/2011 17:31'
[2025-08-20 14:18:26] ⚠️ Row 134: Unparsable date → '7/24/2011 17:56'
[2025-08-20 14:18:26] ⚠️ Row 135: Unparsable date → '7/24/2011 18:18'
[2025-08-20 14:18:26] ⚠️ Row 136: Unparsable date → '7/24/2011 18:36'
[2025-08-20 14:18:26] ⚠️ Row 137: Unparsable date → '7/24/2011 18:39'
[2025-08-20 14:18:26] ⚠️ Row 138: Unparsable date → '7/24/2011 18:50'
[2025-08-20 14:18:26] ⚠️ Row 139: Unparsable date → '7/25/2011 8:54'
[2025-08-20 14:18:26] ⚠️ Row 140: Unparsable date → '7/31/2011 16:41'
[2025-08-20 14:18:26] ⚠️ Row 141: Unparsable date → '7/31/2011 16:48'
[2025-08-20 14:18:26] ⚠️ Row 142: Unparsable date → '7/31/2011 16:56'
[2025-08-20 14:18:26] ⚠️ Row 143: Unparsable date → '7/31/2011 17:56'
[2025-08-20 14:18:26] ⚠️ Row 144: Unparsable date → '8/1/2011 6:15'
[2025-08-20 14:18:26] ⚠️ Row 145: Unparsable date → '8/10/2011 6:27'
[2025-08-20 14:18:26] ⚠️ Row 146: Unparsable date → '8/14/2011 15:57'
[2025-08-20 14:18:26] ⚠️ Row 147: Unparsable date → '9/6/2011 6:08'
[2025-08-20 14:18:26] ⚠️ Row 148: Unparsable date → '9/9/2011 5:26'
[2025-08-20 14:18:26] ⚠️ Row 149: Unparsable date → '9/9/2011 6:29'
[2025-08-20 14:18:26] ⚠️ Row 150: Unparsable date → '9/11/2011 14:57'
[2025-08-20 14:18:26] ⚠️ Row 151: Unparsable date → '9/11/2011 15:40'
[2025-08-20 14:18:26] ⚠️ Row 152: Unparsable date → '9/11/2011 17:37'
[2025-08-20 14:18:26] ⚠️ Row 153: Unparsable date → '9/18/2011 13:15'
[2025-08-20 14:18:26] ⚠️ Row 154: Unparsable date → '9/20/2011 8:49'
[2025-08-20 14:18:26] ⚠️ Row 155: Unparsable date → '9/25/2011 17:26'
[2025-08-20 14:18:26] ⚠️ Row 156: Unparsable date → '9/26/2011 7:41'
[2025-08-20 14:18:26] ⚠️ Row 157: Unparsable date → '9/26/2011 7:43'
[2025-08-20 14:18:26] ⚠️ Row 158: Unparsable date → '10/2/2011 16:23'
[2025-08-20 14:18:26] ⚠️ Row 159: Unparsable date → '10/9/2011 14:15'
[2025-08-20 14:18:26] ⚠️ Row 160: Unparsable date → '10/30/2011 13:25'
[2025-08-20 14:18:26] ⚠️ Row 161: Unparsable date → '11/6/2011 14:43'
[2025-08-20 14:18:26] ⚠️ Row 162: Unparsable date → '11/6/2011 15:21'
[2025-08-20 14:18:26] ⚠️ Row 163: Unparsable date → '11/6/2011 17:20'
[2025-08-20 14:18:26] ⚠️ Row 164: Unparsable date → '11/13/2011 12:45'
[2025-08-20 14:18:26] ⚠️ Row 165: Unparsable date → '11/27/2011 11:07'
[2025-08-20 14:18:26] ⚠️ Row 166: Unparsable date → '11/27/2011 12:30'
[2025-08-20 14:18:26] ⚠️ Row 167: Unparsable date → '11/27/2011 13:29'
[2025-08-20 14:18:26] ⚠️ Row 168: Unparsable date → '11/27/2011 14:56'
[2025-08-20 14:18:26] ⚠️ Row 169: Unparsable date → '12/4/2011 12:40'
[2025-08-20 14:18:26] ⚠️ Row 170: Unparsable date → '12/4/2011 13:43'
[2025-08-20 14:18:26] ⚠️ Row 171: Unparsable date → '12/4/2011 16:36'
[2025-08-20 14:18:26] ⚠️ Row 172: Unparsable date → '12/4/2011 16:48'
[2025-08-20 14:18:26] ⚠️ Row 173: Unparsable date → '12/4/2011 17:04'
[2025-08-20 14:18:26] ⚠️ Row 174: Unparsable date → '12/5/2011 14:53'
[2025-08-20 14:18:26] ⚠️ Row 175: Unparsable date → '12/5/2011 15:55'
[2025-08-20 14:18:26] ⚠️ Row 176: Unparsable date → '12/11/2011 15:38'
[2025-08-20 14:18:26] ⚠️ Row 177: Unparsable date → '12/11/2011 15:50'
[2025-08-20 14:18:26] ⚠️ Row 178: Unparsable date → '12/11/2011 15:52'
[2025-08-20 14:18:26] ⚠️ Row 179: Unparsable date → '12/11/2011 16:59'
[2025-08-20 14:18:26] ⚠️ Row 180: Unparsable date → '12/12/2011 12:34'
[2025-08-20 14:18:26] ⚠️ Row 181: Unparsable date → '12/12/2011 16:56'
[2025-08-20 14:18:26] ⚠️ Row 182: Unparsable date → '12/13/2011 12:57'
[2025-08-20 14:18:26] ⚠️ Row 183: Unparsable date → '12/13/2011 13:06'
[2025-08-20 14:18:26] ⚠️ Row 184: Unparsable date → '12/13/2011 13:30'
[2025-08-20 14:18:26] ⚠️ Row 185: Unparsable date → '12/18/2011 17:39'
[2025-08-20 14:18:26] ⚠️ Row 186: Unparsable date → '1/1/2012 14:35'
[2025-08-20 14:18:26] ⚠️ Row 187: Unparsable date → '1/15/2012 11:23'
[2025-08-20 14:18:26] ⚠️ Row 188: Unparsable date → '1/20/2012 15:53'
[2025-08-20 14:18:26] ⚠️ Row 189: Unparsable date → '1/22/2012 13:23'
[2025-08-20 14:18:26] ⚠️ Row 190: Unparsable date → '1/22/2012 13:50'
[2025-08-20 14:18:26] ⚠️ Row 191: Unparsable date → '1/22/2012 14:44'
[2025-08-20 14:18:26] ⚠️ Row 192: Unparsable date → '1/22/2012 15:19'
[2025-08-20 14:18:26] ⚠️ Row 193: Unparsable date → '1/30/2012 9:01'
[2025-08-20 14:18:26] ⚠️ Row 194: Unparsable date → '1/30/2012 9:22'
[2025-08-20 14:18:26] ⚠️ Row 195: Unparsable date → '2/12/2012 16:24'
[2025-08-20 14:18:26] ⚠️ Row 196: Unparsable date → '2/26/2012 15:48'
[2025-08-20 14:18:26] ⚠️ Row 197: Unparsable date → '2/26/2012 16:37'
[2025-08-20 14:18:26] ⚠️ Row 198: Unparsable date → '2/26/2012 16:43'
[2025-08-20 14:18:26] ⚠️ Row 199: Unparsable date → '2/27/2012 10:36'
[2025-08-20 14:18:26] ⚠️ Row 200: Unparsable date → '3/4/2012 16:18'
[2025-08-20 14:18:26] ⚠️ Row 201: Unparsable date → '3/11/2012 16:53'
[2025-08-20 14:18:26] ⚠️ Row 202: Unparsable date → '3/17/2012 10:27'
[2025-08-20 14:18:26] ⚠️ Row 203: Unparsable date → '3/19/2012 8:32'
[2025-08-20 14:18:26] ⚠️ Row 204: Unparsable date → '3/20/2012 8:21'
[2025-08-20 14:18:26] ⚠️ Row 205: Unparsable date → '3/20/2012 9:45'
[2025-08-20 14:18:26] ⚠️ Row 206: Unparsable date → '3/25/2012 14:57'
[2025-08-20 14:18:26] ⚠️ Row 207: Unparsable date → '4/26/2012 9:22'
[2025-08-20 14:18:26] ⚠️ Row 208: Unparsable date → '4/26/2012 9:57'
[2025-08-20 14:18:26] ⚠️ Row 209: Unparsable date → '4/29/2012 10:53'
[2025-08-20 14:18:26] ⚠️ Row 210: Unparsable date → '5/13/2012 6:28'
[2025-08-20 14:18:26] ⚠️ Row 211: Unparsable date → '5/17/2012 12:44'
[2025-08-20 14:18:26] ⚠️ Row 212: Unparsable date → '5/17/2012 14:45'
[2025-08-20 14:18:26] ⚠️ Row 213: Unparsable date → '5/17/2012 15:26'
[2025-08-20 14:18:26] ⚠️ Row 214: Unparsable date → '5/19/2012 11:57'
[2025-08-20 14:18:26] ⚠️ Row 215: Unparsable date → '5/19/2012 14:03'
[2025-08-20 14:18:26] ⚠️ Row 216: Unparsable date → '5/21/2012 7:59'
[2025-08-20 14:18:26] ⚠️ Row 217: Unparsable date → '5/21/2012 9:41'
[2025-08-20 14:18:26] ⚠️ Row 218: Unparsable date → '5/21/2012 10:55'
[2025-08-20 14:18:26] ⚠️ Row 219: Unparsable date → '5/22/2012 14:13'
[2025-08-20 14:18:26] ⚠️ Row 220: Unparsable date → '5/22/2012 15:26'
[2025-08-20 14:18:26] ⚠️ Row 221: Unparsable date → '5/22/2012 16:29'
[2025-08-20 14:18:26] ⚠️ Row 222: Unparsable date → '5/24/2012 7:05'
[2025-08-20 14:18:26] ⚠️ Row 223: Unparsable date → '5/24/2012 8:35'
[2025-08-20 14:18:26] ⚠️ Row 224: Unparsable date → '5/24/2012 12:50'
[2025-08-20 14:18:26] ⚠️ Row 225: Unparsable date → '5/24/2012 13:17'
[2025-08-20 14:18:26] ⚠️ Row 226: Unparsable date → '5/24/2012 14:20'
[2025-08-20 14:18:26] ⚠️ Row 227: Unparsable date → '5/24/2012 14:29'
[2025-08-20 14:18:26] ⚠️ Row 228: Unparsable date → '5/24/2012 16:29'
[2025-08-20 14:18:26] ⚠️ Row 229: Unparsable date → '5/27/2012 7:22'
[2025-08-20 14:18:26] ⚠️ Row 230: Unparsable date → '5/27/2012 7:24'
[2025-08-20 14:18:26] ⚠️ Row 231: Unparsable date → '5/27/2012 7:48'
[2025-08-20 14:18:26] ⚠️ Row 232: Unparsable date → '5/27/2012 12:34'
[2025-08-20 14:18:26] ⚠️ Row 233: Unparsable date → '5/27/2012 14:38'
[2025-08-20 14:18:26] ⚠️ Row 234: Unparsable date → '5/30/2012 13:37'
[2025-08-20 14:18:26] ⚠️ Row 235: Unparsable date → '5/31/2012 8:13'
[2025-08-20 14:18:26] ⚠️ Row 236: Unparsable date → '5/31/2012 8:41'
[2025-08-20 14:18:26] ⚠️ Row 237: Unparsable date → '6/3/2012 8:32'
[2025-08-20 14:18:26] ⚠️ Row 238: Unparsable date → '6/3/2012 10:25'
[2025-08-20 14:18:26] ⚠️ Row 239: Unparsable date → '6/10/2012 11:25'
[2025-08-20 14:18:26] ⚠️ Row 240: Unparsable date → '6/11/2012 15:37'
[2025-08-20 14:18:26] ⚠️ Row 241: Unparsable date → '6/13/2012 18:18'
[2025-08-20 14:18:26] ⚠️ Row 242: Unparsable date → '6/24/2012 8:19'
[2025-08-20 14:18:26] ⚠️ Row 243: Unparsable date → '6/24/2012 8:24'
[2025-08-20 14:18:26] ⚠️ Row 244: Unparsable date → '6/24/2012 9:55'
[2025-08-20 14:18:26] ⚠️ Row 245: Unparsable date → '6/24/2012 11:02'
[2025-08-20 14:18:26] ⚠️ Row 246: Unparsable date → '6/24/2012 17:41'
[2025-08-20 14:18:26] ⚠️ Row 247: Unparsable date → '6/24/2012 17:44'
[2025-08-20 14:18:26] ⚠️ Row 248: Unparsable date → '6/25/2012 7:27'
[2025-08-20 14:18:26] ⚠️ Row 249: Unparsable date → '6/25/2012 8:16'
[2025-08-20 14:18:26] ⚠️ Row 250: Unparsable date → '6/25/2012 10:30'
[2025-08-20 14:18:26] ⚠️ Row 251: Unparsable date → '6/25/2012 13:28'
[2025-08-20 14:18:26] ⚠️ Row 252: Unparsable date → '6/25/2012 18:38'
[2025-08-20 14:18:26] ⚠️ Row 253: Unparsable date → '6/30/2012 7:37'
[2025-08-20 14:18:26] ⚠️ Row 254: Unparsable date → '6/30/2012 8:32'
[2025-08-20 14:18:26] ⚠️ Row 255: Unparsable date → '6/30/2012 8:44'
[2025-08-20 14:18:26] ⚠️ Row 256: Unparsable date → '7/1/2012 19:10'
[2025-08-20 14:18:26] ⚠️ Row 257: Unparsable date → '7/2/2012 10:34'
[2025-08-20 14:18:26] ⚠️ Row 258: Unparsable date → '7/2/2012 17:24'
[2025-08-20 14:18:26] ⚠️ Row 259: Unparsable date → '7/8/2012 13:49'
[2025-08-20 14:18:26] ⚠️ Row 260: Unparsable date → '7/9/2012 15:24'
[2025-08-20 14:18:26] ⚠️ Row 261: Unparsable date → '7/12/2012 9:49'
[2025-08-20 14:18:26] ⚠️ Row 262: Unparsable date → '7/12/2012 11:40'
[2025-08-20 14:18:26] ⚠️ Row 263: Unparsable date → '7/13/2012 8:01'
[2025-08-20 14:18:26] ⚠️ Row 264: Unparsable date → '7/14/2012 10:01'
[2025-08-20 14:18:26] ⚠️ Row 265: Unparsable date → '7/14/2012 11:06'
[2025-08-20 14:18:26] ⚠️ Row 266: Unparsable date → '7/18/2012 13:13'
[2025-08-20 14:18:26] ⚠️ Row 267: Unparsable date → '7/20/2012 13:15'
[2025-08-20 14:18:26] ⚠️ Row 268: Unparsable date → '7/20/2012 14:18'
[2025-08-20 14:18:26] ⚠️ Row 269: Unparsable date → '7/20/2012 15:31'
[2025-08-20 14:18:26] ⚠️ Row 270: Unparsable date → '7/20/2012 17:01'
[2025-08-20 14:18:26] ⚠️ Row 271: Unparsable date → '7/21/2012 7:24'
[2025-08-20 14:18:26] ⚠️ Row 272: Unparsable date → '7/22/2012 8:18'
[2025-08-20 14:18:26] ⚠️ Row 273: Unparsable date → '7/22/2012 13:21'
[2025-08-20 14:18:26] ⚠️ Row 274: Unparsable date → '7/22/2012 15:26'
[2025-08-20 14:18:26] ⚠️ Row 275: Unparsable date → '7/22/2012 16:25'
[2025-08-20 14:18:26] ⚠️ Row 276: Unparsable date → '7/27/2012 13:04'
[2025-08-20 14:18:26] ⚠️ Row 277: Unparsable date → '7/27/2012 17:12'
[2025-08-20 14:18:26] ⚠️ Row 278: Unparsable date → '9/30/2012 12:40'
[2025-08-20 14:18:26] ⚠️ Row 279: Unparsable date → '9/30/2012 13:24'
[2025-08-20 14:18:26] ⚠️ Row 280: Unparsable date → '10/27/2012 15:31'
[2025-08-20 14:18:26] ⚠️ Row 281: Unparsable date → '11/3/2012 10:38'
[2025-08-20 14:18:26] ⚠️ Row 282: Unparsable date → '12/2/2012 11:23'
[2025-08-20 14:18:26] ⚠️ Row 283: Unparsable date → '3/23/2013 7:35'
[2025-08-20 14:18:26] ⚠️ Row 284: Unparsable date → '4/10/2013 13:19'
[2025-08-20 14:18:26] ⚠️ Row 285: Unparsable date → '4/10/2013 14:08'
[2025-08-20 14:18:26] ⚠️ Row 286: Unparsable date → '4/10/2013 17:29'
[2025-08-20 14:18:26] ⚠️ Row 287: Unparsable date → '4/11/2013 10:18'
[2025-08-20 14:18:26] ⚠️ Row 288: Unparsable date → '4/14/2013 13:28'
[2025-08-20 14:18:26] ⚠️ Row 289: Unparsable date → '4/25/2013 14:27'
[2025-08-20 14:18:26] ⚠️ Row 290: Unparsable date → '4/25/2013 14:52'
[2025-08-20 14:18:26] ⚠️ Row 291: Unparsable date → '4/25/2013 14:54'
[2025-08-20 14:18:26] ⚠️ Row 292: Unparsable date → '4/26/2013 13:04'
[2025-08-20 14:18:26] ⚠️ Row 293: Unparsable date → '4/26/2013 13:39'
[2025-08-20 14:18:26] ⚠️ Row 294: Unparsable date → '4/26/2013 14:24'
[2025-08-20 14:18:26] ⚠️ Row 295: Unparsable date → '4/26/2013 15:51'
[2025-08-20 14:18:26] ⚠️ Row 296: Unparsable date → '4/27/2013 8:05'
[2025-08-20 14:18:26] ⚠️ Row 297: Unparsable date → '5/6/2013 12:55'
[2025-08-20 14:18:26] ⚠️ Row 298: Unparsable date → '5/7/2013 13:36'
[2025-08-20 14:18:26] ⚠️ Row 299: Unparsable date → '5/9/2013 7:35'
[2025-08-20 14:18:26] ⚠️ Row 300: Unparsable date → '5/9/2013 8:02'
[2025-08-20 14:18:26] ⚠️ Row 301: Unparsable date → '5/9/2013 8:15'
[2025-08-20 14:18:26] ⚠️ Row 302: Unparsable date → '5/9/2013 8:18'
[2025-08-20 14:18:26] ⚠️ Row 303: Unparsable date → '5/9/2013 8:35'
[2025-08-20 14:18:26] ⚠️ Row 304: Unparsable date → '5/9/2013 9:12'
[2025-08-20 14:18:26] ⚠️ Row 305: Unparsable date → '5/9/2013 9:35'
[2025-08-20 14:18:26] ⚠️ Row 306: Unparsable date → '5/9/2013 10:28'
[2025-08-20 14:18:26] ⚠️ Row 307: Unparsable date → '5/9/2013 10:40'
[2025-08-20 14:18:26] ⚠️ Row 308: Unparsable date → '5/9/2013 10:53'
[2025-08-20 14:18:26] ⚠️ Row 309: Unparsable date → '5/9/2013 17:03'
[2025-08-20 14:18:26] ⚠️ Row 310: Unparsable date → '5/10/2013 8:00'
[2025-08-20 14:18:26] ⚠️ Row 311: Unparsable date → '5/10/2013 8:13'
[2025-08-20 14:18:26] ⚠️ Row 312: Unparsable date → '5/10/2013 8:22'
[2025-08-20 14:18:26] ⚠️ Row 313: Unparsable date → '5/11/2013 7:30'
[2025-08-20 14:18:26] ⚠️ Row 314: Unparsable date → '5/11/2013 8:08'
[2025-08-20 14:18:26] ⚠️ Row 315: Unparsable date → '5/13/2013 12:48'
[2025-08-20 14:18:26] ⚠️ Row 316: Unparsable date → '5/15/2013 18:16'
[2025-08-20 14:18:26] ⚠️ Row 317: Unparsable date → '5/15/2013 19:34'
[2025-08-20 14:18:26] ⚠️ Row 318: Unparsable date → '5/15/2013 19:53'
[2025-08-20 14:18:26] ⚠️ Row 319: Unparsable date → '5/17/2013 12:35'
[2025-08-20 14:18:26] ⚠️ Row 320: Unparsable date → '5/17/2013 12:59'
[2025-08-20 14:18:26] ⚠️ Row 321: Unparsable date → '5/17/2013 13:59'
[2025-08-20 14:18:26] ⚠️ Row 322: Unparsable date → '5/18/2013 12:36'
[2025-08-20 14:18:26] ⚠️ Row 323: Unparsable date → '5/19/2013 11:01'
[2025-08-20 14:18:26] ⚠️ Row 324: Unparsable date → '5/19/2013 15:00'
[2025-08-20 14:18:26] ⚠️ Row 325: Unparsable date → '5/22/2013 13:53'
[2025-08-20 14:18:26] ⚠️ Row 326: Unparsable date → '5/22/2013 17:14'
[2025-08-20 14:18:26] ⚠️ Row 327: Unparsable date → '5/23/2013 9:09'
[2025-08-20 14:18:26] ⚠️ Row 328: Unparsable date → '5/23/2013 9:25'
[2025-08-20 14:18:26] ⚠️ Row 329: Unparsable date → '5/23/2013 9:57'
[2025-08-20 14:18:26] ⚠️ Row 330: Unparsable date → '5/23/2013 10:40'
[2025-08-20 14:18:26] ⚠️ Row 331: Unparsable date → '5/26/2013 8:07'
[2025-08-20 14:18:26] ⚠️ Row 332: Unparsable date → '5/26/2013 17:14'
[2025-08-20 14:18:26] ⚠️ Row 333: Unparsable date → '6/7/2013 16:29'
[2025-08-20 14:18:26] ⚠️ Row 334: Unparsable date → '6/19/2013 15:04'
[2025-08-20 14:18:26] ⚠️ Row 335: Unparsable date → '6/21/2013 15:14'
[2025-08-20 14:18:26] ⚠️ Row 336: Unparsable date → '6/22/2013 10:20'
[2025-08-20 14:18:26] ⚠️ Row 337: Unparsable date → '6/29/2013 10:02'
[2025-08-20 14:18:26] ⚠️ Row 338: Unparsable date → '6/29/2013 13:06'
[2025-08-20 14:18:26] ⚠️ Row 339: Unparsable date → '6/29/2013 16:45'
[2025-08-20 14:18:26] ⚠️ Row 340: Unparsable date → '6/29/2013 17:38'
[2025-08-20 14:18:26] ⚠️ Row 341: Unparsable date → '6/30/2013 8:39'
[2025-08-20 14:18:26] ⚠️ Row 342: Unparsable date → '7/6/2013 11:41'
[2025-08-20 14:18:26] ⚠️ Row 343: Unparsable date → '7/7/2013 7:51'
[2025-08-20 14:18:26] ⚠️ Row 344: Unparsable date → '7/7/2013 8:31'
[2025-08-20 14:18:26] ⚠️ Row 345: Unparsable date → '7/10/2013 13:10'
[2025-08-20 14:18:26] ⚠️ Row 346: Unparsable date → '7/10/2013 16:37'
[2025-08-20 14:18:26] ⚠️ Row 347: Unparsable date → '7/12/2013 13:54'
[2025-08-20 14:18:26] ⚠️ Row 348: Unparsable date → '7/12/2013 14:57'
[2025-08-20 14:18:26] ⚠️ Row 349: Unparsable date → '7/13/2013 5:50'
[2025-08-20 14:18:26] ⚠️ Row 350: Unparsable date → '7/16/2013 13:01'
[2025-08-20 14:18:26] ⚠️ Row 351: Unparsable date → '7/17/2013 13:03'
[2025-08-20 14:18:26] ⚠️ Row 352: Unparsable date → '7/17/2013 13:04'
[2025-08-20 14:18:26] ⚠️ Row 353: Unparsable date → '7/17/2013 15:39'
[2025-08-20 14:18:26] ⚠️ Row 354: Unparsable date → '7/17/2013 16:20'
[2025-08-20 14:18:26] ⚠️ Row 355: Unparsable date → '7/17/2013 16:50'
[2025-08-20 14:18:26] ⚠️ Row 356: Unparsable date → '7/18/2013 7:57'
[2025-08-20 14:18:26] ⚠️ Row 357: Unparsable date → '7/18/2013 8:30'
[2025-08-20 14:18:26] ⚠️ Row 358: Unparsable date → '7/18/2013 12:31'
[2025-08-20 14:18:26] ⚠️ Row 359: Unparsable date → '7/18/2013 13:51'
[2025-08-20 14:18:26] ⚠️ Row 360: Unparsable date → '7/20/2013 16:26'
[2025-08-20 14:18:26] ⚠️ Row 361: Unparsable date → '8/16/2013 8:44'
[2025-08-20 14:18:26] ⚠️ Row 362: Unparsable date → '9/9/2015 9:29'
[2025-08-20 14:18:26] ⚠️ Row 363: Unparsable date → '1/28/2016 13:18'
[2025-08-20 14:18:26] ⚠️ Row 364: Unparsable date → '1/28/2016 14:31'
[2025-08-20 14:18:26] ⚠️ Row 365: Unparsable date → '2/3/2016 15:00'
[2025-08-20 14:18:26] ⚠️ Row 366: Unparsable date → '7/9/2016 16:05'
[2025-08-20 14:18:26] ⚠️ Row 367: Unparsable date → '8/22/2016 9:06'
[2025-08-20 14:18:26] ⚠️ Row 368: Unparsable date → '8/26/2016 5:22'
[2025-08-20 14:18:26] ⚠️ Row 369: Unparsable date → '8/26/2016 9:08'
[2025-08-20 14:18:26] ⚠️ Row 370: Unparsable date → '8/26/2016 16:06'
[2025-08-20 14:18:26] ⚠️ Row 371: Unparsable date → '8/26/2016 16:11'
[2025-08-20 14:18:26] ⚠️ Row 372: Unparsable date → '8/26/2016 16:48'
[2025-08-20 14:18:26] ⚠️ Row 373: Unparsable date → '8/28/2016 4:53'
[2025-08-20 14:18:26] ⚠️ Row 374: Unparsable date → '8/30/2016 10:40'
[2025-08-20 14:18:26] ⚠️ Row 375: Unparsable date → '8/30/2016 14:10'
[2025-08-20 14:18:26] ⚠️ Row 376: Unparsable date → '8/31/2016 12:02'
[2025-08-20 14:18:26] ⚠️ Row 377: Unparsable date → '8/31/2016 15:45'
[2025-08-20 14:18:26] ⚠️ Row 378: Unparsable date → '8/31/2016 15:51'
[2025-08-20 14:18:26] ⚠️ Row 379: Unparsable date → '9/5/2016 15:42'
[2025-08-20 14:18:26] ⚠️ Row 380: Unparsable date → '9/5/2016 16:52'
[2025-08-20 14:18:26] ⚠️ Row 381: Unparsable date → '9/15/2016 16:45'
[2025-08-20 14:18:26] ⚠️ Row 382: Unparsable date → '11/24/2016 8:50'
[2025-08-20 14:18:26] ⚠️ Row 383: Unparsable date → '11/24/2016 9:50'
[2025-08-20 14:18:26] ⚠️ Row 384: Unparsable date → '12/29/2016 11:11'
[2025-08-20 14:18:26] ⚠️ Row 385: Unparsable date → '12/30/2016 9:19'
[2025-08-20 14:18:26] ⚠️ Row 386: Unparsable date → '1/26/2017 8:56'
[2025-08-20 14:18:26] ⚠️ Row 387: Unparsable date → '1/26/2017 10:41'
[2025-08-20 14:18:26] ⚠️ Row 388: Unparsable date → '1/26/2017 10:56'
[2025-08-20 14:18:26] ⚠️ Row 389: Unparsable date → '1/26/2017 16:42'
[2025-08-20 14:18:26] ⚠️ Row 390: Unparsable date → '1/26/2017 16:45'
[2025-08-20 14:18:26] ⚠️ Row 391: Unparsable date → '1/27/2017 16:28'
[2025-08-20 14:18:26] ⚠️ Row 392: Unparsable date → '1/27/2017 16:30'
[2025-08-20 14:18:26] ⚠️ Row 393: Unparsable date → '2/4/2017 18:21'
[2025-08-20 14:18:26] ⚠️ Row 394: Unparsable date → '2/4/2017 18:31'
[2025-08-20 14:18:26] ⚠️ Row 395: Unparsable date → '2/10/2017 16:11'
[2025-08-20 14:18:26] ⚠️ Row 396: Unparsable date → '2/10/2017 17:57'
[2025-08-20 14:18:26] ⚠️ Row 397: Unparsable date → '3/11/2017 16:51'
[2025-08-20 14:18:26] ⚠️ Row 398: Unparsable date → '3/11/2017 17:08'
[2025-08-20 14:18:26] ⚠️ Row 399: Unparsable date → '3/23/2017 10:02'
[2025-08-20 14:18:27] ⚠️ Row 400: Unparsable date → '3/23/2017 10:49'
[2025-08-20 14:18:27] ⚠️ Row 401: Unparsable date → '5/10/2017 13:36'
[2025-08-20 14:18:27] ⚠️ Row 402: Unparsable date → '5/10/2017 15:09'
[2025-08-20 14:18:27] ⚠️ Row 403: Unparsable date → '5/27/2017 14:39'
[2025-08-20 14:18:27] ⚠️ Row 404: Unparsable date → '5/27/2017 15:13'
[2025-08-20 14:18:27] ⚠️ Row 405: Unparsable date → '5/28/2017 8:32'
[2025-08-20 14:18:27] ⚠️ Row 406: Unparsable date → '5/28/2017 9:08'
[2025-08-20 14:18:27] ⚠️ Row 407: Unparsable date → '5/28/2017 10:28'
[2025-08-20 14:18:27] ⚠️ Row 408: Unparsable date → '6/1/2017 9:23'
[2025-08-20 14:18:27] ⚠️ Row 409: Unparsable date → '6/1/2017 10:01'
[2025-08-20 14:18:27] ⚠️ Row 410: Unparsable date → '6/30/2017 8:46'
[2025-08-20 14:18:27] ⚠️ Row 411: Unparsable date → '6/30/2017 9:35'
[2025-08-20 14:18:27] ⚠️ Row 412: Unparsable date → '6/30/2017 10:49'
[2025-08-20 14:18:27] ⚠️ Row 413: Unparsable date → '6/30/2017 20:51'
[2025-08-20 14:18:27] ⚠️ Row 414: Unparsable date → '6/30/2017 20:59'
[2025-08-20 14:18:27] ⚠️ Row 415: Unparsable date → '6/30/2017 21:07'
[2025-08-20 14:18:27] ⚠️ Row 416: Unparsable date → '6/30/2017 21:14'
[2025-08-20 14:18:27] ⚠️ Row 417: Unparsable date → '6/30/2017 21:21'
[2025-08-20 14:18:27] ⚠️ Row 418: Unparsable date → '6/30/2017 21:26'
[2025-08-20 14:18:27] ⚠️ Row 419: Unparsable date → '7/1/2017 13:14'
[2025-08-20 14:18:27] ⚠️ Row 420: Unparsable date → '7/1/2017 14:58'
[2025-08-20 14:18:27] ⚠️ Row 421: Unparsable date → '7/1/2017 15:01'
[2025-08-20 14:18:27] ⚠️ Row 422: Unparsable date → '7/1/2017 15:09'
[2025-08-20 14:18:27] ⚠️ Row 423: Unparsable date → '7/1/2017 15:14'
[2025-08-20 14:18:27] ⚠️ Row 424: Unparsable date → '7/2/2017 14:48'
[2025-08-20 14:18:27] ⚠️ Row 425: Unparsable date → '7/2/2017 14:54'
[2025-08-20 14:18:27] ⚠️ Row 426: Unparsable date → '7/2/2017 14:59'
[2025-08-20 14:18:27] ⚠️ Row 427: Unparsable date → '7/2/2017 16:14'
[2025-08-20 14:18:27] ⚠️ Row 428: Unparsable date → '7/2/2017 16:18'
[2025-08-20 14:18:27] ⚠️ Row 429: Unparsable date → '7/2/2017 16:20'
[2025-08-20 14:18:27] ⚠️ Row 430: Unparsable date → '8/10/2017 8:18'
[2025-08-20 14:18:27] ⚠️ Row 431: Unparsable date → '8/10/2017 8:49'
[2025-08-20 14:18:27] ⚠️ Row 432: Unparsable date → '8/10/2017 12:28'
[2025-08-20 14:18:27] ⚠️ Row 433: Unparsable date → '8/11/2017 14:13'
[2025-08-20 14:18:27] ⚠️ Row 434: Unparsable date → '8/11/2017 14:23'
[2025-08-20 14:18:27] ⚠️ Row 435: Unparsable date → '8/14/2017 6:43'
[2025-08-20 14:18:27] ⚠️ Row 436: Unparsable date → '8/25/2017 9:12'
[2025-08-20 14:18:27] ⚠️ Row 437: Unparsable date → '8/25/2017 9:44'
[2025-08-20 14:18:27] ⚠️ Row 438: Unparsable date → 'None'
[2025-08-20 14:18:27] ⚠️ Row 439: Unparsable date → 'INSTANTBANK #'
[2025-08-20 14:18:27] ⚠️ Row 440: Unparsable date → '5/26/2019 6:38'
[2025-08-20 14:18:27] ⚠️ Row 441: Unparsable date → '5/26/2019 8:08'
[2025-08-20 14:18:27] ⚠️ Row 442: Unparsable date → '5/26/2019 10:01'
[2025-08-20 14:18:27] ⚠️ Row 443: Unparsable date → '3/16/2020 13:13'
[2025-08-20 14:18:27] ⚠️ Row 444: Unparsable date → '3/19/2020 19:59'
[2025-08-20 14:18:27] ⚠️ Row 445: Unparsable date → '6/26/2020 20:30'
[2025-08-20 14:18:27] ⚠️ Row 446: Unparsable date → '9/26/2021 15:59'
[2025-08-20 14:18:27] ⚠️ Row 447: Unparsable date → '9/26/2021 16:21'
[2025-08-20 14:18:27] ⚠️ Row 448: Unparsable date → '9/28/2021 13:50'
[2025-08-20 14:18:27] ⚠️ Row 449: Unparsable date → '9/28/2021 14:13'
[2025-08-20 14:18:27] ⚠️ Row 450: Unparsable date → '9/28/2021 14:31'
[2025-08-20 14:18:27] ⚠️ Row 451: Unparsable date → '9/28/2021 14:45'
[2025-08-20 14:18:27] ⚠️ Row 452: Unparsable date → 'None'
[2025-08-20 14:18:27] ⚠️ Row 453: Unparsable date → 'MASTERCARD #5***********1225'
[2025-08-20 14:18:27] ⚠️ Row 454: Unparsable date → '2/27/2013 12:46'
[2025-08-20 14:18:27] ⚠️ Row 455: Unparsable date → '4/29/2013 18:36'
[2025-08-20 14:18:27] ⚠️ Row 456: Unparsable date → '4/29/2013 18:51'
[2025-08-20 14:18:27] ⚠️ Row 457: Unparsable date → '5/31/2013 7:53'
[2025-08-20 14:18:27] ⚠️ Row 458: Unparsable date → '5/31/2013 15:23'
[2025-08-20 14:18:27] ⚠️ Row 459: Unparsable date → '6/1/2013 9:23'
[2025-08-20 14:18:27] ⚠️ Row 460: Unparsable date → '6/1/2013 12:14'
[2025-08-20 14:18:27] ⚠️ Row 461: Unparsable date → '6/1/2013 15:11'
[2025-08-20 14:18:27] ⚠️ Row 462: Unparsable date → '6/2/2013 9:56'
[2025-08-20 14:18:27] ⚠️ Row 463: Unparsable date → '6/2/2013 10:09'
[2025-08-20 14:18:27] ⚠️ Row 464: Unparsable date → '6/2/2013 11:05'
[2025-08-20 14:18:27] ⚠️ Row 465: Unparsable date → '6/3/2013 8:35'
[2025-08-20 14:18:27] ⚠️ Row 466: Unparsable date → '6/4/2013 6:58'
[2025-08-20 14:18:27] ⚠️ Row 467: Unparsable date → '6/30/2013 9:09'
[2025-08-20 14:18:27] ⚠️ Row 468: Unparsable date → '6/30/2013 10:13'
[2025-08-20 14:18:27] ⚠️ Row 469: Unparsable date → '7/1/2013 13:12'
[2025-08-20 14:18:27] ⚠️ Row 470: Unparsable date → '7/3/2013 12:57'
[2025-08-20 14:18:27] ⚠️ Row 471: Unparsable date → '7/28/2013 9:12'
[2025-08-20 14:18:27] ⚠️ Row 472: Unparsable date → '7/28/2013 10:41'
[2025-08-20 14:18:27] ⚠️ Row 473: Unparsable date → '7/28/2013 13:30'
[2025-08-20 14:18:27] ⚠️ Row 474: Unparsable date → '7/28/2013 16:02'
[2025-08-20 14:18:27] ⚠️ Row 475: Unparsable date → '7/28/2013 16:28'
[2025-08-20 14:18:27] ⚠️ Row 476: Unparsable date → '7/28/2013 18:16'
[2025-08-20 14:18:27] ⚠️ Row 477: Unparsable date → '7/28/2013 21:15'
[2025-08-20 14:18:27] ⚠️ Row 478: Unparsable date → '8/31/2013 10:32'
[2025-08-20 14:18:27] ⚠️ Row 479: Unparsable date → '9/4/2013 15:15'
[2025-08-20 14:18:27] ⚠️ Row 480: Unparsable date → '9/4/2013 15:20'
[2025-08-20 14:18:27] ⚠️ Row 481: Unparsable date → '9/4/2013 16:03'
[2025-08-20 14:18:27] ⚠️ Row 482: Unparsable date → '9/5/2013 7:53'
[2025-08-20 14:18:27] ⚠️ Row 483: Unparsable date → '9/5/2013 8:29'
[2025-08-20 14:18:27] ⚠️ Row 484: Unparsable date → '10/4/2013 17:24'
[2025-08-20 14:18:27] ⚠️ Row 485: Unparsable date → '11/13/2013 16:32'
[2025-08-20 14:18:27] ⚠️ Row 486: Unparsable date → '11/17/2013 9:22'
[2025-08-20 14:18:27] ⚠️ Row 487: Unparsable date → '12/13/2013 13:23'
[2025-08-20 14:18:27] ⚠️ Row 488: Unparsable date → '12/29/2013 8:23'
[2025-08-20 14:18:27] ⚠️ Row 489: Unparsable date → '12/29/2013 10:11'
[2025-08-20 14:18:27] ⚠️ Row 490: Unparsable date → '12/29/2013 10:44'
[2025-08-20 14:18:27] ⚠️ Row 491: Unparsable date → '12/29/2013 16:16'
[2025-08-20 14:18:27] ⚠️ Row 492: Unparsable date → '12/30/2013 12:49'
[2025-08-20 14:18:27] ⚠️ Row 493: Unparsable date → '12/30/2013 14:34'
[2025-08-20 14:18:27] ⚠️ Row 494: Unparsable date → '1/8/2014 14:01'
[2025-08-20 14:18:27] ⚠️ Row 495: Unparsable date → '1/8/2014 14:27'
[2025-08-20 14:18:27] ⚠️ Row 496: Unparsable date → '1/8/2014 16:54'
[2025-08-20 14:18:27] ⚠️ Row 497: Unparsable date → '1/29/2014 15:23'
[2025-08-20 14:18:27] ⚠️ Row 498: Unparsable date → '2/2/2014 13:43'
[2025-08-20 14:18:27] ⚠️ Row 499: Unparsable date → '3/2/2014 14:32'
[2025-08-20 14:18:27] ⚠️ Row 500: Unparsable date → '3/13/2014 17:52'
[2025-08-20 14:18:27] ⚠️ Row 501: Unparsable date → '3/13/2014 20:28'
[2025-08-20 14:18:27] ⚠️ Row 502: Unparsable date → '3/13/2014 20:36'
[2025-08-20 14:18:27] ⚠️ Row 503: Unparsable date → '3/13/2014 21:04'
[2025-08-20 14:18:27] ⚠️ Row 504: Unparsable date → '3/15/2014 11:09'
[2025-08-20 14:18:27] ⚠️ Row 505: Unparsable date → '3/15/2014 12:22'
[2025-08-20 14:18:27] ⚠️ Row 506: Unparsable date → '3/15/2014 17:55'
[2025-08-20 14:18:27] ⚠️ Row 507: Unparsable date → '3/19/2014 16:54'
[2025-08-20 14:18:27] ⚠️ Row 508: Unparsable date → '5/7/2014 14:12'
[2025-08-20 14:18:27] ⚠️ Row 509: Unparsable date → '5/11/2014 12:34'
[2025-08-20 14:18:27] ⚠️ Row 510: Unparsable date → '5/11/2014 14:43'
[2025-08-20 14:18:27] ⚠️ Row 511: Unparsable date → '5/11/2014 15:59'
[2025-08-20 14:18:27] ⚠️ Row 512: Unparsable date → '5/11/2014 17:18'
[2025-08-20 14:18:27] ⚠️ Row 513: Unparsable date → '5/27/2014 16:21'
[2025-08-20 14:18:27] ⚠️ Row 514: Unparsable date → '7/18/2014 7:58'
[2025-08-20 14:18:27] ⚠️ Row 515: Unparsable date → '7/18/2014 10:06'
[2025-08-20 14:18:27] ⚠️ Row 516: Unparsable date → '7/19/2014 12:55'
[2025-08-20 14:18:27] ⚠️ Row 517: Unparsable date → '7/23/2014 15:58'
[2025-08-20 14:18:27] ⚠️ Row 518: Unparsable date → '11/19/2014 17:10'
[2025-08-20 14:18:27] ⚠️ Row 519: Unparsable date → '11/26/2014 18:28'
[2025-08-20 14:18:27] ⚠️ Row 520: Unparsable date → '12/11/2014 4:25'
[2025-08-20 14:18:27] ⚠️ Row 521: Unparsable date → '12/15/2014 13:28'
[2025-08-20 14:18:27] ⚠️ Row 522: Unparsable date → '12/15/2014 13:42'
[2025-08-20 14:18:27] ⚠️ Row 523: Unparsable date → '4/22/2015 16:47'
[2025-08-20 14:18:27] ⚠️ Row 524: Unparsable date → '4/28/2015 17:32'
[2025-08-20 14:18:27] ⚠️ Row 525: Unparsable date → '5/4/2015 18:28'
[2025-08-20 14:18:27] ⚠️ Row 526: Unparsable date → '5/4/2015 18:55'
[2025-08-20 14:18:27] ⚠️ Row 527: Unparsable date → '5/6/2015 5:29'
[2025-08-20 14:18:27] ⚠️ Row 528: Unparsable date → '5/8/2015 19:14'
[2025-08-20 14:18:27] ⚠️ Row 529: Unparsable date → '5/8/2015 19:19'
[2025-08-20 14:18:27] ⚠️ Row 530: Unparsable date → '5/8/2015 19:27'
[2025-08-20 14:18:27] ⚠️ Row 531: Unparsable date → '5/8/2015 19:29'
[2025-08-20 14:18:27] ⚠️ Row 532: Unparsable date → '5/8/2015 19:37'
[2025-08-20 14:18:27] ⚠️ Row 533: Unparsable date → '5/8/2015 19:41'
[2025-08-20 14:18:27] ⚠️ Row 534: Unparsable date → '5/8/2015 19:50'
[2025-08-20 14:18:27] ⚠️ Row 535: Unparsable date → '5/11/2015 13:46'
[2025-08-20 14:18:27] ⚠️ Row 536: Unparsable date → '5/11/2015 15:35'
[2025-08-20 14:18:27] ⚠️ Row 537: Unparsable date → '5/11/2015 15:51'
[2025-08-20 14:18:27] ⚠️ Row 538: Unparsable date → '5/12/2015 15:42'
[2025-08-20 14:18:27] ⚠️ Row 539: Unparsable date → '5/12/2015 16:25'
[2025-08-20 14:18:27] ⚠️ Row 540: Unparsable date → '5/12/2015 16:30'
[2025-08-20 14:18:27] ⚠️ Row 541: Unparsable date → '5/17/2015 15:30'
[2025-08-20 14:18:27] ⚠️ Row 542: Unparsable date → '5/17/2015 16:29'
[2025-08-20 14:18:27] ⚠️ Row 543: Unparsable date → '5/20/2015 16:20'
[2025-08-20 14:18:27] ⚠️ Row 544: Unparsable date → '5/20/2015 16:31'
[2025-08-20 14:18:27] ⚠️ Row 545: Unparsable date → '5/20/2015 16:41'
[2025-08-20 14:18:27] ⚠️ Row 546: Unparsable date → '5/25/2015 14:23'
[2025-08-20 14:18:27] ⚠️ Row 547: Unparsable date → '6/3/2015 16:30'
[2025-08-20 14:18:27] ⚠️ Row 548: Unparsable date → '6/3/2015 18:48'
[2025-08-20 14:18:27] ⚠️ Row 549: Unparsable date → '6/30/2015 17:17'
[2025-08-20 14:18:27] ⚠️ Row 550: Unparsable date → '7/1/2015 18:12'
[2025-08-20 14:18:27] ⚠️ Row 551: Unparsable date → '7/1/2015 18:16'
[2025-08-20 14:18:27] ⚠️ Row 552: Unparsable date → '7/1/2015 18:20'
[2025-08-20 14:18:27] ⚠️ Row 553: Unparsable date → '7/1/2015 18:24'
[2025-08-20 14:18:27] ⚠️ Row 554: Unparsable date → '7/1/2015 18:29'
[2025-08-20 14:18:27] ⚠️ Row 555: Unparsable date → '7/1/2015 20:14'
[2025-08-20 14:18:27] ⚠️ Row 556: Unparsable date → '7/25/2015 15:55'
[2025-08-20 14:18:27] ⚠️ Row 557: Unparsable date → '7/26/2015 17:07'
[2025-08-20 14:18:27] ⚠️ Row 558: Unparsable date → '7/26/2015 17:12'
[2025-08-20 14:18:27] ⚠️ Row 559: Unparsable date → '7/26/2015 17:15'
[2025-08-20 14:18:27] ⚠️ Row 560: Unparsable date → '7/26/2015 17:18'
[2025-08-20 14:18:27] ⚠️ Row 561: Unparsable date → '7/26/2015 17:21'
[2025-08-20 14:18:27] ⚠️ Row 562: Unparsable date → '7/27/2015 14:27'
[2025-08-20 14:18:27] ⚠️ Row 563: Unparsable date → '7/27/2015 14:32'
[2025-08-20 14:18:27] ⚠️ Row 564: Unparsable date → '7/27/2015 17:23'
[2025-08-20 14:18:27] ⚠️ Row 565: Unparsable date → '7/27/2015 17:27'
[2025-08-20 14:18:27] ⚠️ Row 566: Unparsable date → '7/27/2015 17:29'
[2025-08-20 14:18:27] ⚠️ Row 567: Unparsable date → '7/29/2015 19:41'
[2025-08-20 14:18:27] ⚠️ Row 568: Unparsable date → '7/29/2015 19:44'
[2025-08-20 14:18:27] ⚠️ Row 569: Unparsable date → '7/29/2015 19:51'
[2025-08-20 14:18:27] ⚠️ Row 570: Unparsable date → '7/31/2015 13:00'
[2025-08-20 14:18:27] ⚠️ Row 571: Unparsable date → '8/30/2015 16:35'
[2025-08-20 14:18:27] ⚠️ Row 572: Unparsable date → '9/7/2015 7:11'
[2025-08-20 14:18:27] ⚠️ Row 573: Unparsable date → '9/7/2015 8:01'
[2025-08-20 14:18:27] ⚠️ Row 574: Unparsable date → '9/7/2015 8:10'
[2025-08-20 14:18:27] ⚠️ Row 575: Unparsable date → '9/7/2015 8:29'
[2025-08-20 14:18:27] ⚠️ Row 576: Unparsable date → '9/7/2015 9:32'
[2025-08-20 14:18:27] ⚠️ Row 577: Unparsable date → '9/7/2015 10:57'
[2025-08-20 14:18:27] ⚠️ Row 578: Unparsable date → '9/7/2015 11:03'
[2025-08-20 14:18:27] ⚠️ Row 579: Unparsable date → '9/7/2015 11:09'
[2025-08-20 14:18:27] ⚠️ Row 580: Unparsable date → '9/7/2015 12:48'
[2025-08-20 14:18:27] ⚠️ Row 581: Unparsable date → '9/7/2015 12:50'
[2025-08-20 14:18:27] ⚠️ Row 582: Unparsable date → '9/7/2015 13:55'
[2025-08-20 14:18:27] ⚠️ Row 583: Unparsable date → '9/7/2015 13:57'
[2025-08-20 14:18:27] ⚠️ Row 584: Unparsable date → '9/9/2015 8:04'
[2025-08-20 14:18:27] ⚠️ Row 585: Unparsable date → '9/9/2015 8:22'
[2025-08-20 14:18:27] ⚠️ Row 586: Unparsable date → '9/9/2015 9:07'
[2025-08-20 14:18:27] ⚠️ Row 587: Unparsable date → '10/27/2015 13:55'
[2025-08-20 14:18:27] ⚠️ Row 588: Unparsable date → '10/29/2015 9:37'
[2025-08-20 14:18:27] ⚠️ Row 589: Unparsable date → '10/29/2015 10:52'
[2025-08-20 14:18:27] ⚠️ Row 590: Unparsable date → '12/6/2015 18:35'
[2025-08-20 14:18:27] ⚠️ Row 591: Unparsable date → '12/6/2015 18:43'
[2025-08-20 14:18:27] ⚠️ Row 592: Unparsable date → '12/6/2015 18:45'
[2025-08-20 14:18:27] ⚠️ Row 593: Unparsable date → '12/6/2015 18:50'
[2025-08-20 14:18:27] ⚠️ Row 594: Unparsable date → '12/6/2015 18:55'
[2025-08-20 14:18:27] ⚠️ Row 595: Unparsable date → '12/8/2015 15:29'
[2025-08-20 14:18:27] ⚠️ Row 596: Unparsable date → '12/8/2015 18:02'
[2025-08-20 14:18:27] ⚠️ Row 597: Unparsable date → '12/8/2015 18:06'
[2025-08-20 14:18:27] ⚠️ Row 598: Unparsable date → '12/9/2015 18:29'
[2025-08-20 14:18:27] ⚠️ Row 599: Unparsable date → '12/28/2015 13:30'
[2025-08-20 14:18:27] ⚠️ Row 600: Unparsable date → '12/28/2015 13:33'
[2025-08-20 14:18:27] ⚠️ Row 601: Unparsable date → '12/28/2015 13:38'
[2025-08-20 14:18:27] ⚠️ Row 602: Unparsable date → '1/24/2016 15:30'
[2025-08-20 14:18:27] ⚠️ Row 603: Unparsable date → '1/26/2016 15:35'
[2025-08-20 14:18:27] ⚠️ Row 604: Unparsable date → '1/26/2016 15:47'
[2025-08-20 14:18:27] ⚠️ Row 605: Unparsable date → '1/26/2016 17:26'
[2025-08-20 14:18:27] ⚠️ Row 606: Unparsable date → '2/19/2016 10:43'
[2025-08-20 14:18:27] ⚠️ Row 607: Unparsable date → '2/20/2016 6:05'
[2025-08-20 14:18:27] ⚠️ Row 608: Unparsable date → '2/20/2016 9:41'
[2025-08-20 14:18:27] ⚠️ Row 609: Unparsable date → '2/20/2016 9:46'
[2025-08-20 14:18:27] ⚠️ Row 610: Unparsable date → '2/20/2016 9:49'
[2025-08-20 14:18:27] ⚠️ Row 611: Unparsable date → '2/20/2016 9:52'
[2025-08-20 14:18:27] ⚠️ Row 612: Unparsable date → '2/20/2016 9:56'
[2025-08-20 14:18:27] ⚠️ Row 613: Unparsable date → '2/20/2016 10:00'
[2025-08-20 14:18:27] ⚠️ Row 614: Unparsable date → '2/20/2016 10:02'
[2025-08-20 14:18:27] ⚠️ Row 615: Unparsable date → '2/20/2016 10:04'
[2025-08-20 14:18:27] ⚠️ Row 616: Unparsable date → '2/20/2016 10:07'
[2025-08-20 14:18:27] ⚠️ Row 617: Unparsable date → '2/20/2016 10:34'
[2025-08-20 14:18:27] ⚠️ Row 618: Unparsable date → '2/20/2016 10:37'
[2025-08-20 14:18:27] ⚠️ Row 619: Unparsable date → '2/20/2016 10:52'
[2025-08-20 14:18:27] ⚠️ Row 620: Unparsable date → '2/20/2016 10:56'
[2025-08-20 14:18:27] ⚠️ Row 621: Unparsable date → '2/21/2016 18:42'
[2025-08-20 14:18:27] ⚠️ Row 622: Unparsable date → '2/21/2016 18:58'
[2025-08-20 14:18:27] ⚠️ Row 623: Unparsable date → '2/21/2016 19:03'
[2025-08-20 14:18:27] ⚠️ Row 624: Unparsable date → '2/21/2016 19:07'
[2025-08-20 14:18:27] ⚠️ Row 625: Unparsable date → '2/21/2016 19:11'
[2025-08-20 14:18:27] ⚠️ Row 626: Unparsable date → '2/21/2016 19:16'
[2025-08-20 14:18:27] ⚠️ Row 627: Unparsable date → '2/23/2016 19:02'
[2025-08-20 14:18:27] ⚠️ Row 628: Unparsable date → '2/23/2016 19:05'
[2025-08-20 14:18:27] ⚠️ Row 629: Unparsable date → '2/23/2016 19:14'
[2025-08-20 14:18:27] ⚠️ Row 630: Unparsable date → '2/23/2016 19:17'
[2025-08-20 14:18:27] ⚠️ Row 631: Unparsable date → '2/23/2016 19:18'
[2025-08-20 14:18:27] ⚠️ Row 632: Unparsable date → '2/23/2016 19:20'
[2025-08-20 14:18:27] ⚠️ Row 633: Unparsable date → '2/28/2016 7:44'
[2025-08-20 14:18:27] ⚠️ Row 634: Unparsable date → '3/9/2016 5:10'
[2025-08-20 14:18:27] ⚠️ Row 635: Unparsable date → '3/12/2016 15:41'
[2025-08-20 14:18:27] ⚠️ Row 636: Unparsable date → '3/12/2016 17:39'
[2025-08-20 14:18:27] ⚠️ Row 637: Unparsable date → '3/12/2016 17:43'
[2025-08-20 14:18:27] ⚠️ Row 638: Unparsable date → '3/12/2016 17:45'
[2025-08-20 14:18:27] ⚠️ Row 639: Unparsable date → '3/13/2016 15:21'
[2025-08-20 14:18:27] ⚠️ Row 640: Unparsable date → '4/9/2016 12:08'
[2025-08-20 14:18:27] ⚠️ Row 641: Unparsable date → '4/9/2016 14:25'
[2025-08-20 14:18:27] ⚠️ Row 642: Unparsable date → '4/9/2016 15:56'
[2025-08-20 14:18:27] ⚠️ Row 643: Unparsable date → '4/12/2016 14:43'
[2025-08-20 14:18:27] ⚠️ Row 644: Unparsable date → '4/13/2016 7:21'
[2025-08-20 14:18:27] ⚠️ Row 645: Unparsable date → '4/13/2016 10:08'
[2025-08-20 14:18:27] ⚠️ Row 646: Unparsable date → '4/13/2016 14:41'
[2025-08-20 14:18:27] ⚠️ Row 647: Unparsable date → '4/13/2016 14:51'
[2025-08-20 14:18:27] ⚠️ Row 648: Unparsable date → '4/13/2016 16:57'
[2025-08-20 14:18:27] ⚠️ Row 649: Unparsable date → '4/13/2016 17:28'
[2025-08-20 14:18:27] ⚠️ Row 650: Unparsable date → '4/14/2016 9:31'
[2025-08-20 14:18:27] ⚠️ Row 651: Unparsable date → '4/18/2016 12:34'
[2025-08-20 14:18:27] ⚠️ Row 652: Unparsable date → '4/20/2016 3:53'
[2025-08-20 14:18:27] ⚠️ Row 653: Unparsable date → '4/20/2016 11:09'
[2025-08-20 14:18:27] ⚠️ Row 654: Unparsable date → '5/4/2016 16:42'
[2025-08-20 14:18:27] ⚠️ Row 655: Unparsable date → '5/5/2016 5:04'
[2025-08-20 14:18:27] ⚠️ Row 656: Unparsable date → '5/5/2016 10:37'
[2025-08-20 14:18:27] ⚠️ Row 657: Unparsable date → '5/7/2016 6:48'
[2025-08-20 14:18:27] ⚠️ Row 658: Unparsable date → '5/7/2016 15:28'
[2025-08-20 14:18:27] ⚠️ Row 659: Unparsable date → '5/8/2016 16:29'
[2025-08-20 14:18:27] ⚠️ Row 660: Unparsable date → '5/17/2016 14:41'
[2025-08-20 14:18:27] ⚠️ Row 661: Unparsable date → '5/18/2016 5:05'
[2025-08-20 14:18:27] ⚠️ Row 662: Unparsable date → '5/18/2016 13:33'
[2025-08-20 14:18:27] ⚠️ Row 663: Unparsable date → '5/18/2016 14:02'
[2025-08-20 14:18:27] ⚠️ Row 664: Unparsable date → '5/18/2016 14:11'
[2025-08-20 14:18:27] ⚠️ Row 665: Unparsable date → '5/20/2016 14:23'
[2025-08-20 14:18:27] ⚠️ Row 666: Unparsable date → '5/21/2016 8:15'
[2025-08-20 14:18:27] ⚠️ Row 667: Unparsable date → '5/21/2016 10:33'
[2025-08-20 14:18:27] ⚠️ Row 668: Unparsable date → '5/21/2016 10:49'
[2025-08-20 14:18:27] ⚠️ Row 669: Unparsable date → '5/21/2016 16:38'
[2025-08-20 14:18:27] ⚠️ Row 670: Unparsable date → '5/22/2016 13:54'
[2025-08-20 14:18:27] ⚠️ Row 671: Unparsable date → '5/22/2016 14:11'
[2025-08-20 14:18:27] ⚠️ Row 672: Unparsable date → '5/24/2016 9:34'
[2025-08-20 14:18:27] ⚠️ Row 673: Unparsable date → '5/24/2016 9:35'
[2025-08-20 14:18:27] ⚠️ Row 674: Unparsable date → '5/24/2016 15:27'
[2025-08-20 14:18:27] ⚠️ Row 675: Unparsable date → '5/24/2016 15:40'
[2025-08-20 14:18:27] ⚠️ Row 676: Unparsable date → '5/24/2016 16:58'
[2025-08-20 14:18:27] ⚠️ Row 677: Unparsable date → '5/24/2016 17:42'
[2025-08-20 14:18:27] ⚠️ Row 678: Unparsable date → '5/25/2016 11:40'
[2025-08-20 14:18:27] ⚠️ Row 679: Unparsable date → '5/28/2016 14:02'
[2025-08-20 14:18:27] ⚠️ Row 680: Unparsable date → '5/28/2016 14:04'
[2025-08-20 14:18:27] ⚠️ Row 681: Unparsable date → '5/28/2016 16:48'
[2025-08-20 14:18:27] ⚠️ Row 682: Unparsable date → '5/28/2016 18:05'
[2025-08-20 14:18:27] ⚠️ Row 683: Unparsable date → '5/29/2016 13:20'
[2025-08-20 14:18:27] ⚠️ Row 684: Unparsable date → '5/29/2016 13:22'
[2025-08-20 14:18:27] ⚠️ Row 685: Unparsable date → '5/30/2016 13:40'
[2025-08-20 14:18:27] ⚠️ Row 686: Unparsable date → '5/30/2016 13:56'
[2025-08-20 14:18:27] ⚠️ Row 687: Unparsable date → '6/7/2016 12:18'
[2025-08-20 14:18:27] ⚠️ Row 688: Unparsable date → '6/10/2016 5:51'
[2025-08-20 14:18:27] ⚠️ Row 689: Unparsable date → '6/10/2016 9:24'
[2025-08-20 14:18:27] ⚠️ Row 690: Unparsable date → '6/10/2016 14:41'
[2025-08-20 14:18:27] ⚠️ Row 691: Unparsable date → '6/10/2016 15:53'
[2025-08-20 14:18:27] ⚠️ Row 692: Unparsable date → '6/13/2016 16:16'
[2025-08-20 14:18:27] ⚠️ Row 693: Unparsable date → '6/17/2016 5:23'
[2025-08-20 14:18:27] ⚠️ Row 694: Unparsable date → '6/17/2016 8:40'
[2025-08-20 14:18:27] ⚠️ Row 695: Unparsable date → '6/17/2016 11:06'
[2025-08-20 14:18:27] ⚠️ Row 696: Unparsable date → '6/17/2016 14:58'
[2025-08-20 14:18:27] ⚠️ Row 697: Unparsable date → '6/18/2016 12:05'
[2025-08-20 14:18:27] ⚠️ Row 698: Unparsable date → '6/18/2016 13:17'
[2025-08-20 14:18:27] ⚠️ Row 699: Unparsable date → '6/19/2016 12:58'
[2025-08-20 14:18:27] ⚠️ Row 700: Unparsable date → '6/20/2016 7:20'
[2025-08-20 14:18:27] ⚠️ Row 701: Unparsable date → '6/20/2016 15:35'
[2025-08-20 14:18:27] ⚠️ Row 702: Unparsable date → '6/21/2016 8:28'
[2025-08-20 14:18:27] ⚠️ Row 703: Unparsable date → '6/21/2016 18:06'
[2025-08-20 14:18:27] ⚠️ Row 704: Unparsable date → '6/21/2016 18:12'
[2025-08-20 14:18:27] ⚠️ Row 705: Unparsable date → '6/22/2016 8:35'
[2025-08-20 14:18:27] ⚠️ Row 706: Unparsable date → '6/22/2016 15:51'
[2025-08-20 14:18:27] ⚠️ Row 707: Unparsable date → '6/25/2016 14:03'
[2025-08-20 14:18:27] ⚠️ Row 708: Unparsable date → '6/25/2016 15:51'
[2025-08-20 14:18:27] ⚠️ Row 709: Unparsable date → '6/26/2016 6:43'
[2025-08-20 14:18:27] ⚠️ Row 710: Unparsable date → '6/30/2016 17:08'
[2025-08-20 14:18:27] ⚠️ Row 711: Unparsable date → '7/1/2016 14:55'
[2025-08-20 14:18:27] ⚠️ Row 712: Unparsable date → '7/5/2016 9:30'
[2025-08-20 14:18:27] ⚠️ Row 713: Unparsable date → '7/6/2016 15:24'
[2025-08-20 14:18:27] ⚠️ Row 714: Unparsable date → '7/7/2016 14:09'
[2025-08-20 14:18:27] ⚠️ Row 715: Unparsable date → '7/7/2016 14:15'
[2025-08-20 14:18:27] ⚠️ Row 716: Unparsable date → '7/7/2016 14:51'
[2025-08-20 14:18:27] ⚠️ Row 717: Unparsable date → '8/8/2016 10:42'
[2025-08-20 14:18:27] ⚠️ Row 718: Unparsable date → '8/9/2016 14:08'
[2025-08-20 14:18:27] ⚠️ Row 719: Unparsable date → '8/12/2016 3:31'
[2025-08-20 14:18:27] ⚠️ Row 720: Unparsable date → '8/13/2016 4:49'
[2025-08-20 14:18:27] ⚠️ Row 721: Unparsable date → '8/13/2016 11:52'
[2025-08-20 14:18:27] ⚠️ Row 722: Unparsable date → '8/21/2016 12:24'
[2025-08-20 14:18:27] ⚠️ Row 723: Unparsable date → '9/3/2016 16:15'
[2025-08-20 14:18:27] ⚠️ Row 724: Unparsable date → '9/3/2016 17:31'
[2025-08-20 14:18:27] ⚠️ Row 725: Unparsable date → '9/4/2016 13:56'
[2025-08-20 14:18:27] ⚠️ Row 726: Unparsable date → '9/4/2016 15:39'
[2025-08-20 14:18:27] ⚠️ Row 727: Unparsable date → '9/4/2016 16:46'
[2025-08-20 14:18:27] ⚠️ Row 728: Unparsable date → '9/5/2016 9:40'
[2025-08-20 14:18:27] ⚠️ Row 729: Unparsable date → '9/5/2016 9:47'
[2025-08-20 14:18:27] ⚠️ Row 730: Unparsable date → '9/5/2016 14:19'
[2025-08-20 14:18:27] ⚠️ Row 731: Unparsable date → '9/5/2016 15:46'
[2025-08-20 14:18:27] ⚠️ Row 732: Unparsable date → '9/6/2016 9:45'
[2025-08-20 14:18:27] ⚠️ Row 733: Unparsable date → '9/27/2016 10:12'
[2025-08-20 14:18:27] ⚠️ Row 734: Unparsable date → 'None'
[2025-08-20 14:18:27] ⚠️ Row 735: Unparsable date → 'MASTERCARD #5***********c120'
[2025-08-20 14:18:27] ⚠️ Row 736: Unparsable date → '5/18/2012 10:33'
[2025-08-20 14:18:27] ⚠️ Row 737: Unparsable date → '7/11/2012 14:05'
[2025-08-20 14:18:27] ⚠️ Row 738: Unparsable date → 'None'
[2025-08-20 14:18:27] ⚠️ Row 739: Unparsable date → 'RTBT #'
[2025-08-20 14:18:27] ⚠️ Row 740: Unparsable date → '4/16/2007 8:50'
[2025-08-20 14:18:27] ⚠️ Row 741: Unparsable date → '4/25/2007 13:02'
[2025-08-20 14:18:27] ⚠️ Row 742: Unparsable date → '4/26/2007 17:52'
[2025-08-20 14:18:27] ⚠️ Row 743: Unparsable date → '4/26/2007 18:24'
[2025-08-20 14:18:27] ⚠️ Row 744: Unparsable date → '4/30/2007 17:37'
[2025-08-20 14:18:27] ⚠️ Row 745: Unparsable date → '4/30/2007 18:09'
[2025-08-20 14:18:27] ⚠️ Row 746: Unparsable date → '5/1/2007 13:39'
[2025-08-20 14:18:27] ⚠️ Row 747: Unparsable date → '5/8/2007 22:28'
[2025-08-20 14:18:27] ⚠️ Row 748: Unparsable date → '7/4/2007 20:55'
[2025-08-20 14:18:27] ⚠️ Row 749: Unparsable date → '7/8/2007 18:14'
[2025-08-20 14:18:27] ⚠️ Row 750: Unparsable date → '7/30/2007 10:57'
[2025-08-20 14:18:27] ⚠️ Row 751: Unparsable date → '8/10/2007 10:57'
[2025-08-20 14:18:27] ⚠️ Row 752: Unparsable date → '9/23/2007 20:11'
[2025-08-20 14:18:27] ⚠️ Row 753: Unparsable date → '11/8/2007 16:34'
[2025-08-20 14:18:27] ⚠️ Row 754: Unparsable date → '11/10/2007 8:49'
[2025-08-20 14:18:27] ⚠️ Row 755: Unparsable date → '11/11/2007 18:57'
[2025-08-20 14:18:27] ⚠️ Row 756: Unparsable date → '11/16/2007 19:01'
[2025-08-20 14:18:27] ⚠️ Row 757: Unparsable date → '11/20/2007 13:47'
[2025-08-20 14:18:28] ⚠️ Row 758: Unparsable date → '11/23/2007 19:03'
[2025-08-20 14:18:28] ⚠️ Row 759: Unparsable date → '12/6/2007 13:35'
[2025-08-20 14:18:28] ⚠️ Row 760: Unparsable date → '12/20/2007 12:52'
[2025-08-20 14:18:28] ⚠️ Row 761: Unparsable date → '12/23/2007 12:48'
[2025-08-20 14:18:28] ⚠️ Row 762: Unparsable date → '12/29/2007 14:59'
[2025-08-20 14:18:28] ⚠️ Row 763: Unparsable date → '1/22/2008 14:47'
[2025-08-20 14:18:28] ⚠️ Row 764: Unparsable date → '2/11/2008 7:57'
[2025-08-20 14:18:28] ⚠️ Row 765: Unparsable date → '2/11/2008 8:56'
[2025-08-20 14:18:28] ⚠️ Row 766: Unparsable date → '2/15/2008 12:37'
[2025-08-20 14:18:28] ⚠️ Row 767: Unparsable date → '2/19/2008 12:55'
[2025-08-20 14:18:28] ⚠️ Row 768: Unparsable date → '2/22/2008 19:20'
[2025-08-20 14:18:28] ⚠️ Row 769: Unparsable date → '2/25/2008 14:00'
[2025-08-20 14:18:28] ⚠️ Row 770: Unparsable date → '3/3/2008 7:59'
[2025-08-20 14:18:28] ⚠️ Row 771: Unparsable date → '3/3/2008 8:25'
[2025-08-20 14:18:28] ⚠️ Row 772: Unparsable date → '3/9/2008 20:54'
[2025-08-20 14:18:28] ⚠️ Row 773: Unparsable date → '3/10/2008 8:14'
[2025-08-20 14:18:28] ⚠️ Row 774: Unparsable date → '3/24/2008 11:18'
[2025-08-20 14:18:28] ⚠️ Row 775: Unparsable date → '4/2/2008 17:34'
[2025-08-20 14:18:28] ⚠️ Row 776: Unparsable date → '4/5/2008 10:32'
[2025-08-20 14:18:28] ⚠️ Row 777: Unparsable date → '5/1/2008 8:58'
[2025-08-20 14:18:28] ⚠️ Row 778: Unparsable date → '5/4/2008 8:30'
[2025-08-20 14:18:28] ⚠️ Row 779: Unparsable date → '6/23/2008 9:12'
[2025-08-20 14:18:28] ⚠️ Row 780: Unparsable date → '6/29/2008 19:01'
[2025-08-20 14:18:28] ⚠️ Row 781: Unparsable date → '6/29/2008 20:13'
[2025-08-20 14:18:28] ⚠️ Row 782: Unparsable date → '7/30/2008 16:51'
[2025-08-20 14:18:28] ⚠️ Row 783: Unparsable date → '7/31/2008 8:13'
[2025-08-20 14:18:28] ⚠️ Row 784: Unparsable date → '8/1/2008 8:06'
[2025-08-20 14:18:28] ⚠️ Row 785: Unparsable date → '8/10/2008 9:43'
[2025-08-20 14:18:28] ⚠️ Row 786: Unparsable date → '8/20/2008 14:01'
[2025-08-20 14:18:28] ⚠️ Row 787: Unparsable date → '8/25/2008 8:11'
[2025-08-20 14:18:28] ⚠️ Row 788: Unparsable date → '8/29/2008 10:10'
[2025-08-20 14:18:28] ⚠️ Row 789: Unparsable date → '9/5/2008 15:15'
[2025-08-20 14:18:28] ⚠️ Row 790: Unparsable date → '9/6/2008 11:15'
[2025-08-20 14:18:28] ⚠️ Row 791: Unparsable date → '9/7/2008 19:12'
[2025-08-20 14:18:28] ⚠️ Row 792: Unparsable date → '9/11/2008 17:45'
[2025-08-20 14:18:28] ⚠️ Row 793: Unparsable date → '9/11/2008 21:00'
[2025-08-20 14:18:28] ⚠️ Row 794: Unparsable date → '9/12/2008 7:59'
[2025-08-20 14:18:28] ⚠️ Row 795: Unparsable date → '9/13/2008 11:39'
[2025-08-20 14:18:28] ⚠️ Row 796: Unparsable date → '9/22/2008 7:54'
[2025-08-20 14:18:28] ⚠️ Row 797: Unparsable date → '9/22/2008 9:39'
[2025-08-20 14:18:28] ⚠️ Row 798: Unparsable date → '9/28/2008 19:14'
[2025-08-20 14:18:28] ⚠️ Row 799: Unparsable date → '9/29/2008 9:45'
[2025-08-20 14:18:28] ⚠️ Row 800: Unparsable date → '10/10/2008 9:05'
[2025-08-20 14:18:28] ⚠️ Row 801: Unparsable date → '10/12/2008 15:36'
[2025-08-20 14:18:28] ⚠️ Row 802: Unparsable date → '10/12/2008 19:13'
[2025-08-20 14:18:28] ⚠️ Row 803: Unparsable date → '10/19/2008 19:31'
[2025-08-20 14:18:28] ⚠️ Row 804: Unparsable date → '10/26/2008 19:01'
[2025-08-20 14:18:28] ⚠️ Row 805: Unparsable date → '10/27/2008 9:37'
[2025-08-20 14:18:28] ⚠️ Row 806: Unparsable date → '11/3/2008 9:19'
[2025-08-20 14:18:28] ⚠️ Row 807: Unparsable date → '11/20/2008 13:43'
[2025-08-20 14:18:28] ⚠️ Row 808: Unparsable date → '11/27/2008 12:58'
[2025-08-20 14:18:28] ⚠️ Row 809: Unparsable date → '11/27/2008 18:11'
[2025-08-20 14:18:28] ⚠️ Row 810: Unparsable date → '11/30/2008 21:02'
[2025-08-20 14:18:28] ⚠️ Row 811: Unparsable date → '12/5/2008 9:28'
[2025-08-20 14:18:28] ⚠️ Row 812: Unparsable date → '12/5/2008 10:42'
[2025-08-20 14:18:28] ⚠️ Row 813: Unparsable date → '12/6/2008 7:52'
[2025-08-20 14:18:28] ⚠️ Row 814: Unparsable date → '12/8/2008 7:55'
[2025-08-20 14:18:28] ⚠️ Row 815: Unparsable date → '12/8/2008 9:24'
[2025-08-20 14:18:28] ⚠️ Row 816: Unparsable date → '12/8/2008 9:38'
[2025-08-20 14:18:28] ⚠️ Row 817: Unparsable date → '12/8/2008 11:24'
[2025-08-20 14:18:28] ⚠️ Row 818: Unparsable date → '12/8/2008 11:34'
[2025-08-20 14:18:28] ⚠️ Row 819: Unparsable date → '12/8/2008 12:27'
[2025-08-20 14:18:28] ⚠️ Row 820: Unparsable date → '12/14/2008 9:48'
[2025-08-20 14:18:28] ⚠️ Row 821: Unparsable date → '12/14/2008 19:56'
[2025-08-20 14:18:28] ⚠️ Row 822: Unparsable date → '12/22/2008 7:57'
[2025-08-20 14:18:28] ⚠️ Row 823: Unparsable date → '12/22/2008 8:41'
[2025-08-20 14:18:28] ⚠️ Row 824: Unparsable date → '12/22/2008 8:45'
[2025-08-20 14:18:28] ⚠️ Row 825: Unparsable date → '12/22/2008 9:02'
[2025-08-20 14:18:28] ⚠️ Row 826: Unparsable date → '12/29/2008 12:01'
[2025-08-20 14:18:28] ⚠️ Row 827: Unparsable date → '12/29/2008 13:13'
[2025-08-20 14:18:28] ⚠️ Row 828: Unparsable date → '12/29/2008 17:30'
[2025-08-20 14:18:28] ⚠️ Row 829: Unparsable date → '1/1/2009 19:14'
[2025-08-20 14:18:28] ⚠️ Row 830: Unparsable date → '1/5/2009 10:58'
[2025-08-20 14:18:28] ⚠️ Row 831: Unparsable date → '1/5/2009 13:10'
[2025-08-20 14:18:28] ⚠️ Row 832: Unparsable date → '1/26/2009 9:12'
[2025-08-20 14:18:28] ⚠️ Row 833: Unparsable date → '2/1/2009 12:08'
[2025-08-20 14:18:28] ⚠️ Row 834: Unparsable date → '2/1/2009 15:58'
[2025-08-20 14:18:28] ⚠️ Row 835: Unparsable date → '2/2/2009 11:45'
[2025-08-20 14:18:28] ⚠️ Row 836: Unparsable date → '2/7/2009 9:42'
[2025-08-20 14:18:28] ⚠️ Row 837: Unparsable date → '2/7/2009 12:12'
[2025-08-20 14:18:28] ⚠️ Row 838: Unparsable date → '2/15/2009 13:07'
[2025-08-20 14:18:28] ⚠️ Row 839: Unparsable date → '2/20/2009 13:30'
[2025-08-20 14:18:28] ⚠️ Row 840: Unparsable date → '2/20/2009 13:46'
[2025-08-20 14:18:28] ⚠️ Row 841: Unparsable date → '3/3/2009 13:20'
[2025-08-20 14:18:28] ⚠️ Row 842: Unparsable date → '3/4/2009 13:09'
[2025-08-20 14:18:28] ⚠️ Row 843: Unparsable date → '3/7/2009 9:25'
[2025-08-20 14:18:28] ⚠️ Row 844: Unparsable date → '3/7/2009 16:50'
[2025-08-20 14:18:28] ⚠️ Row 845: Unparsable date → '3/9/2009 13:06'
[2025-08-20 14:18:28] ⚠️ Row 846: Unparsable date → '3/13/2009 14:27'
[2025-08-20 14:18:28] ⚠️ Row 847: Unparsable date → '3/20/2009 13:38'
[2025-08-20 14:18:28] ⚠️ Row 848: Unparsable date → '3/22/2009 11:42'
[2025-08-20 14:18:28] ⚠️ Row 849: Unparsable date → '3/26/2009 17:51'
[2025-08-20 14:18:28] ⚠️ Row 850: Unparsable date → '4/1/2009 18:02'
[2025-08-20 14:18:28] ⚠️ Row 851: Unparsable date → '4/2/2009 18:48'
[2025-08-20 14:18:28] ⚠️ Row 852: Unparsable date → '4/12/2009 12:14'
[2025-08-20 14:18:28] ⚠️ Row 853: Unparsable date → '4/20/2009 11:48'
[2025-08-20 14:18:28] ⚠️ Row 854: Unparsable date → '4/21/2009 13:18'
[2025-08-20 14:18:28] ⚠️ Row 855: Unparsable date → '4/22/2009 18:16'
[2025-08-20 14:18:28] ⚠️ Row 856: Unparsable date → '4/23/2009 6:27'
[2025-08-20 14:18:28] ⚠️ Row 857: Unparsable date → '4/23/2009 10:00'
[2025-08-20 14:18:28] ⚠️ Row 858: Unparsable date → '4/26/2009 12:33'
[2025-08-20 14:18:28] ⚠️ Row 859: Unparsable date → '4/27/2009 8:26'
[2025-08-20 14:18:28] ⚠️ Row 860: Unparsable date → '4/30/2009 15:59'
[2025-08-20 14:18:28] ⚠️ Row 861: Unparsable date → '4/30/2009 16:53'
[2025-08-20 14:18:28] ⚠️ Row 862: Unparsable date → '5/1/2009 17:09'
[2025-08-20 14:18:28] ⚠️ Row 863: Unparsable date → '5/2/2009 12:57'
[2025-08-20 14:18:28] ⚠️ Row 864: Unparsable date → '5/2/2009 16:55'
[2025-08-20 14:18:28] ⚠️ Row 865: Unparsable date → '5/3/2009 19:03'
[2025-08-20 14:18:28] ⚠️ Row 866: Unparsable date → '5/4/2009 16:56'
[2025-08-20 14:18:28] ⚠️ Row 867: Unparsable date → '5/4/2009 18:58'
[2025-08-20 14:18:28] ⚠️ Row 868: Unparsable date → '5/4/2009 20:03'
[2025-08-20 14:18:28] ⚠️ Row 869: Unparsable date → '5/15/2009 15:02'
[2025-08-20 14:18:28] ⚠️ Row 870: Unparsable date → '5/16/2009 7:03'
[2025-08-20 14:18:28] ⚠️ Row 871: Unparsable date → '5/17/2009 14:03'
[2025-08-20 14:18:28] ⚠️ Row 872: Unparsable date → '5/17/2009 14:19'
[2025-08-20 14:18:28] ⚠️ Row 873: Unparsable date → '5/17/2009 14:57'
[2025-08-20 14:18:28] ⚠️ Row 874: Unparsable date → '5/17/2009 16:56'
[2025-08-20 14:18:28] ⚠️ Row 875: Unparsable date → '5/22/2009 15:04'
[2025-08-20 14:18:28] ⚠️ Row 876: Unparsable date → '5/22/2009 16:52'
[2025-08-20 14:18:28] ⚠️ Row 877: Unparsable date → '5/24/2009 9:52'
[2025-08-20 14:18:28] ⚠️ Row 878: Unparsable date → '5/24/2009 16:50'
[2025-08-20 14:18:28] ⚠️ Row 879: Unparsable date → '6/8/2009 8:03'
[2025-08-20 14:18:28] ⚠️ Row 880: Unparsable date → '6/22/2009 7:59'
[2025-08-20 14:18:28] ⚠️ Row 881: Unparsable date → '7/6/2009 6:00'
[2025-08-20 14:18:28] ⚠️ Row 882: Unparsable date → '7/26/2009 13:59'
[2025-08-20 14:18:28] ⚠️ Row 883: Unparsable date → '7/26/2009 14:54'
[2025-08-20 14:18:28] ⚠️ Row 884: Unparsable date → '7/28/2009 16:41'
[2025-08-20 14:18:28] ⚠️ Row 885: Unparsable date → '7/28/2009 17:04'
[2025-08-20 14:18:28] ⚠️ Row 886: Unparsable date → '7/29/2009 9:37'
[2025-08-20 14:18:28] ⚠️ Row 887: Unparsable date → '8/2/2009 19:39'
[2025-08-20 14:18:28] ⚠️ Row 888: Unparsable date → '8/2/2009 19:42'
[2025-08-20 14:18:28] ⚠️ Row 889: Unparsable date → '8/3/2009 7:55'
[2025-08-20 14:18:28] ⚠️ Row 890: Unparsable date → '8/3/2009 12:58'
[2025-08-20 14:18:28] ⚠️ Row 891: Unparsable date → '8/3/2009 14:08'
[2025-08-20 14:18:28] ⚠️ Row 892: Unparsable date → '8/13/2009 16:33'
[2025-08-20 14:18:28] ⚠️ Row 893: Unparsable date → '8/14/2009 8:07'
[2025-08-20 14:18:28] ⚠️ Row 894: Unparsable date → '8/14/2009 12:53'
[2025-08-20 14:18:28] ⚠️ Row 895: Unparsable date → '8/14/2009 14:00'
[2025-08-20 14:18:28] ⚠️ Row 896: Unparsable date → '8/17/2009 17:01'
[2025-08-20 14:18:28] ⚠️ Row 897: Unparsable date → '8/19/2009 8:45'
[2025-08-20 14:18:28] ⚠️ Row 898: Unparsable date → '8/21/2009 8:04'
[2025-08-20 14:18:28] ⚠️ Row 899: Unparsable date → '8/23/2009 17:09'
[2025-08-20 14:18:28] ⚠️ Row 900: Unparsable date → '8/23/2009 17:41'
[2025-08-20 14:18:28] ⚠️ Row 901: Unparsable date → '8/23/2009 19:25'
[2025-08-20 14:18:28] ⚠️ Row 902: Unparsable date → '8/23/2009 20:17'
[2025-08-20 14:18:28] ⚠️ Row 903: Unparsable date → '8/29/2009 13:55'
[2025-08-20 14:18:28] ⚠️ Row 904: Unparsable date → '8/29/2009 16:22'
[2025-08-20 14:18:28] ⚠️ Row 905: Unparsable date → '8/29/2009 17:17'
[2025-08-20 14:18:28] ⚠️ Row 906: Unparsable date → '8/30/2009 17:02'
[2025-08-20 14:18:28] ⚠️ Row 907: Unparsable date → '8/30/2009 20:11'
[2025-08-20 14:18:28] ⚠️ Row 908: Unparsable date → '8/30/2009 20:36'
[2025-08-20 14:18:28] ⚠️ Row 909: Unparsable date → '8/31/2009 6:29'
[2025-08-20 14:18:28] ⚠️ Row 910: Unparsable date → '8/31/2009 7:53'
[2025-08-20 14:18:28] ⚠️ Row 911: Unparsable date → '9/7/2009 7:45'
[2025-08-20 14:18:28] ⚠️ Row 912: Unparsable date → '9/7/2009 16:31'
[2025-08-20 14:18:28] ⚠️ Row 913: Unparsable date → '9/9/2009 15:04'
[2025-08-20 14:18:28] ⚠️ Row 914: Unparsable date → '9/12/2009 8:37'
[2025-08-20 14:18:28] ⚠️ Row 915: Unparsable date → '9/12/2009 8:57'
[2025-08-20 14:18:28] ⚠️ Row 916: Unparsable date → '9/12/2009 10:46'
[2025-08-20 14:18:28] ⚠️ Row 917: Unparsable date → '9/13/2009 17:20'
[2025-08-20 14:18:28] ⚠️ Row 918: Unparsable date → '9/17/2009 13:20'
[2025-08-20 14:18:28] ⚠️ Row 919: Unparsable date → '9/20/2009 17:34'
[2025-08-20 14:18:28] ⚠️ Row 920: Unparsable date → '9/21/2009 7:37'
[2025-08-20 14:18:28] ⚠️ Row 921: Unparsable date → '9/21/2009 8:25'
[2025-08-20 14:18:28] ⚠️ Row 922: Unparsable date → '9/25/2009 13:00'
[2025-08-20 14:18:28] ⚠️ Row 923: Unparsable date → '9/26/2009 6:58'
[2025-08-20 14:18:28] ⚠️ Row 924: Unparsable date → '9/28/2009 13:11'
[2025-08-20 14:18:28] ⚠️ Row 925: Unparsable date → '10/2/2009 13:13'
[2025-08-20 14:18:28] ⚠️ Row 926: Unparsable date → '10/2/2009 14:27'
[2025-08-20 14:18:28] ⚠️ Row 927: Unparsable date → '10/11/2009 15:58'
[2025-08-20 14:18:28] ⚠️ Row 928: Unparsable date → '10/14/2009 16:25'
[2025-08-20 14:18:28] ⚠️ Row 929: Unparsable date → '10/15/2009 17:03'
[2025-08-20 14:18:28] ⚠️ Row 930: Unparsable date → '10/16/2009 16:17'
[2025-08-20 14:18:28] ⚠️ Row 931: Unparsable date → '10/18/2009 12:59'
[2025-08-20 14:18:28] ⚠️ Row 932: Unparsable date → '10/18/2009 18:00'
[2025-08-20 14:18:28] ⚠️ Row 933: Unparsable date → '10/19/2009 7:41'
[2025-08-20 14:18:28] ⚠️ Row 934: Unparsable date → '10/19/2009 9:45'
[2025-08-20 14:18:28] ⚠️ Row 935: Unparsable date → '10/21/2009 14:10'
[2025-08-20 14:18:28] ⚠️ Row 936: Unparsable date → '11/8/2009 16:57'
[2025-08-20 14:18:28] ⚠️ Row 937: Unparsable date → '11/9/2009 17:12'
[2025-08-20 14:18:28] ⚠️ Row 938: Unparsable date → '11/16/2009 8:19'
[2025-08-20 14:18:28] ⚠️ Row 939: Unparsable date → '11/28/2009 13:53'
[2025-08-20 14:18:28] ⚠️ Row 940: Unparsable date → '11/28/2009 14:00'
[2025-08-20 14:18:28] ⚠️ Row 941: Unparsable date → '11/29/2009 17:08'
[2025-08-20 14:18:28] ⚠️ Row 942: Unparsable date → '11/30/2009 10:58'
[2025-08-20 14:18:28] ⚠️ Row 943: Unparsable date → '11/30/2009 11:17'
[2025-08-20 14:18:28] ⚠️ Row 944: Unparsable date → '11/30/2009 11:46'
[2025-08-20 14:18:28] ⚠️ Row 945: Unparsable date → '12/3/2009 18:37'
[2025-08-20 14:18:28] ⚠️ Row 946: Unparsable date → '12/13/2009 18:23'
[2025-08-20 14:18:28] ⚠️ Row 947: Unparsable date → '12/14/2009 13:56'
[2025-08-20 14:18:28] ⚠️ Row 948: Unparsable date → '12/16/2009 13:21'
[2025-08-20 14:18:28] ⚠️ Row 949: Unparsable date → '12/22/2009 7:46'
[2025-08-20 14:18:28] ⚠️ Row 950: Unparsable date → '12/22/2009 9:47'
[2025-08-20 14:18:28] ⚠️ Row 951: Unparsable date → '12/22/2009 10:20'
[2025-08-20 14:18:28] ⚠️ Row 952: Unparsable date → '12/22/2009 10:34'
[2025-08-20 14:18:28] ⚠️ Row 953: Unparsable date → '12/25/2009 18:52'
[2025-08-20 14:18:28] ⚠️ Row 954: Unparsable date → '12/27/2009 13:17'
[2025-08-20 14:18:28] ⚠️ Row 955: Unparsable date → '12/27/2009 16:15'
[2025-08-20 14:18:28] ⚠️ Row 956: Unparsable date → '12/28/2009 11:05'
[2025-08-20 14:18:28] ⚠️ Row 957: Unparsable date → '12/28/2009 13:00'
[2025-08-20 14:18:28] ⚠️ Row 958: Unparsable date → '12/28/2009 13:19'
[2025-08-20 14:18:28] ⚠️ Row 959: Unparsable date → '12/28/2009 14:46'
[2025-08-20 14:18:28] ⚠️ Row 960: Unparsable date → '1/10/2010 9:59'
[2025-08-20 14:18:28] ⚠️ Row 961: Unparsable date → '1/11/2010 7:08'
[2025-08-20 14:18:28] ⚠️ Row 962: Unparsable date → '1/23/2010 9:22'
[2025-08-20 14:18:28] ⚠️ Row 963: Unparsable date → '1/23/2010 12:01'
[2025-08-20 14:18:28] ⚠️ Row 964: Unparsable date → '1/24/2010 12:35'
[2025-08-20 14:18:28] ⚠️ Row 965: Unparsable date → '1/25/2010 10:28'
[2025-08-20 14:18:28] ⚠️ Row 966: Unparsable date → '1/25/2010 10:42'
[2025-08-20 14:18:28] ⚠️ Row 967: Unparsable date → '1/25/2010 11:22'
[2025-08-20 14:18:28] ⚠️ Row 968: Unparsable date → '1/29/2010 13:32'
[2025-08-20 14:18:28] ⚠️ Row 969: Unparsable date → '2/6/2010 10:02'
[2025-08-20 14:18:28] ⚠️ Row 970: Unparsable date → '2/13/2010 9:40'
[2025-08-20 14:18:28] ⚠️ Row 971: Unparsable date → '2/14/2010 9:26'
[2025-08-20 14:18:28] ⚠️ Row 972: Unparsable date → '2/14/2010 14:31'
[2025-08-20 14:18:28] ⚠️ Row 973: Unparsable date → '3/6/2010 13:20'
[2025-08-20 14:18:28] ⚠️ Row 974: Unparsable date → '3/19/2010 13:16'
[2025-08-20 14:18:28] ⚠️ Row 975: Unparsable date → '3/23/2010 15:55'
[2025-08-20 14:18:28] ⚠️ Row 976: Unparsable date → '3/27/2010 12:10'
[2025-08-20 14:18:28] ⚠️ Row 977: Unparsable date → '3/27/2010 13:52'
[2025-08-20 14:18:28] ⚠️ Row 978: Unparsable date → '3/28/2010 8:42'
[2025-08-20 14:18:28] ⚠️ Row 979: Unparsable date → '3/29/2010 12:15'
[2025-08-20 14:18:28] ⚠️ Row 980: Unparsable date → '4/1/2010 6:34'
[2025-08-20 14:18:28] ⚠️ Row 981: Unparsable date → '4/1/2010 7:48'
[2025-08-20 14:18:28] ⚠️ Row 982: Unparsable date → '4/1/2010 8:58'
[2025-08-20 14:18:28] ⚠️ Row 983: Unparsable date → '4/1/2010 13:07'
[2025-08-20 14:18:28] ⚠️ Row 984: Unparsable date → '4/1/2010 14:20'
[2025-08-20 14:18:28] ⚠️ Row 985: Unparsable date → '4/1/2010 14:50'
[2025-08-20 14:18:28] ⚠️ Row 986: Unparsable date → '4/13/2010 13:23'
[2025-08-20 14:18:28] ⚠️ Row 987: Unparsable date → '4/20/2010 13:28'
[2025-08-20 14:18:28] ⚠️ Row 988: Unparsable date → '4/23/2010 11:21'
[2025-08-20 14:18:28] ⚠️ Row 989: Unparsable date → '4/24/2010 7:32'
[2025-08-20 14:18:28] ⚠️ Row 990: Unparsable date → '4/26/2010 6:51'
[2025-08-20 14:18:28] ⚠️ Row 991: Unparsable date → '4/26/2010 8:42'
[2025-08-20 14:18:28] ⚠️ Row 992: Unparsable date → '5/3/2010 13:13'
[2025-08-20 14:18:28] ⚠️ Row 993: Unparsable date → '5/3/2010 18:00'
[2025-08-20 14:18:28] ⚠️ Row 994: Unparsable date → '5/4/2010 10:11'
[2025-08-20 14:18:28] ⚠️ Row 995: Unparsable date → '5/9/2010 17:02'
[2025-08-20 14:18:28] ⚠️ Row 996: Unparsable date → '5/15/2010 9:18'
[2025-08-20 14:18:28] ⚠️ Row 997: Unparsable date → '5/16/2010 11:06'
[2025-08-20 14:18:28] ⚠️ Row 998: Unparsable date → '5/16/2010 14:00'
[2025-08-20 14:18:28] ⚠️ Row 999: Unparsable date → '5/16/2010 14:53'
[2025-08-20 14:18:28] ⚠️ Row 1000: Unparsable date → '5/18/2010 12:12'
[2025-08-20 14:18:28] ⚠️ Row 1001: Unparsable date → '5/20/2010 13:29'
[2025-08-20 14:18:28] ⚠️ Row 1002: Unparsable date → '5/20/2010 13:52'
[2025-08-20 14:18:28] ⚠️ Row 1003: Unparsable date → '5/24/2010 18:10'
[2025-08-20 14:18:28] ⚠️ Row 1004: Unparsable date → '5/26/2010 17:43'
[2025-08-20 14:18:28] ⚠️ Row 1005: Unparsable date → '5/26/2010 17:50'
[2025-08-20 14:18:28] ⚠️ Row 1006: Unparsable date → '5/27/2010 18:16'
[2025-08-20 14:18:28] ⚠️ Row 1007: Unparsable date → '5/28/2010 11:10'
[2025-08-20 14:18:28] ⚠️ Row 1008: Unparsable date → '5/28/2010 11:27'
[2025-08-20 14:18:28] ⚠️ Row 1009: Unparsable date → '5/28/2010 12:06'
[2025-08-20 14:18:28] ⚠️ Row 1010: Unparsable date → '5/28/2010 12:21'
[2025-08-20 14:18:28] ⚠️ Row 1011: Unparsable date → '5/29/2010 3:34'
[2025-08-20 14:18:28] ⚠️ Row 1012: Unparsable date → '5/29/2010 4:32'
[2025-08-20 14:18:28] ⚠️ Row 1013: Unparsable date → '5/29/2010 5:33'
[2025-08-20 14:18:28] ⚠️ Row 1014: Unparsable date → '5/29/2010 8:26'
[2025-08-20 14:18:28] ⚠️ Row 1015: Unparsable date → '5/29/2010 8:44'
[2025-08-20 14:18:28] ⚠️ Row 1016: Unparsable date → '6/3/2010 13:11'
[2025-08-20 14:18:28] ⚠️ Row 1017: Unparsable date → '6/3/2010 13:21'
[2025-08-20 14:18:28] ⚠️ Row 1018: Unparsable date → '7/4/2010 17:46'
[2025-08-20 14:18:28] ⚠️ Row 1019: Unparsable date → '7/5/2010 10:04'
[2025-08-20 14:18:28] ⚠️ Row 1020: Unparsable date → '7/17/2010 6:45'
[2025-08-20 14:18:28] ⚠️ Row 1021: Unparsable date → '7/17/2010 7:56'
[2025-08-20 14:18:28] ⚠️ Row 1022: Unparsable date → '7/17/2010 10:00'
[2025-08-20 14:18:28] ⚠️ Row 1023: Unparsable date → '7/17/2010 17:22'
[2025-08-20 14:18:28] ⚠️ Row 1024: Unparsable date → '7/23/2010 8:24'
[2025-08-20 14:18:28] ⚠️ Row 1025: Unparsable date → '7/23/2010 9:20'
[2025-08-20 14:18:28] ⚠️ Row 1026: Unparsable date → '7/24/2010 10:41'
[2025-08-20 14:18:28] ⚠️ Row 1027: Unparsable date → '7/24/2010 11:42'
[2025-08-20 14:18:28] ⚠️ Row 1028: Unparsable date → '8/1/2010 11:06'
[2025-08-20 14:18:28] ⚠️ Row 1029: Unparsable date → '8/1/2010 15:15'
[2025-08-20 14:18:28] ⚠️ Row 1030: Unparsable date → '8/20/2010 12:26'
[2025-08-20 14:18:28] ⚠️ Row 1031: Unparsable date → '8/22/2010 17:08'
[2025-08-20 14:18:28] ⚠️ Row 1032: Unparsable date → '8/22/2010 18:33'
[2025-08-20 14:18:28] ⚠️ Row 1033: Unparsable date → '8/22/2010 18:48'
[2025-08-20 14:18:28] ⚠️ Row 1034: Unparsable date → '8/23/2010 8:42'
[2025-08-20 14:18:28] ⚠️ Row 1035: Unparsable date → '8/23/2010 9:30'
[2025-08-20 14:18:28] ⚠️ Row 1036: Unparsable date → '8/23/2010 17:00'
[2025-08-20 14:18:28] ⚠️ Row 1037: Unparsable date → '8/23/2010 17:17'
[2025-08-20 14:18:28] ⚠️ Row 1038: Unparsable date → '8/25/2010 12:33'
[2025-08-20 14:18:28] ⚠️ Row 1039: Unparsable date → '8/29/2010 16:56'
[2025-08-20 14:18:28] ⚠️ Row 1040: Unparsable date → '9/5/2010 17:00'
[2025-08-20 14:18:28] ⚠️ Row 1041: Unparsable date → '9/5/2010 17:22'
[2025-08-20 14:18:28] ⚠️ Row 1042: Unparsable date → '9/5/2010 18:26'
[2025-08-20 14:18:28] ⚠️ Row 1043: Unparsable date → '9/12/2010 15:17'
[2025-08-20 14:18:28] ⚠️ Row 1044: Unparsable date → '9/12/2010 16:08'
[2025-08-20 14:18:28] ⚠️ Row 1045: Unparsable date → '9/18/2010 11:18'
[2025-08-20 14:18:28] ⚠️ Row 1046: Unparsable date → '9/19/2010 11:22'
[2025-08-20 14:18:28] ⚠️ Row 1047: Unparsable date → '9/19/2010 16:29'
[2025-08-20 14:18:28] ⚠️ Row 1048: Unparsable date → '9/24/2010 7:57'
[2025-08-20 14:18:28] ⚠️ Row 1049: Unparsable date → '9/24/2010 8:01'
[2025-08-20 14:18:28] ⚠️ Row 1050: Unparsable date → '9/24/2010 8:13'
[2025-08-20 14:18:28] ⚠️ Row 1051: Unparsable date → '9/24/2010 8:40'
[2025-08-20 14:18:28] ⚠️ Row 1052: Unparsable date → '9/24/2010 8:57'
[2025-08-20 14:18:28] ⚠️ Row 1053: Unparsable date → '9/24/2010 9:50'
[2025-08-20 14:18:28] ⚠️ Row 1054: Unparsable date → '9/24/2010 10:01'
[2025-08-20 14:18:28] ⚠️ Row 1055: Unparsable date → '9/24/2010 10:48'
[2025-08-20 14:18:28] ⚠️ Row 1056: Unparsable date → '9/24/2010 11:16'
[2025-08-20 14:18:28] ⚠️ Row 1057: Unparsable date → '9/24/2010 11:59'
[2025-08-20 14:18:28] ⚠️ Row 1058: Unparsable date → '9/26/2010 15:14'
[2025-08-20 14:18:28] ⚠️ Row 1059: Unparsable date → '9/26/2010 15:27'
[2025-08-20 14:18:28] ⚠️ Row 1060: Unparsable date → '10/23/2010 11:04'
[2025-08-20 14:18:28] ⚠️ Row 1061: Unparsable date → '10/25/2010 6:28'
[2025-08-20 14:18:28] ⚠️ Row 1062: Unparsable date → '10/25/2010 8:41'
[2025-08-20 14:18:28] ⚠️ Row 1063: Unparsable date → '10/25/2010 8:49'
[2025-08-20 14:18:28] ⚠️ Row 1064: Unparsable date → '10/25/2010 9:09'
[2025-08-20 14:18:28] ⚠️ Row 1065: Unparsable date → '10/31/2010 18:22'
[2025-08-20 14:18:28] ⚠️ Row 1066: Unparsable date → '11/1/2010 19:07'
[2025-08-20 14:18:28] ⚠️ Row 1067: Unparsable date → '11/6/2010 12:05'
[2025-08-20 14:18:28] ⚠️ Row 1068: Unparsable date → '11/7/2010 15:00'
[2025-08-20 14:18:28] ⚠️ Row 1069: Unparsable date → '11/14/2010 15:20'
[2025-08-20 14:18:28] ⚠️ Row 1070: Unparsable date → '11/14/2010 15:30'
[2025-08-20 14:18:28] ⚠️ Row 1071: Unparsable date → '11/17/2010 16:52'
[2025-08-20 14:18:28] ⚠️ Row 1072: Unparsable date → '11/18/2010 17:10'
[2025-08-20 14:18:28] ⚠️ Row 1073: Unparsable date → '11/27/2010 11:22'
[2025-08-20 14:18:28] ⚠️ Row 1074: Unparsable date → '11/28/2010 11:07'
[2025-08-20 14:18:28] ⚠️ Row 1075: Unparsable date → '11/28/2010 11:48'
[2025-08-20 14:18:28] ⚠️ Row 1076: Unparsable date → '11/28/2010 12:43'
[2025-08-20 14:18:28] ⚠️ Row 1077: Unparsable date → '11/28/2010 13:36'
[2025-08-20 14:18:28] ⚠️ Row 1078: Unparsable date → '11/28/2010 13:57'
[2025-08-20 14:18:28] ⚠️ Row 1079: Unparsable date → '12/5/2010 15:18'
[2025-08-20 14:18:28] ⚠️ Row 1080: Unparsable date → '12/5/2010 15:29'
[2025-08-20 14:18:28] ⚠️ Row 1081: Unparsable date → '12/5/2010 16:08'
[2025-08-20 14:18:28] ⚠️ Row 1082: Unparsable date → '12/5/2010 16:54'
[2025-08-20 14:18:28] ⚠️ Row 1083: Unparsable date → '12/18/2010 12:01'
[2025-08-20 14:18:28] ⚠️ Row 1084: Unparsable date → '12/18/2010 13:03'
[2025-08-20 14:18:28] ⚠️ Row 1085: Unparsable date → '12/30/2010 13:44'
[2025-08-20 14:18:28] ⚠️ Row 1086: Unparsable date → '12/30/2010 15:02'
[2025-08-20 14:18:28] ⚠️ Row 1087: Unparsable date → '12/30/2010 16:44'
[2025-08-20 14:18:28] ⚠️ Row 1088: Unparsable date → '12/30/2010 17:14'
[2025-08-20 14:18:28] ⚠️ Row 1089: Unparsable date → '12/30/2010 17:34'
[2025-08-20 14:18:28] ⚠️ Row 1090: Unparsable date → '1/2/2011 14:02'
[2025-08-20 14:18:28] ⚠️ Row 1091: Unparsable date → '1/2/2011 15:29'
[2025-08-20 14:18:28] ⚠️ Row 1092: Unparsable date → '1/2/2011 16:14'
[2025-08-20 14:18:28] ⚠️ Row 1093: Unparsable date → '1/2/2011 16:22'
[2025-08-20 14:18:28] ⚠️ Row 1094: Unparsable date → '1/3/2011 14:46'
[2025-08-20 14:18:28] ⚠️ Row 1095: Unparsable date → '1/8/2011 9:59'
[2025-08-20 14:18:28] ⚠️ Row 1096: Unparsable date → '1/9/2011 11:00'
[2025-08-20 14:18:28] ⚠️ Row 1097: Unparsable date → '1/9/2011 11:07'
[2025-08-20 14:18:28] ⚠️ Row 1098: Unparsable date → '1/9/2011 12:02'
[2025-08-20 14:18:28] ⚠️ Row 1099: Unparsable date → '1/9/2011 14:14'
[2025-08-20 14:18:28] ⚠️ Row 1100: Unparsable date → '1/10/2011 16:58'
[2025-08-20 14:18:28] ⚠️ Row 1101: Unparsable date → '1/10/2011 17:32'
[2025-08-20 14:18:28] ⚠️ Row 1102: Unparsable date → '1/10/2011 18:09'
[2025-08-20 14:18:28] ⚠️ Row 1103: Unparsable date → '1/16/2011 16:04'
[2025-08-20 14:18:28] ⚠️ Row 1104: Unparsable date → '1/16/2011 16:40'
[2025-08-20 14:18:28] ⚠️ Row 1105: Unparsable date → '1/16/2011 17:55'
[2025-08-20 14:18:28] ⚠️ Row 1106: Unparsable date → '1/23/2011 11:54'
[2025-08-20 14:18:28] ⚠️ Row 1107: Unparsable date → '1/25/2011 17:02'
[2025-08-20 14:18:29] ⚠️ Row 1108: Unparsable date → '1/28/2011 13:13'
[2025-08-20 14:18:29] ⚠️ Row 1109: Unparsable date → '1/28/2011 15:14'
[2025-08-20 14:18:29] ⚠️ Row 1110: Unparsable date → '1/28/2011 18:56'
[2025-08-20 14:18:29] ⚠️ Row 1111: Unparsable date → '1/29/2011 7:45'
[2025-08-20 14:18:29] ⚠️ Row 1112: Unparsable date → '1/30/2011 14:55'
[2025-08-20 14:18:29] ⚠️ Row 1113: Unparsable date → '1/30/2011 15:19'
[2025-08-20 14:18:29] ⚠️ Row 1114: Unparsable date → '1/30/2011 16:20'
[2025-08-20 14:18:29] ⚠️ Row 1115: Unparsable date → '1/30/2011 17:10'
[2025-08-20 14:18:29] ⚠️ Row 1116: Unparsable date → '1/30/2011 18:35'
[2025-08-20 14:18:29] ⚠️ Row 1117: Unparsable date → '1/30/2011 18:37'
[2025-08-20 14:18:29] ⚠️ Row 1118: Unparsable date → '1/31/2011 17:00'
[2025-08-20 14:18:29] ⚠️ Row 1119: Unparsable date → '1/31/2011 17:49'
[2025-08-20 14:18:29] ⚠️ Row 1120: Unparsable date → '2/6/2011 16:38'
[2025-08-20 14:18:29] ⚠️ Row 1121: Unparsable date → '2/8/2011 9:46'
[2025-08-20 14:18:29] ⚠️ Row 1122: Unparsable date → '2/8/2011 10:45'
[2025-08-20 14:18:29] ⚠️ Row 1123: Unparsable date → '2/8/2011 12:07'
[2025-08-20 14:18:29] ⚠️ Row 1124: Unparsable date → '2/8/2011 13:52'
[2025-08-20 14:18:29] ⚠️ Row 1125: Unparsable date → '2/8/2011 16:58'
[2025-08-20 14:18:29] ⚠️ Row 1126: Unparsable date → '2/8/2011 17:54'
[2025-08-20 14:18:29] ⚠️ Row 1127: Unparsable date → '2/13/2011 13:20'
[2025-08-20 14:18:29] ⚠️ Row 1128: Unparsable date → '2/13/2011 17:13'
[2025-08-20 14:18:29] ⚠️ Row 1129: Unparsable date → '2/21/2011 7:49'
[2025-08-20 14:18:29] ⚠️ Row 1130: Unparsable date → '2/21/2011 9:57'
[2025-08-20 14:18:29] ⚠️ Row 1131: Unparsable date → '2/21/2011 17:02'
[2025-08-20 14:18:29] ⚠️ Row 1132: Unparsable date → '2/28/2011 8:28'
[2025-08-20 14:18:29] ⚠️ Row 1133: Unparsable date → '2/28/2011 11:20'
[2025-08-20 14:18:29] ⚠️ Row 1134: Unparsable date → '2/28/2011 16:58'
[2025-08-20 14:18:29] ⚠️ Row 1135: Unparsable date → '2/28/2011 17:24'
[2025-08-20 14:18:29] ⚠️ Row 1136: Unparsable date → '2/28/2011 18:16'
[2025-08-20 14:18:29] ⚠️ Row 1137: Unparsable date → '3/6/2011 16:59'
[2025-08-20 14:18:29] ⚠️ Row 1138: Unparsable date → '3/6/2011 17:57'
[2025-08-20 14:18:29] ⚠️ Row 1139: Unparsable date → '3/8/2011 11:57'
[2025-08-20 14:18:29] ⚠️ Row 1140: Unparsable date → '3/8/2011 13:00'
[2025-08-20 14:18:29] ⚠️ Row 1141: Unparsable date → '3/8/2011 17:07'
[2025-08-20 14:18:29] ⚠️ Row 1142: Unparsable date → '3/8/2011 17:33'
[2025-08-20 14:18:29] ⚠️ Row 1143: Unparsable date → '3/8/2011 18:33'
[2025-08-20 14:18:29] ⚠️ Row 1144: Unparsable date → '3/9/2011 5:59'
[2025-08-20 14:18:29] ⚠️ Row 1145: Unparsable date → '3/9/2011 6:39'
[2025-08-20 14:18:29] ⚠️ Row 1146: Unparsable date → '3/9/2011 7:20'
[2025-08-20 14:18:29] ⚠️ Row 1147: Unparsable date → '3/9/2011 17:20'
[2025-08-20 14:18:29] ⚠️ Row 1148: Unparsable date → '3/10/2011 17:50'
[2025-08-20 14:18:29] ⚠️ Row 1149: Unparsable date → '3/10/2011 18:24'
[2025-08-20 14:18:29] ⚠️ Row 1150: Unparsable date → '3/13/2011 15:18'
[2025-08-20 14:18:29] ⚠️ Row 1151: Unparsable date → '3/13/2011 17:21'
[2025-08-20 14:18:29] ⚠️ Row 1152: Unparsable date → '3/13/2011 18:34'
[2025-08-20 14:18:29] ⚠️ Row 1153: Unparsable date → '2/23/2014 11:20'
[2025-08-20 14:18:29] ⚠️ Row 1154: Unparsable date → '7/29/2015 19:55'
[2025-08-20 14:18:29] ⚠️ Row 1155: Unparsable date → '7/29/2015 20:04'
[2025-08-20 14:18:29] ⚠️ Row 1156: Unparsable date → '8/8/2015 5:28'
[2025-08-20 14:18:29] ⚠️ Row 1157: Unparsable date → '8/13/2015 16:24'
[2025-08-20 14:18:29] ⚠️ Row 1158: Unparsable date → '8/18/2015 17:25'
[2025-08-20 14:18:29] ⚠️ Row 1159: Unparsable date → '8/18/2015 17:51'
[2025-08-20 14:18:29] ⚠️ Row 1160: Unparsable date → '8/18/2015 17:57'
[2025-08-20 14:18:29] ⚠️ Row 1161: Unparsable date → '9/9/2015 13:36'
[2025-08-20 14:18:29] ⚠️ Row 1162: Unparsable date → '9/10/2015 8:37'
[2025-08-20 14:18:29] ⚠️ Row 1163: Unparsable date → '9/10/2015 8:45'
[2025-08-20 14:18:29] ⚠️ Row 1164: Unparsable date → '9/10/2015 8:59'
[2025-08-20 14:18:29] ⚠️ Row 1165: Unparsable date → '9/10/2015 9:58'
[2025-08-20 14:18:29] ⚠️ Row 1166: Unparsable date → '9/10/2015 12:07'
[2025-08-20 14:18:29] ⚠️ Row 1167: Unparsable date → '9/10/2015 12:49'
[2025-08-20 14:18:29] ⚠️ Row 1168: Unparsable date → '9/10/2015 13:29'
[2025-08-20 14:18:29] ⚠️ Row 1169: Unparsable date → '9/10/2015 15:37'
[2025-08-20 14:18:29] ⚠️ Row 1170: Unparsable date → '9/11/2015 6:59'
[2025-08-20 14:18:29] ⚠️ Row 1171: Unparsable date → '9/11/2015 7:12'
[2025-08-20 14:18:29] ⚠️ Row 1172: Unparsable date → '9/11/2015 7:35'
[2025-08-20 14:18:29] ⚠️ Row 1173: Unparsable date → '9/11/2015 8:30'
[2025-08-20 14:18:29] ⚠️ Row 1174: Unparsable date → '9/11/2015 8:42'
[2025-08-20 14:18:29] ⚠️ Row 1175: Unparsable date → '12/2/2015 12:52'
[2025-08-20 14:18:29] ⚠️ Row 1176: Unparsable date → '12/2/2015 13:03'
[2025-08-20 14:18:29] ⚠️ Row 1177: Unparsable date → '12/2/2015 13:11'
[2025-08-20 14:18:29] ⚠️ Row 1178: Unparsable date → '12/2/2015 13:14'
[2025-08-20 14:18:29] ⚠️ Row 1179: Unparsable date → '12/2/2015 13:19'
[2025-08-20 14:18:29] ⚠️ Row 1180: Unparsable date → '12/2/2015 13:22'
[2025-08-20 14:18:29] ⚠️ Row 1181: Unparsable date → '12/2/2015 13:28'
[2025-08-20 14:18:29] ⚠️ Row 1182: Unparsable date → '12/2/2015 13:32'
[2025-08-20 14:18:29] ⚠️ Row 1183: Unparsable date → '12/9/2015 18:49'
[2025-08-20 14:18:29] ⚠️ Row 1184: Unparsable date → '12/10/2015 19:37'
[2025-08-20 14:18:29] ⚠️ Row 1185: Unparsable date → '2/10/2016 16:02'
[2025-08-20 14:18:29] ⚠️ Row 1186: Unparsable date → '2/10/2016 16:15'
[2025-08-20 14:18:29] ⚠️ Row 1187: Unparsable date → '2/24/2016 16:27'
[2025-08-20 14:18:29] ⚠️ Row 1188: Unparsable date → '2/24/2016 17:48'
[2025-08-20 14:18:29] ⚠️ Row 1189: Unparsable date → '2/24/2016 18:17'
[2025-08-20 14:18:29] ⚠️ Row 1190: Unparsable date → '2/28/2016 15:40'
[2025-08-20 14:18:29] ⚠️ Row 1191: Unparsable date → '3/1/2016 5:59'
[2025-08-20 14:18:29] ⚠️ Row 1192: Unparsable date → '3/1/2016 6:08'
[2025-08-20 14:18:29] ⚠️ Row 1193: Unparsable date → '3/1/2016 6:42'
[2025-08-20 14:18:29] ⚠️ Row 1194: Unparsable date → '3/1/2016 19:14'
[2025-08-20 14:18:29] ⚠️ Row 1195: Unparsable date → '3/1/2016 19:46'
[2025-08-20 14:18:29] ⚠️ Row 1196: Unparsable date → '3/1/2016 19:49'
[2025-08-20 14:18:29] ⚠️ Row 1197: Unparsable date → '3/1/2016 19:51'
[2025-08-20 14:18:29] ⚠️ Row 1198: Unparsable date → '3/1/2016 19:57'
[2025-08-20 14:18:29] ⚠️ Row 1199: Unparsable date → '3/1/2016 20:03'
[2025-08-20 14:18:29] ⚠️ Row 1200: Unparsable date → '3/1/2016 20:06'
[2025-08-20 14:18:29] ⚠️ Row 1201: Unparsable date → '3/1/2016 20:08'
[2025-08-20 14:18:29] ⚠️ Row 1202: Unparsable date → '3/1/2016 20:10'
[2025-08-20 14:18:29] ⚠️ Row 1203: Unparsable date → '3/2/2016 15:09'
[2025-08-20 14:18:29] ⚠️ Row 1204: Unparsable date → '3/2/2016 17:25'
[2025-08-20 14:18:29] ⚠️ Row 1205: Unparsable date → '3/2/2016 17:32'
[2025-08-20 14:18:29] ⚠️ Row 1206: Unparsable date → '3/6/2016 16:18'
[2025-08-20 14:18:29] ⚠️ Row 1207: Unparsable date → '3/6/2016 16:45'
[2025-08-20 14:18:29] ⚠️ Row 1208: Unparsable date → '3/6/2016 17:22'
[2025-08-20 14:18:29] ⚠️ Row 1209: Unparsable date → '3/6/2016 17:34'
[2025-08-20 14:18:29] ⚠️ Row 1210: Unparsable date → '3/6/2016 17:50'
[2025-08-20 14:18:29] ⚠️ Row 1211: Unparsable date → '3/7/2016 16:31'
[2025-08-20 14:18:29] ⚠️ Row 1212: Unparsable date → '3/8/2016 18:52'
[2025-08-20 14:18:29] ⚠️ Row 1213: Unparsable date → '3/8/2016 18:57'
[2025-08-20 14:18:29] ⚠️ Row 1214: Unparsable date → '3/8/2016 19:40'
[2025-08-20 14:18:29] ⚠️ Row 1215: Unparsable date → '3/8/2016 19:59'
[2025-08-20 14:18:29] ⚠️ Row 1216: Unparsable date → '3/8/2016 20:02'
[2025-08-20 14:18:29] ⚠️ Row 1217: Unparsable date → '3/8/2016 20:14'
[2025-08-20 14:18:29] ⚠️ Row 1218: Unparsable date → '3/8/2016 20:18'
[2025-08-20 14:18:29] ⚠️ Row 1219: Unparsable date → '3/8/2016 20:20'
[2025-08-20 14:18:29] ⚠️ Row 1220: Unparsable date → '3/8/2016 20:23'
[2025-08-20 14:18:29] ⚠️ Row 1221: Unparsable date → '3/13/2016 15:34'
[2025-08-20 14:18:29] ⚠️ Row 1222: Unparsable date → '3/15/2016 7:52'
[2025-08-20 14:18:29] ⚠️ Row 1223: Unparsable date → '3/16/2016 8:14'
[2025-08-20 14:18:29] ⚠️ Row 1224: Unparsable date → '3/16/2016 17:20'
[2025-08-20 14:18:29] ⚠️ Row 1225: Unparsable date → '3/16/2016 18:09'
[2025-08-20 14:18:29] ⚠️ Row 1226: Unparsable date → '3/18/2016 4:40'
[2025-08-20 14:18:29] ⚠️ Row 1227: Unparsable date → '3/18/2016 11:45'
[2025-08-20 14:18:29] ⚠️ Row 1228: Unparsable date → '3/19/2016 7:14'
[2025-08-20 14:18:29] ⚠️ Row 1229: Unparsable date → '3/19/2016 11:07'
[2025-08-20 14:18:29] ⚠️ Row 1230: Unparsable date → '3/21/2016 10:46'
[2025-08-20 14:18:29] ⚠️ Row 1231: Unparsable date → '3/23/2016 15:57'
[2025-08-20 14:18:29] ⚠️ Row 1232: Unparsable date → '3/23/2016 16:27'
[2025-08-20 14:18:29] ⚠️ Row 1233: Unparsable date → '3/23/2016 16:50'
[2025-08-20 14:18:29] ⚠️ Row 1234: Unparsable date → '3/23/2016 17:08'
[2025-08-20 14:18:29] ⚠️ Row 1235: Unparsable date → '3/23/2016 19:01'
[2025-08-20 14:18:29] ⚠️ Row 1236: Unparsable date → '3/24/2016 18:18'
[2025-08-20 14:18:29] ⚠️ Row 1237: Unparsable date → '3/25/2016 7:29'
[2025-08-20 14:18:29] ⚠️ Row 1238: Unparsable date → '3/25/2016 7:34'
[2025-08-20 14:18:29] ⚠️ Row 1239: Unparsable date → '3/25/2016 20:07'
[2025-08-20 14:18:29] ⚠️ Row 1240: Unparsable date → '4/26/2016 6:41'
[2025-08-20 14:18:29] ⚠️ Row 1241: Unparsable date → '4/29/2016 8:24'
[2025-08-20 14:18:29] ⚠️ Row 1242: Unparsable date → '4/30/2016 17:48'
[2025-08-20 14:18:29] ⚠️ Row 1243: Unparsable date → '5/2/2016 6:39'
[2025-08-20 14:18:29] ⚠️ Row 1244: Unparsable date → '5/2/2016 6:44'
[2025-08-20 14:18:29] ⚠️ Row 1245: Unparsable date → '5/24/2016 17:47'
[2025-08-20 14:18:29] ⚠️ Row 1246: Unparsable date → '5/24/2016 17:49'
[2025-08-20 14:18:29] ⚠️ Row 1247: Unparsable date → '5/24/2016 17:55'
[2025-08-20 14:18:29] ⚠️ Row 1248: Unparsable date → '5/25/2016 7:59'
[2025-08-20 14:18:29] ⚠️ Row 1249: Unparsable date → '5/25/2016 8:53'
[2025-08-20 14:18:29] ⚠️ Row 1250: Unparsable date → '5/25/2016 9:59'
[2025-08-20 14:18:29] ⚠️ Row 1251: Unparsable date → '5/25/2016 11:48'
[2025-08-20 14:18:29] ⚠️ Row 1252: Unparsable date → '5/25/2016 16:58'
[2025-08-20 14:18:29] ⚠️ Row 1253: Unparsable date → '5/26/2016 14:36'
[2025-08-20 14:18:29] ⚠️ Row 1254: Unparsable date → '5/26/2016 18:34'
[2025-08-20 14:18:29] ⚠️ Row 1255: Unparsable date → '5/27/2016 12:44'
[2025-08-20 14:18:29] ⚠️ Row 1256: Unparsable date → '5/28/2016 5:52'
[2025-08-20 14:18:29] ⚠️ Row 1257: Unparsable date → '6/1/2016 12:06'
[2025-08-20 14:18:29] ⚠️ Row 1258: Unparsable date → '6/1/2016 16:48'
[2025-08-20 14:18:29] ⚠️ Row 1259: Unparsable date → '6/1/2016 16:51'
[2025-08-20 14:18:29] ⚠️ Row 1260: Unparsable date → 'None'
[2025-08-20 14:18:29] ⚠️ Row 1261: Unparsable date → 'SOFORT #'
[2025-08-20 14:18:29] ⚠️ Row 1262: Unparsable date → '10/24/2019 18:52'
[2025-08-20 14:18:29] ⚠️ Row 1263: Unparsable date → '10/26/2019 12:52'
[2025-08-20 14:18:29] ⚠️ Row 1264: Unparsable date → '10/27/2019 14:52'
[2025-08-20 14:18:29] ⚠️ Row 1265: Unparsable date → '10/27/2019 15:00'
[2025-08-20 14:18:29] ⚠️ Row 1266: Unparsable date → '10/27/2019 15:07'
[2025-08-20 14:18:29] ⚠️ Row 1267: Unparsable date → '10/27/2019 16:43'
[2025-08-20 14:18:29] ⚠️ Row 1268: Unparsable date → 'EUR'
[2025-08-20 14:18:29] ⚠️ Row 1269: Unparsable date → 'Date/Time'
[2025-08-20 14:18:29] ⚠️ Row 1270: Unparsable date → 'DIRBANK #N***********348275'
[2025-08-20 14:18:29] ⚠️ Row 1271: Unparsable date → '5/28/2019 21:00'
[2025-08-20 14:18:29] ⚠️ Row 1272: Unparsable date → '9/29/2021 2:37'
[2025-08-20 14:18:29] ⚠️ Row 1273: Unparsable date → 'None'
[2025-08-20 14:18:29] ⚠️ Row 1274: Unparsable date → 'INSTANTBANK #'
[2025-08-20 14:18:29] ⚠️ Row 1275: Unparsable date → '5/27/2019 14:38'
[2025-08-20 14:18:29] ⚠️ Row 1276: Unparsable date → '5/27/2019 16:22'
[2025-08-20 14:18:29] ⚠️ Row 1277: Unparsable date → '5/27/2019 17:00'
[2025-08-20 14:18:29] ⚠️ Row 1278: Unparsable date → '5/27/2019 17:07'
[2025-08-20 14:18:29] ⚠️ Row 1279: Unparsable date → '5/27/2019 17:10'
[2025-08-20 14:18:29] ⚠️ Row 1280: Unparsable date → '5/27/2019 17:14'
[2025-08-20 14:18:29] ⚠️ Row 1281: Unparsable date → '5/30/2019 6:59'
[2025-08-20 14:18:29] ⚠️ Row 1282: Unparsable date → '5/30/2019 8:15'
[2025-08-20 14:18:29] ⚠️ Row 1283: Unparsable date → '5/30/2019 8:20'
[2025-08-20 14:18:29] ⚠️ Row 1284: Unparsable date → '5/30/2019 19:52'
[2025-08-20 14:18:29] ⚠️ Row 1285: Unparsable date → '5/30/2019 20:47'
[2025-08-20 14:18:29] ⚠️ Row 1286: Unparsable date → '5/30/2019 20:59'
[2025-08-20 14:18:29] ⚠️ Row 1287: Unparsable date → '5/30/2019 21:03'
[2025-08-20 14:18:29] ⚠️ Row 1288: Unparsable date → '5/30/2019 21:08'
[2025-08-20 14:18:29] ⚠️ Row 1289: Unparsable date → '5/30/2019 21:15'
[2025-08-20 14:18:29] ⚠️ Row 1290: Unparsable date → '5/30/2019 21:20'
[2025-08-20 14:18:29] ⚠️ Row 1291: Unparsable date → '6/10/2019 12:56'
[2025-08-20 14:18:29] ⚠️ Row 1292: Unparsable date → '6/10/2019 13:09'
[2025-08-20 14:18:29] ⚠️ Row 1293: Unparsable date → '7/17/2019 18:00'
[2025-08-20 14:18:29] ⚠️ Row 1294: Unparsable date → 'None'
[2025-08-20 14:18:29] ⚠️ Row 1295: Unparsable date → 'Total Player Balance:'
[2025-08-20 14:18:29] ⚠️ Row 1296: Unparsable date → 'None'
[2025-08-20 14:18:29] ⚠️ Row 1297: Unparsable date → 'Billing Currency'
[2025-08-20 14:18:29] ⚠️ Row 1298: Unparsable date → 'None'
[2025-08-20 14:18:29] ⚠️ Row 1299: Unparsable date → 'EUR'
[2025-08-20 14:18:29] ⚠️ Row 1300: Unparsable date → 'None'
[2025-08-20 14:18:29] ⚠️ Row 1301: Unparsable date → 'None'
[2025-08-20 14:18:29] ⚠️ Row 1302: Unparsable date → 'EUR'
[2025-08-20 14:18:29] ⚠️ Row 1303: Unparsable date → 'EUR'
[2025-08-20 14:18:29] ⚠️ Row 1304: Unparsable date → 'EUR'
[2025-08-20 14:18:29] ⚠️ Row 1305: Unparsable date → 'EUR'
[2025-08-20 14:18:29] ⚠️ Row 1306: Unparsable date → 'EUR'
[2025-08-20 14:18:29] ⚠️ Row 1307: Unparsable date → 'EUR'
[2025-08-20 14:18:29] ⚠️ Row 1308: Unparsable date → 'EUR'
[2025-08-20 14:18:29] ⚠️ Row 1309: Unparsable date → 'EUR'
[2025-08-20 14:18:29] ⚠️ Row 1310: Unparsable date → 'EUR'
[2025-08-20 14:18:29] ⚠️ Row 1311: Unparsable date → 'EUR'
[2025-08-20 14:18:29] ⚠️ Row 1312: Unparsable date → 'EUR'
[2025-08-20 14:18:29] ⚠️ Row 1313: Unparsable date → 'EUR'
[2025-08-20 14:18:29] ⚠️ Row 1314: Unparsable date → 'EUR'
[2025-08-20 14:18:29] ⚠️ Row 1315: Unparsable date → 'None'
[2025-08-20 14:18:29] ⚠️ Row 1316: Unparsable date → 'None'
[2025-08-20 14:18:29] ⚠️ Row 1317: Unparsable date → 'EUR'
[2025-08-20 14:18:29] ⚠️ Row 1318: Unparsable date → 'EUR'
[2025-08-20 14:18:29] ⚠️ Row 1319: Unparsable date → 'EUR'
[2025-08-20 14:18:29] ⚠️ Row 1320: Unparsable date → 'EUR'
[2025-08-20 14:18:29] ⚠️ Row 1321: Unparsable date → 'EUR'
[2025-08-20 14:18:29] ⚠️ Row 1322: Unparsable date → 'EUR'
[2025-08-20 14:18:29] ⚠️ Row 1323: Unparsable date → 'EUR'
[2025-08-20 14:18:29] ⚠️ Row 1324: Unparsable date → 'EUR'
[2025-08-20 14:18:29] ⚠️ Row 1325: Unparsable date → 'None'
[2025-08-20 14:18:29] ⚠️ Row 1326: Unparsable date → 'None'
[2025-08-20 14:18:29] ⚠️ Row 1327: Unparsable date → 'EUR'
[2025-08-20 14:18:29] ⚠️ Row 1328: Unparsable date → 'EUR'
[2025-08-20 14:18:29] ⚠️ Row 1329: Unparsable date → 'EUR'
[2025-08-20 14:18:29] ⚠️ Row 1330: Unparsable date → 'EUR'
[2025-08-20 14:18:29] ⚠️ Row 1331: Unparsable date → 'EUR'
[2025-08-20 14:18:29] ⚠️ Row 1332: Unparsable date → 'EUR'
[2025-08-20 14:18:29] ⚠️ Row 1333: Unparsable date → 'EUR'
[2025-08-20 14:18:29] ⚠️ Row 1334: Unparsable date → 'EUR'
[2025-08-20 14:18:29] ⚠️ Row 1335: Unparsable date → 'EUR'
[2025-08-20 14:18:29] ⚠️ Row 1336: Unparsable date → 'EUR'
[2025-08-20 14:18:29] ⚠️ Row 1337: Unparsable date → 'EUR'
[2025-08-20 14:18:29] ⚠️ Row 1338: Unparsable date → 'EUR'
[2025-08-20 14:18:29] ⚠️ Row 1339: Unparsable date → 'EUR'
[2025-08-20 14:18:29] ⚠️ Row 1340: Unparsable date → 'EUR'
[2025-08-20 14:18:29] ⚠️ Row 1341: Unparsable date → 'EUR'
[2025-08-20 14:18:29] ⚠️ Row 1342: Unparsable date → 'EUR'
[2025-08-20 14:18:29] ⚠️ Row 1343: Unparsable date → 'EUR'
[2025-08-20 14:18:29] ⚠️ Row 1344: Unparsable date → 'EUR'
[2025-08-20 14:18:29] ⚠️ Row 1345: Unparsable date → 'EUR'
[2025-08-20 14:18:29] ⚠️ Row 1346: Unparsable date → 'EUR'
[2025-08-20 14:18:29] ⚠️ Row 1347: Unparsable date → 'EUR'
[2025-08-20 14:18:29] ⚠️ Row 1348: Unparsable date → 'EUR'
[2025-08-20 14:18:29] ⚠️ Row 1349: Unparsable date → 'EUR'
[2025-08-20 14:18:29] ⚠️ Row 1350: Unparsable date → 'EUR'
[2025-08-20 14:18:29] ⚠️ Row 1351: Unparsable date → 'EUR'
[2025-08-20 14:18:29] ⚠️ Row 1352: Unparsable date → 'EUR'
[2025-08-20 14:18:29] ⚠️ Row 1353: Unparsable date → 'EUR'
[2025-08-20 14:18:29] ⚠️ Row 1354: Unparsable date → 'EUR'
[2025-08-20 14:18:29] ⚠️ Row 1355: Unparsable date → 'EUR'
[2025-08-20 14:18:29] ⚠️ Row 1356: Unparsable date → 'EUR'
[2025-08-20 14:18:29] ⚠️ Row 1357: Unparsable date → 'EUR'
[2025-08-20 14:18:29] ⚠️ Row 1358: Unparsable date → 'EUR'
[2025-08-20 14:18:29] ⚠️ Row 1359: Unparsable date → 'EUR'
[2025-08-20 14:18:29] ⚠️ Row 1360: Unparsable date → 'EUR'
[2025-08-20 14:18:29] ⚠️ Row 1361: Unparsable date → 'EUR'
[2025-08-20 14:18:29] ⚠️ Row 1362: Unparsable date → 'EUR'
[2025-08-20 14:18:29] ⚠️ Row 1363: Unparsable date → 'EUR'
[2025-08-20 14:18:29] ⚠️ Row 1364: Unparsable date → 'EUR'
[2025-08-20 14:18:29] ⚠️ Row 1365: Unparsable date → 'EUR'
[2025-08-20 14:18:29] ⚠️ Row 1366: Unparsable date → 'EUR'
[2025-08-20 14:18:29] ⚠️ Row 1367: Unparsable date → 'EUR'
[2025-08-20 14:18:29] ⚠️ Row 1368: Unparsable date → 'EUR'
[2025-08-20 14:18:29] ⚠️ Row 1369: Unparsable date → 'EUR'
[2025-08-20 14:18:29] ⚠️ Row 1370: Unparsable date → 'EUR'
[2025-08-20 14:18:29] ⚠️ Row 1371: Unparsable date → 'EUR'
[2025-08-20 14:18:29] ⚠️ Row 1372: Unparsable date → 'EUR'
[2025-08-20 14:18:29] ⚠️ Row 1373: Unparsable date → 'EUR'
[2025-08-20 14:18:29] ⚠️ Row 1374: Unparsable date → 'EUR'
[2025-08-20 14:18:29] ⚠️ Row 1375: Unparsable date → 'EUR'
[2025-08-20 14:18:29] ⚠️ Row 1376: Unparsable date → 'EUR'
[2025-08-20 14:18:29] ⚠️ Row 1377: Unparsable date → 'EUR'
[2025-08-20 14:18:29] ⚠️ Row 1378: Unparsable date → 'EUR'
[2025-08-20 14:18:29] ⚠️ Row 1379: Unparsable date → 'EUR'
[2025-08-20 14:18:29] ⚠️ Row 1380: Unparsable date → 'EUR'
[2025-08-20 14:18:29] ⚠️ Row 1381: Unparsable date → 'EUR'
[2025-08-20 14:18:29] ⚠️ Row 1382: Unparsable date → 'EUR'
[2025-08-20 14:18:29] ⚠️ Row 1383: Unparsable date → 'EUR'
[2025-08-20 14:18:29] ⚠️ Row 1384: Unparsable date → 'EUR'
[2025-08-20 14:18:29] ⚠️ Row 1385: Unparsable date → 'EUR'
[2025-08-20 14:18:29] ⚠️ Row 1386: Unparsable date → 'EUR'
[2025-08-20 14:18:29] ⚠️ Row 1387: Unparsable date → 'EUR'
[2025-08-20 14:18:29] ⚠️ Row 1388: Unparsable date → 'EUR'
[2025-08-20 14:18:29] ⚠️ Row 1389: Unparsable date → 'EUR'
[2025-08-20 14:18:29] ⚠️ Row 1390: Unparsable date → 'EUR'
[2025-08-20 14:18:29] ⚠️ Row 1391: Unparsable date → 'EUR'
[2025-08-20 14:18:29] ⚠️ Row 1392: Unparsable date → 'EUR'
[2025-08-20 14:18:29] ⚠️ Row 1393: Unparsable date → 'EUR'
[2025-08-20 14:18:29] ⚠️ Row 1394: Unparsable date → 'EUR'
[2025-08-20 14:18:29] ⚠️ Row 1395: Unparsable date → 'EUR'
[2025-08-20 14:18:29] ⚠️ Row 1396: Unparsable date → 'EUR'
[2025-08-20 14:18:29] ⚠️ Row 1397: Unparsable date → 'EUR'
[2025-08-20 14:18:29] ⚠️ Row 1398: Unparsable date → 'EUR'
[2025-08-20 14:18:29] ⚠️ Row 1399: Unparsable date → 'EUR'
[2025-08-20 14:18:29] ⚠️ Row 1400: Unparsable date → 'EUR'
[2025-08-20 14:18:29] ⚠️ Row 1401: Unparsable date → 'EUR'
[2025-08-20 14:18:29] ⚠️ Row 1402: Unparsable date → 'EUR'
[2025-08-20 14:18:29] ⚠️ Row 1403: Unparsable date → 'EUR'
[2025-08-20 14:18:29] ⚠️ Row 1404: Unparsable date → 'EUR'
[2025-08-20 14:18:29] ⚠️ Row 1405: Unparsable date → 'EUR'
[2025-08-20 14:18:29] ⚠️ Row 1406: Unparsable date → 'EUR'
[2025-08-20 14:18:29] ⚠️ Row 1407: Unparsable date → 'EUR'
[2025-08-20 14:18:29] ⚠️ Row 1408: Unparsable date → 'EUR'
[2025-08-20 14:18:29] ⚠️ Row 1409: Unparsable date → 'EUR'
[2025-08-20 14:18:29] ⚠️ Row 1410: Unparsable date → 'EUR'
[2025-08-20 14:18:29] ⚠️ Row 1411: Unparsable date → 'EUR'
[2025-08-20 14:18:29] ⚠️ Row 1412: Unparsable date → 'EUR'
[2025-08-20 14:18:29] ⚠️ Row 1413: Unparsable date → 'EUR'
[2025-08-20 14:18:29] ⚠️ Row 1414: Unparsable date → 'EUR'
[2025-08-20 14:18:29] ⚠️ Row 1415: Unparsable date → 'EUR'
[2025-08-20 14:18:29] ⚠️ Row 1416: Unparsable date → 'EUR'
[2025-08-20 14:18:29] ⚠️ Row 1417: Unparsable date → 'EUR'
[2025-08-20 14:18:29] ⚠️ Row 1418: Unparsable date → 'EUR'
[2025-08-20 14:18:29] ⚠️ Row 1419: Unparsable date → 'EUR'
[2025-08-20 14:18:29] ⚠️ Row 1420: Unparsable date → 'EUR'
[2025-08-20 14:18:29] ⚠️ Row 1421: Unparsable date → 'EUR'
[2025-08-20 14:18:29] ⚠️ Row 1422: Unparsable date → 'EUR'
[2025-08-20 14:18:29] ⚠️ Row 1423: Unparsable date → 'EUR'
[2025-08-20 14:18:29] ⚠️ Row 1424: Unparsable date → 'EUR'
[2025-08-20 14:18:29] ⚠️ Row 1425: Unparsable date → 'EUR'
[2025-08-20 14:18:29] ⚠️ Row 1426: Unparsable date → 'EUR'
[2025-08-20 14:18:29] ⚠️ Row 1427: Unparsable date → 'EUR'
[2025-08-20 14:18:29] ⚠️ Row 1428: Unparsable date → 'EUR'
[2025-08-20 14:18:29] ⚠️ Row 1429: Unparsable date → 'EUR'
[2025-08-20 14:18:29] ⚠️ Row 1430: Unparsable date → 'EUR'
[2025-08-20 14:18:29] ⚠️ Row 1431: Unparsable date → 'EUR'
[2025-08-20 14:18:29] ⚠️ Row 1432: Unparsable date → 'EUR'
[2025-08-20 14:18:29] ⚠️ Row 1433: Unparsable date → 'EUR'
[2025-08-20 14:18:29] ⚠️ Row 1434: Unparsable date → 'EUR'
[2025-08-20 14:18:29] ⚠️ Row 1435: Unparsable date → 'EUR'
[2025-08-20 14:18:29] ⚠️ Row 1436: Unparsable date → 'EUR'
[2025-08-20 14:18:29] ⚠️ Row 1437: Unparsable date → 'EUR'
[2025-08-20 14:18:29] ⚠️ Row 1438: Unparsable date → 'EUR'
[2025-08-20 14:18:29] ⚠️ Row 1439: Unparsable date → 'EUR'
[2025-08-20 14:18:29] ⚠️ Row 1440: Unparsable date → 'EUR'
[2025-08-20 14:18:29] ⚠️ Row 1441: Unparsable date → 'EUR'
[2025-08-20 14:18:29] ⚠️ Row 1442: Unparsable date → 'EUR'
[2025-08-20 14:18:29] ⚠️ Row 1443: Unparsable date → 'EUR'
[2025-08-20 14:18:29] ⚠️ Row 1444: Unparsable date → 'EUR'
[2025-08-20 14:18:29] ⚠️ Row 1445: Unparsable date → 'EUR'
[2025-08-20 14:18:29] ⚠️ Row 1446: Unparsable date → 'EUR'
[2025-08-20 14:18:29] ⚠️ Row 1447: Unparsable date → 'EUR'
[2025-08-20 14:18:29] ⚠️ Row 1448: Unparsable date → 'EUR'
[2025-08-20 14:18:29] ⚠️ Row 1449: Unparsable date → 'EUR'
[2025-08-20 14:18:29] ⚠️ Row 1450: Unparsable date → 'EUR'
[2025-08-20 14:18:29] ⚠️ Row 1451: Unparsable date → 'EUR'
[2025-08-20 14:18:29] ⚠️ Row 1452: Unparsable date → 'EUR'
[2025-08-20 14:18:29] ⚠️ Row 1453: Unparsable date → 'EUR'
[2025-08-20 14:18:29] ⚠️ Row 1454: Unparsable date → 'EUR'
[2025-08-20 14:18:29] ⚠️ Row 1455: Unparsable date → 'EUR'
[2025-08-20 14:18:29] ⚠️ Row 1456: Unparsable date → 'EUR'
[2025-08-20 14:18:29] ⚠️ Row 1457: Unparsable date → 'EUR'
[2025-08-20 14:18:29] ⚠️ Row 1458: Unparsable date → 'EUR'
[2025-08-20 14:18:29] ⚠️ Row 1459: Unparsable date → 'EUR'
[2025-08-20 14:18:29] ⚠️ Row 1460: Unparsable date → 'EUR'
[2025-08-20 14:18:29] ⚠️ Row 1461: Unparsable date → 'EUR'
[2025-08-20 14:18:29] ⚠️ Row 1462: Unparsable date → 'EUR'
[2025-08-20 14:18:30] ⚠️ Row 1463: Unparsable date → 'EUR'
[2025-08-20 14:18:30] ⚠️ Row 1464: Unparsable date → 'EUR'
[2025-08-20 14:18:30] ⚠️ Row 1465: Unparsable date → 'EUR'
[2025-08-20 14:18:30] ⚠️ Row 1466: Unparsable date → 'EUR'
[2025-08-20 14:18:30] ⚠️ Row 1467: Unparsable date → 'EUR'
[2025-08-20 14:18:30] ⚠️ Row 1468: Unparsable date → 'EUR'
[2025-08-20 14:18:30] ⚠️ Row 1469: Unparsable date → 'EUR'
[2025-08-20 14:18:30] ⚠️ Row 1470: Unparsable date → 'EUR'
[2025-08-20 14:18:30] ⚠️ Row 1471: Unparsable date → 'EUR'
[2025-08-20 14:18:30] ⚠️ Row 1472: Unparsable date → 'EUR'
[2025-08-20 14:18:30] ⚠️ Row 1473: Unparsable date → 'EUR'
[2025-08-20 14:18:30] ⚠️ Row 1474: Unparsable date → 'EUR'
[2025-08-20 14:18:30] ⚠️ Row 1475: Unparsable date → 'EUR'
[2025-08-20 14:18:30] ⚠️ Row 1476: Unparsable date → 'EUR'
[2025-08-20 14:18:30] ⚠️ Row 1477: Unparsable date → 'EUR'
[2025-08-20 14:18:30] ⚠️ Row 1478: Unparsable date → 'EUR'
[2025-08-20 14:18:30] ⚠️ Row 1479: Unparsable date → 'EUR'
[2025-08-20 14:18:30] ⚠️ Row 1480: Unparsable date → 'EUR'
[2025-08-20 14:18:30] ⚠️ Row 1481: Unparsable date → 'EUR'
[2025-08-20 14:18:30] ⚠️ Row 1482: Unparsable date → 'EUR'
[2025-08-20 14:18:30] ⚠️ Row 1483: Unparsable date → 'EUR'
[2025-08-20 14:18:30] ⚠️ Row 1484: Unparsable date → 'EUR'
[2025-08-20 14:18:30] ⚠️ Row 1485: Unparsable date → 'EUR'
[2025-08-20 14:18:30] ⚠️ Row 1486: Unparsable date → 'EUR'
[2025-08-20 14:18:30] ⚠️ Row 1487: Unparsable date → 'EUR'
[2025-08-20 14:18:30] ⚠️ Row 1488: Unparsable date → 'EUR'
[2025-08-20 14:18:30] ⚠️ Row 1489: Unparsable date → 'EUR'
[2025-08-20 14:18:30] ⚠️ Row 1490: Unparsable date → 'EUR'
[2025-08-20 14:18:30] ⚠️ Row 1491: Unparsable date → 'EUR'
[2025-08-20 14:18:30] ⚠️ Row 1492: Unparsable date → 'EUR'
[2025-08-20 14:18:30] ⚠️ Row 1493: Unparsable date → 'EUR'
[2025-08-20 14:18:30] ⚠️ Row 1494: Unparsable date → 'EUR'
[2025-08-20 14:18:30] ⚠️ Row 1495: Unparsable date → 'EUR'
[2025-08-20 14:18:30] ⚠️ Row 1496: Unparsable date → 'EUR'
[2025-08-20 14:18:30] ⚠️ Row 1497: Unparsable date → 'EUR'
[2025-08-20 14:18:30] ⚠️ Row 1498: Unparsable date → 'EUR'
[2025-08-20 14:18:30] ⚠️ Row 1499: Unparsable date → 'EUR'
[2025-08-20 14:18:30] ⚠️ Row 1500: Unparsable date → 'EUR'
[2025-08-20 14:18:30] ⚠️ Row 1501: Unparsable date → 'EUR'
[2025-08-20 14:18:30] ⚠️ Row 1502: Unparsable date → 'EUR'
[2025-08-20 14:18:30] ⚠️ Row 1503: Unparsable date → 'EUR'
[2025-08-20 14:18:30] ⚠️ Row 1504: Unparsable date → 'EUR'
[2025-08-20 14:18:30] ⚠️ Row 1505: Unparsable date → 'EUR'
[2025-08-20 14:18:30] ⚠️ Row 1506: Unparsable date → 'EUR'
[2025-08-20 14:18:30] ⚠️ Row 1507: Unparsable date → 'EUR'
[2025-08-20 14:18:30] ⚠️ Row 1508: Unparsable date → 'EUR'
[2025-08-20 14:18:30] ⚠️ Row 1509: Unparsable date → 'EUR'
[2025-08-20 14:18:30] ⚠️ Row 1510: Unparsable date → 'EUR'
[2025-08-20 14:18:30] ⚠️ Row 1511: Unparsable date → 'EUR'
[2025-08-20 14:18:30] ⚠️ Row 1512: Unparsable date → 'EUR'
[2025-08-20 14:18:30] ⚠️ Row 1513: Unparsable date → 'EUR'
[2025-08-20 14:18:30] ⚠️ Row 1514: Unparsable date → 'EUR'
[2025-08-20 14:18:30] ⚠️ Row 1515: Unparsable date → 'EUR'
[2025-08-20 14:18:30] ⚠️ Row 1516: Unparsable date → 'EUR'
[2025-08-20 14:18:30] ⚠️ Row 1517: Unparsable date → 'EUR'
[2025-08-20 14:18:30] ⚠️ Row 1518: Unparsable date → 'EUR'
[2025-08-20 14:18:30] ⚠️ Row 1519: Unparsable date → 'EUR'
[2025-08-20 14:18:30] ⚠️ Row 1520: Unparsable date → 'EUR'
[2025-08-20 14:18:30] ⚠️ Row 1521: Unparsable date → 'EUR'
[2025-08-20 14:18:30] ⚠️ Row 1522: Unparsable date → 'EUR'
[2025-08-20 14:18:30] ⚠️ Row 1523: Unparsable date → 'EUR'
[2025-08-20 14:18:30] ⚠️ Row 1524: Unparsable date → 'EUR'
[2025-08-20 14:18:30] ⚠️ Row 1525: Unparsable date → 'EUR'
[2025-08-20 14:18:30] ⚠️ Row 1526: Unparsable date → 'EUR'
[2025-08-20 14:18:30] ⚠️ Row 1527: Unparsable date → 'EUR'
[2025-08-20 14:18:30] ⚠️ Row 1528: Unparsable date → 'EUR'
[2025-08-20 14:18:30] ⚠️ Row 1529: Unparsable date → 'EUR'
[2025-08-20 14:18:30] ⚠️ Row 1530: Unparsable date → 'EUR'
[2025-08-20 14:18:30] ⚠️ Row 1531: Unparsable date → 'EUR'
[2025-08-20 14:18:30] ⚠️ Row 1532: Unparsable date → 'EUR'
[2025-08-20 14:18:30] ⚠️ Row 1533: Unparsable date → 'EUR'
[2025-08-20 14:18:30] ⚠️ Row 1534: Unparsable date → 'EUR'
[2025-08-20 14:18:30] ⚠️ Row 1535: Unparsable date → 'EUR'
[2025-08-20 14:18:30] ⚠️ Row 1536: Unparsable date → 'EUR'
[2025-08-20 14:18:30] ⚠️ Row 1537: Unparsable date → 'EUR'
[2025-08-20 14:18:30] ⚠️ Row 1538: Unparsable date → 'EUR'
[2025-08-20 14:18:30] ⚠️ Row 1539: Unparsable date → 'EUR'
[2025-08-20 14:18:30] ⚠️ Row 1540: Unparsable date → 'EUR'
[2025-08-20 14:18:30] ⚠️ Row 1541: Unparsable date → 'EUR'
[2025-08-20 14:18:30] ⚠️ Row 1542: Unparsable date → 'EUR'
[2025-08-20 14:18:30] ⚠️ Row 1543: Unparsable date → 'EUR'
[2025-08-20 14:18:30] ⚠️ Row 1544: Unparsable date → 'EUR'
[2025-08-20 14:18:30] ⚠️ Row 1545: Unparsable date → 'EUR'
[2025-08-20 14:18:30] ⚠️ Row 1546: Unparsable date → 'EUR'
[2025-08-20 14:18:30] ⚠️ Row 1547: Unparsable date → 'EUR'
[2025-08-20 14:18:30] ⚠️ Row 1548: Unparsable date → 'EUR'
[2025-08-20 14:18:30] ⚠️ Row 1549: Unparsable date → 'EUR'
[2025-08-20 14:18:30] ⚠️ Row 1550: Unparsable date → 'EUR'
[2025-08-20 14:18:30] ⚠️ Row 1551: Unparsable date → 'EUR'
[2025-08-20 14:18:30] ⚠️ Row 1552: Unparsable date → 'EUR'
[2025-08-20 14:18:30] ⚠️ Row 1553: Unparsable date → 'EUR'
[2025-08-20 14:18:30] ⚠️ Row 1554: Unparsable date → 'EUR'
[2025-08-20 14:18:30] ⚠️ Row 1555: Unparsable date → 'EUR'
[2025-08-20 14:18:30] ⚠️ Row 1556: Unparsable date → 'EUR'
[2025-08-20 14:18:30] ⚠️ Row 1557: Unparsable date → 'EUR'
[2025-08-20 14:18:30] ⚠️ Row 1558: Unparsable date → 'EUR'
[2025-08-20 14:18:30] ⚠️ Row 1559: Unparsable date → 'EUR'
[2025-08-20 14:18:30] ⚠️ Row 1560: Unparsable date → 'EUR'
[2025-08-20 14:18:30] ⚠️ Row 1561: Unparsable date → 'EUR'
[2025-08-20 14:18:30] ⚠️ Row 1562: Unparsable date → 'EUR'
[2025-08-20 14:18:30] ⚠️ Row 1563: Unparsable date → 'EUR'
[2025-08-20 14:18:30] ⚠️ Row 1564: Unparsable date → 'EUR'
[2025-08-20 14:18:30] ⚠️ Row 1565: Unparsable date → 'EUR'
[2025-08-20 14:18:30] ⚠️ Row 1566: Unparsable date → 'EUR'
[2025-08-20 14:18:30] ⚠️ Row 1567: Unparsable date → 'EUR'
[2025-08-20 14:18:30] ⚠️ Row 1568: Unparsable date → 'EUR'
[2025-08-20 14:18:30] ⚠️ Row 1569: Unparsable date → 'EUR'
[2025-08-20 14:18:30] ⚠️ Row 1570: Unparsable date → 'EUR'
[2025-08-20 14:18:30] ⚠️ Row 1571: Unparsable date → 'EUR'
[2025-08-20 14:18:30] ⚠️ Row 1572: Unparsable date → 'EUR'
[2025-08-20 14:18:30] ⚠️ Row 1573: Unparsable date → 'EUR'
[2025-08-20 14:18:30] ⚠️ Row 1574: Unparsable date → 'EUR'
[2025-08-20 14:18:30] ⚠️ Row 1575: Unparsable date → 'EUR'
[2025-08-20 14:18:30] ⚠️ Row 1576: Unparsable date → 'EUR'
[2025-08-20 14:18:30] ⚠️ Row 1577: Unparsable date → 'EUR'
[2025-08-20 14:18:30] ⚠️ Row 1578: Unparsable date → 'EUR'
[2025-08-20 14:18:30] ⚠️ Row 1579: Unparsable date → 'EUR'
[2025-08-20 14:18:30] ⚠️ Row 1580: Unparsable date → 'EUR'
[2025-08-20 14:18:30] ⚠️ Row 1581: Unparsable date → 'EUR'
[2025-08-20 14:18:30] ⚠️ Row 1582: Unparsable date → 'EUR'
[2025-08-20 14:18:30] ⚠️ Row 1583: Unparsable date → 'EUR'
[2025-08-20 14:18:30] ⚠️ Row 1584: Unparsable date → 'EUR'
[2025-08-20 14:18:30] ⚠️ Row 1585: Unparsable date → 'EUR'
[2025-08-20 14:18:30] ⚠️ Row 1586: Unparsable date → 'EUR'
[2025-08-20 14:18:30] ⚠️ Row 1587: Unparsable date → 'EUR'
[2025-08-20 14:18:30] ⚠️ Row 1588: Unparsable date → 'EUR'
[2025-08-20 14:18:30] ⚠️ Row 1589: Unparsable date → 'EUR'
[2025-08-20 14:18:30] ⚠️ Row 1590: Unparsable date → 'EUR'
[2025-08-20 14:18:30] ⚠️ Row 1591: Unparsable date → 'EUR'
[2025-08-20 14:18:30] ⚠️ Row 1592: Unparsable date → 'EUR'
[2025-08-20 14:18:30] ⚠️ Row 1593: Unparsable date → 'EUR'
[2025-08-20 14:18:30] ⚠️ Row 1594: Unparsable date → 'EUR'
[2025-08-20 14:18:30] ⚠️ Row 1595: Unparsable date → 'EUR'
[2025-08-20 14:18:30] ⚠️ Row 1596: Unparsable date → 'EUR'
[2025-08-20 14:18:30] ⚠️ Row 1597: Unparsable date → 'EUR'
[2025-08-20 14:18:30] ⚠️ Row 1598: Unparsable date → 'EUR'
[2025-08-20 14:18:30] ⚠️ Row 1599: Unparsable date → 'EUR'
[2025-08-20 14:18:30] ⚠️ Row 1600: Unparsable date → 'EUR'
[2025-08-20 14:18:30] ⚠️ Row 1601: Unparsable date → 'EUR'
[2025-08-20 14:18:30] ⚠️ Row 1602: Unparsable date → 'EUR'
[2025-08-20 14:18:30] ⚠️ Row 1603: Unparsable date → 'EUR'
[2025-08-20 14:18:30] ⚠️ Row 1604: Unparsable date → 'EUR'
[2025-08-20 14:18:30] ⚠️ Row 1605: Unparsable date → 'EUR'
[2025-08-20 14:18:30] ⚠️ Row 1606: Unparsable date → 'EUR'
[2025-08-20 14:18:30] ⚠️ Row 1607: Unparsable date → 'EUR'
[2025-08-20 14:18:30] ⚠️ Row 1608: Unparsable date → 'EUR'
[2025-08-20 14:18:30] ⚠️ Row 1609: Unparsable date → 'EUR'
[2025-08-20 14:18:30] ⚠️ Row 1610: Unparsable date → 'EUR'
[2025-08-20 14:18:30] ⚠️ Row 1611: Unparsable date → 'EUR'
[2025-08-20 14:18:30] ⚠️ Row 1612: Unparsable date → 'EUR'
[2025-08-20 14:18:30] ⚠️ Row 1613: Unparsable date → 'EUR'
[2025-08-20 14:18:30] ⚠️ Row 1614: Unparsable date → 'EUR'
[2025-08-20 14:18:30] ⚠️ Row 1615: Unparsable date → 'EUR'
[2025-08-20 14:18:30] ⚠️ Row 1616: Unparsable date → 'EUR'
[2025-08-20 14:18:30] ⚠️ Row 1617: Unparsable date → 'EUR'
[2025-08-20 14:18:30] ⚠️ Row 1618: Unparsable date → 'EUR'
[2025-08-20 14:18:30] ⚠️ Row 1619: Unparsable date → 'EUR'
[2025-08-20 14:18:30] ⚠️ Row 1620: Unparsable date → 'EUR'
[2025-08-20 14:18:30] ⚠️ Row 1621: Unparsable date → 'EUR'
[2025-08-20 14:18:30] ⚠️ Row 1622: Unparsable date → 'EUR'
[2025-08-20 14:18:30] ⚠️ Row 1623: Unparsable date → 'EUR'
[2025-08-20 14:18:30] ⚠️ Row 1624: Unparsable date → 'EUR'
[2025-08-20 14:18:30] ⚠️ Row 1625: Unparsable date → 'EUR'
[2025-08-20 14:18:30] ⚠️ Row 1626: Unparsable date → 'EUR'
[2025-08-20 14:18:30] ⚠️ Row 1627: Unparsable date → 'EUR'
[2025-08-20 14:18:30] ⚠️ Row 1628: Unparsable date → 'EUR'
[2025-08-20 14:18:30] ⚠️ Row 1629: Unparsable date → 'EUR'
[2025-08-20 14:18:30] ⚠️ Row 1630: Unparsable date → 'EUR'
[2025-08-20 14:18:30] ⚠️ Row 1631: Unparsable date → 'EUR'
[2025-08-20 14:18:30] ⚠️ Row 1632: Unparsable date → 'EUR'
[2025-08-20 14:18:30] ⚠️ Row 1633: Unparsable date → 'EUR'
[2025-08-20 14:18:30] ⚠️ Row 1634: Unparsable date → 'EUR'
[2025-08-20 14:18:30] ⚠️ Row 1635: Unparsable date → 'EUR'
[2025-08-20 14:18:30] ⚠️ Row 1636: Unparsable date → 'EUR'
[2025-08-20 14:18:30] ⚠️ Row 1637: Unparsable date → 'EUR'
[2025-08-20 14:18:30] ⚠️ Row 1638: Unparsable date → 'EUR'
[2025-08-20 14:18:30] ⚠️ Row 1639: Unparsable date → 'EUR'
[2025-08-20 14:18:30] ⚠️ Row 1640: Unparsable date → 'EUR'
[2025-08-20 14:18:30] ⚠️ Row 1641: Unparsable date → 'EUR'
[2025-08-20 14:18:30] ⚠️ Row 1642: Unparsable date → 'EUR'
[2025-08-20 14:18:30] ⚠️ Row 1643: Unparsable date → 'EUR'
[2025-08-20 14:18:30] ⚠️ Row 1644: Unparsable date → 'EUR'
[2025-08-20 14:18:30] ⚠️ Row 1645: Unparsable date → 'EUR'
[2025-08-20 14:18:30] ⚠️ Row 1646: Unparsable date → 'EUR'
[2025-08-20 14:18:30] ⚠️ Row 1647: Unparsable date → 'EUR'
[2025-08-20 14:18:30] ⚠️ Row 1648: Unparsable date → 'EUR'
[2025-08-20 14:18:30] ⚠️ Row 1649: Unparsable date → 'EUR'
[2025-08-20 14:18:30] ⚠️ Row 1650: Unparsable date → 'EUR'
[2025-08-20 14:18:30] ⚠️ Row 1651: Unparsable date → 'EUR'
[2025-08-20 14:18:30] ⚠️ Row 1652: Unparsable date → 'EUR'
[2025-08-20 14:18:30] ⚠️ Row 1653: Unparsable date → 'EUR'
[2025-08-20 14:18:30] ⚠️ Row 1654: Unparsable date → 'EUR'
[2025-08-20 14:18:30] ⚠️ Row 1655: Unparsable date → 'EUR'
[2025-08-20 14:18:30] ⚠️ Row 1656: Unparsable date → 'EUR'
[2025-08-20 14:18:30] ⚠️ Row 1657: Unparsable date → 'EUR'
[2025-08-20 14:18:30] ⚠️ Row 1658: Unparsable date → 'EUR'
[2025-08-20 14:18:30] ⚠️ Row 1659: Unparsable date → 'EUR'
[2025-08-20 14:18:30] ⚠️ Row 1660: Unparsable date → 'EUR'
[2025-08-20 14:18:30] ⚠️ Row 1661: Unparsable date → 'EUR'
[2025-08-20 14:18:30] ⚠️ Row 1662: Unparsable date → 'EUR'
[2025-08-20 14:18:30] ⚠️ Row 1663: Unparsable date → 'EUR'
[2025-08-20 14:18:30] ⚠️ Row 1664: Unparsable date → 'EUR'
[2025-08-20 14:18:30] ⚠️ Row 1665: Unparsable date → 'EUR'
[2025-08-20 14:18:30] ⚠️ Row 1666: Unparsable date → 'EUR'
[2025-08-20 14:18:30] ⚠️ Row 1667: Unparsable date → 'EUR'
[2025-08-20 14:18:30] ⚠️ Row 1668: Unparsable date → 'EUR'
[2025-08-20 14:18:30] ⚠️ Row 1669: Unparsable date → 'EUR'
[2025-08-20 14:18:30] ⚠️ Row 1670: Unparsable date → 'EUR'
[2025-08-20 14:18:30] ⚠️ Row 1671: Unparsable date → 'EUR'
[2025-08-20 14:18:30] ⚠️ Row 1672: Unparsable date → 'EUR'
[2025-08-20 14:18:30] ⚠️ Row 1673: Unparsable date → 'EUR'
[2025-08-20 14:18:30] ⚠️ Row 1674: Unparsable date → 'EUR'
[2025-08-20 14:18:30] ⚠️ Row 1675: Unparsable date → 'EUR'
[2025-08-20 14:18:30] ⚠️ Row 1676: Unparsable date → 'EUR'
[2025-08-20 14:18:30] ⚠️ Row 1677: Unparsable date → 'EUR'
[2025-08-20 14:18:30] ⚠️ Row 1678: Unparsable date → 'EUR'
[2025-08-20 14:18:30] ⚠️ Row 1679: Unparsable date → 'EUR'
[2025-08-20 14:18:30] ⚠️ Row 1680: Unparsable date → 'EUR'
[2025-08-20 14:18:30] ⚠️ Row 1681: Unparsable date → 'EUR'
[2025-08-20 14:18:30] ⚠️ Row 1682: Unparsable date → 'EUR'
[2025-08-20 14:18:30] ⚠️ Row 1683: Unparsable date → 'EUR'
[2025-08-20 14:18:30] ⚠️ Row 1684: Unparsable date → 'EUR'
[2025-08-20 14:18:30] ⚠️ Row 1685: Unparsable date → 'EUR'
[2025-08-20 14:18:30] ⚠️ Row 1686: Unparsable date → 'EUR'
[2025-08-20 14:18:30] ⚠️ Row 1687: Unparsable date → 'EUR'
[2025-08-20 14:18:30] ⚠️ Row 1688: Unparsable date → 'EUR'
[2025-08-20 14:18:30] ⚠️ Row 1689: Unparsable date → 'EUR'
[2025-08-20 14:18:30] ⚠️ Row 1690: Unparsable date → 'EUR'
[2025-08-20 14:18:30] ⚠️ Row 1691: Unparsable date → 'EUR'
[2025-08-20 14:18:30] ⚠️ Row 1692: Unparsable date → 'EUR'
[2025-08-20 14:18:30] ⚠️ Row 1693: Unparsable date → 'EUR'
[2025-08-20 14:18:30] ⚠️ Row 1694: Unparsable date → 'EUR'
[2025-08-20 14:18:30] ⚠️ Row 1695: Unparsable date → 'EUR'
[2025-08-20 14:18:30] ⚠️ Row 1696: Unparsable date → 'EUR'
[2025-08-20 14:18:30] ⚠️ Row 1697: Unparsable date → 'EUR'
[2025-08-20 14:18:30] ⚠️ Row 1698: Unparsable date → 'EUR'
[2025-08-20 14:18:30] ⚠️ Row 1699: Unparsable date → 'EUR'
[2025-08-20 14:18:30] ⚠️ Row 1700: Unparsable date → 'EUR'
[2025-08-20 14:18:30] ⚠️ Row 1701: Unparsable date → 'EUR'
[2025-08-20 14:18:30] ⚠️ Row 1702: Unparsable date → 'EUR'
[2025-08-20 14:18:30] ⚠️ Row 1703: Unparsable date → 'EUR'
[2025-08-20 14:18:30] ⚠️ Row 1704: Unparsable date → 'EUR'
[2025-08-20 14:18:30] ⚠️ Row 1705: Unparsable date → 'EUR'
[2025-08-20 14:18:30] ⚠️ Row 1706: Unparsable date → 'EUR'
[2025-08-20 14:18:30] ⚠️ Row 1707: Unparsable date → 'EUR'
[2025-08-20 14:18:30] ⚠️ Row 1708: Unparsable date → 'EUR'
[2025-08-20 14:18:30] ⚠️ Row 1709: Unparsable date → 'EUR'
[2025-08-20 14:18:30] ⚠️ Row 1710: Unparsable date → 'EUR'
[2025-08-20 14:18:30] ⚠️ Row 1711: Unparsable date → 'EUR'
[2025-08-20 14:18:30] ⚠️ Row 1712: Unparsable date → 'EUR'
[2025-08-20 14:18:30] ⚠️ Row 1713: Unparsable date → 'EUR'
[2025-08-20 14:18:30] ⚠️ Row 1714: Unparsable date → 'EUR'
[2025-08-20 14:18:30] ⚠️ Row 1715: Unparsable date → 'EUR'
[2025-08-20 14:18:30] ⚠️ Row 1716: Unparsable date → 'EUR'
[2025-08-20 14:18:30] ⚠️ Row 1717: Unparsable date → 'EUR'
[2025-08-20 14:18:30] ⚠️ Row 1718: Unparsable date → 'EUR'
[2025-08-20 14:18:30] ⚠️ Row 1719: Unparsable date → 'EUR'
[2025-08-20 14:18:30] ⚠️ Row 1720: Unparsable date → 'EUR'
[2025-08-20 14:18:30] ⚠️ Row 1721: Unparsable date → 'EUR'
[2025-08-20 14:18:30] ⚠️ Row 1722: Unparsable date → 'EUR'
[2025-08-20 14:18:30] ⚠️ Row 1723: Unparsable date → 'EUR'
[2025-08-20 14:18:30] ⚠️ Row 1724: Unparsable date → 'EUR'
[2025-08-20 14:18:30] ⚠️ Row 1725: Unparsable date → 'EUR'
[2025-08-20 14:18:30] ⚠️ Row 1726: Unparsable date → 'EUR'
[2025-08-20 14:18:30] ⚠️ Row 1727: Unparsable date → 'EUR'
[2025-08-20 14:18:30] ⚠️ Row 1728: Unparsable date → 'EUR'
[2025-08-20 14:18:30] ⚠️ Row 1729: Unparsable date → 'None'
[2025-08-20 14:18:30] ⚠️ Row 1730: Unparsable date → 'None'
[2025-08-20 14:18:30] ⚠️ Row 1731: Unparsable date → 'EUR'
[2025-08-20 14:18:30] ⚠️ Row 1732: Unparsable date → 'EUR'
[2025-08-20 14:18:30] ⚠️ Row 1733: Unparsable date → 'EUR'
[2025-08-20 14:18:30] ⚠️ Row 1734: Unparsable date → 'EUR'
[2025-08-20 14:18:30] ⚠️ Row 1735: Unparsable date → 'EUR'
[2025-08-20 14:18:30] ⚠️ Row 1736: Unparsable date → 'EUR'
[2025-08-20 14:18:30] ⚠️ Row 1737: Unparsable date → 'EUR'
[2025-08-20 14:18:30] ⚠️ Row 1738: Unparsable date → 'EUR'
[2025-08-20 14:18:30] ⚠️ Row 1739: Unparsable date → 'EUR'
[2025-08-20 14:18:30] ⚠️ Row 1740: Unparsable date → 'EUR'
[2025-08-20 14:18:30] ⚠️ Row 1741: Unparsable date → 'EUR'
[2025-08-20 14:18:30] ⚠️ Row 1742: Unparsable date → 'EUR'
[2025-08-20 14:18:30] ⚠️ Row 1743: Unparsable date → 'None'
[2025-08-20 14:18:30] ⚠️ Row 1744: Unparsable date → 'None'
[2025-08-20 14:18:30] ⚠️ Row 1745: Unparsable date → 'EUR'
[2025-08-20 14:18:30] ⚠️ Row 1746: Unparsable date → 'EUR'
[2025-08-20 14:18:30] ⚠️ Row 1747: Unparsable date → 'EUR'
[2025-08-20 14:18:30] ⚠️ Row 1748: Unparsable date → 'EUR'
[2025-08-20 14:18:30] ⚠️ Row 1749: Unparsable date → 'EUR'
[2025-08-20 14:18:30] ⚠️ Row 1750: Unparsable date → 'EUR'
[2025-08-20 14:18:30] ⚠️ Row 1751: Unparsable date → 'EUR'
[2025-08-20 14:18:30] ⚠️ Row 1752: Unparsable date → 'EUR'
[2025-08-20 14:18:30] ⚠️ Row 1753: Unparsable date → 'EUR'
[2025-08-20 14:18:30] ⚠️ Row 1754: Unparsable date → 'EUR'
[2025-08-20 14:18:30] ⚠️ Row 1755: Unparsable date → 'EUR'
[2025-08-20 14:18:30] ⚠️ Row 1756: Unparsable date → 'EUR'
[2025-08-20 14:18:30] ⚠️ Row 1757: Unparsable date → 'EUR'
[2025-08-20 14:18:30] ⚠️ Row 1758: Unparsable date → 'EUR'
[2025-08-20 14:18:30] ⚠️ Row 1759: Unparsable date → 'EUR'
[2025-08-20 14:18:30] ⚠️ Row 1760: Unparsable date → 'EUR'
[2025-08-20 14:18:30] ⚠️ Row 1761: Unparsable date → 'EUR'
[2025-08-20 14:18:30] ⚠️ Row 1762: Unparsable date → 'EUR'
[2025-08-20 14:18:30] ⚠️ Row 1763: Unparsable date → 'EUR'
[2025-08-20 14:18:30] ⚠️ Row 1764: Unparsable date → 'EUR'
[2025-08-20 14:18:30] ⚠️ Row 1765: Unparsable date → 'EUR'
[2025-08-20 14:18:30] ⚠️ Row 1766: Unparsable date → 'EUR'
[2025-08-20 14:18:30] ⚠️ Row 1767: Unparsable date → 'EUR'
[2025-08-20 14:18:30] ⚠️ Row 1768: Unparsable date → 'EUR'
[2025-08-20 14:18:30] ⚠️ Row 1769: Unparsable date → 'EUR'
[2025-08-20 14:18:30] ⚠️ Row 1770: Unparsable date → 'EUR'
[2025-08-20 14:18:30] ⚠️ Row 1771: Unparsable date → 'EUR'
[2025-08-20 14:18:30] ⚠️ Row 1772: Unparsable date → 'EUR'
[2025-08-20 14:18:30] ⚠️ Row 1773: Unparsable date → 'EUR'
[2025-08-20 14:18:30] ⚠️ Row 1774: Unparsable date → 'EUR'
[2025-08-20 14:18:30] ⚠️ Row 1775: Unparsable date → 'EUR'
[2025-08-20 14:18:30] ⚠️ Row 1776: Unparsable date → 'EUR'
[2025-08-20 14:18:30] ⚠️ Row 1777: Unparsable date → 'EUR'
[2025-08-20 14:18:30] ⚠️ Row 1778: Unparsable date → 'EUR'
[2025-08-20 14:18:30] ⚠️ Row 1779: Unparsable date → 'EUR'
[2025-08-20 14:18:30] ⚠️ Row 1780: Unparsable date → 'EUR'
[2025-08-20 14:18:30] ⚠️ Row 1781: Unparsable date → 'EUR'
[2025-08-20 14:18:30] ⚠️ Row 1782: Unparsable date → 'EUR'
[2025-08-20 14:18:30] ⚠️ Row 1783: Unparsable date → 'EUR'
[2025-08-20 14:18:30] ⚠️ Row 1784: Unparsable date → 'EUR'
[2025-08-20 14:18:30] ⚠️ Row 1785: Unparsable date → 'EUR'
[2025-08-20 14:18:30] ⚠️ Row 1786: Unparsable date → 'EUR'
[2025-08-20 14:18:30] ⚠️ Row 1787: Unparsable date → 'EUR'
[2025-08-20 14:18:30] ⚠️ Row 1788: Unparsable date → 'EUR'
[2025-08-20 14:18:30] ⚠️ Row 1789: Unparsable date → 'EUR'
[2025-08-20 14:18:30] ⚠️ Row 1790: Unparsable date → 'EUR'
[2025-08-20 14:18:30] ⚠️ Row 1791: Unparsable date → 'EUR'
[2025-08-20 14:18:30] ⚠️ Row 1792: Unparsable date → 'EUR'
[2025-08-20 14:18:30] ⚠️ Row 1793: Unparsable date → 'EUR'
[2025-08-20 14:18:30] ⚠️ Row 1794: Unparsable date → 'EUR'
[2025-08-20 14:18:30] ⚠️ Row 1795: Unparsable date → 'EUR'
[2025-08-20 14:18:30] ⚠️ Row 1796: Unparsable date → 'EUR'
[2025-08-20 14:18:30] ⚠️ Row 1797: Unparsable date → 'EUR'
[2025-08-20 14:18:30] ⚠️ Row 1798: Unparsable date → 'EUR'
[2025-08-20 14:18:30] ⚠️ Row 1799: Unparsable date → 'EUR'
[2025-08-20 14:18:30] ⚠️ Row 1800: Unparsable date → 'EUR'
[2025-08-20 14:18:30] ⚠️ Row 1801: Unparsable date → 'EUR'
[2025-08-20 14:18:30] ⚠️ Row 1802: Unparsable date → 'EUR'
[2025-08-20 14:18:30] ⚠️ Row 1803: Unparsable date → 'EUR'
[2025-08-20 14:18:30] ⚠️ Row 1804: Unparsable date → 'EUR'
[2025-08-20 14:18:30] ⚠️ Row 1805: Unparsable date → 'EUR'
[2025-08-20 14:18:30] ⚠️ Row 1806: Unparsable date → 'EUR'
[2025-08-20 14:18:30] ⚠️ Row 1807: Unparsable date → 'EUR'
[2025-08-20 14:18:30] ⚠️ Row 1808: Unparsable date → 'EUR'
[2025-08-20 14:18:30] ⚠️ Row 1809: Unparsable date → 'EUR'
[2025-08-20 14:18:30] ⚠️ Row 1810: Unparsable date → 'EUR'
[2025-08-20 14:18:30] ⚠️ Row 1811: Unparsable date → 'EUR'
[2025-08-20 14:18:30] ⚠️ Row 1812: Unparsable date → 'EUR'
[2025-08-20 14:18:30] ⚠️ Row 1813: Unparsable date → 'EUR'
[2025-08-20 14:18:30] ⚠️ Row 1814: Unparsable date → 'EUR'
[2025-08-20 14:18:30] ⚠️ Row 1815: Unparsable date → 'EUR'
[2025-08-20 14:18:30] ⚠️ Row 1816: Unparsable date → 'EUR'
[2025-08-20 14:18:30] ⚠️ Row 1817: Unparsable date → 'EUR'
[2025-08-20 14:18:30] ⚠️ Row 1818: Unparsable date → 'EUR'
[2025-08-20 14:18:30] ⚠️ Row 1819: Unparsable date → 'EUR'
[2025-08-20 14:18:31] ⚠️ Row 1820: Unparsable date → 'EUR'
[2025-08-20 14:18:31] ⚠️ Row 1821: Unparsable date → 'EUR'
[2025-08-20 14:18:31] ⚠️ Row 1822: Unparsable date → 'EUR'
[2025-08-20 14:18:31] ⚠️ Row 1823: Unparsable date → 'EUR'
[2025-08-20 14:18:31] ⚠️ Row 1824: Unparsable date → 'EUR'
[2025-08-20 14:18:31] ⚠️ Row 1825: Unparsable date → 'EUR'
[2025-08-20 14:18:31] ⚠️ Row 1826: Unparsable date → 'EUR'
[2025-08-20 14:18:31] ⚠️ Row 1827: Unparsable date → 'EUR'
[2025-08-20 14:18:31] ⚠️ Row 1828: Unparsable date → 'EUR'
[2025-08-20 14:18:31] ⚠️ Row 1829: Unparsable date → 'EUR'
[2025-08-20 14:18:31] ⚠️ Row 1830: Unparsable date → 'EUR'
[2025-08-20 14:18:31] ⚠️ Row 1831: Unparsable date → 'EUR'
[2025-08-20 14:18:31] ⚠️ Row 1832: Unparsable date → 'EUR'
[2025-08-20 14:18:31] ⚠️ Row 1833: Unparsable date → 'EUR'
[2025-08-20 14:18:31] ⚠️ Row 1834: Unparsable date → 'EUR'
[2025-08-20 14:18:31] ⚠️ Row 1835: Unparsable date → 'EUR'
[2025-08-20 14:18:31] ⚠️ Row 1836: Unparsable date → 'EUR'
[2025-08-20 14:18:31] ⚠️ Row 1837: Unparsable date → 'EUR'
[2025-08-20 14:18:31] ⚠️ Row 1838: Unparsable date → 'EUR'
[2025-08-20 14:18:31] ⚠️ Row 1839: Unparsable date → 'EUR'
[2025-08-20 14:18:31] ⚠️ Row 1840: Unparsable date → 'EUR'
[2025-08-20 14:18:31] ⚠️ Row 1841: Unparsable date → 'EUR'
[2025-08-20 14:18:31] ⚠️ Row 1842: Unparsable date → 'EUR'
[2025-08-20 14:18:31] ⚠️ Row 1843: Unparsable date → 'EUR'
[2025-08-20 14:18:31] ⚠️ Row 1844: Unparsable date → 'EUR'
[2025-08-20 14:18:31] ⚠️ Row 1845: Unparsable date → 'EUR'
[2025-08-20 14:18:31] ⚠️ Row 1846: Unparsable date → 'EUR'
[2025-08-20 14:18:31] ⚠️ Row 1847: Unparsable date → 'EUR'
[2025-08-20 14:18:31] ⚠️ Row 1848: Unparsable date → 'EUR'
[2025-08-20 14:18:31] ⚠️ Row 1849: Unparsable date → 'EUR'
[2025-08-20 14:18:31] ⚠️ Row 1850: Unparsable date → 'EUR'
[2025-08-20 14:18:31] ⚠️ Row 1851: Unparsable date → 'EUR'
[2025-08-20 14:18:31] ⚠️ Row 1852: Unparsable date → 'EUR'
[2025-08-20 14:18:31] ⚠️ Row 1853: Unparsable date → 'EUR'
[2025-08-20 14:18:31] ⚠️ Row 1854: Unparsable date → 'EUR'
[2025-08-20 14:18:31] ⚠️ Row 1855: Unparsable date → 'EUR'
[2025-08-20 14:18:31] ⚠️ Row 1856: Unparsable date → 'EUR'
[2025-08-20 14:18:31] ⚠️ Row 1857: Unparsable date → 'EUR'
[2025-08-20 14:18:31] ⚠️ Row 1858: Unparsable date → 'EUR'
[2025-08-20 14:18:31] ⚠️ Row 1859: Unparsable date → 'EUR'
[2025-08-20 14:18:31] ⚠️ Row 1860: Unparsable date → 'EUR'
[2025-08-20 14:18:31] ⚠️ Row 1861: Unparsable date → 'EUR'
[2025-08-20 14:18:31] ⚠️ Row 1862: Unparsable date → 'EUR'
[2025-08-20 14:18:31] ⚠️ Row 1863: Unparsable date → 'EUR'
[2025-08-20 14:18:31] ⚠️ Row 1864: Unparsable date → 'EUR'
[2025-08-20 14:18:31] ⚠️ Row 1865: Unparsable date → 'EUR'
[2025-08-20 14:18:31] ⚠️ Row 1866: Unparsable date → 'EUR'
[2025-08-20 14:18:31] ⚠️ Row 1867: Unparsable date → 'EUR'
[2025-08-20 14:18:31] ⚠️ Row 1868: Unparsable date → 'EUR'
[2025-08-20 14:18:31] ⚠️ Row 1869: Unparsable date → 'EUR'
[2025-08-20 14:18:31] ⚠️ Row 1870: Unparsable date → 'EUR'
[2025-08-20 14:18:31] ⚠️ Row 1871: Unparsable date → 'EUR'
[2025-08-20 14:18:31] ⚠️ Row 1872: Unparsable date → 'EUR'
[2025-08-20 14:18:31] ⚠️ Row 1873: Unparsable date → 'EUR'
[2025-08-20 14:18:31] ⚠️ Row 1874: Unparsable date → 'EUR'
[2025-08-20 14:18:31] ⚠️ Row 1875: Unparsable date → 'EUR'
[2025-08-20 14:18:31] ⚠️ Row 1876: Unparsable date → 'EUR'
[2025-08-20 14:18:31] ⚠️ Row 1877: Unparsable date → 'EUR'
[2025-08-20 14:18:31] ⚠️ Row 1878: Unparsable date → 'EUR'
[2025-08-20 14:18:31] ⚠️ Row 1879: Unparsable date → 'EUR'
[2025-08-20 14:18:31] ⚠️ Row 1880: Unparsable date → 'EUR'
[2025-08-20 14:18:31] ⚠️ Row 1881: Unparsable date → 'EUR'
[2025-08-20 14:18:31] ⚠️ Row 1882: Unparsable date → 'EUR'
[2025-08-20 14:18:31] ⚠️ Row 1883: Unparsable date → 'EUR'
[2025-08-20 14:18:31] ⚠️ Row 1884: Unparsable date → 'EUR'
[2025-08-20 14:18:31] ⚠️ Row 1885: Unparsable date → 'EUR'
[2025-08-20 14:18:31] ⚠️ Row 1886: Unparsable date → 'EUR'
[2025-08-20 14:18:31] ⚠️ Row 1887: Unparsable date → 'EUR'
[2025-08-20 14:18:31] ⚠️ Row 1888: Unparsable date → 'EUR'
[2025-08-20 14:18:31] ⚠️ Row 1889: Unparsable date → 'EUR'
[2025-08-20 14:18:31] ⚠️ Row 1890: Unparsable date → 'EUR'
[2025-08-20 14:18:31] ⚠️ Row 1891: Unparsable date → 'EUR'
[2025-08-20 14:18:31] ⚠️ Row 1892: Unparsable date → 'EUR'
[2025-08-20 14:18:31] ⚠️ Row 1893: Unparsable date → 'EUR'
[2025-08-20 14:18:31] ⚠️ Row 1894: Unparsable date → 'EUR'
[2025-08-20 14:18:31] ⚠️ Row 1895: Unparsable date → 'EUR'
[2025-08-20 14:18:31] ⚠️ Row 1896: Unparsable date → 'EUR'
[2025-08-20 14:18:31] ⚠️ Row 1897: Unparsable date → 'EUR'
[2025-08-20 14:18:31] ⚠️ Row 1898: Unparsable date → 'EUR'
[2025-08-20 14:18:31] ⚠️ Row 1899: Unparsable date → 'EUR'
[2025-08-20 14:18:31] ⚠️ Row 1900: Unparsable date → 'EUR'
[2025-08-20 14:18:31] ⚠️ Row 1901: Unparsable date → 'EUR'
[2025-08-20 14:18:31] ⚠️ Row 1902: Unparsable date → 'EUR'
[2025-08-20 14:18:31] ⚠️ Row 1903: Unparsable date → 'EUR'
[2025-08-20 14:18:31] ⚠️ Row 1904: Unparsable date → 'EUR'
[2025-08-20 14:18:31] ⚠️ Row 1905: Unparsable date → 'EUR'
[2025-08-20 14:18:31] ⚠️ Row 1906: Unparsable date → 'EUR'
[2025-08-20 14:18:31] ⚠️ Row 1907: Unparsable date → 'EUR'
[2025-08-20 14:18:31] ⚠️ Row 1908: Unparsable date → 'EUR'
[2025-08-20 14:18:31] ⚠️ Row 1909: Unparsable date → 'EUR'
[2025-08-20 14:18:31] ⚠️ Row 1910: Unparsable date → 'EUR'
[2025-08-20 14:18:31] ⚠️ Row 1911: Unparsable date → 'EUR'
[2025-08-20 14:18:31] ⚠️ Row 1912: Unparsable date → 'EUR'
[2025-08-20 14:18:31] ⚠️ Row 1913: Unparsable date → 'EUR'
[2025-08-20 14:18:31] ⚠️ Row 1914: Unparsable date → 'EUR'
[2025-08-20 14:18:31] ⚠️ Row 1915: Unparsable date → 'EUR'
[2025-08-20 14:18:31] ⚠️ Row 1916: Unparsable date → 'EUR'
[2025-08-20 14:18:31] ⚠️ Row 1917: Unparsable date → 'EUR'
[2025-08-20 14:18:31] ⚠️ Row 1918: Unparsable date → 'EUR'
[2025-08-20 14:18:31] ⚠️ Row 1919: Unparsable date → 'EUR'
[2025-08-20 14:18:31] ⚠️ Row 1920: Unparsable date → 'EUR'
[2025-08-20 14:18:31] ⚠️ Row 1921: Unparsable date → 'EUR'
[2025-08-20 14:18:31] ⚠️ Row 1922: Unparsable date → 'EUR'
[2025-08-20 14:18:31] ⚠️ Row 1923: Unparsable date → 'EUR'
[2025-08-20 14:18:31] ⚠️ Row 1924: Unparsable date → 'EUR'
[2025-08-20 14:18:31] ⚠️ Row 1925: Unparsable date → 'EUR'
[2025-08-20 14:18:31] ⚠️ Row 1926: Unparsable date → 'EUR'
[2025-08-20 14:18:31] ⚠️ Row 1927: Unparsable date → 'EUR'
[2025-08-20 14:18:31] ⚠️ Row 1928: Unparsable date → 'EUR'
[2025-08-20 14:18:31] ⚠️ Row 1929: Unparsable date → 'EUR'
[2025-08-20 14:18:31] ⚠️ Row 1930: Unparsable date → 'EUR'
[2025-08-20 14:18:31] ⚠️ Row 1931: Unparsable date → 'EUR'
[2025-08-20 14:18:31] ⚠️ Row 1932: Unparsable date → 'EUR'
[2025-08-20 14:18:31] ⚠️ Row 1933: Unparsable date → 'EUR'
[2025-08-20 14:18:31] ⚠️ Row 1934: Unparsable date → 'EUR'
[2025-08-20 14:18:31] ⚠️ Row 1935: Unparsable date → 'EUR'
[2025-08-20 14:18:31] ⚠️ Row 1936: Unparsable date → 'EUR'
[2025-08-20 14:18:31] ⚠️ Row 1937: Unparsable date → 'EUR'
[2025-08-20 14:18:31] ⚠️ Row 1938: Unparsable date → 'EUR'
[2025-08-20 14:18:31] ⚠️ Row 1939: Unparsable date → 'EUR'
[2025-08-20 14:18:31] ⚠️ Row 1940: Unparsable date → 'EUR'
[2025-08-20 14:18:31] ⚠️ Row 1941: Unparsable date → 'EUR'
[2025-08-20 14:18:31] ⚠️ Row 1942: Unparsable date → 'EUR'
[2025-08-20 14:18:31] ⚠️ Row 1943: Unparsable date → 'EUR'
[2025-08-20 14:18:31] ⚠️ Row 1944: Unparsable date → 'EUR'
[2025-08-20 14:18:31] ⚠️ Row 1945: Unparsable date → 'EUR'
[2025-08-20 14:18:31] ⚠️ Row 1946: Unparsable date → 'EUR'
[2025-08-20 14:18:31] ⚠️ Row 1947: Unparsable date → 'EUR'
[2025-08-20 14:18:31] ⚠️ Row 1948: Unparsable date → 'EUR'
[2025-08-20 14:18:31] ⚠️ Row 1949: Unparsable date → 'EUR'
[2025-08-20 14:18:31] ⚠️ Row 1950: Unparsable date → 'EUR'
[2025-08-20 14:18:31] ⚠️ Row 1951: Unparsable date → 'EUR'
[2025-08-20 14:18:31] ⚠️ Row 1952: Unparsable date → 'EUR'
[2025-08-20 14:18:31] ⚠️ Row 1953: Unparsable date → 'EUR'
[2025-08-20 14:18:31] ⚠️ Row 1954: Unparsable date → 'EUR'
[2025-08-20 14:18:31] ⚠️ Row 1955: Unparsable date → 'EUR'
[2025-08-20 14:18:31] ⚠️ Row 1956: Unparsable date → 'EUR'
[2025-08-20 14:18:31] ⚠️ Row 1957: Unparsable date → 'EUR'
[2025-08-20 14:18:31] ⚠️ Row 1958: Unparsable date → 'EUR'
[2025-08-20 14:18:31] ⚠️ Row 1959: Unparsable date → 'EUR'
[2025-08-20 14:18:31] ⚠️ Row 1960: Unparsable date → 'EUR'
[2025-08-20 14:18:31] ⚠️ Row 1961: Unparsable date → 'EUR'
[2025-08-20 14:18:31] ⚠️ Row 1962: Unparsable date → 'EUR'
[2025-08-20 14:18:31] ⚠️ Row 1963: Unparsable date → 'EUR'
[2025-08-20 14:18:31] ⚠️ Row 1964: Unparsable date → 'EUR'
[2025-08-20 14:18:31] ⚠️ Row 1965: Unparsable date → 'EUR'
[2025-08-20 14:18:31] ⚠️ Row 1966: Unparsable date → 'EUR'
[2025-08-20 14:18:31] ⚠️ Row 1967: Unparsable date → 'EUR'
[2025-08-20 14:18:31] ⚠️ Row 1968: Unparsable date → 'EUR'
[2025-08-20 14:18:31] ⚠️ Row 1969: Unparsable date → 'EUR'
[2025-08-20 14:18:31] ⚠️ Row 1970: Unparsable date → 'EUR'
[2025-08-20 14:18:31] ⚠️ Row 1971: Unparsable date → 'EUR'
[2025-08-20 14:18:31] ⚠️ Row 1972: Unparsable date → 'EUR'
[2025-08-20 14:18:31] ⚠️ Row 1973: Unparsable date → 'EUR'
[2025-08-20 14:18:31] ⚠️ Row 1974: Unparsable date → 'EUR'
[2025-08-20 14:18:31] ⚠️ Row 1975: Unparsable date → 'EUR'
[2025-08-20 14:18:31] ⚠️ Row 1976: Unparsable date → 'EUR'
[2025-08-20 14:18:31] ⚠️ Row 1977: Unparsable date → 'EUR'
[2025-08-20 14:18:31] ⚠️ Row 1978: Unparsable date → 'EUR'
[2025-08-20 14:18:31] ⚠️ Row 1979: Unparsable date → 'EUR'
[2025-08-20 14:18:31] ⚠️ Row 1980: Unparsable date → 'EUR'
[2025-08-20 14:18:31] ⚠️ Row 1981: Unparsable date → 'EUR'
[2025-08-20 14:18:31] ⚠️ Row 1982: Unparsable date → 'EUR'
[2025-08-20 14:18:31] ⚠️ Row 1983: Unparsable date → 'EUR'
[2025-08-20 14:18:31] ⚠️ Row 1984: Unparsable date → 'EUR'
[2025-08-20 14:18:31] ⚠️ Row 1985: Unparsable date → 'EUR'
[2025-08-20 14:18:31] ⚠️ Row 1986: Unparsable date → 'EUR'
[2025-08-20 14:18:31] ⚠️ Row 1987: Unparsable date → 'EUR'
[2025-08-20 14:18:31] ⚠️ Row 1988: Unparsable date → 'EUR'
[2025-08-20 14:18:31] ⚠️ Row 1989: Unparsable date → 'EUR'
[2025-08-20 14:18:31] ⚠️ Row 1990: Unparsable date → 'EUR'
[2025-08-20 14:18:31] ⚠️ Row 1991: Unparsable date → 'EUR'
[2025-08-20 14:18:31] ⚠️ Row 1992: Unparsable date → 'EUR'
[2025-08-20 14:18:31] ⚠️ Row 1993: Unparsable date → 'EUR'
[2025-08-20 14:18:31] ⚠️ Row 1994: Unparsable date → 'EUR'
[2025-08-20 14:18:31] ⚠️ Row 1995: Unparsable date → 'EUR'
[2025-08-20 14:18:31] ⚠️ Row 1996: Unparsable date → 'EUR'
[2025-08-20 14:18:31] ⚠️ Row 1997: Unparsable date → 'EUR'
[2025-08-20 14:18:31] ⚠️ Row 1998: Unparsable date → 'EUR'
[2025-08-20 14:18:31] ⚠️ Row 1999: Unparsable date → 'EUR'
[2025-08-20 14:18:31] ⚠️ Row 2000: Unparsable date → 'EUR'
[2025-08-20 14:18:31] ⚠️ Row 2001: Unparsable date → 'EUR'
[2025-08-20 14:18:31] ⚠️ Row 2002: Unparsable date → 'EUR'
[2025-08-20 14:18:31] ⚠️ Row 2003: Unparsable date → 'EUR'
[2025-08-20 14:18:31] ⚠️ Row 2004: Unparsable date → 'EUR'
[2025-08-20 14:18:31] ⚠️ Row 2005: Unparsable date → 'EUR'
[2025-08-20 14:18:31] ⚠️ Row 2006: Unparsable date → 'EUR'
[2025-08-20 14:18:31] ⚠️ Row 2007: Unparsable date → 'EUR'
[2025-08-20 14:18:31] ⚠️ Row 2008: Unparsable date → 'EUR'
[2025-08-20 14:18:31] ⚠️ Row 2009: Unparsable date → 'EUR'
[2025-08-20 14:18:31] ⚠️ Row 2010: Unparsable date → 'EUR'
[2025-08-20 14:18:31] ⚠️ Row 2011: Unparsable date → 'EUR'
[2025-08-20 14:18:31] ⚠️ Row 2012: Unparsable date → 'EUR'
[2025-08-20 14:18:31] ⚠️ Row 2013: Unparsable date → 'EUR'
[2025-08-20 14:18:31] ⚠️ Row 2014: Unparsable date → 'EUR'
[2025-08-20 14:18:31] ⚠️ Row 2015: Unparsable date → 'EUR'
[2025-08-20 14:18:31] ⚠️ Row 2016: Unparsable date → 'EUR'
[2025-08-20 14:18:31] ⚠️ Row 2017: Unparsable date → 'EUR'
[2025-08-20 14:18:31] ⚠️ Row 2018: Unparsable date → 'EUR'
[2025-08-20 14:18:31] ⚠️ Row 2019: Unparsable date → 'EUR'
[2025-08-20 14:18:31] ⚠️ Row 2020: Unparsable date → 'EUR'
[2025-08-20 14:18:31] ⚠️ Row 2021: Unparsable date → 'EUR'
[2025-08-20 14:18:31] ⚠️ Row 2022: Unparsable date → 'EUR'
[2025-08-20 14:18:31] ⚠️ Row 2023: Unparsable date → 'EUR'
[2025-08-20 14:18:31] ⚠️ Row 2024: Unparsable date → 'EUR'
[2025-08-20 14:18:31] ⚠️ Row 2025: Unparsable date → 'None'
[2025-08-20 14:18:31] ⚠️ Row 2026: Unparsable date → 'None'
[2025-08-20 14:18:31] ⚠️ Row 2027: Unparsable date → 'EUR'
[2025-08-20 14:18:31] ⚠️ Row 2028: Unparsable date → 'EUR'
[2025-08-20 14:18:31] ⚠️ Row 2029: Unparsable date → 'None'
[2025-08-20 14:18:31] ⚠️ Row 2030: Unparsable date → 'None'
[2025-08-20 14:18:31] ⚠️ Row 2031: Unparsable date → 'EUR'
[2025-08-20 14:18:31] ⚠️ Row 2032: Unparsable date → 'EUR'
[2025-08-20 14:18:31] ⚠️ Row 2033: Unparsable date → 'EUR'
[2025-08-20 14:18:31] ⚠️ Row 2034: Unparsable date → 'EUR'
[2025-08-20 14:18:31] ⚠️ Row 2035: Unparsable date → 'EUR'
[2025-08-20 14:18:31] ⚠️ Row 2036: Unparsable date → 'EUR'
[2025-08-20 14:18:31] ⚠️ Row 2037: Unparsable date → 'EUR'
[2025-08-20 14:18:31] ⚠️ Row 2038: Unparsable date → 'EUR'
[2025-08-20 14:18:31] ⚠️ Row 2039: Unparsable date → 'EUR'
[2025-08-20 14:18:31] ⚠️ Row 2040: Unparsable date → 'EUR'
[2025-08-20 14:18:31] ⚠️ Row 2041: Unparsable date → 'EUR'
[2025-08-20 14:18:31] ⚠️ Row 2042: Unparsable date → 'EUR'
[2025-08-20 14:18:31] ⚠️ Row 2043: Unparsable date → 'EUR'
[2025-08-20 14:18:31] ⚠️ Row 2044: Unparsable date → 'EUR'
[2025-08-20 14:18:31] ⚠️ Row 2045: Unparsable date → 'EUR'
[2025-08-20 14:18:31] ⚠️ Row 2046: Unparsable date → 'EUR'
[2025-08-20 14:18:31] ⚠️ Row 2047: Unparsable date → 'EUR'
[2025-08-20 14:18:31] ⚠️ Row 2048: Unparsable date → 'EUR'
[2025-08-20 14:18:31] ⚠️ Row 2049: Unparsable date → 'EUR'
[2025-08-20 14:18:31] ⚠️ Row 2050: Unparsable date → 'EUR'
[2025-08-20 14:18:31] ⚠️ Row 2051: Unparsable date → 'EUR'
[2025-08-20 14:18:31] ⚠️ Row 2052: Unparsable date → 'EUR'
[2025-08-20 14:18:31] ⚠️ Row 2053: Unparsable date → 'EUR'
[2025-08-20 14:18:31] ⚠️ Row 2054: Unparsable date → 'EUR'
[2025-08-20 14:18:31] ⚠️ Row 2055: Unparsable date → 'EUR'
[2025-08-20 14:18:31] ⚠️ Row 2056: Unparsable date → 'EUR'
[2025-08-20 14:18:31] ⚠️ Row 2057: Unparsable date → 'EUR'
[2025-08-20 14:18:31] ⚠️ Row 2058: Unparsable date → 'EUR'
[2025-08-20 14:18:31] ⚠️ Row 2059: Unparsable date → 'EUR'
[2025-08-20 14:18:31] ⚠️ Row 2060: Unparsable date → 'EUR'
[2025-08-20 14:18:31] ⚠️ Row 2061: Unparsable date → 'EUR'
[2025-08-20 14:18:31] ⚠️ Row 2062: Unparsable date → 'EUR'
[2025-08-20 14:18:31] ⚠️ Row 2063: Unparsable date → 'EUR'
[2025-08-20 14:18:31] ⚠️ Row 2064: Unparsable date → 'EUR'
[2025-08-20 14:18:31] ⚠️ Row 2065: Unparsable date → 'EUR'
[2025-08-20 14:18:31] ⚠️ Row 2066: Unparsable date → 'EUR'
[2025-08-20 14:18:31] ⚠️ Row 2067: Unparsable date → 'EUR'
[2025-08-20 14:18:31] ⚠️ Row 2068: Unparsable date → 'EUR'
[2025-08-20 14:18:31] ⚠️ Row 2069: Unparsable date → 'EUR'
[2025-08-20 14:18:31] ⚠️ Row 2070: Unparsable date → 'EUR'
[2025-08-20 14:18:31] ⚠️ Row 2071: Unparsable date → 'EUR'
[2025-08-20 14:18:31] ⚠️ Row 2072: Unparsable date → 'EUR'
[2025-08-20 14:18:31] ⚠️ Row 2073: Unparsable date → 'EUR'
[2025-08-20 14:18:31] ⚠️ Row 2074: Unparsable date → 'EUR'
[2025-08-20 14:18:31] ⚠️ Row 2075: Unparsable date → 'EUR'
[2025-08-20 14:18:31] ⚠️ Row 2076: Unparsable date → 'EUR'
[2025-08-20 14:18:31] ⚠️ Row 2077: Unparsable date → 'EUR'
[2025-08-20 14:18:31] ⚠️ Row 2078: Unparsable date → 'EUR'
[2025-08-20 14:18:31] ⚠️ Row 2079: Unparsable date → 'EUR'
[2025-08-20 14:18:31] ⚠️ Row 2080: Unparsable date → 'EUR'
[2025-08-20 14:18:31] ⚠️ Row 2081: Unparsable date → 'EUR'
[2025-08-20 14:18:31] ⚠️ Row 2082: Unparsable date → 'EUR'
[2025-08-20 14:18:31] ⚠️ Row 2083: Unparsable date → 'EUR'
[2025-08-20 14:18:31] ⚠️ Row 2084: Unparsable date → 'EUR'
[2025-08-20 14:18:31] ⚠️ Row 2085: Unparsable date → 'EUR'
[2025-08-20 14:18:31] ⚠️ Row 2086: Unparsable date → 'EUR'
[2025-08-20 14:18:31] ⚠️ Row 2087: Unparsable date → 'EUR'
[2025-08-20 14:18:31] ⚠️ Row 2088: Unparsable date → 'EUR'
[2025-08-20 14:18:31] ⚠️ Row 2089: Unparsable date → 'EUR'
[2025-08-20 14:18:31] ⚠️ Row 2090: Unparsable date → 'EUR'
[2025-08-20 14:18:31] ⚠️ Row 2091: Unparsable date → 'EUR'
[2025-08-20 14:18:31] ⚠️ Row 2092: Unparsable date → 'EUR'
[2025-08-20 14:18:31] ⚠️ Row 2093: Unparsable date → 'EUR'
[2025-08-20 14:18:31] ⚠️ Row 2094: Unparsable date → 'EUR'
[2025-08-20 14:18:31] ⚠️ Row 2095: Unparsable date → 'EUR'
[2025-08-20 14:18:31] ⚠️ Row 2096: Unparsable date → 'EUR'
[2025-08-20 14:18:31] ⚠️ Row 2097: Unparsable date → 'EUR'
[2025-08-20 14:18:31] ⚠️ Row 2098: Unparsable date → 'EUR'
[2025-08-20 14:18:31] ⚠️ Row 2099: Unparsable date → 'EUR'
[2025-08-20 14:18:31] ⚠️ Row 2100: Unparsable date → 'EUR'
[2025-08-20 14:18:31] ⚠️ Row 2101: Unparsable date → 'EUR'
[2025-08-20 14:18:31] ⚠️ Row 2102: Unparsable date → 'EUR'
[2025-08-20 14:18:31] ⚠️ Row 2103: Unparsable date → 'EUR'
[2025-08-20 14:18:31] ⚠️ Row 2104: Unparsable date → 'EUR'
[2025-08-20 14:18:31] ⚠️ Row 2105: Unparsable date → 'EUR'
[2025-08-20 14:18:31] ⚠️ Row 2106: Unparsable date → 'EUR'
[2025-08-20 14:18:31] ⚠️ Row 2107: Unparsable date → 'EUR'
[2025-08-20 14:18:31] ⚠️ Row 2108: Unparsable date → 'EUR'
[2025-08-20 14:18:31] ⚠️ Row 2109: Unparsable date → 'EUR'
[2025-08-20 14:18:31] ⚠️ Row 2110: Unparsable date → 'EUR'
[2025-08-20 14:18:31] ⚠️ Row 2111: Unparsable date → 'EUR'
[2025-08-20 14:18:31] ⚠️ Row 2112: Unparsable date → 'EUR'
[2025-08-20 14:18:31] ⚠️ Row 2113: Unparsable date → 'EUR'
[2025-08-20 14:18:31] ⚠️ Row 2114: Unparsable date → 'EUR'
[2025-08-20 14:18:31] ⚠️ Row 2115: Unparsable date → 'EUR'
[2025-08-20 14:18:31] ⚠️ Row 2116: Unparsable date → 'EUR'
[2025-08-20 14:18:31] ⚠️ Row 2117: Unparsable date → 'EUR'
[2025-08-20 14:18:31] ⚠️ Row 2118: Unparsable date → 'EUR'
[2025-08-20 14:18:31] ⚠️ Row 2119: Unparsable date → 'EUR'
[2025-08-20 14:18:31] ⚠️ Row 2120: Unparsable date → 'EUR'
[2025-08-20 14:18:31] ⚠️ Row 2121: Unparsable date → 'EUR'
[2025-08-20 14:18:31] ⚠️ Row 2122: Unparsable date → 'EUR'
[2025-08-20 14:18:31] ⚠️ Row 2123: Unparsable date → 'EUR'
[2025-08-20 14:18:31] ⚠️ Row 2124: Unparsable date → 'EUR'
[2025-08-20 14:18:31] ⚠️ Row 2125: Unparsable date → 'EUR'
[2025-08-20 14:18:31] ⚠️ Row 2126: Unparsable date → 'EUR'
[2025-08-20 14:18:31] ⚠️ Row 2127: Unparsable date → 'EUR'
[2025-08-20 14:18:31] ⚠️ Row 2128: Unparsable date → 'EUR'
[2025-08-20 14:18:31] ⚠️ Row 2129: Unparsable date → 'EUR'
[2025-08-20 14:18:31] ⚠️ Row 2130: Unparsable date → 'EUR'
[2025-08-20 14:18:31] ⚠️ Row 2131: Unparsable date → 'EUR'
[2025-08-20 14:18:31] ⚠️ Row 2132: Unparsable date → 'EUR'
[2025-08-20 14:18:31] ⚠️ Row 2133: Unparsable date → 'EUR'
[2025-08-20 14:18:31] ⚠️ Row 2134: Unparsable date → 'EUR'
[2025-08-20 14:18:31] ⚠️ Row 2135: Unparsable date → 'EUR'
[2025-08-20 14:18:31] ⚠️ Row 2136: Unparsable date → 'EUR'
[2025-08-20 14:18:31] ⚠️ Row 2137: Unparsable date → 'EUR'
[2025-08-20 14:18:31] ⚠️ Row 2138: Unparsable date → 'EUR'
[2025-08-20 14:18:31] ⚠️ Row 2139: Unparsable date → 'EUR'
[2025-08-20 14:18:31] ⚠️ Row 2140: Unparsable date → 'EUR'
[2025-08-20 14:18:31] ⚠️ Row 2141: Unparsable date → 'EUR'
[2025-08-20 14:18:31] ⚠️ Row 2142: Unparsable date → 'EUR'
[2025-08-20 14:18:31] ⚠️ Row 2143: Unparsable date → 'EUR'
[2025-08-20 14:18:31] ⚠️ Row 2144: Unparsable date → 'EUR'
[2025-08-20 14:18:31] ⚠️ Row 2145: Unparsable date → 'EUR'
[2025-08-20 14:18:31] ⚠️ Row 2146: Unparsable date → 'EUR'
[2025-08-20 14:18:31] ⚠️ Row 2147: Unparsable date → 'EUR'
[2025-08-20 14:18:31] ⚠️ Row 2148: Unparsable date → 'EUR'
[2025-08-20 14:18:31] ⚠️ Row 2149: Unparsable date → 'EUR'
[2025-08-20 14:18:31] ⚠️ Row 2150: Unparsable date → 'EUR'
[2025-08-20 14:18:31] ⚠️ Row 2151: Unparsable date → 'EUR'
[2025-08-20 14:18:31] ⚠️ Row 2152: Unparsable date → 'EUR'
[2025-08-20 14:18:31] ⚠️ Row 2153: Unparsable date → 'EUR'
[2025-08-20 14:18:31] ⚠️ Row 2154: Unparsable date → 'EUR'
[2025-08-20 14:18:31] ⚠️ Row 2155: Unparsable date → 'EUR'
[2025-08-20 14:18:31] ⚠️ Row 2156: Unparsable date → 'EUR'
[2025-08-20 14:18:31] ⚠️ Row 2157: Unparsable date → 'EUR'
[2025-08-20 14:18:31] ⚠️ Row 2158: Unparsable date → 'EUR'
[2025-08-20 14:18:31] ⚠️ Row 2159: Unparsable date → 'EUR'
[2025-08-20 14:18:31] ⚠️ Row 2160: Unparsable date → 'EUR'
[2025-08-20 14:18:31] ⚠️ Row 2161: Unparsable date → 'EUR'
[2025-08-20 14:18:31] ⚠️ Row 2162: Unparsable date → 'EUR'
[2025-08-20 14:18:31] ⚠️ Row 2163: Unparsable date → 'EUR'
[2025-08-20 14:18:31] ⚠️ Row 2164: Unparsable date → 'EUR'
[2025-08-20 14:18:31] ⚠️ Row 2165: Unparsable date → 'EUR'
[2025-08-20 14:18:31] ⚠️ Row 2166: Unparsable date → 'EUR'
[2025-08-20 14:18:31] ⚠️ Row 2167: Unparsable date → 'EUR'
[2025-08-20 14:18:31] ⚠️ Row 2168: Unparsable date → 'EUR'
[2025-08-20 14:18:31] ⚠️ Row 2169: Unparsable date → 'EUR'
[2025-08-20 14:18:31] ⚠️ Row 2170: Unparsable date → 'EUR'
[2025-08-20 14:18:31] ⚠️ Row 2171: Unparsable date → 'EUR'
[2025-08-20 14:18:31] ⚠️ Row 2172: Unparsable date → 'EUR'
[2025-08-20 14:18:31] ⚠️ Row 2173: Unparsable date → 'EUR'
[2025-08-20 14:18:31] ⚠️ Row 2174: Unparsable date → 'EUR'
[2025-08-20 14:18:31] ⚠️ Row 2175: Unparsable date → 'EUR'
[2025-08-20 14:18:31] ⚠️ Row 2176: Unparsable date → 'EUR'
[2025-08-20 14:18:31] ⚠️ Row 2177: Unparsable date → 'EUR'
[2025-08-20 14:18:31] ⚠️ Row 2178: Unparsable date → 'EUR'
[2025-08-20 14:18:31] ⚠️ Row 2179: Unparsable date → 'EUR'
[2025-08-20 14:18:32] ⚠️ Row 2180: Unparsable date → 'EUR'
[2025-08-20 14:18:32] ⚠️ Row 2181: Unparsable date → 'EUR'
[2025-08-20 14:18:32] ⚠️ Row 2182: Unparsable date → 'EUR'
[2025-08-20 14:18:32] ⚠️ Row 2183: Unparsable date → 'EUR'
[2025-08-20 14:18:32] ⚠️ Row 2184: Unparsable date → 'EUR'
[2025-08-20 14:18:32] ⚠️ Row 2185: Unparsable date → 'EUR'
[2025-08-20 14:18:32] ⚠️ Row 2186: Unparsable date → 'EUR'
[2025-08-20 14:18:32] ⚠️ Row 2187: Unparsable date → 'EUR'
[2025-08-20 14:18:32] ⚠️ Row 2188: Unparsable date → 'EUR'
[2025-08-20 14:18:32] ⚠️ Row 2189: Unparsable date → 'EUR'
[2025-08-20 14:18:32] ⚠️ Row 2190: Unparsable date → 'EUR'
[2025-08-20 14:18:32] ⚠️ Row 2191: Unparsable date → 'EUR'
[2025-08-20 14:18:32] ⚠️ Row 2192: Unparsable date → 'EUR'
[2025-08-20 14:18:32] ⚠️ Row 2193: Unparsable date → 'EUR'
[2025-08-20 14:18:32] ⚠️ Row 2194: Unparsable date → 'EUR'
[2025-08-20 14:18:32] ⚠️ Row 2195: Unparsable date → 'EUR'
[2025-08-20 14:18:32] ⚠️ Row 2196: Unparsable date → 'EUR'
[2025-08-20 14:18:32] ⚠️ Row 2197: Unparsable date → 'EUR'
[2025-08-20 14:18:32] ⚠️ Row 2198: Unparsable date → 'EUR'
[2025-08-20 14:18:32] ⚠️ Row 2199: Unparsable date → 'EUR'
[2025-08-20 14:18:32] ⚠️ Row 2200: Unparsable date → 'EUR'
[2025-08-20 14:18:32] ⚠️ Row 2201: Unparsable date → 'EUR'
[2025-08-20 14:18:32] ⚠️ Row 2202: Unparsable date → 'EUR'
[2025-08-20 14:18:32] ⚠️ Row 2203: Unparsable date → 'EUR'
[2025-08-20 14:18:32] ⚠️ Row 2204: Unparsable date → 'EUR'
[2025-08-20 14:18:32] ⚠️ Row 2205: Unparsable date → 'EUR'
[2025-08-20 14:18:32] ⚠️ Row 2206: Unparsable date → 'EUR'
[2025-08-20 14:18:32] ⚠️ Row 2207: Unparsable date → 'EUR'
[2025-08-20 14:18:32] ⚠️ Row 2208: Unparsable date → 'EUR'
[2025-08-20 14:18:32] ⚠️ Row 2209: Unparsable date → 'EUR'
[2025-08-20 14:18:32] ⚠️ Row 2210: Unparsable date → 'EUR'
[2025-08-20 14:18:32] ⚠️ Row 2211: Unparsable date → 'EUR'
[2025-08-20 14:18:32] ⚠️ Row 2212: Unparsable date → 'EUR'
[2025-08-20 14:18:32] ⚠️ Row 2213: Unparsable date → 'EUR'
[2025-08-20 14:18:32] ⚠️ Row 2214: Unparsable date → 'EUR'
[2025-08-20 14:18:32] ⚠️ Row 2215: Unparsable date → 'EUR'
[2025-08-20 14:18:32] ⚠️ Row 2216: Unparsable date → 'EUR'
[2025-08-20 14:18:32] ⚠️ Row 2217: Unparsable date → 'EUR'
[2025-08-20 14:18:32] ⚠️ Row 2218: Unparsable date → 'EUR'
[2025-08-20 14:18:32] ⚠️ Row 2219: Unparsable date → 'EUR'
[2025-08-20 14:18:32] ⚠️ Row 2220: Unparsable date → 'EUR'
[2025-08-20 14:18:32] ⚠️ Row 2221: Unparsable date → 'EUR'
[2025-08-20 14:18:32] ⚠️ Row 2222: Unparsable date → 'EUR'
[2025-08-20 14:18:32] ⚠️ Row 2223: Unparsable date → 'EUR'
[2025-08-20 14:18:32] ⚠️ Row 2224: Unparsable date → 'EUR'
[2025-08-20 14:18:32] ⚠️ Row 2225: Unparsable date → 'EUR'
[2025-08-20 14:18:32] ⚠️ Row 2226: Unparsable date → 'EUR'
[2025-08-20 14:18:32] ⚠️ Row 2227: Unparsable date → 'EUR'
[2025-08-20 14:18:32] ⚠️ Row 2228: Unparsable date → 'EUR'
[2025-08-20 14:18:32] ⚠️ Row 2229: Unparsable date → 'EUR'
[2025-08-20 14:18:32] ⚠️ Row 2230: Unparsable date → 'EUR'
[2025-08-20 14:18:32] ⚠️ Row 2231: Unparsable date → 'EUR'
[2025-08-20 14:18:32] ⚠️ Row 2232: Unparsable date → 'EUR'
[2025-08-20 14:18:32] ⚠️ Row 2233: Unparsable date → 'EUR'
[2025-08-20 14:18:32] ⚠️ Row 2234: Unparsable date → 'EUR'
[2025-08-20 14:18:32] ⚠️ Row 2235: Unparsable date → 'EUR'
[2025-08-20 14:18:32] ⚠️ Row 2236: Unparsable date → 'EUR'
[2025-08-20 14:18:32] ⚠️ Row 2237: Unparsable date → 'EUR'
[2025-08-20 14:18:32] ⚠️ Row 2238: Unparsable date → 'EUR'
[2025-08-20 14:18:32] ⚠️ Row 2239: Unparsable date → 'EUR'
[2025-08-20 14:18:32] ⚠️ Row 2240: Unparsable date → 'EUR'
[2025-08-20 14:18:32] ⚠️ Row 2241: Unparsable date → 'EUR'
[2025-08-20 14:18:32] ⚠️ Row 2242: Unparsable date → 'EUR'
[2025-08-20 14:18:32] ⚠️ Row 2243: Unparsable date → 'EUR'
[2025-08-20 14:18:32] ⚠️ Row 2244: Unparsable date → 'EUR'
[2025-08-20 14:18:32] ⚠️ Row 2245: Unparsable date → 'EUR'
[2025-08-20 14:18:32] ⚠️ Row 2246: Unparsable date → 'EUR'
[2025-08-20 14:18:32] ⚠️ Row 2247: Unparsable date → 'EUR'
[2025-08-20 14:18:32] ⚠️ Row 2248: Unparsable date → 'EUR'
[2025-08-20 14:18:32] ⚠️ Row 2249: Unparsable date → 'EUR'
[2025-08-20 14:18:32] ⚠️ Row 2250: Unparsable date → 'EUR'
[2025-08-20 14:18:32] ⚠️ Row 2251: Unparsable date → 'EUR'
[2025-08-20 14:18:32] ⚠️ Row 2252: Unparsable date → 'EUR'
[2025-08-20 14:18:32] ⚠️ Row 2253: Unparsable date → 'EUR'
[2025-08-20 14:18:32] ⚠️ Row 2254: Unparsable date → 'EUR'
[2025-08-20 14:18:32] ⚠️ Row 2255: Unparsable date → 'EUR'
[2025-08-20 14:18:32] ⚠️ Row 2256: Unparsable date → 'EUR'
[2025-08-20 14:18:32] ⚠️ Row 2257: Unparsable date → 'EUR'
[2025-08-20 14:18:32] ⚠️ Row 2258: Unparsable date → 'EUR'
[2025-08-20 14:18:32] ⚠️ Row 2259: Unparsable date → 'EUR'
[2025-08-20 14:18:32] ⚠️ Row 2260: Unparsable date → 'EUR'
[2025-08-20 14:18:32] ⚠️ Row 2261: Unparsable date → 'EUR'
[2025-08-20 14:18:32] ⚠️ Row 2262: Unparsable date → 'EUR'
[2025-08-20 14:18:32] ⚠️ Row 2263: Unparsable date → 'EUR'
[2025-08-20 14:18:32] ⚠️ Row 2264: Unparsable date → 'EUR'
[2025-08-20 14:18:32] ⚠️ Row 2265: Unparsable date → 'EUR'
[2025-08-20 14:18:32] ⚠️ Row 2266: Unparsable date → 'EUR'
[2025-08-20 14:18:32] ⚠️ Row 2267: Unparsable date → 'EUR'
[2025-08-20 14:18:32] ⚠️ Row 2268: Unparsable date → 'EUR'
[2025-08-20 14:18:32] ⚠️ Row 2269: Unparsable date → 'EUR'
[2025-08-20 14:18:32] ⚠️ Row 2270: Unparsable date → 'EUR'
[2025-08-20 14:18:32] ⚠️ Row 2271: Unparsable date → 'EUR'
[2025-08-20 14:18:32] ⚠️ Row 2272: Unparsable date → 'EUR'
[2025-08-20 14:18:32] ⚠️ Row 2273: Unparsable date → 'EUR'
[2025-08-20 14:18:32] ⚠️ Row 2274: Unparsable date → 'EUR'
[2025-08-20 14:18:32] ⚠️ Row 2275: Unparsable date → 'EUR'
[2025-08-20 14:18:32] ⚠️ Row 2276: Unparsable date → 'EUR'
[2025-08-20 14:18:32] ⚠️ Row 2277: Unparsable date → 'EUR'
[2025-08-20 14:18:32] ⚠️ Row 2278: Unparsable date → 'EUR'
[2025-08-20 14:18:32] ⚠️ Row 2279: Unparsable date → 'EUR'
[2025-08-20 14:18:32] ⚠️ Row 2280: Unparsable date → 'EUR'
[2025-08-20 14:18:32] ⚠️ Row 2281: Unparsable date → 'EUR'
[2025-08-20 14:18:32] ⚠️ Row 2282: Unparsable date → 'EUR'
[2025-08-20 14:18:32] ⚠️ Row 2283: Unparsable date → 'EUR'
[2025-08-20 14:18:32] ⚠️ Row 2284: Unparsable date → 'EUR'
[2025-08-20 14:18:32] ⚠️ Row 2285: Unparsable date → 'EUR'
[2025-08-20 14:18:32] ⚠️ Row 2286: Unparsable date → 'EUR'
[2025-08-20 14:18:32] ⚠️ Row 2287: Unparsable date → 'EUR'
[2025-08-20 14:18:32] ⚠️ Row 2288: Unparsable date → 'EUR'
[2025-08-20 14:18:32] ⚠️ Row 2289: Unparsable date → 'EUR'
[2025-08-20 14:18:32] ⚠️ Row 2290: Unparsable date → 'EUR'
[2025-08-20 14:18:32] ⚠️ Row 2291: Unparsable date → 'EUR'
[2025-08-20 14:18:32] ⚠️ Row 2292: Unparsable date → 'EUR'
[2025-08-20 14:18:32] ⚠️ Row 2293: Unparsable date → 'EUR'
[2025-08-20 14:18:32] ⚠️ Row 2294: Unparsable date → 'EUR'
[2025-08-20 14:18:32] ⚠️ Row 2295: Unparsable date → 'EUR'
[2025-08-20 14:18:32] ⚠️ Row 2296: Unparsable date → 'EUR'
[2025-08-20 14:18:32] ⚠️ Row 2297: Unparsable date → 'EUR'
[2025-08-20 14:18:32] ⚠️ Row 2298: Unparsable date → 'EUR'
[2025-08-20 14:18:32] ⚠️ Row 2299: Unparsable date → 'EUR'
[2025-08-20 14:18:32] ⚠️ Row 2300: Unparsable date → 'EUR'
[2025-08-20 14:18:32] ⚠️ Row 2301: Unparsable date → 'EUR'
[2025-08-20 14:18:32] ⚠️ Row 2302: Unparsable date → 'EUR'
[2025-08-20 14:18:32] ⚠️ Row 2303: Unparsable date → 'EUR'
[2025-08-20 14:18:32] ⚠️ Row 2304: Unparsable date → 'EUR'
[2025-08-20 14:18:32] ⚠️ Row 2305: Unparsable date → 'EUR'
[2025-08-20 14:18:32] ⚠️ Row 2306: Unparsable date → 'EUR'
[2025-08-20 14:18:32] ⚠️ Row 2307: Unparsable date → 'EUR'
[2025-08-20 14:18:32] ⚠️ Row 2308: Unparsable date → 'EUR'
[2025-08-20 14:18:32] ⚠️ Row 2309: Unparsable date → 'EUR'
[2025-08-20 14:18:32] ⚠️ Row 2310: Unparsable date → 'EUR'
[2025-08-20 14:18:32] ⚠️ Row 2311: Unparsable date → 'EUR'
[2025-08-20 14:18:32] ⚠️ Row 2312: Unparsable date → 'EUR'
[2025-08-20 14:18:32] ⚠️ Row 2313: Unparsable date → 'EUR'
[2025-08-20 14:18:32] ⚠️ Row 2314: Unparsable date → 'EUR'
[2025-08-20 14:18:32] ⚠️ Row 2315: Unparsable date → 'EUR'
[2025-08-20 14:18:32] ⚠️ Row 2316: Unparsable date → 'EUR'
[2025-08-20 14:18:32] ⚠️ Row 2317: Unparsable date → 'EUR'
[2025-08-20 14:18:32] ⚠️ Row 2318: Unparsable date → 'EUR'
[2025-08-20 14:18:32] ⚠️ Row 2319: Unparsable date → 'EUR'
[2025-08-20 14:18:32] ⚠️ Row 2320: Unparsable date → 'EUR'
[2025-08-20 14:18:32] ⚠️ Row 2321: Unparsable date → 'EUR'
[2025-08-20 14:18:32] ⚠️ Row 2322: Unparsable date → 'EUR'
[2025-08-20 14:18:32] ⚠️ Row 2323: Unparsable date → 'EUR'
[2025-08-20 14:18:32] ⚠️ Row 2324: Unparsable date → 'EUR'
[2025-08-20 14:18:32] ⚠️ Row 2325: Unparsable date → 'EUR'
[2025-08-20 14:18:32] ⚠️ Row 2326: Unparsable date → 'EUR'
[2025-08-20 14:18:32] ⚠️ Row 2327: Unparsable date → 'EUR'
[2025-08-20 14:18:32] ⚠️ Row 2328: Unparsable date → 'EUR'
[2025-08-20 14:18:32] ⚠️ Row 2329: Unparsable date → 'EUR'
[2025-08-20 14:18:32] ⚠️ Row 2330: Unparsable date → 'EUR'
[2025-08-20 14:18:32] ⚠️ Row 2331: Unparsable date → 'EUR'
[2025-08-20 14:18:32] ⚠️ Row 2332: Unparsable date → 'EUR'
[2025-08-20 14:18:32] ⚠️ Row 2333: Unparsable date → 'EUR'
[2025-08-20 14:18:32] ⚠️ Row 2334: Unparsable date → 'EUR'
[2025-08-20 14:18:32] ⚠️ Row 2335: Unparsable date → 'EUR'
[2025-08-20 14:18:32] ⚠️ Row 2336: Unparsable date → 'EUR'
[2025-08-20 14:18:32] ⚠️ Row 2337: Unparsable date → 'EUR'
[2025-08-20 14:18:32] ⚠️ Row 2338: Unparsable date → 'EUR'
[2025-08-20 14:18:32] ⚠️ Row 2339: Unparsable date → 'EUR'
[2025-08-20 14:18:32] ⚠️ Row 2340: Unparsable date → 'EUR'
[2025-08-20 14:18:32] ⚠️ Row 2341: Unparsable date → 'EUR'
[2025-08-20 14:18:32] ⚠️ Row 2342: Unparsable date → 'EUR'
[2025-08-20 14:18:32] ⚠️ Row 2343: Unparsable date → 'EUR'
[2025-08-20 14:18:32] ⚠️ Row 2344: Unparsable date → 'EUR'
[2025-08-20 14:18:32] ⚠️ Row 2345: Unparsable date → 'EUR'
[2025-08-20 14:18:32] ⚠️ Row 2346: Unparsable date → 'EUR'
[2025-08-20 14:18:32] ⚠️ Row 2347: Unparsable date → 'EUR'
[2025-08-20 14:18:32] ⚠️ Row 2348: Unparsable date → 'EUR'
[2025-08-20 14:18:32] ⚠️ Row 2349: Unparsable date → 'EUR'
[2025-08-20 14:18:32] ⚠️ Row 2350: Unparsable date → 'EUR'
[2025-08-20 14:18:32] ⚠️ Row 2351: Unparsable date → 'EUR'
[2025-08-20 14:18:32] ⚠️ Row 2352: Unparsable date → 'EUR'
[2025-08-20 14:18:32] ⚠️ Row 2353: Unparsable date → 'EUR'
[2025-08-20 14:18:32] ⚠️ Row 2354: Unparsable date → 'EUR'
[2025-08-20 14:18:32] ⚠️ Row 2355: Unparsable date → 'EUR'
[2025-08-20 14:18:32] ⚠️ Row 2356: Unparsable date → 'EUR'
[2025-08-20 14:18:32] ⚠️ Row 2357: Unparsable date → 'EUR'
[2025-08-20 14:18:32] ⚠️ Row 2358: Unparsable date → 'EUR'
[2025-08-20 14:18:32] ⚠️ Row 2359: Unparsable date → 'EUR'
[2025-08-20 14:18:32] ⚠️ Row 2360: Unparsable date → 'EUR'
[2025-08-20 14:18:32] ⚠️ Row 2361: Unparsable date → 'EUR'
[2025-08-20 14:18:32] ⚠️ Row 2362: Unparsable date → 'EUR'
[2025-08-20 14:18:32] ⚠️ Row 2363: Unparsable date → 'EUR'
[2025-08-20 14:18:32] ⚠️ Row 2364: Unparsable date → 'EUR'
[2025-08-20 14:18:32] ⚠️ Row 2365: Unparsable date → 'EUR'
[2025-08-20 14:18:32] ⚠️ Row 2366: Unparsable date → 'EUR'
[2025-08-20 14:18:32] ⚠️ Row 2367: Unparsable date → 'EUR'
[2025-08-20 14:18:32] ⚠️ Row 2368: Unparsable date → 'EUR'
[2025-08-20 14:18:32] ⚠️ Row 2369: Unparsable date → 'EUR'
[2025-08-20 14:18:32] ⚠️ Row 2370: Unparsable date → 'EUR'
[2025-08-20 14:18:32] ⚠️ Row 2371: Unparsable date → 'EUR'
[2025-08-20 14:18:32] ⚠️ Row 2372: Unparsable date → 'EUR'
[2025-08-20 14:18:32] ⚠️ Row 2373: Unparsable date → 'EUR'
[2025-08-20 14:18:32] ⚠️ Row 2374: Unparsable date → 'EUR'
[2025-08-20 14:18:32] ⚠️ Row 2375: Unparsable date → 'EUR'
[2025-08-20 14:18:32] ⚠️ Row 2376: Unparsable date → 'EUR'
[2025-08-20 14:18:32] ⚠️ Row 2377: Unparsable date → 'EUR'
[2025-08-20 14:18:32] ⚠️ Row 2378: Unparsable date → 'EUR'
[2025-08-20 14:18:32] ⚠️ Row 2379: Unparsable date → 'EUR'
[2025-08-20 14:18:32] ⚠️ Row 2380: Unparsable date → 'EUR'
[2025-08-20 14:18:32] ⚠️ Row 2381: Unparsable date → 'EUR'
[2025-08-20 14:18:32] ⚠️ Row 2382: Unparsable date → 'EUR'
[2025-08-20 14:18:32] ⚠️ Row 2383: Unparsable date → 'EUR'
[2025-08-20 14:18:32] ⚠️ Row 2384: Unparsable date → 'EUR'
[2025-08-20 14:18:32] ⚠️ Row 2385: Unparsable date → 'EUR'
[2025-08-20 14:18:32] ⚠️ Row 2386: Unparsable date → 'EUR'
[2025-08-20 14:18:32] ⚠️ Row 2387: Unparsable date → 'EUR'
[2025-08-20 14:18:32] ⚠️ Row 2388: Unparsable date → 'EUR'
[2025-08-20 14:18:32] ⚠️ Row 2389: Unparsable date → 'EUR'
[2025-08-20 14:18:32] ⚠️ Row 2390: Unparsable date → 'EUR'
[2025-08-20 14:18:32] ⚠️ Row 2391: Unparsable date → 'EUR'
[2025-08-20 14:18:32] ⚠️ Row 2392: Unparsable date → 'EUR'
[2025-08-20 14:18:32] ⚠️ Row 2393: Unparsable date → 'EUR'
[2025-08-20 14:18:32] ⚠️ Row 2394: Unparsable date → 'EUR'
[2025-08-20 14:18:32] ⚠️ Row 2395: Unparsable date → 'EUR'
[2025-08-20 14:18:32] ⚠️ Row 2396: Unparsable date → 'EUR'
[2025-08-20 14:18:32] ⚠️ Row 2397: Unparsable date → 'EUR'
[2025-08-20 14:18:32] ⚠️ Row 2398: Unparsable date → 'EUR'
[2025-08-20 14:18:32] ⚠️ Row 2399: Unparsable date → 'EUR'
[2025-08-20 14:18:32] ⚠️ Row 2400: Unparsable date → 'EUR'
[2025-08-20 14:18:32] ⚠️ Row 2401: Unparsable date → 'EUR'
[2025-08-20 14:18:32] ⚠️ Row 2402: Unparsable date → 'EUR'
[2025-08-20 14:18:32] ⚠️ Row 2403: Unparsable date → 'EUR'
[2025-08-20 14:18:32] ⚠️ Row 2404: Unparsable date → 'EUR'
[2025-08-20 14:18:32] ⚠️ Row 2405: Unparsable date → 'EUR'
[2025-08-20 14:18:32] ⚠️ Row 2406: Unparsable date → 'EUR'
[2025-08-20 14:18:32] ⚠️ Row 2407: Unparsable date → 'EUR'
[2025-08-20 14:18:32] ⚠️ Row 2408: Unparsable date → 'EUR'
[2025-08-20 14:18:32] ⚠️ Row 2409: Unparsable date → 'EUR'
[2025-08-20 14:18:32] ⚠️ Row 2410: Unparsable date → 'EUR'
[2025-08-20 14:18:32] ⚠️ Row 2411: Unparsable date → 'EUR'
[2025-08-20 14:18:32] ⚠️ Row 2412: Unparsable date → 'EUR'
[2025-08-20 14:18:32] ⚠️ Row 2413: Unparsable date → 'EUR'
[2025-08-20 14:18:32] ⚠️ Row 2414: Unparsable date → 'EUR'
[2025-08-20 14:18:32] ⚠️ Row 2415: Unparsable date → 'EUR'
[2025-08-20 14:18:32] ⚠️ Row 2416: Unparsable date → 'EUR'
[2025-08-20 14:18:32] ⚠️ Row 2417: Unparsable date → 'EUR'
[2025-08-20 14:18:32] ⚠️ Row 2418: Unparsable date → 'EUR'
[2025-08-20 14:18:32] ⚠️ Row 2419: Unparsable date → 'EUR'
[2025-08-20 14:18:32] ⚠️ Row 2420: Unparsable date → 'EUR'
[2025-08-20 14:18:32] ⚠️ Row 2421: Unparsable date → 'EUR'
[2025-08-20 14:18:32] ⚠️ Row 2422: Unparsable date → 'EUR'
[2025-08-20 14:18:32] ⚠️ Row 2423: Unparsable date → 'EUR'
[2025-08-20 14:18:32] ⚠️ Row 2424: Unparsable date → 'EUR'
[2025-08-20 14:18:32] ⚠️ Row 2425: Unparsable date → 'EUR'
[2025-08-20 14:18:32] ⚠️ Row 2426: Unparsable date → 'EUR'
[2025-08-20 14:18:32] ⚠️ Row 2427: Unparsable date → 'EUR'
[2025-08-20 14:18:32] ⚠️ Row 2428: Unparsable date → 'EUR'
[2025-08-20 14:18:32] ⚠️ Row 2429: Unparsable date → 'EUR'
[2025-08-20 14:18:32] ⚠️ Row 2430: Unparsable date → 'EUR'
[2025-08-20 14:18:32] ⚠️ Row 2431: Unparsable date → 'EUR'
[2025-08-20 14:18:32] ⚠️ Row 2432: Unparsable date → 'EUR'
[2025-08-20 14:18:32] ⚠️ Row 2433: Unparsable date → 'EUR'
[2025-08-20 14:18:32] ⚠️ Row 2434: Unparsable date → 'EUR'
[2025-08-20 14:18:32] ⚠️ Row 2435: Unparsable date → 'EUR'
[2025-08-20 14:18:32] ⚠️ Row 2436: Unparsable date → 'EUR'
[2025-08-20 14:18:32] ⚠️ Row 2437: Unparsable date → 'EUR'
[2025-08-20 14:18:32] ⚠️ Row 2438: Unparsable date → 'EUR'
[2025-08-20 14:18:32] ⚠️ Row 2439: Unparsable date → 'EUR'
[2025-08-20 14:18:32] ⚠️ Row 2440: Unparsable date → 'EUR'
[2025-08-20 14:18:32] ⚠️ Row 2441: Unparsable date → 'EUR'
[2025-08-20 14:18:32] ⚠️ Row 2442: Unparsable date → 'EUR'
[2025-08-20 14:18:32] ⚠️ Row 2443: Unparsable date → 'EUR'
[2025-08-20 14:18:32] ⚠️ Row 2444: Unparsable date → 'EUR'
[2025-08-20 14:18:32] ⚠️ Row 2445: Unparsable date → 'EUR'
[2025-08-20 14:18:32] ⚠️ Row 2446: Unparsable date → 'EUR'
[2025-08-20 14:18:32] ⚠️ Row 2447: Unparsable date → 'EUR'
[2025-08-20 14:18:32] ⚠️ Row 2448: Unparsable date → 'EUR'
[2025-08-20 14:18:32] ⚠️ Row 2449: Unparsable date → 'EUR'
[2025-08-20 14:18:32] ⚠️ Row 2450: Unparsable date → 'EUR'
[2025-08-20 14:18:32] ⚠️ Row 2451: Unparsable date → 'EUR'
[2025-08-20 14:18:32] ⚠️ Row 2452: Unparsable date → 'EUR'
[2025-08-20 14:18:32] ⚠️ Row 2453: Unparsable date → 'EUR'
[2025-08-20 14:18:32] ⚠️ Row 2454: Unparsable date → 'EUR'
[2025-08-20 14:18:32] ⚠️ Row 2455: Unparsable date → 'EUR'
[2025-08-20 14:18:32] ⚠️ Row 2456: Unparsable date → 'EUR'
[2025-08-20 14:18:32] ⚠️ Row 2457: Unparsable date → 'EUR'
[2025-08-20 14:18:32] ⚠️ Row 2458: Unparsable date → 'EUR'
[2025-08-20 14:18:32] ⚠️ Row 2459: Unparsable date → 'EUR'
[2025-08-20 14:18:32] ⚠️ Row 2460: Unparsable date → 'EUR'
[2025-08-20 14:18:32] ⚠️ Row 2461: Unparsable date → 'EUR'
[2025-08-20 14:18:32] ⚠️ Row 2462: Unparsable date → 'EUR'
[2025-08-20 14:18:32] ⚠️ Row 2463: Unparsable date → 'EUR'
[2025-08-20 14:18:32] ⚠️ Row 2464: Unparsable date → 'EUR'
[2025-08-20 14:18:32] ⚠️ Row 2465: Unparsable date → 'EUR'
[2025-08-20 14:18:32] ⚠️ Row 2466: Unparsable date → 'EUR'
[2025-08-20 14:18:32] ⚠️ Row 2467: Unparsable date → 'EUR'
[2025-08-20 14:18:32] ⚠️ Row 2468: Unparsable date → 'EUR'
[2025-08-20 14:18:32] ⚠️ Row 2469: Unparsable date → 'EUR'
[2025-08-20 14:18:32] ⚠️ Row 2470: Unparsable date → 'EUR'
[2025-08-20 14:18:32] ⚠️ Row 2471: Unparsable date → 'EUR'
[2025-08-20 14:18:32] ⚠️ Row 2472: Unparsable date → 'EUR'
[2025-08-20 14:18:32] ⚠️ Row 2473: Unparsable date → 'EUR'
[2025-08-20 14:18:32] ⚠️ Row 2474: Unparsable date → 'EUR'
[2025-08-20 14:18:32] ⚠️ Row 2475: Unparsable date → 'EUR'
[2025-08-20 14:18:32] ⚠️ Row 2476: Unparsable date → 'EUR'
[2025-08-20 14:18:32] ⚠️ Row 2477: Unparsable date → 'EUR'
[2025-08-20 14:18:32] ⚠️ Row 2478: Unparsable date → 'EUR'
[2025-08-20 14:18:32] ⚠️ Row 2479: Unparsable date → 'EUR'
[2025-08-20 14:18:32] ⚠️ Row 2480: Unparsable date → 'EUR'
[2025-08-20 14:18:32] ⚠️ Row 2481: Unparsable date → 'EUR'
[2025-08-20 14:18:32] ⚠️ Row 2482: Unparsable date → 'EUR'
[2025-08-20 14:18:32] ⚠️ Row 2483: Unparsable date → 'EUR'
[2025-08-20 14:18:32] ⚠️ Row 2484: Unparsable date → 'EUR'
[2025-08-20 14:18:32] ⚠️ Row 2485: Unparsable date → 'EUR'
[2025-08-20 14:18:32] ⚠️ Row 2486: Unparsable date → 'EUR'
[2025-08-20 14:18:32] ⚠️ Row 2487: Unparsable date → 'EUR'
[2025-08-20 14:18:32] ⚠️ Row 2488: Unparsable date → 'EUR'
[2025-08-20 14:18:32] ⚠️ Row 2489: Unparsable date → 'EUR'
[2025-08-20 14:18:32] ⚠️ Row 2490: Unparsable date → 'EUR'
[2025-08-20 14:18:32] ⚠️ Row 2491: Unparsable date → 'EUR'
[2025-08-20 14:18:32] ⚠️ Row 2492: Unparsable date → 'EUR'
[2025-08-20 14:18:32] ⚠️ Row 2493: Unparsable date → 'EUR'
[2025-08-20 14:18:32] ⚠️ Row 2494: Unparsable date → 'EUR'
[2025-08-20 14:18:32] ⚠️ Row 2495: Unparsable date → 'EUR'
[2025-08-20 14:18:32] ⚠️ Row 2496: Unparsable date → 'EUR'
[2025-08-20 14:18:32] ⚠️ Row 2497: Unparsable date → 'EUR'
[2025-08-20 14:18:32] ⚠️ Row 2498: Unparsable date → 'EUR'
[2025-08-20 14:18:32] ⚠️ Row 2499: Unparsable date → 'EUR'
[2025-08-20 14:18:32] ⚠️ Row 2500: Unparsable date → 'EUR'
[2025-08-20 14:18:32] ⚠️ Row 2501: Unparsable date → 'EUR'
[2025-08-20 14:18:32] ⚠️ Row 2502: Unparsable date → 'EUR'
[2025-08-20 14:18:32] ⚠️ Row 2503: Unparsable date → 'EUR'
[2025-08-20 14:18:32] ⚠️ Row 2504: Unparsable date → 'EUR'
[2025-08-20 14:18:32] ⚠️ Row 2505: Unparsable date → 'EUR'
[2025-08-20 14:18:32] ⚠️ Row 2506: Unparsable date → 'EUR'
[2025-08-20 14:18:32] ⚠️ Row 2507: Unparsable date → 'EUR'
[2025-08-20 14:18:32] ⚠️ Row 2508: Unparsable date → 'EUR'
[2025-08-20 14:18:32] ⚠️ Row 2509: Unparsable date → 'EUR'
[2025-08-20 14:18:32] ⚠️ Row 2510: Unparsable date → 'EUR'
[2025-08-20 14:18:32] ⚠️ Row 2511: Unparsable date → 'EUR'
[2025-08-20 14:18:32] ⚠️ Row 2512: Unparsable date → 'EUR'
[2025-08-20 14:18:32] ⚠️ Row 2513: Unparsable date → 'EUR'
[2025-08-20 14:18:32] ⚠️ Row 2514: Unparsable date → 'EUR'
[2025-08-20 14:18:32] ⚠️ Row 2515: Unparsable date → 'EUR'
[2025-08-20 14:18:32] ⚠️ Row 2516: Unparsable date → 'EUR'
[2025-08-20 14:18:32] ⚠️ Row 2517: Unparsable date → 'EUR'
[2025-08-20 14:18:32] ⚠️ Row 2518: Unparsable date → 'EUR'
[2025-08-20 14:18:32] ⚠️ Row 2519: Unparsable date → 'EUR'
[2025-08-20 14:18:32] ⚠️ Row 2520: Unparsable date → 'EUR'
[2025-08-20 14:18:32] ⚠️ Row 2521: Unparsable date → 'EUR'
[2025-08-20 14:18:32] ⚠️ Row 2522: Unparsable date → 'EUR'
[2025-08-20 14:18:32] ⚠️ Row 2523: Unparsable date → 'EUR'
[2025-08-20 14:18:32] ⚠️ Row 2524: Unparsable date → 'EUR'
[2025-08-20 14:18:32] ⚠️ Row 2525: Unparsable date → 'EUR'
[2025-08-20 14:18:32] ⚠️ Row 2526: Unparsable date → 'EUR'
[2025-08-20 14:18:32] ⚠️ Row 2527: Unparsable date → 'EUR'
[2025-08-20 14:18:32] ⚠️ Row 2528: Unparsable date → 'EUR'
[2025-08-20 14:18:32] ⚠️ Row 2529: Unparsable date → 'EUR'
[2025-08-20 14:18:32] ⚠️ Row 2530: Unparsable date → 'EUR'
[2025-08-20 14:18:32] ⚠️ Row 2531: Unparsable date → 'EUR'
[2025-08-20 14:18:32] ⚠️ Row 2532: Unparsable date → 'EUR'
[2025-08-20 14:18:32] ⚠️ Row 2533: Unparsable date → 'EUR'
[2025-08-20 14:18:32] ⚠️ Row 2534: Unparsable date → 'EUR'
[2025-08-20 14:18:32] ⚠️ Row 2535: Unparsable date → 'EUR'
[2025-08-20 14:18:32] ⚠️ Row 2536: Unparsable date → 'EUR'
[2025-08-20 14:18:32] ⚠️ Row 2537: Unparsable date → 'EUR'
[2025-08-20 14:18:33] ⚠️ Row 2538: Unparsable date → 'EUR'
[2025-08-20 14:18:33] ⚠️ Row 2539: Unparsable date → 'EUR'
[2025-08-20 14:18:33] ⚠️ Row 2540: Unparsable date → 'EUR'
[2025-08-20 14:18:33] ⚠️ Row 2541: Unparsable date → 'EUR'
[2025-08-20 14:18:33] ⚠️ Row 2542: Unparsable date → 'EUR'
[2025-08-20 14:18:33] ⚠️ Row 2543: Unparsable date → 'EUR'
[2025-08-20 14:18:33] ⚠️ Row 2544: Unparsable date → 'EUR'
[2025-08-20 14:18:33] ⚠️ Row 2545: Unparsable date → 'EUR'
[2025-08-20 14:18:33] ⚠️ Row 2546: Unparsable date → 'EUR'
[2025-08-20 14:18:33] ⚠️ Row 2547: Unparsable date → 'EUR'
[2025-08-20 14:18:33] ⚠️ Row 2548: Unparsable date → 'EUR'
[2025-08-20 14:18:33] ⚠️ Row 2549: Unparsable date → 'EUR'
[2025-08-20 14:18:33] ⚠️ Row 2550: Unparsable date → 'EUR'
[2025-08-20 14:18:33] ⚠️ Row 2551: Unparsable date → 'None'
[2025-08-20 14:18:33] ⚠️ Row 2552: Unparsable date → 'None'
[2025-08-20 14:18:33] ⚠️ Row 2553: Unparsable date → 'EUR'
[2025-08-20 14:18:33] ⚠️ Row 2554: Unparsable date → 'EUR'
[2025-08-20 14:18:33] ⚠️ Row 2555: Unparsable date → 'EUR'
[2025-08-20 14:18:33] ⚠️ Row 2556: Unparsable date → 'EUR'
[2025-08-20 14:18:33] ⚠️ Row 2557: Unparsable date → 'EUR'
[2025-08-20 14:18:33] ⚠️ Row 2558: Unparsable date → 'EUR'
[2025-08-20 14:18:33] ⚠️ Row 2559: Unparsable date → 'None'
[2025-08-20 14:18:33] ⚠️ Row 2560: Unparsable date → 'Billing Currency'
[2025-08-20 14:18:33] ⚠️ Row 2561: Unparsable date → 'None'
[2025-08-20 14:18:33] ⚠️ Row 2562: Unparsable date → 'EUR'
[2025-08-20 14:18:33] ⚠️ Row 2563: Unparsable date → 'EUR'
[2025-08-20 14:18:33] ⚠️ Row 2564: Unparsable date → 'None'
[2025-08-20 14:18:33] ⚠️ Row 2565: Unparsable date → 'None'
[2025-08-20 14:18:33] ⚠️ Row 2566: Unparsable date → 'EUR'
[2025-08-20 14:18:33] ⚠️ Row 2567: Unparsable date → 'EUR'
[2025-08-20 14:18:33] ⚠️ Row 2568: Unparsable date → 'EUR'
[2025-08-20 14:18:33] ⚠️ Row 2569: Unparsable date → 'EUR'
[2025-08-20 14:18:33] ⚠️ Row 2570: Unparsable date → 'EUR'
[2025-08-20 14:18:33] ⚠️ Row 2571: Unparsable date → 'EUR'
[2025-08-20 14:18:33] ⚠️ Row 2572: Unparsable date → 'EUR'
[2025-08-20 14:18:33] ⚠️ Row 2573: Unparsable date → 'EUR'
[2025-08-20 14:18:33] ⚠️ Row 2574: Unparsable date → 'EUR'
[2025-08-20 14:18:33] ⚠️ Row 2575: Unparsable date → 'EUR'
[2025-08-20 14:18:33] ⚠️ Row 2576: Unparsable date → 'EUR'
[2025-08-20 14:18:33] ⚠️ Row 2577: Unparsable date → 'EUR'
[2025-08-20 14:18:33] ⚠️ Row 2578: Unparsable date → 'EUR'
[2025-08-20 14:18:33] ⚠️ Row 2579: Unparsable date → 'EUR'
[2025-08-20 14:18:33] ⚠️ Row 2580: Unparsable date → 'EUR'
[2025-08-20 14:18:33] ⚠️ Row 2581: Unparsable date → 'EUR'
[2025-08-20 14:18:33] ⚠️ Row 2582: Unparsable date → 'EUR'
[2025-08-20 14:18:33] ⚠️ Row 2583: Unparsable date → 'EUR'
[2025-08-20 14:18:33] ⚠️ Row 2584: Unparsable date → 'EUR'
[2025-08-20 14:18:33] TA logic: Deposits = 0, Cashouts = 0, Net = 0
[2025-08-20 14:18:33] ✅ Created Payment Summary with 0 rows.
[2025-08-20 14:18:33] ⚠️ No valid dates found in Payment Summary.
[2025-08-20 14:18:33] 🧾 Final claim value (from Payment Summary): 0
[2025-08-20 14:18:33] ✅ Finished processing: TA_Pokerstars.xlsx
