[2025-08-20 14:14:19] 📄 Processing IB_Electra Works Ltd (Gibraltar)_Justin Feddema.xlsx...
[2025-08-20 14:14:19] ❌ Error in C:/Sharepoint/Golden-Tech GmbH/LeadDocuments - Casino Germany - Documents\7010 - Justin Feddema, BWIN\IB_Electra Works Ltd (Gibraltar)_Justin Feddema.xlsx: EuroAmount column not found.
[2025-08-20 14:14:19] 📄 Processing Checked_TA_Ahmet Sensoy Bwin.xlsx...
[2025-08-20 14:14:19] ❌ Error in C:/Sharepoint/Golden-Tech GmbH/LeadDocuments - Casino Germany - Documents\17233 - A.h Sensoy, BWIN\Checked_TA_Ahmet Sensoy Bwin.xlsx: ❌ Unsupported file prefix. Only TA_ and IB_ are supported for now.
[2025-08-20 14:14:19] 📄 Processing TA_PokerStars.xlsx...
[2025-08-20 14:14:19] 🧾 Detected TA file — using deposit/cashout logic.
[2025-08-20 14:14:19] Detected single combined transaction sheet. Attempting auto-detection...
[2025-08-20 14:14:19] ✅ Detected normal tabular structure. No CSV conversion needed.
[2025-08-20 14:14:19] 📋 Raw headers: ['None', 'None', 'None', 'None', 'None', 'None', 'None', 'None', 'None', 'None', 'None', 'None', 'None', 'None', 'None', 'None', 'None', 'None', 'None', 'None', 'None', 'None', 'None', 'None', 'None']
[2025-08-20 14:14:19] 🔍 Normalized headers: ['none', 'none', 'none', 'none', 'none', 'none', 'none', 'none', 'none', 'none', 'none', 'none', 'none', 'none', 'none', 'none', 'none', 'none', 'none', 'none', 'none', 'none', 'none', 'none', 'none']
[2025-08-20 14:14:19] ⚠️ Header check failed: Missing date or amount — fallback mode. Using fallback mode (Column 0 = date, Column 1 = signed amount).
[2025-08-20 14:14:19] ⚠️ Row 2: Unparsable date → 'None'
[2025-08-20 14:14:19] ⚠️ Row 3: Unparsable date → 'Purchases And Cashouts Report'
[2025-08-20 14:14:19] ⚠️ Row 4: Unparsable date → 'None'
[2025-08-20 14:14:19] ⚠️ Row 5: Unparsable date → 'All 'discodaan' transactions Report at PokerStars:'
[2025-08-20 14:14:19] ⚠️ Row 6: Unparsable date → 'None'
[2025-08-20 14:14:19] ⚠️ Row 7: Unparsable date → 'Remove Parent Transactions'
[2025-08-20 14:14:19] ⚠️ Row 8: Unparsable date → 'None'
[2025-08-20 14:14:19] ⚠️ Row 9: Unparsable date → 'From:'
[2025-08-20 14:14:19] ⚠️ Row 10: Unparsable date → 'To:'
[2025-08-20 14:14:19] ⚠️ Row 11: Unparsable date → 'None'
[2025-08-20 14:14:19] ⚠️ Row 12: Unparsable date → 'TransId'
[2025-08-20 14:14:19] ⚠️ Row 13: Unparsable date → 'None'
[2025-08-20 14:14:19] ⚠️ Row 14: Unparsable date → '244850668'
[2025-08-20 14:14:19] ⚠️ Row 15: Unparsable date → '485175601'
[2025-08-20 14:14:19] ⚠️ Row 16: Unparsable date → '485200786'
[2025-08-20 14:14:19] ⚠️ Row 17: Unparsable date → '485201413'
[2025-08-20 14:14:19] ⚠️ Row 18: Unparsable date → '485209840'
[2025-08-20 14:14:19] ⚠️ Row 19: Unparsable date → '485594587'
[2025-08-20 14:14:19] ⚠️ Row 20: Unparsable date → '485614219'
[2025-08-20 14:14:19] ⚠️ Row 21: Unparsable date → '485777739'
[2025-08-20 14:14:19] ⚠️ Row 22: Unparsable date → '485779714'
[2025-08-20 14:14:19] ⚠️ Row 23: Unparsable date → '485846247'
[2025-08-20 14:14:19] ⚠️ Row 24: Unparsable date → '487172975'
[2025-08-20 14:14:19] ⚠️ Row 25: Unparsable date → '487176876'
[2025-08-20 14:14:19] ⚠️ Row 26: Unparsable date → '487616340'
[2025-08-20 14:14:19] ⚠️ Row 27: Unparsable date → '487622286'
[2025-08-20 14:14:19] ⚠️ Row 28: Unparsable date → '487630339'
[2025-08-20 14:14:19] ⚠️ Row 29: Unparsable date → '487633176'
[2025-08-20 14:14:19] ⚠️ Row 30: Unparsable date → '487635024'
[2025-08-20 14:14:19] ⚠️ Row 31: Unparsable date → '487636155'
[2025-08-20 14:14:19] ⚠️ Row 32: Unparsable date → '487640104'
[2025-08-20 14:14:19] ⚠️ Row 33: Unparsable date → '487642546'
[2025-08-20 14:14:19] ⚠️ Row 34: Unparsable date → '488058951'
[2025-08-20 14:14:19] ⚠️ Row 35: Unparsable date → '488108352'
[2025-08-20 14:14:19] ⚠️ Row 36: Unparsable date → '488109946'
[2025-08-20 14:14:19] ⚠️ Row 37: Unparsable date → '488111415'
[2025-08-20 14:14:19] ⚠️ Row 38: Unparsable date → '489822076'
[2025-08-20 14:14:19] ⚠️ Row 39: Unparsable date → '489843199'
[2025-08-20 14:14:19] ⚠️ Row 40: Unparsable date → '489843799'
[2025-08-20 14:14:19] ⚠️ Row 41: Unparsable date → '499325919'
[2025-08-20 14:14:19] ⚠️ Row 42: Unparsable date → '501486445'
[2025-08-20 14:14:19] ⚠️ Row 43: Unparsable date → '501488778'
[2025-08-20 14:14:19] ⚠️ Row 44: Unparsable date → '624545497'
[2025-08-20 14:14:19] ⚠️ Row 45: Unparsable date → '624545900'
[2025-08-20 14:14:19] ⚠️ Row 46: Unparsable date → '629280232'
[2025-08-20 14:14:19] ⚠️ Row 47: Unparsable date → '629280387'
[2025-08-20 14:14:20] ⚠️ Row 48: Unparsable date → '629280512'
[2025-08-20 14:14:20] ⚠️ Row 49: Unparsable date → '632237248'
[2025-08-20 14:14:20] ⚠️ Row 50: Unparsable date → '632352467'
[2025-08-20 14:14:20] ⚠️ Row 51: Unparsable date → '632354187'
[2025-08-20 14:14:20] ⚠️ Row 52: Unparsable date → '632362514'
[2025-08-20 14:14:20] ⚠️ Row 53: Unparsable date → '632374924'
[2025-08-20 14:14:20] ⚠️ Row 54: Unparsable date → '632417167'
[2025-08-20 14:14:20] ⚠️ Row 55: Unparsable date → '632417666'
[2025-08-20 14:14:20] ⚠️ Row 56: Unparsable date → '632431279'
[2025-08-20 14:14:20] ⚠️ Row 57: Unparsable date → '632454148'
[2025-08-20 14:14:20] ⚠️ Row 58: Unparsable date → '632517089'
[2025-08-20 14:14:20] ⚠️ Row 59: Unparsable date → '632517789'
[2025-08-20 14:14:20] ⚠️ Row 60: Unparsable date → '632534634'
[2025-08-20 14:14:20] ⚠️ Row 61: Unparsable date → '632643507'
[2025-08-20 14:14:20] ⚠️ Row 62: Unparsable date → '632652400'
[2025-08-20 14:14:20] ⚠️ Row 63: Unparsable date → '632654940'
[2025-08-20 14:14:20] ⚠️ Row 64: Unparsable date → '632659150'
[2025-08-20 14:14:20] ⚠️ Row 65: Unparsable date → '632664873'
[2025-08-20 14:14:20] ⚠️ Row 66: Unparsable date → '632667390'
[2025-08-20 14:14:20] ⚠️ Row 67: Unparsable date → '632840402'
[2025-08-20 14:14:20] ⚠️ Row 68: Unparsable date → '632846978'
[2025-08-20 14:14:20] ⚠️ Row 69: Unparsable date → '632854431'
[2025-08-20 14:14:20] ⚠️ Row 70: Unparsable date → '632862635'
[2025-08-20 14:14:20] ⚠️ Row 71: Unparsable date → '632867292'
[2025-08-20 14:14:20] ⚠️ Row 72: Unparsable date → '632869337'
[2025-08-20 14:14:20] ⚠️ Row 73: Unparsable date → '632887937'
[2025-08-20 14:14:20] ⚠️ Row 74: Unparsable date → '632889891'
[2025-08-20 14:14:20] ⚠️ Row 75: Unparsable date → '632951418'
[2025-08-20 14:14:20] ⚠️ Row 76: Unparsable date → '633037232'
[2025-08-20 14:14:20] ⚠️ Row 77: Unparsable date → '633070098'
[2025-08-20 14:14:20] ⚠️ Row 78: Unparsable date → '633086476'
[2025-08-20 14:14:20] ⚠️ Row 79: Unparsable date → '640279937'
[2025-08-20 14:14:20] ⚠️ Row 80: Unparsable date → '640975483'
[2025-08-20 14:14:20] ⚠️ Row 81: Unparsable date → '640978610'
[2025-08-20 14:14:20] ⚠️ Row 82: Unparsable date → '640982986'
[2025-08-20 14:14:20] ⚠️ Row 83: Unparsable date → '641080343'
[2025-08-20 14:14:20] ⚠️ Row 84: Unparsable date → '641082921'
[2025-08-20 14:14:20] ⚠️ Row 85: Unparsable date → '641329546'
[2025-08-20 14:14:20] ⚠️ Row 86: Unparsable date → '641332730'
[2025-08-20 14:14:20] ⚠️ Row 87: Unparsable date → '641352939'
[2025-08-20 14:14:20] ⚠️ Row 88: Unparsable date → '641358352'
[2025-08-20 14:14:20] ⚠️ Row 89: Unparsable date → '649708642'
[2025-08-20 14:14:20] ⚠️ Row 90: Unparsable date → '649740292'
[2025-08-20 14:14:20] ⚠️ Row 91: Unparsable date → '650469741'
[2025-08-20 14:14:20] ⚠️ Row 92: Unparsable date → '650486581'
[2025-08-20 14:14:20] ⚠️ Row 93: Unparsable date → '650488455'
[2025-08-20 14:14:20] ⚠️ Row 94: Unparsable date → '650489522'
[2025-08-20 14:14:20] ⚠️ Row 95: Unparsable date → '650555381'
[2025-08-20 14:14:20] ⚠️ Row 96: Unparsable date → '650568432'
[2025-08-20 14:14:20] ⚠️ Row 97: Unparsable date → '650575712'
[2025-08-20 14:14:20] ⚠️ Row 98: Unparsable date → '650696298'
[2025-08-20 14:14:20] ⚠️ Row 99: Unparsable date → '663061821'
[2025-08-20 14:14:20] ⚠️ Row 100: Unparsable date → '663091151'
[2025-08-20 14:14:20] ⚠️ Row 101: Unparsable date → '663130022'
[2025-08-20 14:14:20] ⚠️ Row 102: Unparsable date → '663193631'
[2025-08-20 14:14:20] ⚠️ Row 103: Unparsable date → '663546880'
[2025-08-20 14:14:20] ⚠️ Row 104: Unparsable date → '663567508'
[2025-08-20 14:14:20] ⚠️ Row 105: Unparsable date → '663658138'
[2025-08-20 14:14:20] ⚠️ Row 106: Unparsable date → '666036155'
[2025-08-20 14:14:20] ⚠️ Row 107: Unparsable date → '666041633'
[2025-08-20 14:14:20] ⚠️ Row 108: Unparsable date → '666245622'
[2025-08-20 14:14:20] ⚠️ Row 109: Unparsable date → '666308463'
[2025-08-20 14:14:20] ⚠️ Row 110: Unparsable date → '666318752'
[2025-08-20 14:14:20] ⚠️ Row 111: Unparsable date → '666377951'
[2025-08-20 14:14:20] ⚠️ Row 112: Unparsable date → '666437976'
[2025-08-20 14:14:20] ⚠️ Row 113: Unparsable date → '666742757'
[2025-08-20 14:14:20] ⚠️ Row 114: Unparsable date → '666753491'
[2025-08-20 14:14:20] ⚠️ Row 115: Unparsable date → '667638896'
[2025-08-20 14:14:20] ⚠️ Row 116: Unparsable date → '667649409'
[2025-08-20 14:14:20] ⚠️ Row 117: Unparsable date → '667654678'
[2025-08-20 14:14:20] ⚠️ Row 118: Unparsable date → '667660269'
[2025-08-20 14:14:20] ⚠️ Row 119: Unparsable date → '667749240'
[2025-08-20 14:14:20] ⚠️ Row 120: Unparsable date → '669528148'
[2025-08-20 14:14:20] ⚠️ Row 121: Unparsable date → '669538545'
[2025-08-20 14:14:20] ⚠️ Row 122: Unparsable date → '669549312'
[2025-08-20 14:14:20] ⚠️ Row 123: Unparsable date → '670659196'
[2025-08-20 14:14:20] ⚠️ Row 124: Unparsable date → '670674237'
[2025-08-20 14:14:20] ⚠️ Row 125: Unparsable date → '671162439'
[2025-08-20 14:14:20] ⚠️ Row 126: Unparsable date → '673405538'
[2025-08-20 14:14:20] ⚠️ Row 127: Unparsable date → '673406116'
[2025-08-20 14:14:20] ⚠️ Row 128: Unparsable date → '673440147'
[2025-08-20 14:14:20] ⚠️ Row 129: Unparsable date → '673530886'
[2025-08-20 14:14:20] ⚠️ Row 130: Unparsable date → '673536013'
[2025-08-20 14:14:20] ⚠️ Row 131: Unparsable date → '673555610'
[2025-08-20 14:14:20] ⚠️ Row 132: Unparsable date → '673580086'
[2025-08-20 14:14:20] ⚠️ Row 133: Unparsable date → '673601529'
[2025-08-20 14:14:20] ⚠️ Row 134: Unparsable date → '673677467'
[2025-08-20 14:14:20] ⚠️ Row 135: Unparsable date → '673679465'
[2025-08-20 14:14:20] ⚠️ Row 136: Unparsable date → '673690136'
[2025-08-20 14:14:20] ⚠️ Row 137: Unparsable date → '673692372'
[2025-08-20 14:14:20] ⚠️ Row 138: Unparsable date → '673854508'
[2025-08-20 14:14:20] ⚠️ Row 139: Unparsable date → '673870069'
[2025-08-20 14:14:20] ⚠️ Row 140: Unparsable date → '673882695'
[2025-08-20 14:14:20] ⚠️ Row 141: Unparsable date → '673893139'
[2025-08-20 14:14:20] ⚠️ Row 142: Unparsable date → '674455727'
[2025-08-20 14:14:20] ⚠️ Row 143: Unparsable date → '679467509'
[2025-08-20 14:14:20] ⚠️ Row 144: Unparsable date → '679537564'
[2025-08-20 14:14:20] ⚠️ Row 145: Unparsable date → '679561996'
[2025-08-20 14:14:20] ⚠️ Row 146: Unparsable date → '679571861'
[2025-08-20 14:14:20] ⚠️ Row 147: Unparsable date → '679572931'
[2025-08-20 14:14:20] ⚠️ Row 148: Unparsable date → '679575251'
[2025-08-20 14:14:20] ⚠️ Row 149: Unparsable date → '680464143'
[2025-08-20 14:14:20] ⚠️ Row 150: Unparsable date → '680468543'
[2025-08-20 14:14:20] ⚠️ Row 151: Unparsable date → '680489666'
[2025-08-20 14:14:20] ⚠️ Row 152: Unparsable date → '680533415'
[2025-08-20 14:14:20] ⚠️ Row 153: Unparsable date → '680544215'
[2025-08-20 14:14:20] ⚠️ Row 154: Unparsable date → '680781311'
[2025-08-20 14:14:20] ⚠️ Row 155: Unparsable date → '680790091'
[2025-08-20 14:14:20] ⚠️ Row 156: Unparsable date → '680793199'
[2025-08-20 14:14:20] ⚠️ Row 157: Unparsable date → '680822631'
[2025-08-20 14:14:20] ⚠️ Row 158: Unparsable date → '680956562'
[2025-08-20 14:14:20] ⚠️ Row 159: Unparsable date → '680984457'
[2025-08-20 14:14:20] ⚠️ Row 160: Unparsable date → '680988851'
[2025-08-20 14:14:20] ⚠️ Row 161: Unparsable date → '681882435'
[2025-08-20 14:14:20] ⚠️ Row 162: Unparsable date → '682061590'
[2025-08-20 14:14:20] ⚠️ Row 163: Unparsable date → '682063787'
[2025-08-20 14:14:20] ⚠️ Row 164: Unparsable date → '682561876'
[2025-08-20 14:14:20] ⚠️ Row 165: Unparsable date → '683656442'
[2025-08-20 14:14:20] ⚠️ Row 166: Unparsable date → '684195596'
[2025-08-20 14:14:20] ⚠️ Row 167: Unparsable date → '684196352'
[2025-08-20 14:14:20] ⚠️ Row 168: Unparsable date → '684199810'
[2025-08-20 14:14:20] ⚠️ Row 169: Unparsable date → '684329485'
[2025-08-20 14:14:20] ⚠️ Row 170: Unparsable date → '684332685'
[2025-08-20 14:14:20] ⚠️ Row 171: Unparsable date → '684346558'
[2025-08-20 14:14:20] ⚠️ Row 172: Unparsable date → '684495935'
[2025-08-20 14:14:20] ⚠️ Row 173: Unparsable date → '684540075'
[2025-08-20 14:14:20] ⚠️ Row 174: Unparsable date → '684540885'
[2025-08-20 14:14:20] ⚠️ Row 175: Unparsable date → '684579394'
[2025-08-20 14:14:20] ⚠️ Row 176: Unparsable date → '684669344'
[2025-08-20 14:14:20] ⚠️ Row 177: Unparsable date → '684675488'
[2025-08-20 14:14:20] ⚠️ Row 178: Unparsable date → '684684164'
[2025-08-20 14:14:20] ⚠️ Row 179: Unparsable date → '684692172'
[2025-08-20 14:14:20] ⚠️ Row 180: Unparsable date → '684730613'
[2025-08-20 14:14:20] ⚠️ Row 181: Unparsable date → '684739232'
[2025-08-20 14:14:20] ⚠️ Row 182: Unparsable date → '687159896'
[2025-08-20 14:14:20] ⚠️ Row 183: Unparsable date → '687198138'
[2025-08-20 14:14:20] ⚠️ Row 184: Unparsable date → '687201437'
[2025-08-20 14:14:20] ⚠️ Row 185: Unparsable date → '687222907'
[2025-08-20 14:14:20] ⚠️ Row 186: Unparsable date → '687225086'
[2025-08-20 14:14:20] ⚠️ Row 187: Unparsable date → '687225333'
[2025-08-20 14:14:20] ⚠️ Row 188: Unparsable date → '687312074'
[2025-08-20 14:14:20] ⚠️ Row 189: Unparsable date → '687315108'
[2025-08-20 14:14:20] ⚠️ Row 190: Unparsable date → '687361251'
[2025-08-20 14:14:20] ⚠️ Row 191: Unparsable date → '687366128'
[2025-08-20 14:14:20] ⚠️ Row 192: Unparsable date → '687371916'
[2025-08-20 14:14:20] ⚠️ Row 193: Unparsable date → '687376151'
[2025-08-20 14:14:20] ⚠️ Row 194: Unparsable date → '687616528'
[2025-08-20 14:14:20] ⚠️ Row 195: Unparsable date → '687688069'
[2025-08-20 14:14:20] ⚠️ Row 196: Unparsable date → '687715558'
[2025-08-20 14:14:20] ⚠️ Row 197: Unparsable date → '687716675'
[2025-08-20 14:14:20] ⚠️ Row 198: Unparsable date → '687776906'
[2025-08-20 14:14:20] ⚠️ Row 199: Unparsable date → '687828451'
[2025-08-20 14:14:20] ⚠️ Row 200: Unparsable date → '687855976'
[2025-08-20 14:14:20] ⚠️ Row 201: Unparsable date → '687892328'
[2025-08-20 14:14:20] ⚠️ Row 202: Unparsable date → '687904249'
[2025-08-20 14:14:20] ⚠️ Row 203: Unparsable date → '687921669'
[2025-08-20 14:14:20] ⚠️ Row 204: Unparsable date → '687946837'
[2025-08-20 14:14:20] ⚠️ Row 205: Unparsable date → '687955722'
[2025-08-20 14:14:20] ⚠️ Row 206: Unparsable date → '687964159'
[2025-08-20 14:14:20] ⚠️ Row 207: Unparsable date → '687965293'
[2025-08-20 14:14:20] ⚠️ Row 208: Unparsable date → '687969243'
[2025-08-20 14:14:20] ⚠️ Row 209: Unparsable date → '687972448'
[2025-08-20 14:14:20] ⚠️ Row 210: Unparsable date → '687988194'
[2025-08-20 14:14:20] ⚠️ Row 211: Unparsable date → '688241532'
[2025-08-20 14:14:20] ⚠️ Row 212: Unparsable date → '688390368'
[2025-08-20 14:14:20] ⚠️ Row 213: Unparsable date → '688403741'
[2025-08-20 14:14:20] ⚠️ Row 214: Unparsable date → '688406517'
[2025-08-20 14:14:20] ⚠️ Row 215: Unparsable date → '688439681'
[2025-08-20 14:14:20] ⚠️ Row 216: Unparsable date → '688474456'
[2025-08-20 14:14:20] ⚠️ Row 217: Unparsable date → '688566838'
[2025-08-20 14:14:20] ⚠️ Row 218: Unparsable date → '688596892'
[2025-08-20 14:14:20] ⚠️ Row 219: Unparsable date → '688664197'
[2025-08-20 14:14:20] ⚠️ Row 220: Unparsable date → '688809816'
[2025-08-20 14:14:20] ⚠️ Row 221: Unparsable date → '689162702'
[2025-08-20 14:14:20] ⚠️ Row 222: Unparsable date → '689175536'
[2025-08-20 14:14:20] ⚠️ Row 223: Unparsable date → '689178069'
[2025-08-20 14:14:20] ⚠️ Row 224: Unparsable date → '689415453'
[2025-08-20 14:14:20] ⚠️ Row 225: Unparsable date → '689428648'
[2025-08-20 14:14:20] ⚠️ Row 226: Unparsable date → '689448242'
[2025-08-20 14:14:20] ⚠️ Row 227: Unparsable date → '689478811'
[2025-08-20 14:14:20] ⚠️ Row 228: Unparsable date → '689486387'
[2025-08-20 14:14:20] ⚠️ Row 229: Unparsable date → '689517035'
[2025-08-20 14:14:20] ⚠️ Row 230: Unparsable date → '689520214'
[2025-08-20 14:14:20] ⚠️ Row 231: Unparsable date → '689526288'
[2025-08-20 14:14:20] ⚠️ Row 232: Unparsable date → '689754839'
[2025-08-20 14:14:20] ⚠️ Row 233: Unparsable date → '689755612'
[2025-08-20 14:14:20] ⚠️ Row 234: Unparsable date → '689794264'
[2025-08-20 14:14:20] ⚠️ Row 235: Unparsable date → '690213897'
[2025-08-20 14:14:20] ⚠️ Row 236: Unparsable date → '690504203'
[2025-08-20 14:14:20] ⚠️ Row 237: Unparsable date → '690512539'
[2025-08-20 14:14:20] ⚠️ Row 238: Unparsable date → '690611527'
[2025-08-20 14:14:20] ⚠️ Row 239: Unparsable date → '690650165'
[2025-08-20 14:14:20] ⚠️ Row 240: Unparsable date → '690694649'
[2025-08-20 14:14:20] ⚠️ Row 241: Unparsable date → '690711755'
[2025-08-20 14:14:20] ⚠️ Row 242: Unparsable date → '690843836'
[2025-08-20 14:14:20] ⚠️ Row 243: Unparsable date → '690847312'
[2025-08-20 14:14:20] ⚠️ Row 244: Unparsable date → '691163509'
[2025-08-20 14:14:20] ⚠️ Row 245: Unparsable date → '691168910'
[2025-08-20 14:14:20] ⚠️ Row 246: Unparsable date → '691172814'
[2025-08-20 14:14:20] ⚠️ Row 247: Unparsable date → '691192753'
[2025-08-20 14:14:20] ⚠️ Row 248: Unparsable date → '691212980'
[2025-08-20 14:14:20] ⚠️ Row 249: Unparsable date → '691350225'
[2025-08-20 14:14:20] ⚠️ Row 250: Unparsable date → '691402870'
[2025-08-20 14:14:20] ⚠️ Row 251: Unparsable date → '691421810'
[2025-08-20 14:14:20] ⚠️ Row 252: Unparsable date → '691457945'
[2025-08-20 14:14:20] ⚠️ Row 253: Unparsable date → '691471115'
[2025-08-20 14:14:20] ⚠️ Row 254: Unparsable date → '691471456'
[2025-08-20 14:14:20] ⚠️ Row 255: Unparsable date → '691476165'
[2025-08-20 14:14:20] ⚠️ Row 256: Unparsable date → '692188335'
[2025-08-20 14:14:20] ⚠️ Row 257: Unparsable date → '692323979'
[2025-08-20 14:14:20] ⚠️ Row 258: Unparsable date → '692337945'
[2025-08-20 14:14:20] ⚠️ Row 259: Unparsable date → '692395874'
[2025-08-20 14:14:20] ⚠️ Row 260: Unparsable date → '692591706'
[2025-08-20 14:14:20] ⚠️ Row 261: Unparsable date → '693770890'
[2025-08-20 14:14:20] ⚠️ Row 262: Unparsable date → '693771163'
[2025-08-20 14:14:20] ⚠️ Row 263: Unparsable date → '693785294'
[2025-08-20 14:14:20] ⚠️ Row 264: Unparsable date → '693899883'
[2025-08-20 14:14:20] ⚠️ Row 265: Unparsable date → '693914294'
[2025-08-20 14:14:20] ⚠️ Row 266: Unparsable date → '693939664'
[2025-08-20 14:14:20] ⚠️ Row 267: Unparsable date → '693954040'
[2025-08-20 14:14:20] ⚠️ Row 268: Unparsable date → '694015336'
[2025-08-20 14:14:20] ⚠️ Row 269: Unparsable date → '716529739'
[2025-08-20 14:14:20] ⚠️ Row 270: Unparsable date → '717143162'
[2025-08-20 14:14:20] ⚠️ Row 271: Unparsable date → '717360779'
[2025-08-20 14:14:20] ⚠️ Row 272: Unparsable date → '717689725'
[2025-08-20 14:14:20] ⚠️ Row 273: Unparsable date → '717899688'
[2025-08-20 14:14:20] ⚠️ Row 274: Unparsable date → '717909564'
[2025-08-20 14:14:20] ⚠️ Row 275: Unparsable date → '717960922'
[2025-08-20 14:14:20] ⚠️ Row 276: Unparsable date → '727245223'
[2025-08-20 14:14:20] ⚠️ Row 277: Unparsable date → '727394050'
[2025-08-20 14:14:20] ⚠️ Row 278: Unparsable date → '727397006'
[2025-08-20 14:14:20] ⚠️ Row 279: Unparsable date → '728882381'
[2025-08-20 14:14:20] ⚠️ Row 280: Unparsable date → '729199948'
[2025-08-20 14:14:20] ⚠️ Row 281: Unparsable date → '729256950'
[2025-08-20 14:14:20] ⚠️ Row 282: Unparsable date → '729618646'
[2025-08-20 14:14:20] ⚠️ Row 283: Unparsable date → '729619561'
[2025-08-20 14:14:20] ⚠️ Row 284: Unparsable date → '729652885'
[2025-08-20 14:14:20] ⚠️ Row 285: Unparsable date → '729673423'
[2025-08-20 14:14:20] ⚠️ Row 286: Unparsable date → '729675918'
[2025-08-20 14:14:20] ⚠️ Row 287: Unparsable date → '729676768'
[2025-08-20 14:14:20] ⚠️ Row 288: Unparsable date → '729852325'
[2025-08-20 14:14:20] ⚠️ Row 289: Unparsable date → '729852603'
[2025-08-20 14:14:20] ⚠️ Row 290: Unparsable date → '729858159'
[2025-08-20 14:14:20] ⚠️ Row 291: Unparsable date → '729870519'
[2025-08-20 14:14:20] ⚠️ Row 292: Unparsable date → '729874301'
[2025-08-20 14:14:20] ⚠️ Row 293: Unparsable date → '729962768'
[2025-08-20 14:14:20] ⚠️ Row 294: Unparsable date → '729969616'
[2025-08-20 14:14:20] ⚠️ Row 295: Unparsable date → '730011325'
[2025-08-20 14:14:20] ⚠️ Row 296: Unparsable date → '730015248'
[2025-08-20 14:14:20] ⚠️ Row 297: Unparsable date → '730085898'
[2025-08-20 14:14:20] ⚠️ Row 298: Unparsable date → '730129987'
[2025-08-20 14:14:20] ⚠️ Row 299: Unparsable date → '730141275'
[2025-08-20 14:14:20] ⚠️ Row 300: Unparsable date → '730142995'
[2025-08-20 14:14:20] ⚠️ Row 301: Unparsable date → '730318149'
[2025-08-20 14:14:20] ⚠️ Row 302: Unparsable date → '730431721'
[2025-08-20 14:14:20] ⚠️ Row 303: Unparsable date → '730453913'
[2025-08-20 14:14:20] ⚠️ Row 304: Unparsable date → '730640488'
[2025-08-20 14:14:20] ⚠️ Row 305: Unparsable date → '730662136'
[2025-08-20 14:14:20] ⚠️ Row 306: Unparsable date → '731044083'
[2025-08-20 14:14:20] ⚠️ Row 307: Unparsable date → '731135157'
[2025-08-20 14:14:20] ⚠️ Row 308: Unparsable date → '731404188'
[2025-08-20 14:14:20] ⚠️ Row 309: Unparsable date → '731441563'
[2025-08-20 14:14:20] ⚠️ Row 310: Unparsable date → '743038850'
[2025-08-20 14:14:20] ⚠️ Row 311: Unparsable date → '743040772'
[2025-08-20 14:14:20] ⚠️ Row 312: Unparsable date → '743514456'
[2025-08-20 14:14:20] ⚠️ Row 313: Unparsable date → '743535578'
[2025-08-20 14:14:20] ⚠️ Row 314: Unparsable date → '743541980'
[2025-08-20 14:14:20] ⚠️ Row 315: Unparsable date → '743728918'
[2025-08-20 14:14:20] ⚠️ Row 316: Unparsable date → '743797775'
[2025-08-20 14:14:20] ⚠️ Row 317: Unparsable date → '743854503'
[2025-08-20 14:14:20] ⚠️ Row 318: Unparsable date → '743878713'
[2025-08-20 14:14:20] ⚠️ Row 319: Unparsable date → '743885190'
[2025-08-20 14:14:20] ⚠️ Row 320: Unparsable date → '744333150'
[2025-08-20 14:14:20] ⚠️ Row 321: Unparsable date → '745126836'
[2025-08-20 14:14:20] ⚠️ Row 322: Unparsable date → '745129382'
[2025-08-20 14:14:20] ⚠️ Row 323: Unparsable date → '745130966'
[2025-08-20 14:14:20] ⚠️ Row 324: Unparsable date → '745131624'
[2025-08-20 14:14:20] ⚠️ Row 325: Unparsable date → '745141067'
[2025-08-20 14:14:20] ⚠️ Row 326: Unparsable date → '745161443'
[2025-08-20 14:14:20] ⚠️ Row 327: Unparsable date → '745206316'
[2025-08-20 14:14:20] ⚠️ Row 328: Unparsable date → '746338586'
[2025-08-20 14:14:20] ⚠️ Row 329: Unparsable date → '746338612'
[2025-08-20 14:14:20] ⚠️ Row 330: Unparsable date → '746338742'
[2025-08-20 14:14:20] ⚠️ Row 331: Unparsable date → '746756355'
[2025-08-20 14:14:20] ⚠️ Row 332: Unparsable date → '746756988'
[2025-08-20 14:14:20] ⚠️ Row 333: Unparsable date → '746827251'
[2025-08-20 14:14:20] ⚠️ Row 334: Unparsable date → '747163690'
[2025-08-20 14:14:20] ⚠️ Row 335: Unparsable date → '747208069'
[2025-08-20 14:14:20] ⚠️ Row 336: Unparsable date → '747229360'
[2025-08-20 14:14:20] ⚠️ Row 337: Unparsable date → '747248907'
[2025-08-20 14:14:20] ⚠️ Row 338: Unparsable date → '747284046'
[2025-08-20 14:14:20] ⚠️ Row 339: Unparsable date → '747289326'
[2025-08-20 14:14:20] ⚠️ Row 340: Unparsable date → '747329770'
[2025-08-20 14:14:20] ⚠️ Row 341: Unparsable date → '747664672'
[2025-08-20 14:14:20] ⚠️ Row 342: Unparsable date → '747667954'
[2025-08-20 14:14:20] ⚠️ Row 343: Unparsable date → '748275770'
[2025-08-20 14:14:20] ⚠️ Row 344: Unparsable date → '748501823'
[2025-08-20 14:14:20] ⚠️ Row 345: Unparsable date → '748515513'
[2025-08-20 14:14:20] ⚠️ Row 346: Unparsable date → '748541130'
[2025-08-20 14:14:20] ⚠️ Row 347: Unparsable date → '748545170'
[2025-08-20 14:14:20] ⚠️ Row 348: Unparsable date → '748548560'
[2025-08-20 14:14:20] ⚠️ Row 349: Unparsable date → '748901868'
[2025-08-20 14:14:20] ⚠️ Row 350: Unparsable date → '748966543'
[2025-08-20 14:14:20] ⚠️ Row 351: Unparsable date → '748987743'
[2025-08-20 14:14:20] ⚠️ Row 352: Unparsable date → '748991419'
[2025-08-20 14:14:21] ⚠️ Row 353: Unparsable date → '749289713'
[2025-08-20 14:14:21] ⚠️ Row 354: Unparsable date → '749347846'
[2025-08-20 14:14:21] ⚠️ Row 355: Unparsable date → '749362506'
[2025-08-20 14:14:21] ⚠️ Row 356: Unparsable date → '749380941'
[2025-08-20 14:14:21] ⚠️ Row 357: Unparsable date → '749826956'
[2025-08-20 14:14:21] ⚠️ Row 358: Unparsable date → '749879591'
[2025-08-20 14:14:21] ⚠️ Row 359: Unparsable date → '750293986'
[2025-08-20 14:14:21] ⚠️ Row 360: Unparsable date → '753642378'
[2025-08-20 14:14:21] ⚠️ Row 361: Unparsable date → '754124657'
[2025-08-20 14:14:21] ⚠️ Row 362: Unparsable date → '754152733'
[2025-08-20 14:14:21] ⚠️ Row 363: Unparsable date → '754156856'
[2025-08-20 14:14:21] ⚠️ Row 364: Unparsable date → '754173731'
[2025-08-20 14:14:21] ⚠️ Row 365: Unparsable date → '754258044'
[2025-08-20 14:14:21] ⚠️ Row 366: Unparsable date → '754550413'
[2025-08-20 14:14:21] ⚠️ Row 367: Unparsable date → '754573708'
[2025-08-20 14:14:21] ⚠️ Row 368: Unparsable date → '754577440'
[2025-08-20 14:14:21] ⚠️ Row 369: Unparsable date → '754774045'
[2025-08-20 14:14:21] ⚠️ Row 370: Unparsable date → '754793163'
[2025-08-20 14:14:21] ⚠️ Row 371: Unparsable date → '754806721'
[2025-08-20 14:14:21] ⚠️ Row 372: Unparsable date → '754837496'
[2025-08-20 14:14:21] ⚠️ Row 373: Unparsable date → '754901578'
[2025-08-20 14:14:21] ⚠️ Row 374: Unparsable date → '754972171'
[2025-08-20 14:14:21] ⚠️ Row 375: Unparsable date → '755102573'
[2025-08-20 14:14:21] ⚠️ Row 376: Unparsable date → '755105706'
[2025-08-20 14:14:21] ⚠️ Row 377: Unparsable date → '755142588'
[2025-08-20 14:14:21] ⚠️ Row 378: Unparsable date → '755143144'
[2025-08-20 14:14:21] ⚠️ Row 379: Unparsable date → '755161757'
[2025-08-20 14:14:21] ⚠️ Row 380: Unparsable date → '755181661'
[2025-08-20 14:14:21] ⚠️ Row 381: Unparsable date → '755248342'
[2025-08-20 14:14:21] ⚠️ Row 382: Unparsable date → '755257878'
[2025-08-20 14:14:21] ⚠️ Row 383: Unparsable date → '755664672'
[2025-08-20 14:14:21] ⚠️ Row 384: Unparsable date → '755679887'
[2025-08-20 14:14:21] ⚠️ Row 385: Unparsable date → '755700635'
[2025-08-20 14:14:21] ⚠️ Row 386: Unparsable date → '755740367'
[2025-08-20 14:14:21] ⚠️ Row 387: Unparsable date → '755746790'
[2025-08-20 14:14:21] ⚠️ Row 388: Unparsable date → '755751808'
[2025-08-20 14:14:21] ⚠️ Row 389: Unparsable date → '755752989'
[2025-08-20 14:14:21] ⚠️ Row 390: Unparsable date → '756048550'
[2025-08-20 14:14:21] ⚠️ Row 391: Unparsable date → '756116661'
[2025-08-20 14:14:21] ⚠️ Row 392: Unparsable date → '756119373'
[2025-08-20 14:14:21] ⚠️ Row 393: Unparsable date → '756151683'
[2025-08-20 14:14:21] ⚠️ Row 394: Unparsable date → '756337078'
[2025-08-20 14:14:21] ⚠️ Row 395: Unparsable date → '756348122'
[2025-08-20 14:14:21] ⚠️ Row 396: Unparsable date → '756481878'
[2025-08-20 14:14:21] ⚠️ Row 397: Unparsable date → '756493393'
[2025-08-20 14:14:21] ⚠️ Row 398: Unparsable date → '756767009'
[2025-08-20 14:14:21] ⚠️ Row 399: Unparsable date → '756887693'
[2025-08-20 14:14:21] ⚠️ Row 400: Unparsable date → '756932497'
[2025-08-20 14:14:21] ⚠️ Row 401: Unparsable date → '756933291'
[2025-08-20 14:14:21] ⚠️ Row 402: Unparsable date → '756940199'
[2025-08-20 14:14:21] ⚠️ Row 403: Unparsable date → '756943268'
[2025-08-20 14:14:21] ⚠️ Row 404: Unparsable date → '756966236'
[2025-08-20 14:14:21] ⚠️ Row 405: Unparsable date → '757155837'
[2025-08-20 14:14:21] ⚠️ Row 406: Unparsable date → '757164864'
[2025-08-20 14:14:21] ⚠️ Row 407: Unparsable date → '757166801'
[2025-08-20 14:14:21] ⚠️ Row 408: Unparsable date → '757169880'
[2025-08-20 14:14:21] ⚠️ Row 409: Unparsable date → '757181584'
[2025-08-20 14:14:21] ⚠️ Row 410: Unparsable date → '757196705'
[2025-08-20 14:14:21] ⚠️ Row 411: Unparsable date → '758472489'
[2025-08-20 14:14:21] ⚠️ Row 412: Unparsable date → '758501391'
[2025-08-20 14:14:21] ⚠️ Row 413: Unparsable date → '758505925'
[2025-08-20 14:14:21] ⚠️ Row 414: Unparsable date → '758521399'
[2025-08-20 14:14:21] ⚠️ Row 415: Unparsable date → '758595546'
[2025-08-20 14:14:21] ⚠️ Row 416: Unparsable date → '758596445'
[2025-08-20 14:14:21] ⚠️ Row 417: Unparsable date → '758662818'
[2025-08-20 14:14:21] ⚠️ Row 418: Unparsable date → '758775740'
[2025-08-20 14:14:21] ⚠️ Row 419: Unparsable date → '758779194'
[2025-08-20 14:14:21] ⚠️ Row 420: Unparsable date → '758786847'
[2025-08-20 14:14:21] ⚠️ Row 421: Unparsable date → '758791117'
[2025-08-20 14:14:21] ⚠️ Row 422: Unparsable date → '758808206'
[2025-08-20 14:14:21] ⚠️ Row 423: Unparsable date → '758921539'
[2025-08-20 14:14:21] ⚠️ Row 424: Unparsable date → '759259296'
[2025-08-20 14:14:21] ⚠️ Row 425: Unparsable date → '759283715'
[2025-08-20 14:14:21] ⚠️ Row 426: Unparsable date → '759285875'
[2025-08-20 14:14:21] ⚠️ Row 427: Unparsable date → '759331120'
[2025-08-20 14:14:21] ⚠️ Row 428: Unparsable date → '759412870'
[2025-08-20 14:14:21] ⚠️ Row 429: Unparsable date → '759431906'
[2025-08-20 14:14:21] ⚠️ Row 430: Unparsable date → '759449176'
[2025-08-20 14:14:21] ⚠️ Row 431: Unparsable date → '759458211'
[2025-08-20 14:14:21] ⚠️ Row 432: Unparsable date → '759464896'
[2025-08-20 14:14:21] ⚠️ Row 433: Unparsable date → '759548674'
[2025-08-20 14:14:21] ⚠️ Row 434: Unparsable date → '759550018'
[2025-08-20 14:14:21] ⚠️ Row 435: Unparsable date → '759569010'
[2025-08-20 14:14:21] ⚠️ Row 436: Unparsable date → '759571333'
[2025-08-20 14:14:21] ⚠️ Row 437: Unparsable date → '759573434'
[2025-08-20 14:14:21] ⚠️ Row 438: Unparsable date → '759579866'
[2025-08-20 14:14:21] ⚠️ Row 439: Unparsable date → '759586798'
[2025-08-20 14:14:21] ⚠️ Row 440: Unparsable date → '759592981'
[2025-08-20 14:14:21] ⚠️ Row 441: Unparsable date → '759597123'
[2025-08-20 14:14:21] ⚠️ Row 442: Unparsable date → '759615811'
[2025-08-20 14:14:21] ⚠️ Row 443: Unparsable date → '759625713'
[2025-08-20 14:14:21] ⚠️ Row 444: Unparsable date → '759649384'
[2025-08-20 14:14:21] ⚠️ Row 445: Unparsable date → '759654725'
[2025-08-20 14:14:21] ⚠️ Row 446: Unparsable date → '759658211'
[2025-08-20 14:14:21] ⚠️ Row 447: Unparsable date → '759660381'
[2025-08-20 14:14:21] ⚠️ Row 448: Unparsable date → '759677737'
[2025-08-20 14:14:21] ⚠️ Row 449: Unparsable date → '759693447'
[2025-08-20 14:14:21] ⚠️ Row 450: Unparsable date → '759699473'
[2025-08-20 14:14:21] ⚠️ Row 451: Unparsable date → '759709333'
[2025-08-20 14:14:21] ⚠️ Row 452: Unparsable date → '759732342'
[2025-08-20 14:14:21] ⚠️ Row 453: Unparsable date → '759746119'
[2025-08-20 14:14:21] ⚠️ Row 454: Unparsable date → '759803031'
[2025-08-20 14:14:21] ⚠️ Row 455: Unparsable date → '759804110'
[2025-08-20 14:14:21] ⚠️ Row 456: Unparsable date → '759812570'
[2025-08-20 14:14:21] ⚠️ Row 457: Unparsable date → '759823498'
[2025-08-20 14:14:21] ⚠️ Row 458: Unparsable date → '759835448'
[2025-08-20 14:14:21] ⚠️ Row 459: Unparsable date → '765393759'
[2025-08-20 14:14:21] ⚠️ Row 460: Unparsable date → '765401096'
[2025-08-20 14:14:21] ⚠️ Row 461: Unparsable date → '765403803'
[2025-08-20 14:14:21] ⚠️ Row 462: Unparsable date → '765779278'
[2025-08-20 14:14:21] ⚠️ Row 463: Unparsable date → '766010217'
[2025-08-20 14:14:21] ⚠️ Row 464: Unparsable date → '766381933'
[2025-08-20 14:14:21] ⚠️ Row 465: Unparsable date → '766453549'
[2025-08-20 14:14:21] ⚠️ Row 466: Unparsable date → '766529296'
[2025-08-20 14:14:21] ⚠️ Row 467: Unparsable date → '766568664'
[2025-08-20 14:14:21] ⚠️ Row 468: Unparsable date → '766571563'
[2025-08-20 14:14:21] ⚠️ Row 469: Unparsable date → '766640040'
[2025-08-20 14:14:21] ⚠️ Row 470: Unparsable date → '766856569'
[2025-08-20 14:14:21] ⚠️ Row 471: Unparsable date → '766859292'
[2025-08-20 14:14:21] ⚠️ Row 472: Unparsable date → '766861428'
[2025-08-20 14:14:21] ⚠️ Row 473: Unparsable date → '766864265'
[2025-08-20 14:14:21] ⚠️ Row 474: Unparsable date → '767025762'
[2025-08-20 14:14:21] ⚠️ Row 475: Unparsable date → '767334574'
[2025-08-20 14:14:21] ⚠️ Row 476: Unparsable date → '767352321'
[2025-08-20 14:14:21] ⚠️ Row 477: Unparsable date → '767372201'
[2025-08-20 14:14:21] ⚠️ Row 478: Unparsable date → '767377067'
[2025-08-20 14:14:21] ⚠️ Row 479: Unparsable date → '767392298'
[2025-08-20 14:14:21] ⚠️ Row 480: Unparsable date → '767450043'
[2025-08-20 14:14:21] ⚠️ Row 481: Unparsable date → '767472893'
[2025-08-20 14:14:21] ⚠️ Row 482: Unparsable date → '767477311'
[2025-08-20 14:14:21] ⚠️ Row 483: Unparsable date → '767493813'
[2025-08-20 14:14:21] ⚠️ Row 484: Unparsable date → '767531650'
[2025-08-20 14:14:21] ⚠️ Row 485: Unparsable date → '767682888'
[2025-08-20 14:14:21] ⚠️ Row 486: Unparsable date → '767780040'
[2025-08-20 14:14:21] ⚠️ Row 487: Unparsable date → '767782536'
[2025-08-20 14:14:21] ⚠️ Row 488: Unparsable date → '767784424'
[2025-08-20 14:14:21] ⚠️ Row 489: Unparsable date → '767804122'
[2025-08-20 14:14:21] ⚠️ Row 490: Unparsable date → '767809326'
[2025-08-20 14:14:21] ⚠️ Row 491: Unparsable date → '767822167'
[2025-08-20 14:14:21] ⚠️ Row 492: Unparsable date → '768232844'
[2025-08-20 14:14:21] ⚠️ Row 493: Unparsable date → '768268301'
[2025-08-20 14:14:21] ⚠️ Row 494: Unparsable date → '768273340'
[2025-08-20 14:14:21] ⚠️ Row 495: Unparsable date → '768274494'
[2025-08-20 14:14:21] ⚠️ Row 496: Unparsable date → '768285135'
[2025-08-20 14:14:21] ⚠️ Row 497: Unparsable date → '768286005'
[2025-08-20 14:14:21] ⚠️ Row 498: Unparsable date → '768289890'
[2025-08-20 14:14:21] ⚠️ Row 499: Unparsable date → '768299879'
[2025-08-20 14:14:21] ⚠️ Row 500: Unparsable date → '768622064'
[2025-08-20 14:14:21] ⚠️ Row 501: Unparsable date → '772233120'
[2025-08-20 14:14:21] ⚠️ Row 502: Unparsable date → '772280467'
[2025-08-20 14:14:21] ⚠️ Row 503: Unparsable date → '772581619'
[2025-08-20 14:14:21] ⚠️ Row 504: Unparsable date → '772583856'
[2025-08-20 14:14:21] ⚠️ Row 505: Unparsable date → '772622537'
[2025-08-20 14:14:21] ⚠️ Row 506: Unparsable date → '772637110'
[2025-08-20 14:14:21] ⚠️ Row 507: Unparsable date → '772663984'
[2025-08-20 14:14:21] ⚠️ Row 508: Unparsable date → '772675641'
[2025-08-20 14:14:21] ⚠️ Row 509: Unparsable date → '772765387'
[2025-08-20 14:14:21] ⚠️ Row 510: Unparsable date → '772772466'
[2025-08-20 14:14:21] ⚠️ Row 511: Unparsable date → '772785019'
[2025-08-20 14:14:21] ⚠️ Row 512: Unparsable date → '773221234'
[2025-08-20 14:14:21] ⚠️ Row 513: Unparsable date → '777770459'
[2025-08-20 14:14:21] ⚠️ Row 514: Unparsable date → '777782841'
[2025-08-20 14:14:21] ⚠️ Row 515: Unparsable date → '778348386'
[2025-08-20 14:14:21] ⚠️ Row 516: Unparsable date → '778370804'
[2025-08-20 14:14:21] ⚠️ Row 517: Unparsable date → '778372094'
[2025-08-20 14:14:21] ⚠️ Row 518: Unparsable date → '778447319'
[2025-08-20 14:14:21] ⚠️ Row 519: Unparsable date → '778451075'
[2025-08-20 14:14:21] ⚠️ Row 520: Unparsable date → '778458137'
[2025-08-20 14:14:21] ⚠️ Row 521: Unparsable date → '778466747'
[2025-08-20 14:14:21] ⚠️ Row 522: Unparsable date → '778471410'
[2025-08-20 14:14:21] ⚠️ Row 523: Unparsable date → '778491690'
[2025-08-20 14:14:21] ⚠️ Row 524: Unparsable date → '778647065'
[2025-08-20 14:14:21] ⚠️ Row 525: Unparsable date → '778984892'
[2025-08-20 14:14:21] ⚠️ Row 526: Unparsable date → '779528421'
[2025-08-20 14:14:21] ⚠️ Row 527: Unparsable date → '779542400'
[2025-08-20 14:14:21] ⚠️ Row 528: Unparsable date → '779612155'
[2025-08-20 14:14:21] ⚠️ Row 529: Unparsable date → '779614022'
[2025-08-20 14:14:21] ⚠️ Row 530: Unparsable date → '779674371'
[2025-08-20 14:14:21] ⚠️ Row 531: Unparsable date → '779678190'
[2025-08-20 14:14:21] ⚠️ Row 532: Unparsable date → '779680946'
[2025-08-20 14:14:21] ⚠️ Row 533: Unparsable date → '779718383'
[2025-08-20 14:14:21] ⚠️ Row 534: Unparsable date → '779745508'
[2025-08-20 14:14:21] ⚠️ Row 535: Unparsable date → '779749232'
[2025-08-20 14:14:21] ⚠️ Row 536: Unparsable date → '779763699'
[2025-08-20 14:14:21] ⚠️ Row 537: Unparsable date → '780079003'
[2025-08-20 14:14:21] ⚠️ Row 538: Unparsable date → '780122468'
[2025-08-20 14:14:21] ⚠️ Row 539: Unparsable date → '780133811'
[2025-08-20 14:14:21] ⚠️ Row 540: Unparsable date → '780136678'
[2025-08-20 14:14:21] ⚠️ Row 541: Unparsable date → '780156674'
[2025-08-20 14:14:21] ⚠️ Row 542: Unparsable date → '780171023'
[2025-08-20 14:14:21] ⚠️ Row 543: Unparsable date → '780186378'
[2025-08-20 14:14:21] ⚠️ Row 544: Unparsable date → '780186994'
[2025-08-20 14:14:21] ⚠️ Row 545: Unparsable date → '780187696'
[2025-08-20 14:14:21] ⚠️ Row 546: Unparsable date → '780197621'
[2025-08-20 14:14:21] ⚠️ Row 547: Unparsable date → '780201676'
[2025-08-20 14:14:21] ⚠️ Row 548: Unparsable date → '780422935'
[2025-08-20 14:14:21] ⚠️ Row 549: Unparsable date → '780592079'
[2025-08-20 14:14:21] ⚠️ Row 550: Unparsable date → '780605395'
[2025-08-20 14:14:21] ⚠️ Row 551: Unparsable date → '780611420'
[2025-08-20 14:14:21] ⚠️ Row 552: Unparsable date → '780613125'
[2025-08-20 14:14:21] ⚠️ Row 553: Unparsable date → '780613595'
[2025-08-20 14:14:21] ⚠️ Row 554: Unparsable date → '780617489'
[2025-08-20 14:14:21] ⚠️ Row 555: Unparsable date → '780992827'
[2025-08-20 14:14:21] ⚠️ Row 556: Unparsable date → '781001103'
[2025-08-20 14:14:21] ⚠️ Row 557: Unparsable date → '781002922'
[2025-08-20 14:14:21] ⚠️ Row 558: Unparsable date → '781702264'
[2025-08-20 14:14:21] ⚠️ Row 559: Unparsable date → '791164217'
[2025-08-20 14:14:21] ⚠️ Row 560: Unparsable date → '792651285'
[2025-08-20 14:14:21] ⚠️ Row 561: Unparsable date → '792684080'
[2025-08-20 14:14:21] ⚠️ Row 562: Unparsable date → '792705445'
[2025-08-20 14:14:21] ⚠️ Row 563: Unparsable date → '792719776'
[2025-08-20 14:14:21] ⚠️ Row 564: Unparsable date → '793005050'
[2025-08-20 14:14:21] ⚠️ Row 565: Unparsable date → '793063099'
[2025-08-20 14:14:21] ⚠️ Row 566: Unparsable date → '793079765'
[2025-08-20 14:14:21] ⚠️ Row 567: Unparsable date → '793106779'
[2025-08-20 14:14:21] ⚠️ Row 568: Unparsable date → '793108035'
[2025-08-20 14:14:21] ⚠️ Row 569: Unparsable date → '793149897'
[2025-08-20 14:14:21] ⚠️ Row 570: Unparsable date → '793154819'
[2025-08-20 14:14:21] ⚠️ Row 571: Unparsable date → '793157708'
[2025-08-20 14:14:21] ⚠️ Row 572: Unparsable date → '793169810'
[2025-08-20 14:14:21] ⚠️ Row 573: Unparsable date → '793188597'
[2025-08-20 14:14:21] ⚠️ Row 574: Unparsable date → '793192438'
[2025-08-20 14:14:21] ⚠️ Row 575: Unparsable date → '793194558'
[2025-08-20 14:14:21] ⚠️ Row 576: Unparsable date → '793439816'
[2025-08-20 14:14:21] ⚠️ Row 577: Unparsable date → '793446578'
[2025-08-20 14:14:21] ⚠️ Row 578: Unparsable date → '793492324'
[2025-08-20 14:14:21] ⚠️ Row 579: Unparsable date → '793497999'
[2025-08-20 14:14:21] ⚠️ Row 580: Unparsable date → '793549363'
[2025-08-20 14:14:21] ⚠️ Row 581: Unparsable date → '793552533'
[2025-08-20 14:14:21] ⚠️ Row 582: Unparsable date → '793559551'
[2025-08-20 14:14:21] ⚠️ Row 583: Unparsable date → '795932653'
[2025-08-20 14:14:21] ⚠️ Row 584: Unparsable date → '796269348'
[2025-08-20 14:14:21] ⚠️ Row 585: Unparsable date → '796274463'
[2025-08-20 14:14:21] ⚠️ Row 586: Unparsable date → '796289043'
[2025-08-20 14:14:21] ⚠️ Row 587: Unparsable date → '796313561'
[2025-08-20 14:14:21] ⚠️ Row 588: Unparsable date → '796326803'
[2025-08-20 14:14:21] ⚠️ Row 589: Unparsable date → '796896017'
[2025-08-20 14:14:21] ⚠️ Row 590: Unparsable date → '796914159'
[2025-08-20 14:14:21] ⚠️ Row 591: Unparsable date → '796933752'
[2025-08-20 14:14:21] ⚠️ Row 592: Unparsable date → '797731659'
[2025-08-20 14:14:21] ⚠️ Row 593: Unparsable date → '798701411'
[2025-08-20 14:14:21] ⚠️ Row 594: Unparsable date → '798778566'
[2025-08-20 14:14:21] ⚠️ Row 595: Unparsable date → '798787607'
[2025-08-20 14:14:21] ⚠️ Row 596: Unparsable date → '798886662'
[2025-08-20 14:14:21] ⚠️ Row 597: Unparsable date → '798936730'
[2025-08-20 14:14:21] ⚠️ Row 598: Unparsable date → '799341034'
[2025-08-20 14:14:21] ⚠️ Row 599: Unparsable date → '799406951'
[2025-08-20 14:14:21] ⚠️ Row 600: Unparsable date → '799447151'
[2025-08-20 14:14:21] ⚠️ Row 601: Unparsable date → '800426715'
[2025-08-20 14:14:21] ⚠️ Row 602: Unparsable date → '800467954'
[2025-08-20 14:14:21] ⚠️ Row 603: Unparsable date → '800529427'
[2025-08-20 14:14:21] ⚠️ Row 604: Unparsable date → '801725372'
[2025-08-20 14:14:21] ⚠️ Row 605: Unparsable date → '801778947'
[2025-08-20 14:14:21] ⚠️ Row 606: Unparsable date → '801785101'
[2025-08-20 14:14:21] ⚠️ Row 607: Unparsable date → '801804657'
[2025-08-20 14:14:21] ⚠️ Row 608: Unparsable date → '801808474'
[2025-08-20 14:14:21] ⚠️ Row 609: Unparsable date → '802208121'
[2025-08-20 14:14:21] ⚠️ Row 610: Unparsable date → '803776420'
[2025-08-20 14:14:21] ⚠️ Row 611: Unparsable date → '803784283'
[2025-08-20 14:14:21] ⚠️ Row 612: Unparsable date → '803837421'
[2025-08-20 14:14:21] ⚠️ Row 613: Unparsable date → '803888708'
[2025-08-20 14:14:21] ⚠️ Row 614: Unparsable date → '804963811'
[2025-08-20 14:14:21] ⚠️ Row 615: Unparsable date → '805604936'
[2025-08-20 14:14:21] ⚠️ Row 616: Unparsable date → '805628814'
[2025-08-20 14:14:21] ⚠️ Row 617: Unparsable date → '805639967'
[2025-08-20 14:14:21] ⚠️ Row 618: Unparsable date → '805644911'
[2025-08-20 14:14:21] ⚠️ Row 619: Unparsable date → '805788576'
[2025-08-20 14:14:21] ⚠️ Row 620: Unparsable date → '809564955'
[2025-08-20 14:14:21] ⚠️ Row 621: Unparsable date → '809640355'
[2025-08-20 14:14:21] ⚠️ Row 622: Unparsable date → '809645914'
[2025-08-20 14:14:21] ⚠️ Row 623: Unparsable date → '809647593'
[2025-08-20 14:14:21] ⚠️ Row 624: Unparsable date → '809666856'
[2025-08-20 14:14:21] ⚠️ Row 625: Unparsable date → '809687386'
[2025-08-20 14:14:21] ⚠️ Row 626: Unparsable date → '809694740'
[2025-08-20 14:14:21] ⚠️ Row 627: Unparsable date → '809701218'
[2025-08-20 14:14:21] ⚠️ Row 628: Unparsable date → '809708912'
[2025-08-20 14:14:21] ⚠️ Row 629: Unparsable date → '809725598'
[2025-08-20 14:14:21] ⚠️ Row 630: Unparsable date → '809862083'
[2025-08-20 14:14:21] ⚠️ Row 631: Unparsable date → '809862093'
[2025-08-20 14:14:21] ⚠️ Row 632: Unparsable date → '810126304'
[2025-08-20 14:14:21] ⚠️ Row 633: Unparsable date → '810133798'
[2025-08-20 14:14:21] ⚠️ Row 634: Unparsable date → '810133807'
[2025-08-20 14:14:21] ⚠️ Row 635: Unparsable date → '810136063'
[2025-08-20 14:14:21] ⚠️ Row 636: Unparsable date → '810136089'
[2025-08-20 14:14:21] ⚠️ Row 637: Unparsable date → '810138636'
[2025-08-20 14:14:21] ⚠️ Row 638: Unparsable date → '810143614'
[2025-08-20 14:14:21] ⚠️ Row 639: Unparsable date → '810150074'
[2025-08-20 14:14:21] ⚠️ Row 640: Unparsable date → '810153287'
[2025-08-20 14:14:21] ⚠️ Row 641: Unparsable date → '810159368'
[2025-08-20 14:14:21] ⚠️ Row 642: Unparsable date → '810159383'
[2025-08-20 14:14:21] ⚠️ Row 643: Unparsable date → '810160151'
[2025-08-20 14:14:21] ⚠️ Row 644: Unparsable date → '810163831'
[2025-08-20 14:14:21] ⚠️ Row 645: Unparsable date → '810168961'
[2025-08-20 14:14:21] ⚠️ Row 646: Unparsable date → '810170457'
[2025-08-20 14:14:21] ⚠️ Row 647: Unparsable date → '810506261'
[2025-08-20 14:14:21] ⚠️ Row 648: Unparsable date → '810507838'
[2025-08-20 14:14:21] ⚠️ Row 649: Unparsable date → '810588247'
[2025-08-20 14:14:21] ⚠️ Row 650: Unparsable date → '810593498'
[2025-08-20 14:14:21] ⚠️ Row 651: Unparsable date → '810593504'
[2025-08-20 14:14:21] ⚠️ Row 652: Unparsable date → '810600758'
[2025-08-20 14:14:21] ⚠️ Row 653: Unparsable date → '810611472'
[2025-08-20 14:14:21] ⚠️ Row 654: Unparsable date → '811324475'
[2025-08-20 14:14:21] ⚠️ Row 655: Unparsable date → '811324482'
[2025-08-20 14:14:21] ⚠️ Row 656: Unparsable date → '811325840'
[2025-08-20 14:14:21] ⚠️ Row 657: Unparsable date → '811832186'
[2025-08-20 14:14:22] ⚠️ Row 658: Unparsable date → '811835516'
[2025-08-20 14:14:22] ⚠️ Row 659: Unparsable date → '811836168'
[2025-08-20 14:14:22] ⚠️ Row 660: Unparsable date → '811842625'
[2025-08-20 14:14:22] ⚠️ Row 661: Unparsable date → '811859209'
[2025-08-20 14:14:22] ⚠️ Row 662: Unparsable date → '812545388'
[2025-08-20 14:14:22] ⚠️ Row 663: Unparsable date → '812568609'
[2025-08-20 14:14:22] ⚠️ Row 664: Unparsable date → '812643339'
[2025-08-20 14:14:22] ⚠️ Row 665: Unparsable date → '813516188'
[2025-08-20 14:14:22] ⚠️ Row 666: Unparsable date → '813529660'
[2025-08-20 14:14:22] ⚠️ Row 667: Unparsable date → '813537760'
[2025-08-20 14:14:22] ⚠️ Row 668: Unparsable date → '813565688'
[2025-08-20 14:14:22] ⚠️ Row 669: Unparsable date → '813572793'
[2025-08-20 14:14:22] ⚠️ Row 670: Unparsable date → '813592758'
[2025-08-20 14:14:22] ⚠️ Row 671: Unparsable date → '813622021'
[2025-08-20 14:14:22] ⚠️ Row 672: Unparsable date → '813633847'
[2025-08-20 14:14:22] ⚠️ Row 673: Unparsable date → '813635869'
[2025-08-20 14:14:22] ⚠️ Row 674: Unparsable date → '813931610'
[2025-08-20 14:14:22] ⚠️ Row 675: Unparsable date → '813954581'
[2025-08-20 14:14:22] ⚠️ Row 676: Unparsable date → '814006822'
[2025-08-20 14:14:22] ⚠️ Row 677: Unparsable date → '816048179'
[2025-08-20 14:14:22] ⚠️ Row 678: Unparsable date → '816331149'
[2025-08-20 14:14:22] ⚠️ Row 679: Unparsable date → '816350727'
[2025-08-20 14:14:22] ⚠️ Row 680: Unparsable date → '816387308'
[2025-08-20 14:14:22] ⚠️ Row 681: Unparsable date → '816919872'
[2025-08-20 14:14:22] ⚠️ Row 682: Unparsable date → '816959343'
[2025-08-20 14:14:22] ⚠️ Row 683: Unparsable date → '817162209'
[2025-08-20 14:14:22] ⚠️ Row 684: Unparsable date → '817284850'
[2025-08-20 14:14:22] ⚠️ Row 685: Unparsable date → '817295402'
[2025-08-20 14:14:22] ⚠️ Row 686: Unparsable date → '817414287'
[2025-08-20 14:14:22] ⚠️ Row 687: Unparsable date → '817435731'
[2025-08-20 14:14:22] ⚠️ Row 688: Unparsable date → '817740796'
[2025-08-20 14:14:22] ⚠️ Row 689: Unparsable date → '817750452'
[2025-08-20 14:14:22] ⚠️ Row 690: Unparsable date → '817773380'
[2025-08-20 14:14:22] ⚠️ Row 691: Unparsable date → '823132581'
[2025-08-20 14:14:22] ⚠️ Row 692: Unparsable date → '823188367'
[2025-08-20 14:14:22] ⚠️ Row 693: Unparsable date → '823188577'
[2025-08-20 14:14:22] ⚠️ Row 694: Unparsable date → '823199852'
[2025-08-20 14:14:22] ⚠️ Row 695: Unparsable date → '823209941'
[2025-08-20 14:14:22] ⚠️ Row 696: Unparsable date → '823216697'
[2025-08-20 14:14:22] ⚠️ Row 697: Unparsable date → '823227710'
[2025-08-20 14:14:22] ⚠️ Row 698: Unparsable date → '823247740'
[2025-08-20 14:14:22] ⚠️ Row 699: Unparsable date → '823275752'
[2025-08-20 14:14:22] ⚠️ Row 700: Unparsable date → '823287548'
[2025-08-20 14:14:22] ⚠️ Row 701: Unparsable date → '823293195'
[2025-08-20 14:14:22] ⚠️ Row 702: Unparsable date → '823298168'
[2025-08-20 14:14:22] ⚠️ Row 703: Unparsable date → '823323427'
[2025-08-20 14:14:22] ⚠️ Row 704: Unparsable date → '823324713'
[2025-08-20 14:14:22] ⚠️ Row 705: Unparsable date → '823334789'
[2025-08-20 14:14:22] ⚠️ Row 706: Unparsable date → '823337202'
[2025-08-20 14:14:22] ⚠️ Row 707: Unparsable date → '823437825'
[2025-08-20 14:14:22] ⚠️ Row 708: Unparsable date → '823442666'
[2025-08-20 14:14:22] ⚠️ Row 709: Unparsable date → '823454133'
[2025-08-20 14:14:22] ⚠️ Row 710: Unparsable date → '823462434'
[2025-08-20 14:14:22] ⚠️ Row 711: Unparsable date → '823488857'
[2025-08-20 14:14:22] ⚠️ Row 712: Unparsable date → '823497797'
[2025-08-20 14:14:22] ⚠️ Row 713: Unparsable date → '823512552'
[2025-08-20 14:14:22] ⚠️ Row 714: Unparsable date → '823519601'
[2025-08-20 14:14:22] ⚠️ Row 715: Unparsable date → '823532870'
[2025-08-20 14:14:22] ⚠️ Row 716: Unparsable date → '823558689'
[2025-08-20 14:14:22] ⚠️ Row 717: Unparsable date → '823582853'
[2025-08-20 14:14:22] ⚠️ Row 718: Unparsable date → '823715119'
[2025-08-20 14:14:22] ⚠️ Row 719: Unparsable date → '823752130'
[2025-08-20 14:14:22] ⚠️ Row 720: Unparsable date → '823760712'
[2025-08-20 14:14:22] ⚠️ Row 721: Unparsable date → '823888023'
[2025-08-20 14:14:22] ⚠️ Row 722: Unparsable date → '823898145'
[2025-08-20 14:14:22] ⚠️ Row 723: Unparsable date → '823901686'
[2025-08-20 14:14:22] ⚠️ Row 724: Unparsable date → '823914750'
[2025-08-20 14:14:22] ⚠️ Row 725: Unparsable date → '823954710'
[2025-08-20 14:14:22] ⚠️ Row 726: Unparsable date → '823955585'
[2025-08-20 14:14:22] ⚠️ Row 727: Unparsable date → '823958105'
[2025-08-20 14:14:22] ⚠️ Row 728: Unparsable date → '823964958'
[2025-08-20 14:14:22] ⚠️ Row 729: Unparsable date → '823972600'
[2025-08-20 14:14:22] ⚠️ Row 730: Unparsable date → '823980005'
[2025-08-20 14:14:22] ⚠️ Row 731: Unparsable date → '823997125'
[2025-08-20 14:14:22] ⚠️ Row 732: Unparsable date → '824188171'
[2025-08-20 14:14:22] ⚠️ Row 733: Unparsable date → '824260163'
[2025-08-20 14:14:22] ⚠️ Row 734: Unparsable date → '824261432'
[2025-08-20 14:14:22] ⚠️ Row 735: Unparsable date → '828768407'
[2025-08-20 14:14:22] ⚠️ Row 736: Unparsable date → '828772063'
[2025-08-20 14:14:22] ⚠️ Row 737: Unparsable date → '828785187'
[2025-08-20 14:14:22] ⚠️ Row 738: Unparsable date → '830294620'
[2025-08-20 14:14:22] ⚠️ Row 739: Unparsable date → '830378874'
[2025-08-20 14:14:22] ⚠️ Row 740: Unparsable date → '830397327'
[2025-08-20 14:14:22] ⚠️ Row 741: Unparsable date → '830420225'
[2025-08-20 14:14:22] ⚠️ Row 742: Unparsable date → '830446565'
[2025-08-20 14:14:22] ⚠️ Row 743: Unparsable date → '830498733'
[2025-08-20 14:14:22] ⚠️ Row 744: Unparsable date → '830797593'
[2025-08-20 14:14:22] ⚠️ Row 745: Unparsable date → '830852277'
[2025-08-20 14:14:22] ⚠️ Row 746: Unparsable date → '830887236'
[2025-08-20 14:14:22] ⚠️ Row 747: Unparsable date → '835669950'
[2025-08-20 14:14:22] ⚠️ Row 748: Unparsable date → '837697759'
[2025-08-20 14:14:22] ⚠️ Row 749: Unparsable date → '837811966'
[2025-08-20 14:14:22] ⚠️ Row 750: Unparsable date → '838769089'
[2025-08-20 14:14:22] ⚠️ Row 751: Unparsable date → '839268740'
[2025-08-20 14:14:22] ⚠️ Row 752: Unparsable date → '839284978'
[2025-08-20 14:14:22] ⚠️ Row 753: Unparsable date → '839306870'
[2025-08-20 14:14:22] ⚠️ Row 754: Unparsable date → '839319185'
[2025-08-20 14:14:22] ⚠️ Row 755: Unparsable date → '840254564'
[2025-08-20 14:14:22] ⚠️ Row 756: Unparsable date → '840266929'
[2025-08-20 14:14:22] ⚠️ Row 757: Unparsable date → '840288192'
[2025-08-20 14:14:22] ⚠️ Row 758: Unparsable date → '840904486'
[2025-08-20 14:14:22] ⚠️ Row 759: Unparsable date → '847221501'
[2025-08-20 14:14:22] ⚠️ Row 760: Unparsable date → '847599499'
[2025-08-20 14:14:22] ⚠️ Row 761: Unparsable date → '850413828'
[2025-08-20 14:14:22] ⚠️ Row 762: Unparsable date → '850417013'
[2025-08-20 14:14:22] ⚠️ Row 763: Unparsable date → '850421075'
[2025-08-20 14:14:22] ⚠️ Row 764: Unparsable date → '854026466'
[2025-08-20 14:14:22] ⚠️ Row 765: Unparsable date → '856082568'
[2025-08-20 14:14:22] ⚠️ Row 766: Unparsable date → '856159689'
[2025-08-20 14:14:22] ⚠️ Row 767: Unparsable date → '856193689'
[2025-08-20 14:14:22] ⚠️ Row 768: Unparsable date → '856221486'
[2025-08-20 14:14:22] ⚠️ Row 769: Unparsable date → '856747424'
[2025-08-20 14:14:22] ⚠️ Row 770: Unparsable date → '856758529'
[2025-08-20 14:14:22] ⚠️ Row 771: Unparsable date → '856772750'
[2025-08-20 14:14:22] ⚠️ Row 772: Unparsable date → '856782302'
[2025-08-20 14:14:22] ⚠️ Row 773: Unparsable date → '856836573'
[2025-08-20 14:14:22] ⚠️ Row 774: Unparsable date → '856854530'
[2025-08-20 14:14:22] ⚠️ Row 775: Unparsable date → '856877094'
[2025-08-20 14:14:22] ⚠️ Row 776: Unparsable date → '856882819'
[2025-08-20 14:14:22] ⚠️ Row 777: Unparsable date → '856892458'
[2025-08-20 14:14:22] ⚠️ Row 778: Unparsable date → '856894746'
[2025-08-20 14:14:22] ⚠️ Row 779: Unparsable date → '857408653'
[2025-08-20 14:14:22] ⚠️ Row 780: Unparsable date → '857427352'
[2025-08-20 14:14:22] ⚠️ Row 781: Unparsable date → '857433164'
[2025-08-20 14:14:22] ⚠️ Row 782: Unparsable date → '857434087'
[2025-08-20 14:14:22] ⚠️ Row 783: Unparsable date → '857435245'
[2025-08-20 14:14:22] ⚠️ Row 784: Unparsable date → '857449491'
[2025-08-20 14:14:22] ⚠️ Row 785: Unparsable date → '857450213'
[2025-08-20 14:14:22] ⚠️ Row 786: Unparsable date → '857793909'
[2025-08-20 14:14:22] ⚠️ Row 787: Unparsable date → '859350584'
[2025-08-20 14:14:22] ⚠️ Row 788: Unparsable date → '859355205'
[2025-08-20 14:14:22] ⚠️ Row 789: Unparsable date → '859359820'
[2025-08-20 14:14:22] ⚠️ Row 790: Unparsable date → '862073961'
[2025-08-20 14:14:22] ⚠️ Row 791: Unparsable date → '862116396'
[2025-08-20 14:14:22] ⚠️ Row 792: Unparsable date → '862223868'
[2025-08-20 14:14:22] ⚠️ Row 793: Unparsable date → '862256112'
[2025-08-20 14:14:22] ⚠️ Row 794: Unparsable date → '862260909'
[2025-08-20 14:14:22] ⚠️ Row 795: Unparsable date → '862263881'
[2025-08-20 14:14:22] ⚠️ Row 796: Unparsable date → '862270999'
[2025-08-20 14:14:22] ⚠️ Row 797: Unparsable date → '862275244'
[2025-08-20 14:14:22] ⚠️ Row 798: Unparsable date → '862353322'
[2025-08-20 14:14:22] ⚠️ Row 799: Unparsable date → '862414405'
[2025-08-20 14:14:22] ⚠️ Row 800: Unparsable date → '863266283'
[2025-08-20 14:14:22] ⚠️ Row 801: Unparsable date → '864332914'
[2025-08-20 14:14:22] ⚠️ Row 802: Unparsable date → '868869521'
[2025-08-20 14:14:22] ⚠️ Row 803: Unparsable date → '869268656'
[2025-08-20 14:14:22] ⚠️ Row 804: Unparsable date → '869296002'
[2025-08-20 14:14:22] ⚠️ Row 805: Unparsable date → '869317038'
[2025-08-20 14:14:22] ⚠️ Row 806: Unparsable date → '869605973'
[2025-08-20 14:14:22] ⚠️ Row 807: Unparsable date → '871537921'
[2025-08-20 14:14:22] ⚠️ Row 808: Unparsable date → '871583608'
[2025-08-20 14:14:22] ⚠️ Row 809: Unparsable date → '871604850'
[2025-08-20 14:14:22] ⚠️ Row 810: Unparsable date → '871608327'
[2025-08-20 14:14:22] ⚠️ Row 811: Unparsable date → '872143526'
[2025-08-20 14:14:22] ⚠️ Row 812: Unparsable date → '872146338'
[2025-08-20 14:14:22] ⚠️ Row 813: Unparsable date → '872152787'
[2025-08-20 14:14:22] ⚠️ Row 814: Unparsable date → '872469773'
[2025-08-20 14:14:22] ⚠️ Row 815: Unparsable date → '872508602'
[2025-08-20 14:14:22] ⚠️ Row 816: Unparsable date → '872603374'
[2025-08-20 14:14:22] ⚠️ Row 817: Unparsable date → '872668630'
[2025-08-20 14:14:22] ⚠️ Row 818: Unparsable date → '872671771'
[2025-08-20 14:14:22] ⚠️ Row 819: Unparsable date → '872680863'
[2025-08-20 14:14:22] ⚠️ Row 820: Unparsable date → '872686900'
[2025-08-20 14:14:22] ⚠️ Row 821: Unparsable date → '872873331'
[2025-08-20 14:14:22] ⚠️ Row 822: Unparsable date → '872875088'
[2025-08-20 14:14:22] ⚠️ Row 823: Unparsable date → '872880520'
[2025-08-20 14:14:22] ⚠️ Row 824: Unparsable date → '872895401'
[2025-08-20 14:14:22] ⚠️ Row 825: Unparsable date → '872907189'
[2025-08-20 14:14:22] ⚠️ Row 826: Unparsable date → '872916536'
[2025-08-20 14:14:22] ⚠️ Row 827: Unparsable date → '872922796'
[2025-08-20 14:14:22] ⚠️ Row 828: Unparsable date → '872925751'
[2025-08-20 14:14:22] ⚠️ Row 829: Unparsable date → '873058588'
[2025-08-20 14:14:22] ⚠️ Row 830: Unparsable date → '873063703'
[2025-08-20 14:14:22] ⚠️ Row 831: Unparsable date → '873173052'
[2025-08-20 14:14:22] ⚠️ Row 832: Unparsable date → '873176261'
[2025-08-20 14:14:22] ⚠️ Row 833: Unparsable date → '873199944'
[2025-08-20 14:14:22] ⚠️ Row 834: Unparsable date → '873204415'
[2025-08-20 14:14:22] ⚠️ Row 835: Unparsable date → '873657764'
[2025-08-20 14:14:22] ⚠️ Row 836: Unparsable date → '873749251'
[2025-08-20 14:14:22] ⚠️ Row 837: Unparsable date → '873752092'
[2025-08-20 14:14:22] ⚠️ Row 838: Unparsable date → '873769230'
[2025-08-20 14:14:22] ⚠️ Row 839: Unparsable date → '873803139'
[2025-08-20 14:14:22] ⚠️ Row 840: Unparsable date → '873815598'
[2025-08-20 14:14:22] ⚠️ Row 841: Unparsable date → '873909476'
[2025-08-20 14:14:22] ⚠️ Row 842: Unparsable date → '874271896'
[2025-08-20 14:14:22] ⚠️ Row 843: Unparsable date → '874311917'
[2025-08-20 14:14:22] ⚠️ Row 844: Unparsable date → '874575389'
[2025-08-20 14:14:22] ⚠️ Row 845: Unparsable date → '875150048'
[2025-08-20 14:14:22] ⚠️ Row 846: Unparsable date → '875776966'
[2025-08-20 14:14:22] ⚠️ Row 847: Unparsable date → '875805621'
[2025-08-20 14:14:22] ⚠️ Row 848: Unparsable date → '875809464'
[2025-08-20 14:14:22] ⚠️ Row 849: Unparsable date → '875812429'
[2025-08-20 14:14:22] ⚠️ Row 850: Unparsable date → '876205793'
[2025-08-20 14:14:22] ⚠️ Row 851: Unparsable date → '876257942'
[2025-08-20 14:14:22] ⚠️ Row 852: Unparsable date → '876335466'
[2025-08-20 14:14:22] ⚠️ Row 853: Unparsable date → '876339395'
[2025-08-20 14:14:22] ⚠️ Row 854: Unparsable date → '876343162'
[2025-08-20 14:14:22] ⚠️ Row 855: Unparsable date → '876360028'
[2025-08-20 14:14:22] ⚠️ Row 856: Unparsable date → '876363632'
[2025-08-20 14:14:22] ⚠️ Row 857: Unparsable date → '876376098'
[2025-08-20 14:14:22] ⚠️ Row 858: Unparsable date → '876379199'
[2025-08-20 14:14:22] ⚠️ Row 859: Unparsable date → '876917280'
[2025-08-20 14:14:22] ⚠️ Row 860: Unparsable date → '878958740'
[2025-08-20 14:14:22] ⚠️ Row 861: Unparsable date → '880275115'
[2025-08-20 14:14:22] ⚠️ Row 862: Unparsable date → '880362015'
[2025-08-20 14:14:22] ⚠️ Row 863: Unparsable date → '880451567'
[2025-08-20 14:14:22] ⚠️ Row 864: Unparsable date → '880902481'
[2025-08-20 14:14:22] ⚠️ Row 865: Unparsable date → '880932378'
[2025-08-20 14:14:22] ⚠️ Row 866: Unparsable date → '880965638'
[2025-08-20 14:14:22] ⚠️ Row 867: Unparsable date → '880999619'
[2025-08-20 14:14:22] ⚠️ Row 868: Unparsable date → '880999917'
[2025-08-20 14:14:22] ⚠️ Row 869: Unparsable date → '881075388'
[2025-08-20 14:14:22] ⚠️ Row 870: Unparsable date → '881075666'
[2025-08-20 14:14:22] ⚠️ Row 871: Unparsable date → '881075876'
[2025-08-20 14:14:22] ⚠️ Row 872: Unparsable date → '881241535'
[2025-08-20 14:14:22] ⚠️ Row 873: Unparsable date → '881241629'
[2025-08-20 14:14:22] ⚠️ Row 874: Unparsable date → '881917943'
[2025-08-20 14:14:22] ⚠️ Row 875: Unparsable date → '881965177'
[2025-08-20 14:14:22] ⚠️ Row 876: Unparsable date → '882934304'
[2025-08-20 14:14:22] ⚠️ Row 877: Unparsable date → '884645811'
[2025-08-20 14:14:22] ⚠️ Row 878: Unparsable date → '884671942'
[2025-08-20 14:14:22] ⚠️ Row 879: Unparsable date → '884681143'
[2025-08-20 14:14:22] ⚠️ Row 880: Unparsable date → '884689144'
[2025-08-20 14:14:22] ⚠️ Row 881: Unparsable date → '885173965'
[2025-08-20 14:14:22] ⚠️ Row 882: Unparsable date → '885291780'
[2025-08-20 14:14:22] ⚠️ Row 883: Unparsable date → '885754935'
[2025-08-20 14:14:22] ⚠️ Row 884: Unparsable date → '885773505'
[2025-08-20 14:14:22] ⚠️ Row 885: Unparsable date → '885879389'
[2025-08-20 14:14:22] ⚠️ Row 886: Unparsable date → '885879394'
[2025-08-20 14:14:22] ⚠️ Row 887: Unparsable date → '886468722'
[2025-08-20 14:14:22] ⚠️ Row 888: Unparsable date → '886477681'
[2025-08-20 14:14:22] ⚠️ Row 889: Unparsable date → '886479498'
[2025-08-20 14:14:22] ⚠️ Row 890: Unparsable date → '886514527'
[2025-08-20 14:14:22] ⚠️ Row 891: Unparsable date → '886522818'
[2025-08-20 14:14:22] ⚠️ Row 892: Unparsable date → '886665938'
[2025-08-20 14:14:22] ⚠️ Row 893: Unparsable date → '886673106'
[2025-08-20 14:14:22] ⚠️ Row 894: Unparsable date → '886680643'
[2025-08-20 14:14:22] ⚠️ Row 895: Unparsable date → '886800248'
[2025-08-20 14:14:22] ⚠️ Row 896: Unparsable date → '886859837'
[2025-08-20 14:14:22] ⚠️ Row 897: Unparsable date → '887050204'
[2025-08-20 14:14:22] ⚠️ Row 898: Unparsable date → '887334786'
[2025-08-20 14:14:22] ⚠️ Row 899: Unparsable date → '887397608'
[2025-08-20 14:14:22] ⚠️ Row 900: Unparsable date → '887399619'
[2025-08-20 14:14:22] ⚠️ Row 901: Unparsable date → '887449072'
[2025-08-20 14:14:22] ⚠️ Row 902: Unparsable date → '887460533'
[2025-08-20 14:14:22] ⚠️ Row 903: Unparsable date → '887573239'
[2025-08-20 14:14:22] ⚠️ Row 904: Unparsable date → '887746982'
[2025-08-20 14:14:22] ⚠️ Row 905: Unparsable date → '887756531'
[2025-08-20 14:14:22] ⚠️ Row 906: Unparsable date → '887762871'
[2025-08-20 14:14:22] ⚠️ Row 907: Unparsable date → '887783969'
[2025-08-20 14:14:22] ⚠️ Row 908: Unparsable date → '887785810'
[2025-08-20 14:14:22] ⚠️ Row 909: Unparsable date → '887799649'
[2025-08-20 14:14:22] ⚠️ Row 910: Unparsable date → '888127782'
[2025-08-20 14:14:22] ⚠️ Row 911: Unparsable date → '888146392'
[2025-08-20 14:14:22] ⚠️ Row 912: Unparsable date → '888169913'
[2025-08-20 14:14:22] ⚠️ Row 913: Unparsable date → '888171613'
[2025-08-20 14:14:22] ⚠️ Row 914: Unparsable date → '888233224'
[2025-08-20 14:14:22] ⚠️ Row 915: Unparsable date → '888235020'
[2025-08-20 14:14:22] ⚠️ Row 916: Unparsable date → '888240233'
[2025-08-20 14:14:22] ⚠️ Row 917: Unparsable date → '888257094'
[2025-08-20 14:14:22] ⚠️ Row 918: Unparsable date → '888267778'
[2025-08-20 14:14:22] ⚠️ Row 919: Unparsable date → '888274820'
[2025-08-20 14:14:22] ⚠️ Row 920: Unparsable date → '888993870'
[2025-08-20 14:14:22] ⚠️ Row 921: Unparsable date → '889010370'
[2025-08-20 14:14:22] ⚠️ Row 922: Unparsable date → '889014396'
[2025-08-20 14:14:22] ⚠️ Row 923: Unparsable date → '889153377'
[2025-08-20 14:14:22] ⚠️ Row 924: Unparsable date → '889172377'
[2025-08-20 14:14:22] ⚠️ Row 925: Unparsable date → '889970542'
[2025-08-20 14:14:22] ⚠️ Row 926: Unparsable date → '890002401'
[2025-08-20 14:14:22] ⚠️ Row 927: Unparsable date → '890050417'
[2025-08-20 14:14:22] ⚠️ Row 928: Unparsable date → '890056472'
[2025-08-20 14:14:22] ⚠️ Row 929: Unparsable date → '890266625'
[2025-08-20 14:14:22] ⚠️ Row 930: Unparsable date → '890282458'
[2025-08-20 14:14:22] ⚠️ Row 931: Unparsable date → '890368486'
[2025-08-20 14:14:22] ⚠️ Row 932: Unparsable date → '890498392'
[2025-08-20 14:14:22] ⚠️ Row 933: Unparsable date → '890697887'
[2025-08-20 14:14:22] ⚠️ Row 934: Unparsable date → '890711311'
[2025-08-20 14:14:22] ⚠️ Row 935: Unparsable date → '890720801'
[2025-08-20 14:14:22] ⚠️ Row 936: Unparsable date → '890739528'
[2025-08-20 14:14:22] ⚠️ Row 937: Unparsable date → '890753526'
[2025-08-20 14:14:22] ⚠️ Row 938: Unparsable date → '890765203'
[2025-08-20 14:14:22] ⚠️ Row 939: Unparsable date → '890781791'
[2025-08-20 14:14:22] ⚠️ Row 940: Unparsable date → '890798712'
[2025-08-20 14:14:22] ⚠️ Row 941: Unparsable date → '890800110'
[2025-08-20 14:14:22] ⚠️ Row 942: Unparsable date → '890879558'
[2025-08-20 14:14:22] ⚠️ Row 943: Unparsable date → '890907749'
[2025-08-20 14:14:22] ⚠️ Row 944: Unparsable date → '891299026'
[2025-08-20 14:14:22] ⚠️ Row 945: Unparsable date → '891322928'
[2025-08-20 14:14:22] ⚠️ Row 946: Unparsable date → '891335988'
[2025-08-20 14:14:22] ⚠️ Row 947: Unparsable date → '891558929'
[2025-08-20 14:14:22] ⚠️ Row 948: Unparsable date → '891906081'
[2025-08-20 14:14:22] ⚠️ Row 949: Unparsable date → '892062722'
[2025-08-20 14:14:22] ⚠️ Row 950: Unparsable date → '892237031'
[2025-08-20 14:14:22] ⚠️ Row 951: Unparsable date → '892258868'
[2025-08-20 14:14:22] ⚠️ Row 952: Unparsable date → '892329597'
[2025-08-20 14:14:22] ⚠️ Row 953: Unparsable date → '892352484'
[2025-08-20 14:14:22] ⚠️ Row 954: Unparsable date → '892422336'
[2025-08-20 14:14:22] ⚠️ Row 955: Unparsable date → '892468327'
[2025-08-20 14:14:22] ⚠️ Row 956: Unparsable date → '892468348'
[2025-08-20 14:14:22] ⚠️ Row 957: Unparsable date → '892472052'
[2025-08-20 14:14:22] ⚠️ Row 958: Unparsable date → '893220152'
[2025-08-20 14:14:22] ⚠️ Row 959: Unparsable date → '894718157'
[2025-08-20 14:14:22] ⚠️ Row 960: Unparsable date → '895142676'
[2025-08-20 14:14:22] ⚠️ Row 961: Unparsable date → '895181486'
[2025-08-20 14:14:22] ⚠️ Row 962: Unparsable date → '895567220'
[2025-08-20 14:14:22] ⚠️ Row 963: Unparsable date → '896096370'
[2025-08-20 14:14:22] ⚠️ Row 964: Unparsable date → '896211014'
[2025-08-20 14:14:23] ⚠️ Row 965: Unparsable date → '896243218'
[2025-08-20 14:14:23] ⚠️ Row 966: Unparsable date → '896525594'
[2025-08-20 14:14:23] ⚠️ Row 967: Unparsable date → '896560557'
[2025-08-20 14:14:23] ⚠️ Row 968: Unparsable date → '896575955'
[2025-08-20 14:14:23] ⚠️ Row 969: Unparsable date → '896582682'
[2025-08-20 14:14:23] ⚠️ Row 970: Unparsable date → '896605300'
[2025-08-20 14:14:23] ⚠️ Row 971: Unparsable date → '896996600'
[2025-08-20 14:14:23] ⚠️ Row 972: Unparsable date → '896999705'
[2025-08-20 14:14:23] ⚠️ Row 973: Unparsable date → '897001428'
[2025-08-20 14:14:23] ⚠️ Row 974: Unparsable date → '897005040'
[2025-08-20 14:14:23] ⚠️ Row 975: Unparsable date → '897012423'
[2025-08-20 14:14:23] ⚠️ Row 976: Unparsable date → '897014952'
[2025-08-20 14:14:23] ⚠️ Row 977: Unparsable date → '897152090'
[2025-08-20 14:14:23] ⚠️ Row 978: Unparsable date → '897229508'
[2025-08-20 14:14:23] ⚠️ Row 979: Unparsable date → '897260387'
[2025-08-20 14:14:23] ⚠️ Row 980: Unparsable date → '897276892'
[2025-08-20 14:14:23] ⚠️ Row 981: Unparsable date → '897290764'
[2025-08-20 14:14:23] ⚠️ Row 982: Unparsable date → '897291651'
[2025-08-20 14:14:23] ⚠️ Row 983: Unparsable date → '897293671'
[2025-08-20 14:14:23] ⚠️ Row 984: Unparsable date → '898056830'
[2025-08-20 14:14:23] ⚠️ Row 985: Unparsable date → '898059813'
[2025-08-20 14:14:23] ⚠️ Row 986: Unparsable date → '898065577'
[2025-08-20 14:14:23] ⚠️ Row 987: Unparsable date → '898081183'
[2025-08-20 14:14:23] ⚠️ Row 988: Unparsable date → '898107444'
[2025-08-20 14:14:23] ⚠️ Row 989: Unparsable date → '898109738'
[2025-08-20 14:14:23] ⚠️ Row 990: Unparsable date → '898110556'
[2025-08-20 14:14:23] ⚠️ Row 991: Unparsable date → '898143688'
[2025-08-20 14:14:23] ⚠️ Row 992: Unparsable date → '898149956'
[2025-08-20 14:14:23] ⚠️ Row 993: Unparsable date → '898157196'
[2025-08-20 14:14:23] ⚠️ Row 994: Unparsable date → '898173890'
[2025-08-20 14:14:23] ⚠️ Row 995: Unparsable date → '898185010'
[2025-08-20 14:14:23] ⚠️ Row 996: Unparsable date → '898609274'
[2025-08-20 14:14:23] ⚠️ Row 997: Unparsable date → '898692466'
[2025-08-20 14:14:23] ⚠️ Row 998: Unparsable date → '898772768'
[2025-08-20 14:14:23] ⚠️ Row 999: Unparsable date → '898889779'
[2025-08-20 14:14:23] ⚠️ Row 1000: Unparsable date → '898898435'
[2025-08-20 14:14:23] ⚠️ Row 1001: Unparsable date → '898900585'
[2025-08-20 14:14:23] ⚠️ Row 1002: Unparsable date → '898912716'
[2025-08-20 14:14:23] ⚠️ Row 1003: Unparsable date → '898914100'
[2025-08-20 14:14:23] ⚠️ Row 1004: Unparsable date → '898927837'
[2025-08-20 14:14:23] ⚠️ Row 1005: Unparsable date → '899153005'
[2025-08-20 14:14:23] ⚠️ Row 1006: Unparsable date → '899153251'
[2025-08-20 14:14:23] ⚠️ Row 1007: Unparsable date → '899178200'
[2025-08-20 14:14:23] ⚠️ Row 1008: Unparsable date → '900919019'
[2025-08-20 14:14:23] ⚠️ Row 1009: Unparsable date → '900945878'
[2025-08-20 14:14:23] ⚠️ Row 1010: Unparsable date → '901007973'
[2025-08-20 14:14:23] ⚠️ Row 1011: Unparsable date → '901023200'
[2025-08-20 14:14:23] ⚠️ Row 1012: Unparsable date → '901024650'
[2025-08-20 14:14:23] ⚠️ Row 1013: Unparsable date → '901039284'
[2025-08-20 14:14:23] ⚠️ Row 1014: Unparsable date → '901370359'
[2025-08-20 14:14:23] ⚠️ Row 1015: Unparsable date → '901555637'
[2025-08-20 14:14:23] ⚠️ Row 1016: Unparsable date → '901555717'
[2025-08-20 14:14:23] ⚠️ Row 1017: Unparsable date → '901587661'
[2025-08-20 14:14:23] ⚠️ Row 1018: Unparsable date → '901992315'
[2025-08-20 14:14:23] ⚠️ Row 1019: Unparsable date → '902076639'
[2025-08-20 14:14:23] ⚠️ Row 1020: Unparsable date → '902507174'
[2025-08-20 14:14:23] ⚠️ Row 1021: Unparsable date → '902620437'
[2025-08-20 14:14:23] ⚠️ Row 1022: Unparsable date → '903485125'
[2025-08-20 14:14:23] ⚠️ Row 1023: Unparsable date → '904063968'
[2025-08-20 14:14:23] ⚠️ Row 1024: Unparsable date → '904079616'
[2025-08-20 14:14:23] ⚠️ Row 1025: Unparsable date → '904088042'
[2025-08-20 14:14:23] ⚠️ Row 1026: Unparsable date → '904110189'
[2025-08-20 14:14:23] ⚠️ Row 1027: Unparsable date → '904111934'
[2025-08-20 14:14:23] ⚠️ Row 1028: Unparsable date → '904201389'
[2025-08-20 14:14:23] ⚠️ Row 1029: Unparsable date → '904854905'
[2025-08-20 14:14:23] ⚠️ Row 1030: Unparsable date → '904874005'
[2025-08-20 14:14:23] ⚠️ Row 1031: Unparsable date → '904880071'
[2025-08-20 14:14:23] ⚠️ Row 1032: Unparsable date → '904918537'
[2025-08-20 14:14:23] ⚠️ Row 1033: Unparsable date → '905000651'
[2025-08-20 14:14:23] ⚠️ Row 1034: Unparsable date → '905452685'
[2025-08-20 14:14:23] ⚠️ Row 1035: Unparsable date → '905493914'
[2025-08-20 14:14:23] ⚠️ Row 1036: Unparsable date → '905507067'
[2025-08-20 14:14:23] ⚠️ Row 1037: Unparsable date → '905571336'
[2025-08-20 14:14:23] ⚠️ Row 1038: Unparsable date → '905809752'
[2025-08-20 14:14:23] ⚠️ Row 1039: Unparsable date → '905825433'
[2025-08-20 14:14:23] ⚠️ Row 1040: Unparsable date → '905825863'
[2025-08-20 14:14:23] ⚠️ Row 1041: Unparsable date → '905830324'
[2025-08-20 14:14:23] ⚠️ Row 1042: Unparsable date → '905847119'
[2025-08-20 14:14:23] ⚠️ Row 1043: Unparsable date → '905847492'
[2025-08-20 14:14:23] ⚠️ Row 1044: Unparsable date → '905891889'
[2025-08-20 14:14:23] ⚠️ Row 1045: Unparsable date → '905891911'
[2025-08-20 14:14:23] ⚠️ Row 1046: Unparsable date → '906305618'
[2025-08-20 14:14:23] ⚠️ Row 1047: Unparsable date → '906343051'
[2025-08-20 14:14:23] ⚠️ Row 1048: Unparsable date → '906944161'
[2025-08-20 14:14:23] ⚠️ Row 1049: Unparsable date → '907032681'
[2025-08-20 14:14:23] ⚠️ Row 1050: Unparsable date → '907246941'
[2025-08-20 14:14:23] ⚠️ Row 1051: Unparsable date → '907261675'
[2025-08-20 14:14:23] ⚠️ Row 1052: Unparsable date → '907276129'
[2025-08-20 14:14:23] ⚠️ Row 1053: Unparsable date → '907316257'
[2025-08-20 14:14:23] ⚠️ Row 1054: Unparsable date → '907394241'
[2025-08-20 14:14:23] ⚠️ Row 1055: Unparsable date → '907426289'
[2025-08-20 14:14:23] ⚠️ Row 1056: Unparsable date → '907462656'
[2025-08-20 14:14:23] ⚠️ Row 1057: Unparsable date → '907477824'
[2025-08-20 14:14:23] ⚠️ Row 1058: Unparsable date → '907487941'
[2025-08-20 14:14:23] ⚠️ Row 1059: Unparsable date → '907492404'
[2025-08-20 14:14:23] ⚠️ Row 1060: Unparsable date → '907493497'
[2025-08-20 14:14:23] ⚠️ Row 1061: Unparsable date → '907682645'
[2025-08-20 14:14:23] ⚠️ Row 1062: Unparsable date → '907700965'
[2025-08-20 14:14:23] ⚠️ Row 1063: Unparsable date → '907735391'
[2025-08-20 14:14:23] ⚠️ Row 1064: Unparsable date → '907768538'
[2025-08-20 14:14:23] ⚠️ Row 1065: Unparsable date → '907774701'
[2025-08-20 14:14:23] ⚠️ Row 1066: Unparsable date → '907778413'
[2025-08-20 14:14:23] ⚠️ Row 1067: Unparsable date → '907793992'
[2025-08-20 14:14:23] ⚠️ Row 1068: Unparsable date → '907839069'
[2025-08-20 14:14:23] ⚠️ Row 1069: Unparsable date → '907850720'
[2025-08-20 14:14:23] ⚠️ Row 1070: Unparsable date → '907862578'
[2025-08-20 14:14:23] ⚠️ Row 1071: Unparsable date → '908199037'
[2025-08-20 14:14:23] ⚠️ Row 1072: Unparsable date → '908263977'
[2025-08-20 14:14:23] ⚠️ Row 1073: Unparsable date → '908296496'
[2025-08-20 14:14:23] ⚠️ Row 1074: Unparsable date → '908350831'
[2025-08-20 14:14:23] ⚠️ Row 1075: Unparsable date → '908404740'
[2025-08-20 14:14:23] ⚠️ Row 1076: Unparsable date → '908931740'
[2025-08-20 14:14:23] ⚠️ Row 1077: Unparsable date → '909358474'
[2025-08-20 14:14:23] ⚠️ Row 1078: Unparsable date → '909427227'
[2025-08-20 14:14:23] ⚠️ Row 1079: Unparsable date → '909444397'
[2025-08-20 14:14:23] ⚠️ Row 1080: Unparsable date → '909465687'
[2025-08-20 14:14:23] ⚠️ Row 1081: Unparsable date → '909494331'
[2025-08-20 14:14:23] ⚠️ Row 1082: Unparsable date → '909811517'
[2025-08-20 14:14:23] ⚠️ Row 1083: Unparsable date → '909817336'
[2025-08-20 14:14:23] ⚠️ Row 1084: Unparsable date → '909880079'
[2025-08-20 14:14:23] ⚠️ Row 1085: Unparsable date → '910021095'
[2025-08-20 14:14:23] ⚠️ Row 1086: Unparsable date → '910039134'
[2025-08-20 14:14:23] ⚠️ Row 1087: Unparsable date → '910039897'
[2025-08-20 14:14:23] ⚠️ Row 1088: Unparsable date → '910049276'
[2025-08-20 14:14:23] ⚠️ Row 1089: Unparsable date → '910053452'
[2025-08-20 14:14:23] ⚠️ Row 1090: Unparsable date → '910053564'
[2025-08-20 14:14:23] ⚠️ Row 1091: Unparsable date → '910147802'
[2025-08-20 14:14:23] ⚠️ Row 1092: Unparsable date → '910148144'
[2025-08-20 14:14:23] ⚠️ Row 1093: Unparsable date → '910155623'
[2025-08-20 14:14:23] ⚠️ Row 1094: Unparsable date → '910324891'
[2025-08-20 14:14:23] ⚠️ Row 1095: Unparsable date → '910416076'
[2025-08-20 14:14:23] ⚠️ Row 1096: Unparsable date → '910791459'
[2025-08-20 14:14:23] ⚠️ Row 1097: Unparsable date → '910816356'
[2025-08-20 14:14:23] ⚠️ Row 1098: Unparsable date → '911785506'
[2025-08-20 14:14:23] ⚠️ Row 1099: Unparsable date → '911834213'
[2025-08-20 14:14:23] ⚠️ Row 1100: Unparsable date → '912352780'
[2025-08-20 14:14:23] ⚠️ Row 1101: Unparsable date → '912782894'
[2025-08-20 14:14:23] ⚠️ Row 1102: Unparsable date → '912783027'
[2025-08-20 14:14:23] ⚠️ Row 1103: Unparsable date → '914138010'
[2025-08-20 14:14:23] ⚠️ Row 1104: Unparsable date → '914144763'
[2025-08-20 14:14:23] ⚠️ Row 1105: Unparsable date → '914210705'
[2025-08-20 14:14:23] ⚠️ Row 1106: Unparsable date → '914220361'
[2025-08-20 14:14:23] ⚠️ Row 1107: Unparsable date → '914227963'
[2025-08-20 14:14:23] ⚠️ Row 1108: Unparsable date → '914234491'
[2025-08-20 14:14:23] ⚠️ Row 1109: Unparsable date → '914236832'
[2025-08-20 14:14:23] ⚠️ Row 1110: Unparsable date → '914239840'
[2025-08-20 14:14:23] ⚠️ Row 1111: Unparsable date → '914253918'
[2025-08-20 14:14:23] ⚠️ Row 1112: Unparsable date → '914259336'
[2025-08-20 14:14:23] ⚠️ Row 1113: Unparsable date → '914449932'
[2025-08-20 14:14:23] ⚠️ Row 1114: Unparsable date → '914451161'
[2025-08-20 14:14:23] ⚠️ Row 1115: Unparsable date → '914485429'
[2025-08-20 14:14:23] ⚠️ Row 1116: Unparsable date → '915471304'
[2025-08-20 14:14:23] ⚠️ Row 1117: Unparsable date → '915647822'
[2025-08-20 14:14:23] ⚠️ Row 1118: Unparsable date → '915774212'
[2025-08-20 14:14:23] ⚠️ Row 1119: Unparsable date → '916006833'
[2025-08-20 14:14:23] ⚠️ Row 1120: Unparsable date → '916701061'
[2025-08-20 14:14:23] ⚠️ Row 1121: Unparsable date → '916825377'
[2025-08-20 14:14:23] ⚠️ Row 1122: Unparsable date → '916829086'
[2025-08-20 14:14:23] ⚠️ Row 1123: Unparsable date → '916862384'
[2025-08-20 14:14:23] ⚠️ Row 1124: Unparsable date → '916866014'
[2025-08-20 14:14:23] ⚠️ Row 1125: Unparsable date → '916882284'
[2025-08-20 14:14:23] ⚠️ Row 1126: Unparsable date → '917393235'
[2025-08-20 14:14:23] ⚠️ Row 1127: Unparsable date → '917404834'
[2025-08-20 14:14:23] ⚠️ Row 1128: Unparsable date → '917457218'
[2025-08-20 14:14:23] ⚠️ Row 1129: Unparsable date → '918181918'
[2025-08-20 14:14:23] ⚠️ Row 1130: Unparsable date → '918875287'
[2025-08-20 14:14:23] ⚠️ Row 1131: Unparsable date → '920387449'
[2025-08-20 14:14:23] ⚠️ Row 1132: Unparsable date → '920414331'
[2025-08-20 14:14:23] ⚠️ Row 1133: Unparsable date → '920911123'
[2025-08-20 14:14:23] ⚠️ Row 1134: Unparsable date → '920929298'
[2025-08-20 14:14:23] ⚠️ Row 1135: Unparsable date → '921224743'
[2025-08-20 14:14:23] ⚠️ Row 1136: Unparsable date → '921247872'
[2025-08-20 14:14:23] ⚠️ Row 1137: Unparsable date → '922059667'
[2025-08-20 14:14:23] ⚠️ Row 1138: Unparsable date → '926022012'
[2025-08-20 14:14:23] ⚠️ Row 1139: Unparsable date → '926478814'
[2025-08-20 14:14:23] ⚠️ Row 1140: Unparsable date → '926495519'
[2025-08-20 14:14:23] ⚠️ Row 1141: Unparsable date → '926586298'
[2025-08-20 14:14:23] ⚠️ Row 1142: Unparsable date → '926592946'
[2025-08-20 14:14:23] ⚠️ Row 1143: Unparsable date → '928901555'
[2025-08-20 14:14:23] ⚠️ Row 1144: Unparsable date → '928943896'
[2025-08-20 14:14:23] ⚠️ Row 1145: Unparsable date → '930223679'
[2025-08-20 14:14:23] ⚠️ Row 1146: Unparsable date → '930251126'
[2025-08-20 14:14:23] ⚠️ Row 1147: Unparsable date → '930332305'
[2025-08-20 14:14:23] ⚠️ Row 1148: Unparsable date → '930348335'
[2025-08-20 14:14:23] ⚠️ Row 1149: Unparsable date → '930439825'
[2025-08-20 14:14:23] ⚠️ Row 1150: Unparsable date → '931253257'
[2025-08-20 14:14:23] ⚠️ Row 1151: Unparsable date → '931361630'
[2025-08-20 14:14:23] ⚠️ Row 1152: Unparsable date → '931387773'
[2025-08-20 14:14:23] ⚠️ Row 1153: Unparsable date → '931520193'
[2025-08-20 14:14:23] ⚠️ Row 1154: Unparsable date → '931520423'
[2025-08-20 14:14:23] ⚠️ Row 1155: Unparsable date → '931522021'
[2025-08-20 14:14:23] ⚠️ Row 1156: Unparsable date → '931524130'
[2025-08-20 14:14:23] ⚠️ Row 1157: Unparsable date → '931525830'
[2025-08-20 14:14:23] ⚠️ Row 1158: Unparsable date → '931527770'
[2025-08-20 14:14:23] ⚠️ Row 1159: Unparsable date → '931535034'
[2025-08-20 14:14:23] ⚠️ Row 1160: Unparsable date → '931847295'
[2025-08-20 14:14:23] ⚠️ Row 1161: Unparsable date → '931848690'
[2025-08-20 14:14:23] ⚠️ Row 1162: Unparsable date → '931875871'
[2025-08-20 14:14:23] ⚠️ Row 1163: Unparsable date → '931878374'
[2025-08-20 14:14:23] ⚠️ Row 1164: Unparsable date → '931882939'
[2025-08-20 14:14:23] ⚠️ Row 1165: Unparsable date → '932367719'
[2025-08-20 14:14:23] ⚠️ Row 1166: Unparsable date → '932376021'
[2025-08-20 14:14:23] ⚠️ Row 1167: Unparsable date → '932467982'
[2025-08-20 14:14:23] ⚠️ Row 1168: Unparsable date → '932474997'
[2025-08-20 14:14:23] ⚠️ Row 1169: Unparsable date → '932561987'
[2025-08-20 14:14:23] ⚠️ Row 1170: Unparsable date → '932713198'
[2025-08-20 14:14:23] ⚠️ Row 1171: Unparsable date → '932729817'
[2025-08-20 14:14:23] ⚠️ Row 1172: Unparsable date → '932758340'
[2025-08-20 14:14:23] ⚠️ Row 1173: Unparsable date → '932758929'
[2025-08-20 14:14:23] ⚠️ Row 1174: Unparsable date → '932758944'
[2025-08-20 14:14:23] ⚠️ Row 1175: Unparsable date → '933089771'
[2025-08-20 14:14:23] ⚠️ Row 1176: Unparsable date → '933236769'
[2025-08-20 14:14:23] ⚠️ Row 1177: Unparsable date → '933549489'
[2025-08-20 14:14:23] ⚠️ Row 1178: Unparsable date → '933558049'
[2025-08-20 14:14:23] ⚠️ Row 1179: Unparsable date → '933615815'
[2025-08-20 14:14:23] ⚠️ Row 1180: Unparsable date → '934362922'
[2025-08-20 14:14:23] ⚠️ Row 1181: Unparsable date → '934381388'
[2025-08-20 14:14:23] ⚠️ Row 1182: Unparsable date → '934429328'
[2025-08-20 14:14:23] ⚠️ Row 1183: Unparsable date → '934482784'
[2025-08-20 14:14:23] ⚠️ Row 1184: Unparsable date → '934515715'
[2025-08-20 14:14:23] ⚠️ Row 1185: Unparsable date → '934516720'
[2025-08-20 14:14:23] ⚠️ Row 1186: Unparsable date → '934518525'
[2025-08-20 14:14:23] ⚠️ Row 1187: Unparsable date → '934524594'
[2025-08-20 14:14:23] ⚠️ Row 1188: Unparsable date → '934543639'
[2025-08-20 14:14:23] ⚠️ Row 1189: Unparsable date → '934546972'
[2025-08-20 14:14:23] ⚠️ Row 1190: Unparsable date → '934557767'
[2025-08-20 14:14:23] ⚠️ Row 1191: Unparsable date → '934657024'
[2025-08-20 14:14:23] ⚠️ Row 1192: Unparsable date → '934764527'
[2025-08-20 14:14:23] ⚠️ Row 1193: Unparsable date → '934823767'
[2025-08-20 14:14:23] ⚠️ Row 1194: Unparsable date → '937459779'
[2025-08-20 14:14:23] ⚠️ Row 1195: Unparsable date → '937861003'
[2025-08-20 14:14:23] ⚠️ Row 1196: Unparsable date → '937928803'
[2025-08-20 14:14:23] ⚠️ Row 1197: Unparsable date → '937981350'
[2025-08-20 14:14:23] ⚠️ Row 1198: Unparsable date → '937985943'
[2025-08-20 14:14:23] ⚠️ Row 1199: Unparsable date → '939532432'
[2025-08-20 14:14:23] ⚠️ Row 1200: Unparsable date → '939853142'
[2025-08-20 14:14:23] ⚠️ Row 1201: Unparsable date → '940377065'
[2025-08-20 14:14:23] ⚠️ Row 1202: Unparsable date → '940385777'
[2025-08-20 14:14:23] ⚠️ Row 1203: Unparsable date → '940399844'
[2025-08-20 14:14:23] ⚠️ Row 1204: Unparsable date → '940403480'
[2025-08-20 14:14:23] ⚠️ Row 1205: Unparsable date → '940415447'
[2025-08-20 14:14:23] ⚠️ Row 1206: Unparsable date → '940437364'
[2025-08-20 14:14:23] ⚠️ Row 1207: Unparsable date → '940574658'
[2025-08-20 14:14:23] ⚠️ Row 1208: Unparsable date → '940581292'
[2025-08-20 14:14:23] ⚠️ Row 1209: Unparsable date → '941411212'
[2025-08-20 14:14:23] ⚠️ Row 1210: Unparsable date → '941473865'
[2025-08-20 14:14:23] ⚠️ Row 1211: Unparsable date → '941475467'
[2025-08-20 14:14:23] ⚠️ Row 1212: Unparsable date → '941563344'
[2025-08-20 14:14:23] ⚠️ Row 1213: Unparsable date → '941717372'
[2025-08-20 14:14:23] ⚠️ Row 1214: Unparsable date → '941899551'
[2025-08-20 14:14:23] ⚠️ Row 1215: Unparsable date → '943609411'
[2025-08-20 14:14:23] ⚠️ Row 1216: Unparsable date → '945039769'
[2025-08-20 14:14:23] ⚠️ Row 1217: Unparsable date → '946849279'
[2025-08-20 14:14:23] ⚠️ Row 1218: Unparsable date → '946849628'
[2025-08-20 14:14:23] ⚠️ Row 1219: Unparsable date → '947215621'
[2025-08-20 14:14:23] ⚠️ Row 1220: Unparsable date → '949065173'
[2025-08-20 14:14:23] ⚠️ Row 1221: Unparsable date → '949426409'
[2025-08-20 14:14:23] ⚠️ Row 1222: Unparsable date → '949472359'
[2025-08-20 14:14:23] ⚠️ Row 1223: Unparsable date → '949833365'
[2025-08-20 14:14:23] ⚠️ Row 1224: Unparsable date → '950907364'
[2025-08-20 14:14:23] ⚠️ Row 1225: Unparsable date → '951016793'
[2025-08-20 14:14:23] ⚠️ Row 1226: Unparsable date → '951016820'
[2025-08-20 14:14:23] ⚠️ Row 1227: Unparsable date → '951086733'
[2025-08-20 14:14:23] ⚠️ Row 1228: Unparsable date → '951253564'
[2025-08-20 14:14:23] ⚠️ Row 1229: Unparsable date → '951452791'
[2025-08-20 14:14:23] ⚠️ Row 1230: Unparsable date → '951516726'
[2025-08-20 14:14:23] ⚠️ Row 1231: Unparsable date → '951609072'
[2025-08-20 14:14:23] ⚠️ Row 1232: Unparsable date → '951805742'
[2025-08-20 14:14:23] ⚠️ Row 1233: Unparsable date → '951917287'
[2025-08-20 14:14:23] ⚠️ Row 1234: Unparsable date → '952148624'
[2025-08-20 14:14:23] ⚠️ Row 1235: Unparsable date → '952180504'
[2025-08-20 14:14:23] ⚠️ Row 1236: Unparsable date → '952542141'
[2025-08-20 14:14:23] ⚠️ Row 1237: Unparsable date → '952577194'
[2025-08-20 14:14:23] ⚠️ Row 1238: Unparsable date → '952837429'
[2025-08-20 14:14:23] ⚠️ Row 1239: Unparsable date → '952842094'
[2025-08-20 14:14:23] ⚠️ Row 1240: Unparsable date → '952851566'
[2025-08-20 14:14:23] ⚠️ Row 1241: Unparsable date → '952877268'
[2025-08-20 14:14:23] ⚠️ Row 1242: Unparsable date → '953499960'
[2025-08-20 14:14:23] ⚠️ Row 1243: Unparsable date → '953530454'
[2025-08-20 14:14:23] ⚠️ Row 1244: Unparsable date → '953562962'
[2025-08-20 14:14:23] ⚠️ Row 1245: Unparsable date → '953604199'
[2025-08-20 14:14:23] ⚠️ Row 1246: Unparsable date → '953772019'
[2025-08-20 14:14:23] ⚠️ Row 1247: Unparsable date → '953944803'
[2025-08-20 14:14:23] ⚠️ Row 1248: Unparsable date → '954148280'
[2025-08-20 14:14:23] ⚠️ Row 1249: Unparsable date → '954161267'
[2025-08-20 14:14:23] ⚠️ Row 1250: Unparsable date → '954165068'
[2025-08-20 14:14:23] ⚠️ Row 1251: Unparsable date → '955361418'
[2025-08-20 14:14:23] ⚠️ Row 1252: Unparsable date → '955361611'
[2025-08-20 14:14:23] ⚠️ Row 1253: Unparsable date → '955379355'
[2025-08-20 14:14:23] ⚠️ Row 1254: Unparsable date → '955380276'
[2025-08-20 14:14:23] ⚠️ Row 1255: Unparsable date → '955409489'
[2025-08-20 14:14:23] ⚠️ Row 1256: Unparsable date → '961326155'
[2025-08-20 14:14:23] ⚠️ Row 1257: Unparsable date → '961814318'
[2025-08-20 14:14:23] ⚠️ Row 1258: Unparsable date → '961818193'
[2025-08-20 14:14:23] ⚠️ Row 1259: Unparsable date → '961826627'
[2025-08-20 14:14:23] ⚠️ Row 1260: Unparsable date → '961892285'
[2025-08-20 14:14:23] ⚠️ Row 1261: Unparsable date → '961926956'
[2025-08-20 14:14:23] ⚠️ Row 1262: Unparsable date → '961959707'
[2025-08-20 14:14:23] ⚠️ Row 1263: Unparsable date → '962025044'
[2025-08-20 14:14:23] ⚠️ Row 1264: Unparsable date → '962211318'
[2025-08-20 14:14:23] ⚠️ Row 1265: Unparsable date → '962217611'
[2025-08-20 14:14:23] ⚠️ Row 1266: Unparsable date → '962220868'
[2025-08-20 14:14:23] ⚠️ Row 1267: Unparsable date → '962309945'
[2025-08-20 14:14:23] ⚠️ Row 1268: Unparsable date → '963064021'
[2025-08-20 14:14:23] ⚠️ Row 1269: Unparsable date → '963068960'
[2025-08-20 14:14:23] ⚠️ Row 1270: Unparsable date → '963360152'
[2025-08-20 14:14:23] ⚠️ Row 1271: Unparsable date → '963419700'
[2025-08-20 14:14:23] ⚠️ Row 1272: Unparsable date → '963470058'
[2025-08-20 14:14:23] ⚠️ Row 1273: Unparsable date → '963476554'
[2025-08-20 14:14:23] ⚠️ Row 1274: Unparsable date → '963515661'
[2025-08-20 14:14:23] ⚠️ Row 1275: Unparsable date → '963550286'
[2025-08-20 14:14:24] ⚠️ Row 1276: Unparsable date → '963702613'
[2025-08-20 14:14:24] ⚠️ Row 1277: Unparsable date → '963743837'
[2025-08-20 14:14:24] ⚠️ Row 1278: Unparsable date → '963759234'
[2025-08-20 14:14:24] ⚠️ Row 1279: Unparsable date → '963772524'
[2025-08-20 14:14:24] ⚠️ Row 1280: Unparsable date → '963774649'
[2025-08-20 14:14:24] ⚠️ Row 1281: Unparsable date → '963883842'
[2025-08-20 14:14:24] ⚠️ Row 1282: Unparsable date → '963915333'
[2025-08-20 14:14:24] ⚠️ Row 1283: Unparsable date → '964264103'
[2025-08-20 14:14:24] ⚠️ Row 1284: Unparsable date → '964319308'
[2025-08-20 14:14:24] ⚠️ Row 1285: Unparsable date → '964348133'
[2025-08-20 14:14:24] ⚠️ Row 1286: Unparsable date → '966899297'
[2025-08-20 14:14:24] ⚠️ Row 1287: Unparsable date → '970393373'
[2025-08-20 14:14:24] ⚠️ Row 1288: Unparsable date → '975260924'
[2025-08-20 14:14:24] ⚠️ Row 1289: Unparsable date → '975775770'
[2025-08-20 14:14:24] ⚠️ Row 1290: Unparsable date → '976138751'
[2025-08-20 14:14:24] ⚠️ Row 1291: Unparsable date → '976786906'
[2025-08-20 14:14:24] ⚠️ Row 1292: Unparsable date → '976813650'
[2025-08-20 14:14:24] ⚠️ Row 1293: Unparsable date → '983385989'
[2025-08-20 14:14:24] ⚠️ Row 1294: Unparsable date → '983386597'
[2025-08-20 14:14:24] ⚠️ Row 1295: Unparsable date → '984731663'
[2025-08-20 14:14:24] ⚠️ Row 1296: Unparsable date → '986255953'
[2025-08-20 14:14:24] ⚠️ Row 1297: Unparsable date → '989576222'
[2025-08-20 14:14:24] ⚠️ Row 1298: Unparsable date → '990145480'
[2025-08-20 14:14:24] ⚠️ Row 1299: Unparsable date → '990504755'
[2025-08-20 14:14:24] ⚠️ Row 1300: Unparsable date → '990527142'
[2025-08-20 14:14:24] ⚠️ Row 1301: Unparsable date → '990542808'
[2025-08-20 14:14:24] ⚠️ Row 1302: Unparsable date → '990554842'
[2025-08-20 14:14:24] ⚠️ Row 1303: Unparsable date → '991838231'
[2025-08-20 14:14:24] ⚠️ Row 1304: Unparsable date → '991883077'
[2025-08-20 14:14:24] ⚠️ Row 1305: Unparsable date → '991911623'
[2025-08-20 14:14:24] ⚠️ Row 1306: Unparsable date → '992176090'
[2025-08-20 14:14:24] ⚠️ Row 1307: Unparsable date → '992212059'
[2025-08-20 14:14:24] ⚠️ Row 1308: Unparsable date → '992374574'
[2025-08-20 14:14:24] ⚠️ Row 1309: Unparsable date → '992402101'
[2025-08-20 14:14:24] ⚠️ Row 1310: Unparsable date → '992440507'
[2025-08-20 14:14:24] ⚠️ Row 1311: Unparsable date → '992681667'
[2025-08-20 14:14:24] ⚠️ Row 1312: Unparsable date → '992697864'
[2025-08-20 14:14:24] ⚠️ Row 1313: Unparsable date → '992715976'
[2025-08-20 14:14:24] ⚠️ Row 1314: Unparsable date → '992747081'
[2025-08-20 14:14:24] ⚠️ Row 1315: Unparsable date → '992880750'
[2025-08-20 14:14:24] ⚠️ Row 1316: Unparsable date → '995371818'
[2025-08-20 14:14:24] ⚠️ Row 1317: Unparsable date → '995903805'
[2025-08-20 14:14:24] ⚠️ Row 1318: Unparsable date → '996175473'
[2025-08-20 14:14:24] ⚠️ Row 1319: Unparsable date → '999210619'
[2025-08-20 14:14:24] ⚠️ Row 1320: Unparsable date → '999709357'
[2025-08-20 14:14:24] ⚠️ Row 1321: Unparsable date → '999837042'
[2025-08-20 14:14:24] ⚠️ Row 1322: Unparsable date → '1000144959'
[2025-08-20 14:14:24] ⚠️ Row 1323: Unparsable date → '1000234433'
[2025-08-20 14:14:24] ⚠️ Row 1324: Unparsable date → '1003729364'
[2025-08-20 14:14:24] ⚠️ Row 1325: Unparsable date → '1003731694'
[2025-08-20 14:14:24] ⚠️ Row 1326: Unparsable date → '1003736056'
[2025-08-20 14:14:24] ⚠️ Row 1327: Unparsable date → '1003744701'
[2025-08-20 14:14:24] ⚠️ Row 1328: Unparsable date → '1004052988'
[2025-08-20 14:14:24] ⚠️ Row 1329: Unparsable date → '1004115801'
[2025-08-20 14:14:24] ⚠️ Row 1330: Unparsable date → '1004130828'
[2025-08-20 14:14:24] ⚠️ Row 1331: Unparsable date → '1004285668'
[2025-08-20 14:14:24] ⚠️ Row 1332: Unparsable date → '1004286257'
[2025-08-20 14:14:24] ⚠️ Row 1333: Unparsable date → '1004290083'
[2025-08-20 14:14:24] ⚠️ Row 1334: Unparsable date → '1004292437'
[2025-08-20 14:14:24] ⚠️ Row 1335: Unparsable date → '1004294822'
[2025-08-20 14:14:24] ⚠️ Row 1336: Unparsable date → '1004311104'
[2025-08-20 14:14:24] ⚠️ Row 1337: Unparsable date → '1004327941'
[2025-08-20 14:14:24] ⚠️ Row 1338: Unparsable date → '1004347270'
[2025-08-20 14:14:24] ⚠️ Row 1339: Unparsable date → '1004361273'
[2025-08-20 14:14:24] ⚠️ Row 1340: Unparsable date → '1004632863'
[2025-08-20 14:14:24] ⚠️ Row 1341: Unparsable date → '1004736922'
[2025-08-20 14:14:24] ⚠️ Row 1342: Unparsable date → '1004960824'
[2025-08-20 14:14:24] ⚠️ Row 1343: Unparsable date → '1004983885'
[2025-08-20 14:14:24] ⚠️ Row 1344: Unparsable date → '1005058886'
[2025-08-20 14:14:24] ⚠️ Row 1345: Unparsable date → '1005098794'
[2025-08-20 14:14:24] ⚠️ Row 1346: Unparsable date → '1006975729'
[2025-08-20 14:14:24] ⚠️ Row 1347: Unparsable date → '1007308544'
[2025-08-20 14:14:24] ⚠️ Row 1348: Unparsable date → '1007322510'
[2025-08-20 14:14:24] ⚠️ Row 1349: Unparsable date → '1007324559'
[2025-08-20 14:14:24] ⚠️ Row 1350: Unparsable date → '1007342415'
[2025-08-20 14:14:24] ⚠️ Row 1351: Unparsable date → '1008217787'
[2025-08-20 14:14:24] ⚠️ Row 1352: Unparsable date → '1008233025'
[2025-08-20 14:14:24] ⚠️ Row 1353: Unparsable date → '1008458561'
[2025-08-20 14:14:24] ⚠️ Row 1354: Unparsable date → '1008485691'
[2025-08-20 14:14:24] ⚠️ Row 1355: Unparsable date → '1008905760'
[2025-08-20 14:14:24] ⚠️ Row 1356: Unparsable date → '1008985947'
[2025-08-20 14:14:24] ⚠️ Row 1357: Unparsable date → '1009129670'
[2025-08-20 14:14:24] ⚠️ Row 1358: Unparsable date → '1009134592'
[2025-08-20 14:14:24] ⚠️ Row 1359: Unparsable date → '1009189422'
[2025-08-20 14:14:24] ⚠️ Row 1360: Unparsable date → '1010080120'
[2025-08-20 14:14:24] ⚠️ Row 1361: Unparsable date → '1010358767'
[2025-08-20 14:14:24] ⚠️ Row 1362: Unparsable date → '1010887096'
[2025-08-20 14:14:24] ⚠️ Row 1363: Unparsable date → '1010961079'
[2025-08-20 14:14:24] ⚠️ Row 1364: Unparsable date → '1010967013'
[2025-08-20 14:14:24] ⚠️ Row 1365: Unparsable date → '1010970494'
[2025-08-20 14:14:24] ⚠️ Row 1366: Unparsable date → '1011287394'
[2025-08-20 14:14:24] ⚠️ Row 1367: Unparsable date → '1012866690'
[2025-08-20 14:14:24] ⚠️ Row 1368: Unparsable date → '1012913625'
[2025-08-20 14:14:24] ⚠️ Row 1369: Unparsable date → '1012932994'
[2025-08-20 14:14:24] ⚠️ Row 1370: Unparsable date → '1012933014'
[2025-08-20 14:14:24] ⚠️ Row 1371: Unparsable date → '1013043997'
[2025-08-20 14:14:24] ⚠️ Row 1372: Unparsable date → '1013044012'
[2025-08-20 14:14:24] ⚠️ Row 1373: Unparsable date → '1014678420'
[2025-08-20 14:14:24] ⚠️ Row 1374: Unparsable date → '1014812342'
[2025-08-20 14:14:24] ⚠️ Row 1375: Unparsable date → '1019291793'
[2025-08-20 14:14:24] ⚠️ Row 1376: Unparsable date → '1020170477'
[2025-08-20 14:14:24] ⚠️ Row 1377: Unparsable date → '1020463917'
[2025-08-20 14:14:24] ⚠️ Row 1378: Unparsable date → '1020496410'
[2025-08-20 14:14:24] ⚠️ Row 1379: Unparsable date → '1020509890'
[2025-08-20 14:14:24] ⚠️ Row 1380: Unparsable date → '1020569282'
[2025-08-20 14:14:24] ⚠️ Row 1381: Unparsable date → '1020589575'
[2025-08-20 14:14:24] ⚠️ Row 1382: Unparsable date → '1020600291'
[2025-08-20 14:14:24] ⚠️ Row 1383: Unparsable date → '1020611717'
[2025-08-20 14:14:24] ⚠️ Row 1384: Unparsable date → '1020629879'
[2025-08-20 14:14:24] ⚠️ Row 1385: Unparsable date → '1020650965'
[2025-08-20 14:14:24] ⚠️ Row 1386: Unparsable date → '1020727731'
[2025-08-20 14:14:24] ⚠️ Row 1387: Unparsable date → '1021000671'
[2025-08-20 14:14:24] ⚠️ Row 1388: Unparsable date → '1021007798'
[2025-08-20 14:14:24] ⚠️ Row 1389: Unparsable date → '1021007972'
[2025-08-20 14:14:24] ⚠️ Row 1390: Unparsable date → '1021169284'
[2025-08-20 14:14:24] ⚠️ Row 1391: Unparsable date → '1021169309'
[2025-08-20 14:14:24] ⚠️ Row 1392: Unparsable date → '1021205016'
[2025-08-20 14:14:24] ⚠️ Row 1393: Unparsable date → '1023149677'
[2025-08-20 14:14:24] ⚠️ Row 1394: Unparsable date → '1023273056'
[2025-08-20 14:14:24] ⚠️ Row 1395: Unparsable date → '1023380969'
[2025-08-20 14:14:24] ⚠️ Row 1396: Unparsable date → '1023676093'
[2025-08-20 14:14:24] ⚠️ Row 1397: Unparsable date → '1023702875'
[2025-08-20 14:14:24] ⚠️ Row 1398: Unparsable date → '1023717849'
[2025-08-20 14:14:24] ⚠️ Row 1399: Unparsable date → '1024237595'
[2025-08-20 14:14:24] ⚠️ Row 1400: Unparsable date → '1024259931'
[2025-08-20 14:14:24] ⚠️ Row 1401: Unparsable date → '1024275935'
[2025-08-20 14:14:24] ⚠️ Row 1402: Unparsable date → '1024275940'
[2025-08-20 14:14:24] ⚠️ Row 1403: Unparsable date → '1024276206'
[2025-08-20 14:14:24] ⚠️ Row 1404: Unparsable date → '1024276207'
[2025-08-20 14:14:24] ⚠️ Row 1405: Unparsable date → '1024323350'
[2025-08-20 14:14:24] ⚠️ Row 1406: Unparsable date → '1024323362'
[2025-08-20 14:14:24] ⚠️ Row 1407: Unparsable date → '1024439140'
[2025-08-20 14:14:24] ⚠️ Row 1408: Unparsable date → '1024439157'
[2025-08-20 14:14:24] ⚠️ Row 1409: Unparsable date → '1024488892'
[2025-08-20 14:14:24] ⚠️ Row 1410: Unparsable date → '1024488904'
[2025-08-20 14:14:24] ⚠️ Row 1411: Unparsable date → '1026101860'
[2025-08-20 14:14:24] ⚠️ Row 1412: Unparsable date → '1026101976'
[2025-08-20 14:14:24] ⚠️ Row 1413: Unparsable date → '1026197035'
[2025-08-20 14:14:24] ⚠️ Row 1414: Unparsable date → '1026201657'
[2025-08-20 14:14:24] ⚠️ Row 1415: Unparsable date → '1026324599'
[2025-08-20 14:14:24] ⚠️ Row 1416: Unparsable date → '1026726454'
[2025-08-20 14:14:24] ⚠️ Row 1417: Unparsable date → '1026780243'
[2025-08-20 14:14:24] ⚠️ Row 1418: Unparsable date → '1027011729'
[2025-08-20 14:14:24] ⚠️ Row 1419: Unparsable date → '1027525527'
[2025-08-20 14:14:24] ⚠️ Row 1420: Unparsable date → '1028024508'
[2025-08-20 14:14:24] ⚠️ Row 1421: Unparsable date → '1028042216'
[2025-08-20 14:14:24] ⚠️ Row 1422: Unparsable date → '1028342064'
[2025-08-20 14:14:24] ⚠️ Row 1423: Unparsable date → '1031524375'
[2025-08-20 14:14:24] ⚠️ Row 1424: Unparsable date → '1031524416'
[2025-08-20 14:14:24] ⚠️ Row 1425: Unparsable date → '1031884187'
[2025-08-20 14:14:24] ⚠️ Row 1426: Unparsable date → '1031912223'
[2025-08-20 14:14:24] ⚠️ Row 1427: Unparsable date → '1031912241'
[2025-08-20 14:14:24] ⚠️ Row 1428: Unparsable date → '1033452734'
[2025-08-20 14:14:24] ⚠️ Row 1429: Unparsable date → '1033529920'
[2025-08-20 14:14:24] ⚠️ Row 1430: Unparsable date → '1035321928'
[2025-08-20 14:14:24] ⚠️ Row 1431: Unparsable date → '1035495189'
[2025-08-20 14:14:24] ⚠️ Row 1432: Unparsable date → '1035537353'
[2025-08-20 14:14:24] ⚠️ Row 1433: Unparsable date → '1036846271'
[2025-08-20 14:14:24] ⚠️ Row 1434: Unparsable date → '1036891507'
[2025-08-20 14:14:24] ⚠️ Row 1435: Unparsable date → '1036906392'
[2025-08-20 14:14:24] ⚠️ Row 1436: Unparsable date → '1037081193'
[2025-08-20 14:14:24] ⚠️ Row 1437: Unparsable date → '1037888575'
[2025-08-20 14:14:24] ⚠️ Row 1438: Unparsable date → '1038237108'
[2025-08-20 14:14:24] ⚠️ Row 1439: Unparsable date → '1038310386'
[2025-08-20 14:14:24] ⚠️ Row 1440: Unparsable date → '1039044183'
[2025-08-20 14:14:24] ⚠️ Row 1441: Unparsable date → '1039235225'
[2025-08-20 14:14:24] ⚠️ Row 1442: Unparsable date → '1039277865'
[2025-08-20 14:14:24] ⚠️ Row 1443: Unparsable date → '1039291989'
[2025-08-20 14:14:24] ⚠️ Row 1444: Unparsable date → '1039292996'
[2025-08-20 14:14:24] ⚠️ Row 1445: Unparsable date → '1039317077'
[2025-08-20 14:14:24] ⚠️ Row 1446: Unparsable date → '1039317443'
[2025-08-20 14:14:24] ⚠️ Row 1447: Unparsable date → '1039337295'
[2025-08-20 14:14:24] ⚠️ Row 1448: Unparsable date → '1039350657'
[2025-08-20 14:14:24] ⚠️ Row 1449: Unparsable date → '1039530056'
[2025-08-20 14:14:24] ⚠️ Row 1450: Unparsable date → '1039767535'
[2025-08-20 14:14:24] ⚠️ Row 1451: Unparsable date → '1039771486'
[2025-08-20 14:14:24] ⚠️ Row 1452: Unparsable date → '1039774990'
[2025-08-20 14:14:24] ⚠️ Row 1453: Unparsable date → '1039784177'
[2025-08-20 14:14:24] ⚠️ Row 1454: Unparsable date → '1039790797'
[2025-08-20 14:14:24] ⚠️ Row 1455: Unparsable date → '1039805592'
[2025-08-20 14:14:24] ⚠️ Row 1456: Unparsable date → '1039979005'
[2025-08-20 14:14:24] ⚠️ Row 1457: Unparsable date → '1039987133'
[2025-08-20 14:14:24] ⚠️ Row 1458: Unparsable date → '1040020840'
[2025-08-20 14:14:24] ⚠️ Row 1459: Unparsable date → '1040568196'
[2025-08-20 14:14:24] ⚠️ Row 1460: Unparsable date → '1040669685'
[2025-08-20 14:14:24] ⚠️ Row 1461: Unparsable date → '1040786551'
[2025-08-20 14:14:24] ⚠️ Row 1462: Unparsable date → '1040786682'
[2025-08-20 14:14:24] ⚠️ Row 1463: Unparsable date → '1040835209'
[2025-08-20 14:14:24] ⚠️ Row 1464: Unparsable date → '1041736036'
[2025-08-20 14:14:24] ⚠️ Row 1465: Unparsable date → '1041970231'
[2025-08-20 14:14:24] ⚠️ Row 1466: Unparsable date → '1042732737'
[2025-08-20 14:14:24] ⚠️ Row 1467: Unparsable date → '1042765816'
[2025-08-20 14:14:24] ⚠️ Row 1468: Unparsable date → '1043299526'
[2025-08-20 14:14:24] ⚠️ Row 1469: Unparsable date → '1048075058'
[2025-08-20 14:14:24] ⚠️ Row 1470: Unparsable date → '1048116520'
[2025-08-20 14:14:24] ⚠️ Row 1471: Unparsable date → '1048134281'
[2025-08-20 14:14:24] ⚠️ Row 1472: Unparsable date → '1048144388'
[2025-08-20 14:14:24] ⚠️ Row 1473: Unparsable date → '1048665272'
[2025-08-20 14:14:24] ⚠️ Row 1474: Unparsable date → '1048665285'
[2025-08-20 14:14:24] ⚠️ Row 1475: Unparsable date → '1048720504'
[2025-08-20 14:14:24] ⚠️ Row 1476: Unparsable date → '1048720509'
[2025-08-20 14:14:24] ⚠️ Row 1477: Unparsable date → '1048888607'
[2025-08-20 14:14:24] ⚠️ Row 1478: Unparsable date → '1049433412'
[2025-08-20 14:14:24] ⚠️ Row 1479: Unparsable date → '1049463521'
[2025-08-20 14:14:24] ⚠️ Row 1480: Unparsable date → '1049623469'
[2025-08-20 14:14:24] ⚠️ Row 1481: Unparsable date → '1049686815'
[2025-08-20 14:14:24] ⚠️ Row 1482: Unparsable date → '1050262653'
[2025-08-20 14:14:24] ⚠️ Row 1483: Unparsable date → '1051375509'
[2025-08-20 14:14:24] ⚠️ Row 1484: Unparsable date → '1051376913'
[2025-08-20 14:14:24] ⚠️ Row 1485: Unparsable date → '1051405019'
[2025-08-20 14:14:24] ⚠️ Row 1486: Unparsable date → '1051744998'
[2025-08-20 14:14:24] ⚠️ Row 1487: Unparsable date → '1051769102'
[2025-08-20 14:14:24] ⚠️ Row 1488: Unparsable date → '1051806259'
[2025-08-20 14:14:24] ⚠️ Row 1489: Unparsable date → '1051827553'
[2025-08-20 14:14:24] ⚠️ Row 1490: Unparsable date → '1051829587'
[2025-08-20 14:14:24] ⚠️ Row 1491: Unparsable date → '1052087994'
[2025-08-20 14:14:24] ⚠️ Row 1492: Unparsable date → '1052126947'
[2025-08-20 14:14:24] ⚠️ Row 1493: Unparsable date → '1052134419'
[2025-08-20 14:14:24] ⚠️ Row 1494: Unparsable date → '1052161652'
[2025-08-20 14:14:24] ⚠️ Row 1495: Unparsable date → '1052205797'
[2025-08-20 14:14:24] ⚠️ Row 1496: Unparsable date → '1052213315'
[2025-08-20 14:14:24] ⚠️ Row 1497: Unparsable date → '1052308387'
[2025-08-20 14:14:24] ⚠️ Row 1498: Unparsable date → '1053045700'
[2025-08-20 14:14:24] ⚠️ Row 1499: Unparsable date → '1053046214'
[2025-08-20 14:14:24] ⚠️ Row 1500: Unparsable date → '1058342541'
[2025-08-20 14:14:24] ⚠️ Row 1501: Unparsable date → '1058922077'
[2025-08-20 14:14:24] ⚠️ Row 1502: Unparsable date → '1058927158'
[2025-08-20 14:14:24] ⚠️ Row 1503: Unparsable date → '1059784566'
[2025-08-20 14:14:24] ⚠️ Row 1504: Unparsable date → '1059800750'
[2025-08-20 14:14:24] ⚠️ Row 1505: Unparsable date → '1059849799'
[2025-08-20 14:14:24] ⚠️ Row 1506: Unparsable date → '1060103937'
[2025-08-20 14:14:24] ⚠️ Row 1507: Unparsable date → '1065076392'
[2025-08-20 14:14:24] ⚠️ Row 1508: Unparsable date → '1065096863'
[2025-08-20 14:14:24] ⚠️ Row 1509: Unparsable date → '1065109880'
[2025-08-20 14:14:24] ⚠️ Row 1510: Unparsable date → '1065121078'
[2025-08-20 14:14:24] ⚠️ Row 1511: Unparsable date → '1065126127'
[2025-08-20 14:14:24] ⚠️ Row 1512: Unparsable date → '1065130832'
[2025-08-20 14:14:24] ⚠️ Row 1513: Unparsable date → '1065136420'
[2025-08-20 14:14:24] ⚠️ Row 1514: Unparsable date → '1065155940'
[2025-08-20 14:14:24] ⚠️ Row 1515: Unparsable date → '1065771824'
[2025-08-20 14:14:24] ⚠️ Row 1516: Unparsable date → '1066085569'
[2025-08-20 14:14:24] ⚠️ Row 1517: Unparsable date → '1067278579'
[2025-08-20 14:14:24] ⚠️ Row 1518: Unparsable date → '1067279765'
[2025-08-20 14:14:24] ⚠️ Row 1519: Unparsable date → '1067321058'
[2025-08-20 14:14:24] ⚠️ Row 1520: Unparsable date → '1067323223'
[2025-08-20 14:14:24] ⚠️ Row 1521: Unparsable date → '1067336681'
[2025-08-20 14:14:24] ⚠️ Row 1522: Unparsable date → '1067353776'
[2025-08-20 14:14:24] ⚠️ Row 1523: Unparsable date → '1067370994'
[2025-08-20 14:14:24] ⚠️ Row 1524: Unparsable date → '1067381392'
[2025-08-20 14:14:24] ⚠️ Row 1525: Unparsable date → '1068544650'
[2025-08-20 14:14:24] ⚠️ Row 1526: Unparsable date → '1068546300'
[2025-08-20 14:14:24] ⚠️ Row 1527: Unparsable date → '1068601179'
[2025-08-20 14:14:24] ⚠️ Row 1528: Unparsable date → '1068635623'
[2025-08-20 14:14:24] ⚠️ Row 1529: Unparsable date → '1069165659'
[2025-08-20 14:14:24] ⚠️ Row 1530: Unparsable date → '1069204915'
[2025-08-20 14:14:24] ⚠️ Row 1531: Unparsable date → '1069259324'
[2025-08-20 14:14:24] ⚠️ Row 1532: Unparsable date → '1069276715'
[2025-08-20 14:14:24] ⚠️ Row 1533: Unparsable date → '1072525159'
[2025-08-20 14:14:24] ⚠️ Row 1534: Unparsable date → '1072525162'
[2025-08-20 14:14:24] ⚠️ Row 1535: Unparsable date → '1074982147'
[2025-08-20 14:14:24] ⚠️ Row 1536: Unparsable date → '1075019372'
[2025-08-20 14:14:24] ⚠️ Row 1537: Unparsable date → '1075478884'
[2025-08-20 14:14:24] ⚠️ Row 1538: Unparsable date → '1075491135'
[2025-08-20 14:14:24] ⚠️ Row 1539: Unparsable date → '1075596638'
[2025-08-20 14:14:24] ⚠️ Row 1540: Unparsable date → '1084543760'
[2025-08-20 14:14:24] ⚠️ Row 1541: Unparsable date → '1091731105'
[2025-08-20 14:14:24] ⚠️ Row 1542: Unparsable date → '1091732312'
[2025-08-20 14:14:24] ⚠️ Row 1543: Unparsable date → '1091739462'
[2025-08-20 14:14:24] ⚠️ Row 1544: Unparsable date → '1091951961'
[2025-08-20 14:14:24] ⚠️ Row 1545: Unparsable date → '1091962299'
[2025-08-20 14:14:24] ⚠️ Row 1546: Unparsable date → '1092005448'
[2025-08-20 14:14:24] ⚠️ Row 1547: Unparsable date → '1093312478'
[2025-08-20 14:14:24] ⚠️ Row 1548: Unparsable date → '1093360225'
[2025-08-20 14:14:24] ⚠️ Row 1549: Unparsable date → '1093365950'
[2025-08-20 14:14:24] ⚠️ Row 1550: Unparsable date → '1096991994'
[2025-08-20 14:14:24] ⚠️ Row 1551: Unparsable date → '1097013368'
[2025-08-20 14:14:24] ⚠️ Row 1552: Unparsable date → '1099778406'
[2025-08-20 14:14:24] ⚠️ Row 1553: Unparsable date → '1099779111'
[2025-08-20 14:14:24] ⚠️ Row 1554: Unparsable date → '1099796032'
[2025-08-20 14:14:24] ⚠️ Row 1555: Unparsable date → '1099805680'
[2025-08-20 14:14:24] ⚠️ Row 1556: Unparsable date → '1099841424'
[2025-08-20 14:14:24] ⚠️ Row 1557: Unparsable date → '1099896966'
[2025-08-20 14:14:24] ⚠️ Row 1558: Unparsable date → '1100214543'
[2025-08-20 14:14:24] ⚠️ Row 1559: Unparsable date → '1104766489'
[2025-08-20 14:14:24] ⚠️ Row 1560: Unparsable date → '1104767020'
[2025-08-20 14:14:24] ⚠️ Row 1561: Unparsable date → '1105302425'
[2025-08-20 14:14:24] ⚠️ Row 1562: Unparsable date → '1109563903'
[2025-08-20 14:14:24] ⚠️ Row 1563: Unparsable date → '1109687934'
[2025-08-20 14:14:24] ⚠️ Row 1564: Unparsable date → '1109971722'
[2025-08-20 14:14:24] ⚠️ Row 1565: Unparsable date → '1112343550'
[2025-08-20 14:14:24] ⚠️ Row 1566: Unparsable date → '1115483078'
[2025-08-20 14:14:24] ⚠️ Row 1567: Unparsable date → '1124113782'
[2025-08-20 14:14:24] ⚠️ Row 1568: Unparsable date → '1124610559'
[2025-08-20 14:14:24] ⚠️ Row 1569: Unparsable date → '1124639509'
[2025-08-20 14:14:24] ⚠️ Row 1570: Unparsable date → '1124640574'
[2025-08-20 14:14:24] ⚠️ Row 1571: Unparsable date → '1124711605'
[2025-08-20 14:14:24] ⚠️ Row 1572: Unparsable date → '1128983753'
[2025-08-20 14:14:24] ⚠️ Row 1573: Unparsable date → '1130432956'
[2025-08-20 14:14:25] ⚠️ Row 1574: Unparsable date → '1130647733'
[2025-08-20 14:14:25] ⚠️ Row 1575: Unparsable date → '1130707689'
[2025-08-20 14:14:25] ⚠️ Row 1576: Unparsable date → '1130734374'
[2025-08-20 14:14:25] ⚠️ Row 1577: Unparsable date → '1132376372'
[2025-08-20 14:14:25] ⚠️ Row 1578: Unparsable date → '1134328815'
[2025-08-20 14:14:25] ⚠️ Row 1579: Unparsable date → '1135224832'
[2025-08-20 14:14:25] ⚠️ Row 1580: Unparsable date → '1137420194'
[2025-08-20 14:14:25] ⚠️ Row 1581: Unparsable date → '1138205166'
[2025-08-20 14:14:25] ⚠️ Row 1582: Unparsable date → '1138208752'
[2025-08-20 14:14:25] ⚠️ Row 1583: Unparsable date → '1138210978'
[2025-08-20 14:14:25] ⚠️ Row 1584: Unparsable date → '1138211432'
[2025-08-20 14:14:25] ⚠️ Row 1585: Unparsable date → '1138214810'
[2025-08-20 14:14:25] ⚠️ Row 1586: Unparsable date → '1138600816'
[2025-08-20 14:14:25] ⚠️ Row 1587: Unparsable date → '1138601532'
[2025-08-20 14:14:25] ⚠️ Row 1588: Unparsable date → '1138643638'
[2025-08-20 14:14:25] ⚠️ Row 1589: Unparsable date → '1138651112'
[2025-08-20 14:14:25] ⚠️ Row 1590: Unparsable date → '1138654025'
[2025-08-20 14:14:25] ⚠️ Row 1591: Unparsable date → '1141994508'
[2025-08-20 14:14:25] ⚠️ Row 1592: Unparsable date → '1142019398'
[2025-08-20 14:14:25] ⚠️ Row 1593: Unparsable date → '1142133408'
[2025-08-20 14:14:25] ⚠️ Row 1594: Unparsable date → '1157351654'
[2025-08-20 14:14:25] ⚠️ Row 1595: Unparsable date → '1157584033'
[2025-08-20 14:14:25] ⚠️ Row 1596: Unparsable date → '1161502657'
[2025-08-20 14:14:25] ⚠️ Row 1597: Unparsable date → '1162583550'
[2025-08-20 14:14:25] ⚠️ Row 1598: Unparsable date → '1162651478'
[2025-08-20 14:14:25] ⚠️ Row 1599: Unparsable date → '1162717371'
[2025-08-20 14:14:25] ⚠️ Row 1600: Unparsable date → '1165205646'
[2025-08-20 14:14:25] ⚠️ Row 1601: Unparsable date → '1165222461'
[2025-08-20 14:14:25] ⚠️ Row 1602: Unparsable date → '1165230806'
[2025-08-20 14:14:25] ⚠️ Row 1603: Unparsable date → '1165231987'
[2025-08-20 14:14:25] ⚠️ Row 1604: Unparsable date → '1165459929'
[2025-08-20 14:14:25] ⚠️ Row 1605: Unparsable date → '1165727738'
[2025-08-20 14:14:25] ⚠️ Row 1606: Unparsable date → '1165728280'
[2025-08-20 14:14:25] ⚠️ Row 1607: Unparsable date → '1165927902'
[2025-08-20 14:14:25] ⚠️ Row 1608: Unparsable date → '1165936188'
[2025-08-20 14:14:25] ⚠️ Row 1609: Unparsable date → '1166004173'
[2025-08-20 14:14:25] ⚠️ Row 1610: Unparsable date → '1169165696'
[2025-08-20 14:14:25] ⚠️ Row 1611: Unparsable date → '1169185759'
[2025-08-20 14:14:25] ⚠️ Row 1612: Unparsable date → '1169215650'
[2025-08-20 14:14:25] ⚠️ Row 1613: Unparsable date → '1170751078'
[2025-08-20 14:14:25] ⚠️ Row 1614: Unparsable date → '1172328742'
[2025-08-20 14:14:25] ⚠️ Row 1615: Unparsable date → '1172452480'
[2025-08-20 14:14:25] ⚠️ Row 1616: Unparsable date → '1172481340'
[2025-08-20 14:14:25] ⚠️ Row 1617: Unparsable date → '1172933524'
[2025-08-20 14:14:25] ⚠️ Row 1618: Unparsable date → '1173944222'
[2025-08-20 14:14:25] ⚠️ Row 1619: Unparsable date → '1174615769'
[2025-08-20 14:14:25] ⚠️ Row 1620: Unparsable date → '1174660761'
[2025-08-20 14:14:25] ⚠️ Row 1621: Unparsable date → '1175690234'
[2025-08-20 14:14:25] ⚠️ Row 1622: Unparsable date → '1178824448'
[2025-08-20 14:14:25] ⚠️ Row 1623: Unparsable date → '1180414928'
[2025-08-20 14:14:25] ⚠️ Row 1624: Unparsable date → '1180497793'
[2025-08-20 14:14:25] ⚠️ Row 1625: Unparsable date → '1182437877'
[2025-08-20 14:14:25] ⚠️ Row 1626: Unparsable date → '1184018220'
[2025-08-20 14:14:25] ⚠️ Row 1627: Unparsable date → '1184044030'
[2025-08-20 14:14:25] ⚠️ Row 1628: Unparsable date → '1184108162'
[2025-08-20 14:14:25] ⚠️ Row 1629: Unparsable date → '1184409089'
[2025-08-20 14:14:25] ⚠️ Row 1630: Unparsable date → '1184416505'
[2025-08-20 14:14:25] ⚠️ Row 1631: Unparsable date → '1184417601'
[2025-08-20 14:14:25] ⚠️ Row 1632: Unparsable date → '1184486999'
[2025-08-20 14:14:25] ⚠️ Row 1633: Unparsable date → '1186471537'
[2025-08-20 14:14:25] ⚠️ Row 1634: Unparsable date → '1187719368'
[2025-08-20 14:14:25] ⚠️ Row 1635: Unparsable date → '1187722913'
[2025-08-20 14:14:25] ⚠️ Row 1636: Unparsable date → '1187776059'
[2025-08-20 14:14:25] ⚠️ Row 1637: Unparsable date → '1188236343'
[2025-08-20 14:14:25] ⚠️ Row 1638: Unparsable date → '1188314526'
[2025-08-20 14:14:25] ⚠️ Row 1639: Unparsable date → '1190503006'
[2025-08-20 14:14:25] ⚠️ Row 1640: Unparsable date → '1190623266'
[2025-08-20 14:14:25] ⚠️ Row 1641: Unparsable date → '1197152437'
[2025-08-20 14:14:25] ⚠️ Row 1642: Unparsable date → '1197250740'
[2025-08-20 14:14:25] ⚠️ Row 1643: Unparsable date → '1197250756'
[2025-08-20 14:14:25] ⚠️ Row 1644: Unparsable date → '1197251708'
[2025-08-20 14:14:25] ⚠️ Row 1645: Unparsable date → '1197667560'
[2025-08-20 14:14:25] ⚠️ Row 1646: Unparsable date → '1198244545'
[2025-08-20 14:14:25] ⚠️ Row 1647: Unparsable date → '1198630571'
[2025-08-20 14:14:25] ⚠️ Row 1648: Unparsable date → '1198633511'
[2025-08-20 14:14:25] ⚠️ Row 1649: Unparsable date → '1198805570'
[2025-08-20 14:14:25] ⚠️ Row 1650: Unparsable date → '1199332297'
[2025-08-20 14:14:25] ⚠️ Row 1651: Unparsable date → '1199824590'
[2025-08-20 14:14:25] ⚠️ Row 1652: Unparsable date → '1201436668'
[2025-08-20 14:14:25] ⚠️ Row 1653: Unparsable date → '1201519550'
[2025-08-20 14:14:25] ⚠️ Row 1654: Unparsable date → '1201590964'
[2025-08-20 14:14:25] ⚠️ Row 1655: Unparsable date → '1202353793'
[2025-08-20 14:14:25] ⚠️ Row 1656: Unparsable date → '1203408376'
[2025-08-20 14:14:25] ⚠️ Row 1657: Unparsable date → '1204728428'
[2025-08-20 14:14:25] ⚠️ Row 1658: Unparsable date → '1204808655'
[2025-08-20 14:14:25] ⚠️ Row 1659: Unparsable date → '1205231061'
[2025-08-20 14:14:25] ⚠️ Row 1660: Unparsable date → '1205802567'
[2025-08-20 14:14:25] ⚠️ Row 1661: Unparsable date → '1206745439'
[2025-08-20 14:14:25] ⚠️ Row 1662: Unparsable date → '1210759140'
[2025-08-20 14:14:25] ⚠️ Row 1663: Unparsable date → '1210770105'
[2025-08-20 14:14:25] ⚠️ Row 1664: Unparsable date → '1210789228'
[2025-08-20 14:14:25] ⚠️ Row 1665: Unparsable date → '1210810421'
[2025-08-20 14:14:25] ⚠️ Row 1666: Unparsable date → '1210939502'
[2025-08-20 14:14:25] ⚠️ Row 1667: Unparsable date → '1211115798'
[2025-08-20 14:14:25] ⚠️ Row 1668: Unparsable date → '1211132200'
[2025-08-20 14:14:25] ⚠️ Row 1669: Unparsable date → '1211146608'
[2025-08-20 14:14:25] ⚠️ Row 1670: Unparsable date → '1211148960'
[2025-08-20 14:14:25] ⚠️ Row 1671: Unparsable date → '1211151009'
[2025-08-20 14:14:25] ⚠️ Row 1672: Unparsable date → '1211342391'
[2025-08-20 14:14:25] ⚠️ Row 1673: Unparsable date → '1211342708'
[2025-08-20 14:14:25] ⚠️ Row 1674: Unparsable date → '1211343748'
[2025-08-20 14:14:25] ⚠️ Row 1675: Unparsable date → '1211345085'
[2025-08-20 14:14:25] ⚠️ Row 1676: Unparsable date → '1211348024'
[2025-08-20 14:14:25] ⚠️ Row 1677: Unparsable date → '1211388628'
[2025-08-20 14:14:25] ⚠️ Row 1678: Unparsable date → '1211392000'
[2025-08-20 14:14:25] ⚠️ Row 1679: Unparsable date → '1211392814'
[2025-08-20 14:14:25] ⚠️ Row 1680: Unparsable date → '1211396280'
[2025-08-20 14:14:25] ⚠️ Row 1681: Unparsable date → '1211421253'
[2025-08-20 14:14:25] ⚠️ Row 1682: Unparsable date → '1211426384'
[2025-08-20 14:14:25] ⚠️ Row 1683: Unparsable date → '1211441957'
[2025-08-20 14:14:25] ⚠️ Row 1684: Unparsable date → '1211447800'
[2025-08-20 14:14:25] ⚠️ Row 1685: Unparsable date → '1211449131'
[2025-08-20 14:14:25] ⚠️ Row 1686: Unparsable date → '1212428263'
[2025-08-20 14:14:25] ⚠️ Row 1687: Unparsable date → '1212428271'
[2025-08-20 14:14:25] ⚠️ Row 1688: Unparsable date → '1212428633'
[2025-08-20 14:14:25] ⚠️ Row 1689: Unparsable date → '1212428636'
[2025-08-20 14:14:25] ⚠️ Row 1690: Unparsable date → '1212429045'
[2025-08-20 14:14:25] ⚠️ Row 1691: Unparsable date → '1212429057'
[2025-08-20 14:14:25] ⚠️ Row 1692: Unparsable date → '1214002906'
[2025-08-20 14:14:25] ⚠️ Row 1693: Unparsable date → '1214002917'
[2025-08-20 14:14:25] ⚠️ Row 1694: Unparsable date → '1214386161'
[2025-08-20 14:14:25] ⚠️ Row 1695: Unparsable date → '1214400951'
[2025-08-20 14:14:25] ⚠️ Row 1696: Unparsable date → '1214412838'
[2025-08-20 14:14:25] ⚠️ Row 1697: Unparsable date → '1214413993'
[2025-08-20 14:14:25] ⚠️ Row 1698: Unparsable date → '1214414712'
[2025-08-20 14:14:25] ⚠️ Row 1699: Unparsable date → '1214582051'
[2025-08-20 14:14:25] ⚠️ Row 1700: Unparsable date → '1215003212'
[2025-08-20 14:14:25] ⚠️ Row 1701: Unparsable date → '1215123222'
[2025-08-20 14:14:25] ⚠️ Row 1702: Unparsable date → '1215240769'
[2025-08-20 14:14:25] ⚠️ Row 1703: Unparsable date → '1215437944'
[2025-08-20 14:14:25] ⚠️ Row 1704: Unparsable date → '1216678231'
[2025-08-20 14:14:25] ⚠️ Row 1705: Unparsable date → '1216708425'
[2025-08-20 14:14:25] ⚠️ Row 1706: Unparsable date → '1216761348'
[2025-08-20 14:14:25] ⚠️ Row 1707: Unparsable date → '1217148008'
[2025-08-20 14:14:25] ⚠️ Row 1708: Unparsable date → '1217206867'
[2025-08-20 14:14:25] ⚠️ Row 1709: Unparsable date → '1217771145'
[2025-08-20 14:14:25] ⚠️ Row 1710: Unparsable date → '1217800205'
[2025-08-20 14:14:25] ⚠️ Row 1711: Unparsable date → '1217994566'
[2025-08-20 14:14:25] ⚠️ Row 1712: Unparsable date → '1217995518'
[2025-08-20 14:14:25] ⚠️ Row 1713: Unparsable date → '1217999601'
[2025-08-20 14:14:25] ⚠️ Row 1714: Unparsable date → '1218002645'
[2025-08-20 14:14:25] ⚠️ Row 1715: Unparsable date → '1218003955'
[2025-08-20 14:14:25] ⚠️ Row 1716: Unparsable date → '1218004856'
[2025-08-20 14:14:25] ⚠️ Row 1717: Unparsable date → '1218298345'
[2025-08-20 14:14:25] ⚠️ Row 1718: Unparsable date → '1218360474'
[2025-08-20 14:14:25] ⚠️ Row 1719: Unparsable date → '1218525101'
[2025-08-20 14:14:25] ⚠️ Row 1720: Unparsable date → '1218894737'
[2025-08-20 14:14:25] ⚠️ Row 1721: Unparsable date → '1218895848'
[2025-08-20 14:14:25] ⚠️ Row 1722: Unparsable date → '1219014184'
[2025-08-20 14:14:25] ⚠️ Row 1723: Unparsable date → '1219235055'
[2025-08-20 14:14:25] ⚠️ Row 1724: Unparsable date → '1219248841'
[2025-08-20 14:14:25] ⚠️ Row 1725: Unparsable date → '1221280102'
[2025-08-20 14:14:25] ⚠️ Row 1726: Unparsable date → '1221632927'
[2025-08-20 14:14:25] ⚠️ Row 1727: Unparsable date → '1221724814'
[2025-08-20 14:14:25] ⚠️ Row 1728: Unparsable date → '1221732677'
[2025-08-20 14:14:25] ⚠️ Row 1729: Unparsable date → '1222222565'
[2025-08-20 14:14:25] ⚠️ Row 1730: Unparsable date → '1222234374'
[2025-08-20 14:14:25] ⚠️ Row 1731: Unparsable date → '1222730248'
[2025-08-20 14:14:25] ⚠️ Row 1732: Unparsable date → '1222730658'
[2025-08-20 14:14:25] ⚠️ Row 1733: Unparsable date → '1222779083'
[2025-08-20 14:14:25] ⚠️ Row 1734: Unparsable date → '1224220523'
[2025-08-20 14:14:25] ⚠️ Row 1735: Unparsable date → '1224343669'
[2025-08-20 14:14:25] ⚠️ Row 1736: Unparsable date → '1224396984'
[2025-08-20 14:14:25] ⚠️ Row 1737: Unparsable date → '1224468895'
[2025-08-20 14:14:25] ⚠️ Row 1738: Unparsable date → '1224468911'
[2025-08-20 14:14:25] ⚠️ Row 1739: Unparsable date → '1224849697'
[2025-08-20 14:14:25] ⚠️ Row 1740: Unparsable date → '1224897894'
[2025-08-20 14:14:25] ⚠️ Row 1741: Unparsable date → '1224936612'
[2025-08-20 14:14:25] ⚠️ Row 1742: Unparsable date → '1225133947'
[2025-08-20 14:14:25] ⚠️ Row 1743: Unparsable date → '1225135317'
[2025-08-20 14:14:25] ⚠️ Row 1744: Unparsable date → '1225137645'
[2025-08-20 14:14:25] ⚠️ Row 1745: Unparsable date → '1225141165'
[2025-08-20 14:14:25] ⚠️ Row 1746: Unparsable date → '1225151649'
[2025-08-20 14:14:25] ⚠️ Row 1747: Unparsable date → '1225354017'
[2025-08-20 14:14:25] ⚠️ Row 1748: Unparsable date → '1225368193'
[2025-08-20 14:14:25] ⚠️ Row 1749: Unparsable date → '1225375062'
[2025-08-20 14:14:25] ⚠️ Row 1750: Unparsable date → '1225624009'
[2025-08-20 14:14:25] ⚠️ Row 1751: Unparsable date → '1225664861'
[2025-08-20 14:14:25] ⚠️ Row 1752: Unparsable date → '1225902619'
[2025-08-20 14:14:25] ⚠️ Row 1753: Unparsable date → '1226158521'
[2025-08-20 14:14:25] ⚠️ Row 1754: Unparsable date → '1226257731'
[2025-08-20 14:14:25] ⚠️ Row 1755: Unparsable date → '1226427033'
[2025-08-20 14:14:25] ⚠️ Row 1756: Unparsable date → '1226494022'
[2025-08-20 14:14:25] ⚠️ Row 1757: Unparsable date → '1226495434'
[2025-08-20 14:14:25] ⚠️ Row 1758: Unparsable date → '1226501255'
[2025-08-20 14:14:25] ⚠️ Row 1759: Unparsable date → '1226504889'
[2025-08-20 14:14:25] ⚠️ Row 1760: Unparsable date → '1226511546'
[2025-08-20 14:14:25] ⚠️ Row 1761: Unparsable date → '1226514569'
[2025-08-20 14:14:25] ⚠️ Row 1762: Unparsable date → '1226520221'
[2025-08-20 14:14:25] ⚠️ Row 1763: Unparsable date → '1226531737'
[2025-08-20 14:14:25] ⚠️ Row 1764: Unparsable date → '1226532666'
[2025-08-20 14:14:25] ⚠️ Row 1765: Unparsable date → '1226535360'
[2025-08-20 14:14:25] ⚠️ Row 1766: Unparsable date → '1226538431'
[2025-08-20 14:14:25] ⚠️ Row 1767: Unparsable date → '1226545948'
[2025-08-20 14:14:25] ⚠️ Row 1768: Unparsable date → '1226555061'
[2025-08-20 14:14:25] ⚠️ Row 1769: Unparsable date → '1226556889'
[2025-08-20 14:14:25] ⚠️ Row 1770: Unparsable date → '1226561764'
[2025-08-20 14:14:25] ⚠️ Row 1771: Unparsable date → '1226563695'
[2025-08-20 14:14:25] ⚠️ Row 1772: Unparsable date → '1226566969'
[2025-08-20 14:14:25] ⚠️ Row 1773: Unparsable date → '1226567376'
[2025-08-20 14:14:25] ⚠️ Row 1774: Unparsable date → '1226567602'
[2025-08-20 14:14:25] ⚠️ Row 1775: Unparsable date → '1226675359'
[2025-08-20 14:14:25] ⚠️ Row 1776: Unparsable date → '1227482769'
[2025-08-20 14:14:25] ⚠️ Row 1777: Unparsable date → '1227486730'
[2025-08-20 14:14:25] ⚠️ Row 1778: Unparsable date → '1227552795'
[2025-08-20 14:14:25] ⚠️ Row 1779: Unparsable date → '1227566209'
[2025-08-20 14:14:25] ⚠️ Row 1780: Unparsable date → '1227576305'
[2025-08-20 14:14:25] ⚠️ Row 1781: Unparsable date → '1227579178'
[2025-08-20 14:14:25] ⚠️ Row 1782: Unparsable date → '1228853459'
[2025-08-20 14:14:25] ⚠️ Row 1783: Unparsable date → '1228856946'
[2025-08-20 14:14:25] ⚠️ Row 1784: Unparsable date → '1228875640'
[2025-08-20 14:14:25] ⚠️ Row 1785: Unparsable date → '1228917150'
[2025-08-20 14:14:25] ⚠️ Row 1786: Unparsable date → '1228930555'
[2025-08-20 14:14:25] ⚠️ Row 1787: Unparsable date → '1229005039'
[2025-08-20 14:14:25] ⚠️ Row 1788: Unparsable date → '1229422643'
[2025-08-20 14:14:25] ⚠️ Row 1789: Unparsable date → '1229428855'
[2025-08-20 14:14:25] ⚠️ Row 1790: Unparsable date → '1229435466'
[2025-08-20 14:14:25] ⚠️ Row 1791: Unparsable date → '1229450060'
[2025-08-20 14:14:25] ⚠️ Row 1792: Unparsable date → '1229456789'
[2025-08-20 14:14:25] ⚠️ Row 1793: Unparsable date → '1229462877'
[2025-08-20 14:14:25] ⚠️ Row 1794: Unparsable date → '1229500918'
[2025-08-20 14:14:25] ⚠️ Row 1795: Unparsable date → '1229504457'
[2025-08-20 14:14:25] ⚠️ Row 1796: Unparsable date → '1229510863'
[2025-08-20 14:14:25] ⚠️ Row 1797: Unparsable date → '1229879386'
[2025-08-20 14:14:25] ⚠️ Row 1798: Unparsable date → '1231485260'
[2025-08-20 14:14:25] ⚠️ Row 1799: Unparsable date → '1231503915'
[2025-08-20 14:14:25] ⚠️ Row 1800: Unparsable date → '1231505184'
[2025-08-20 14:14:25] ⚠️ Row 1801: Unparsable date → '1232440090'
[2025-08-20 14:14:25] ⚠️ Row 1802: Unparsable date → '1232440709'
[2025-08-20 14:14:25] ⚠️ Row 1803: Unparsable date → '1232445955'
[2025-08-20 14:14:25] ⚠️ Row 1804: Unparsable date → '1232527117'
[2025-08-20 14:14:25] ⚠️ Row 1805: Unparsable date → '1232533375'
[2025-08-20 14:14:25] ⚠️ Row 1806: Unparsable date → '1232563031'
[2025-08-20 14:14:25] ⚠️ Row 1807: Unparsable date → '1232567257'
[2025-08-20 14:14:25] ⚠️ Row 1808: Unparsable date → '1232571391'
[2025-08-20 14:14:25] ⚠️ Row 1809: Unparsable date → '1233692768'
[2025-08-20 14:14:25] ⚠️ Row 1810: Unparsable date → '1234000830'
[2025-08-20 14:14:25] ⚠️ Row 1811: Unparsable date → '1234005792'
[2025-08-20 14:14:25] ⚠️ Row 1812: Unparsable date → '1234006702'
[2025-08-20 14:14:25] ⚠️ Row 1813: Unparsable date → '1234017043'
[2025-08-20 14:14:25] ⚠️ Row 1814: Unparsable date → '1235003210'
[2025-08-20 14:14:25] ⚠️ Row 1815: Unparsable date → '1235029767'
[2025-08-20 14:14:25] ⚠️ Row 1816: Unparsable date → '1235406341'
[2025-08-20 14:14:25] ⚠️ Row 1817: Unparsable date → '1235908120'
[2025-08-20 14:14:25] ⚠️ Row 1818: Unparsable date → '1235913519'
[2025-08-20 14:14:25] ⚠️ Row 1819: Unparsable date → '1238746562'
[2025-08-20 14:14:25] ⚠️ Row 1820: Unparsable date → '1238746926'
[2025-08-20 14:14:25] ⚠️ Row 1821: Unparsable date → '1238747776'
[2025-08-20 14:14:25] ⚠️ Row 1822: Unparsable date → '1238806130'
[2025-08-20 14:14:25] ⚠️ Row 1823: Unparsable date → '1238806323'
[2025-08-20 14:14:25] ⚠️ Row 1824: Unparsable date → '1238867767'
[2025-08-20 14:14:25] ⚠️ Row 1825: Unparsable date → '1238867791'
[2025-08-20 14:14:25] ⚠️ Row 1826: Unparsable date → '1238919986'
[2025-08-20 14:14:25] ⚠️ Row 1827: Unparsable date → '1238923791'
[2025-08-20 14:14:25] ⚠️ Row 1828: Unparsable date → '1238973608'
[2025-08-20 14:14:25] ⚠️ Row 1829: Unparsable date → '1238996776'
[2025-08-20 14:14:25] ⚠️ Row 1830: Unparsable date → '1239263359'
[2025-08-20 14:14:25] ⚠️ Row 1831: Unparsable date → '1239269536'
[2025-08-20 14:14:25] ⚠️ Row 1832: Unparsable date → '1239275786'
[2025-08-20 14:14:25] ⚠️ Row 1833: Unparsable date → '1239281235'
[2025-08-20 14:14:25] ⚠️ Row 1834: Unparsable date → '1239400478'
[2025-08-20 14:14:25] ⚠️ Row 1835: Unparsable date → '1239404463'
[2025-08-20 14:14:25] ⚠️ Row 1836: Unparsable date → '1239404520'
[2025-08-20 14:14:25] ⚠️ Row 1837: Unparsable date → '1239468432'
[2025-08-20 14:14:25] ⚠️ Row 1838: Unparsable date → '1240060627'
[2025-08-20 14:14:25] ⚠️ Row 1839: Unparsable date → '1240060854'
[2025-08-20 14:14:25] ⚠️ Row 1840: Unparsable date → '1240090204'
[2025-08-20 14:14:25] ⚠️ Row 1841: Unparsable date → '1240090219'
[2025-08-20 14:14:25] ⚠️ Row 1842: Unparsable date → '1240144930'
[2025-08-20 14:14:25] ⚠️ Row 1843: Unparsable date → '1240144946'
[2025-08-20 14:14:25] ⚠️ Row 1844: Unparsable date → '1240366073'
[2025-08-20 14:14:25] ⚠️ Row 1845: Unparsable date → '1240366082'
[2025-08-20 14:14:25] ⚠️ Row 1846: Unparsable date → '1240452276'
[2025-08-20 14:14:25] ⚠️ Row 1847: Unparsable date → '1240452281'
[2025-08-20 14:14:25] ⚠️ Row 1848: Unparsable date → '1240460569'
[2025-08-20 14:14:25] ⚠️ Row 1849: Unparsable date → '1240460572'
[2025-08-20 14:14:25] ⚠️ Row 1850: Unparsable date → '1240469186'
[2025-08-20 14:14:25] ⚠️ Row 1851: Unparsable date → '1240469191'
[2025-08-20 14:14:25] ⚠️ Row 1852: Unparsable date → '1240471894'
[2025-08-20 14:14:25] ⚠️ Row 1853: Unparsable date → '1240471898'
[2025-08-20 14:14:25] ⚠️ Row 1854: Unparsable date → '1240474809'
[2025-08-20 14:14:25] ⚠️ Row 1855: Unparsable date → '1240474936'
[2025-08-20 14:14:25] ⚠️ Row 1856: Unparsable date → '1240477200'
[2025-08-20 14:14:25] ⚠️ Row 1857: Unparsable date → '1240521559'
[2025-08-20 14:14:25] ⚠️ Row 1858: Unparsable date → '1240569412'
[2025-08-20 14:14:25] ⚠️ Row 1859: Unparsable date → '1240569538'
[2025-08-20 14:14:25] ⚠️ Row 1860: Unparsable date → '1241025504'
[2025-08-20 14:14:25] ⚠️ Row 1861: Unparsable date → '1241025622'
[2025-08-20 14:14:25] ⚠️ Row 1862: Unparsable date → '1241025626'
[2025-08-20 14:14:25] ⚠️ Row 1863: Unparsable date → '1242121721'
[2025-08-20 14:14:25] ⚠️ Row 1864: Unparsable date → '1242121836'
[2025-08-20 14:14:25] ⚠️ Row 1865: Unparsable date → '1242121961'
[2025-08-20 14:14:25] ⚠️ Row 1866: Unparsable date → '1242141039'
[2025-08-20 14:14:25] ⚠️ Row 1867: Unparsable date → '1242158198'
[2025-08-20 14:14:25] ⚠️ Row 1868: Unparsable date → '1242184404'
[2025-08-20 14:14:25] ⚠️ Row 1869: Unparsable date → '1242270818'
[2025-08-20 14:14:26] ⚠️ Row 1870: Unparsable date → '1242271019'
[2025-08-20 14:14:26] ⚠️ Row 1871: Unparsable date → '1242443668'
[2025-08-20 14:14:26] ⚠️ Row 1872: Unparsable date → '1242538350'
[2025-08-20 14:14:26] ⚠️ Row 1873: Unparsable date → '1242614232'
[2025-08-20 14:14:26] ⚠️ Row 1874: Unparsable date → '1242626062'
[2025-08-20 14:14:26] ⚠️ Row 1875: Unparsable date → '1242680908'
[2025-08-20 14:14:26] ⚠️ Row 1876: Unparsable date → '1243063301'
[2025-08-20 14:14:26] ⚠️ Row 1877: Unparsable date → '1243074052'
[2025-08-20 14:14:26] ⚠️ Row 1878: Unparsable date → '1243398879'
[2025-08-20 14:14:26] ⚠️ Row 1879: Unparsable date → '1243426627'
[2025-08-20 14:14:26] ⚠️ Row 1880: Unparsable date → '1243650374'
[2025-08-20 14:14:26] ⚠️ Row 1881: Unparsable date → '1243686788'
[2025-08-20 14:14:26] ⚠️ Row 1882: Unparsable date → '1243777558'
[2025-08-20 14:14:26] ⚠️ Row 1883: Unparsable date → '1243842080'
[2025-08-20 14:14:26] ⚠️ Row 1884: Unparsable date → '1243842083'
[2025-08-20 14:14:26] ⚠️ Row 1885: Unparsable date → '1243842262'
[2025-08-20 14:14:26] ⚠️ Row 1886: Unparsable date → '1244019907'
[2025-08-20 14:14:26] ⚠️ Row 1887: Unparsable date → '1244019954'
[2025-08-20 14:14:26] ⚠️ Row 1888: Unparsable date → '1244020432'
[2025-08-20 14:14:26] ⚠️ Row 1889: Unparsable date → '1244020433'
[2025-08-20 14:14:26] ⚠️ Row 1890: Unparsable date → '1244023573'
[2025-08-20 14:14:26] ⚠️ Row 1891: Unparsable date → '1244023841'
[2025-08-20 14:14:26] ⚠️ Row 1892: Unparsable date → '1244032936'
[2025-08-20 14:14:26] ⚠️ Row 1893: Unparsable date → '1244048045'
[2025-08-20 14:14:26] ⚠️ Row 1894: Unparsable date → '1244048853'
[2025-08-20 14:14:26] ⚠️ Row 1895: Unparsable date → '1244059962'
[2025-08-20 14:14:26] ⚠️ Row 1896: Unparsable date → '1244060088'
[2025-08-20 14:14:26] ⚠️ Row 1897: Unparsable date → '1244060171'
[2025-08-20 14:14:26] ⚠️ Row 1898: Unparsable date → '1244064411'
[2025-08-20 14:14:26] ⚠️ Row 1899: Unparsable date → '1244066016'
[2025-08-20 14:14:26] ⚠️ Row 1900: Unparsable date → '1244075412'
[2025-08-20 14:14:26] ⚠️ Row 1901: Unparsable date → '1244081068'
[2025-08-20 14:14:26] ⚠️ Row 1902: Unparsable date → '1244291068'
[2025-08-20 14:14:26] ⚠️ Row 1903: Unparsable date → '1244291159'
[2025-08-20 14:14:26] ⚠️ Row 1904: Unparsable date → '1244369621'
[2025-08-20 14:14:26] ⚠️ Row 1905: Unparsable date → '1244370552'
[2025-08-20 14:14:26] ⚠️ Row 1906: Unparsable date → '1244371801'
[2025-08-20 14:14:26] ⚠️ Row 1907: Unparsable date → '1244376060'
[2025-08-20 14:14:26] ⚠️ Row 1908: Unparsable date → '1244390011'
[2025-08-20 14:14:26] ⚠️ Row 1909: Unparsable date → '1244466849'
[2025-08-20 14:14:26] ⚠️ Row 1910: Unparsable date → '1244504553'
[2025-08-20 14:14:26] ⚠️ Row 1911: Unparsable date → '1244693157'
[2025-08-20 14:14:26] ⚠️ Row 1912: Unparsable date → '1244765288'
[2025-08-20 14:14:26] ⚠️ Row 1913: Unparsable date → '1244791866'
[2025-08-20 14:14:26] ⚠️ Row 1914: Unparsable date → '1245346397'
[2025-08-20 14:14:26] ⚠️ Row 1915: Unparsable date → '1245665066'
[2025-08-20 14:14:26] ⚠️ Row 1916: Unparsable date → '1245697787'
[2025-08-20 14:14:26] ⚠️ Row 1917: Unparsable date → '1245973457'
[2025-08-20 14:14:26] ⚠️ Row 1918: Unparsable date → '1245984472'
[2025-08-20 14:14:26] ⚠️ Row 1919: Unparsable date → '1245987432'
[2025-08-20 14:14:26] ⚠️ Row 1920: Unparsable date → '1246072912'
[2025-08-20 14:14:26] ⚠️ Row 1921: Unparsable date → '1246078195'
[2025-08-20 14:14:26] ⚠️ Row 1922: Unparsable date → '1246108067'
[2025-08-20 14:14:26] ⚠️ Row 1923: Unparsable date → '1246126219'
[2025-08-20 14:14:26] ⚠️ Row 1924: Unparsable date → '1246130086'
[2025-08-20 14:14:26] ⚠️ Row 1925: Unparsable date → '1246170618'
[2025-08-20 14:14:26] ⚠️ Row 1926: Unparsable date → '1246174040'
[2025-08-20 14:14:26] ⚠️ Row 1927: Unparsable date → '1246364064'
[2025-08-20 14:14:26] ⚠️ Row 1928: Unparsable date → '1246364768'
[2025-08-20 14:14:26] ⚠️ Row 1929: Unparsable date → '1246367769'
[2025-08-20 14:14:26] ⚠️ Row 1930: Unparsable date → '1246544845'
[2025-08-20 14:14:26] ⚠️ Row 1931: Unparsable date → '1246567314'
[2025-08-20 14:14:26] ⚠️ Row 1932: Unparsable date → '1246570800'
[2025-08-20 14:14:26] ⚠️ Row 1933: Unparsable date → '1246577627'
[2025-08-20 14:14:26] ⚠️ Row 1934: Unparsable date → '1246951033'
[2025-08-20 14:14:26] ⚠️ Row 1935: Unparsable date → '1247066212'
[2025-08-20 14:14:26] ⚠️ Row 1936: Unparsable date → '1248916110'
[2025-08-20 14:14:26] ⚠️ Row 1937: Unparsable date → '1249747582'
[2025-08-20 14:14:26] ⚠️ Row 1938: Unparsable date → '1249749280'
[2025-08-20 14:14:26] ⚠️ Row 1939: Unparsable date → '1249765522'
[2025-08-20 14:14:26] ⚠️ Row 1940: Unparsable date → '1249766558'
[2025-08-20 14:14:26] ⚠️ Row 1941: Unparsable date → '1249767408'
[2025-08-20 14:14:26] ⚠️ Row 1942: Unparsable date → '1249768283'
[2025-08-20 14:14:26] ⚠️ Row 1943: Unparsable date → '1249800844'
[2025-08-20 14:14:26] ⚠️ Row 1944: Unparsable date → '1249802902'
[2025-08-20 14:14:26] ⚠️ Row 1945: Unparsable date → '1249839728'
[2025-08-20 14:14:26] ⚠️ Row 1946: Unparsable date → '1249841081'
[2025-08-20 14:14:26] ⚠️ Row 1947: Unparsable date → '1249883250'
[2025-08-20 14:14:26] ⚠️ Row 1948: Unparsable date → '1249885634'
[2025-08-20 14:14:26] ⚠️ Row 1949: Unparsable date → '1249946705'
[2025-08-20 14:14:26] ⚠️ Row 1950: Unparsable date → '1251955819'
[2025-08-20 14:14:26] ⚠️ Row 1951: Unparsable date → '1253309729'
[2025-08-20 14:14:26] ⚠️ Row 1952: Unparsable date → '1253316419'
[2025-08-20 14:14:26] ⚠️ Row 1953: Unparsable date → '1253319419'
[2025-08-20 14:14:26] ⚠️ Row 1954: Unparsable date → '1253322018'
[2025-08-20 14:14:26] ⚠️ Row 1955: Unparsable date → '1253328685'
[2025-08-20 14:14:26] ⚠️ Row 1956: Unparsable date → '1253361906'
[2025-08-20 14:14:26] ⚠️ Row 1957: Unparsable date → '1253437824'
[2025-08-20 14:14:26] ⚠️ Row 1958: Unparsable date → '1254621625'
[2025-08-20 14:14:26] ⚠️ Row 1959: Unparsable date → '1254626906'
[2025-08-20 14:14:26] ⚠️ Row 1960: Unparsable date → '1255985837'
[2025-08-20 14:14:26] ⚠️ Row 1961: Unparsable date → '1255994590'
[2025-08-20 14:14:26] ⚠️ Row 1962: Unparsable date → '1255997786'
[2025-08-20 14:14:26] ⚠️ Row 1963: Unparsable date → '1256045300'
[2025-08-20 14:14:26] ⚠️ Row 1964: Unparsable date → '1256474521'
[2025-08-20 14:14:26] ⚠️ Row 1965: Unparsable date → '1256489804'
[2025-08-20 14:14:26] ⚠️ Row 1966: Unparsable date → '1258711665'
[2025-08-20 14:14:26] ⚠️ Row 1967: Unparsable date → '1258765564'
[2025-08-20 14:14:26] ⚠️ Row 1968: Unparsable date → '1259568097'
[2025-08-20 14:14:26] ⚠️ Row 1969: Unparsable date → '1259571099'
[2025-08-20 14:14:26] ⚠️ Row 1970: Unparsable date → '1259586562'
[2025-08-20 14:14:26] ⚠️ Row 1971: Unparsable date → '1259587575'
[2025-08-20 14:14:26] ⚠️ Row 1972: Unparsable date → '1259592594'
[2025-08-20 14:14:26] ⚠️ Row 1973: Unparsable date → '1259593519'
[2025-08-20 14:14:26] ⚠️ Row 1974: Unparsable date → '1259600418'
[2025-08-20 14:14:26] ⚠️ Row 1975: Unparsable date → '1259604464'
[2025-08-20 14:14:26] ⚠️ Row 1976: Unparsable date → '1259605556'
[2025-08-20 14:14:26] ⚠️ Row 1977: Unparsable date → '1262755053'
[2025-08-20 14:14:26] ⚠️ Row 1978: Unparsable date → '1262757122'
[2025-08-20 14:14:26] ⚠️ Row 1979: Unparsable date → '1262766219'
[2025-08-20 14:14:26] ⚠️ Row 1980: Unparsable date → '1262824367'
[2025-08-20 14:14:26] ⚠️ Row 1981: Unparsable date → '1262828586'
[2025-08-20 14:14:26] ⚠️ Row 1982: Unparsable date → '1262830708'
[2025-08-20 14:14:26] ⚠️ Row 1983: Unparsable date → '1268328857'
[2025-08-20 14:14:26] ⚠️ Row 1984: Unparsable date → '1268452176'
[2025-08-20 14:14:26] ⚠️ Row 1985: Unparsable date → '1268476394'
[2025-08-20 14:14:26] ⚠️ Row 1986: Unparsable date → '1268478997'
[2025-08-20 14:14:26] ⚠️ Row 1987: Unparsable date → '1268521804'
[2025-08-20 14:14:26] ⚠️ Row 1988: Unparsable date → '1269484105'
[2025-08-20 14:14:26] ⚠️ Row 1989: Unparsable date → '1269494580'
[2025-08-20 14:14:26] ⚠️ Row 1990: Unparsable date → '1272088139'
[2025-08-20 14:14:26] ⚠️ Row 1991: Unparsable date → '1275102845'
[2025-08-20 14:14:26] ⚠️ Row 1992: Unparsable date → '1281793405'
[2025-08-20 14:14:26] ⚠️ Row 1993: Unparsable date → '1281825170'
[2025-08-20 14:14:26] ⚠️ Row 1994: Unparsable date → '1281826141'
[2025-08-20 14:14:26] ⚠️ Row 1995: Unparsable date → '1281827292'
[2025-08-20 14:14:26] ⚠️ Row 1996: Unparsable date → '1281839065'
[2025-08-20 14:14:26] ⚠️ Row 1997: Unparsable date → '1282251176'
[2025-08-20 14:14:26] ⚠️ Row 1998: Unparsable date → '1282636539'
[2025-08-20 14:14:26] ⚠️ Row 1999: Unparsable date → '1284720026'
[2025-08-20 14:14:26] ⚠️ Row 2000: Unparsable date → '1284722054'
[2025-08-20 14:14:26] ⚠️ Row 2001: Unparsable date → '1284724160'
[2025-08-20 14:14:26] ⚠️ Row 2002: Unparsable date → '1284730111'
[2025-08-20 14:14:26] ⚠️ Row 2003: Unparsable date → '1284743485'
[2025-08-20 14:14:26] ⚠️ Row 2004: Unparsable date → '1284746969'
[2025-08-20 14:14:26] ⚠️ Row 2005: Unparsable date → '1284752049'
[2025-08-20 14:14:26] ⚠️ Row 2006: Unparsable date → '1285471044'
[2025-08-20 14:14:26] ⚠️ Row 2007: Unparsable date → '1285475621'
[2025-08-20 14:14:26] ⚠️ Row 2008: Unparsable date → '1290884627'
[2025-08-20 14:14:26] ⚠️ Row 2009: Unparsable date → '1290890975'
[2025-08-20 14:14:26] ⚠️ Row 2010: Unparsable date → '1290894563'
[2025-08-20 14:14:26] ⚠️ Row 2011: Unparsable date → '1290898341'
[2025-08-20 14:14:26] ⚠️ Row 2012: Unparsable date → '1290908217'
[2025-08-20 14:14:26] ⚠️ Row 2013: Unparsable date → '1291244227'
[2025-08-20 14:14:26] ⚠️ Row 2014: Unparsable date → '1291247322'
[2025-08-20 14:14:26] ⚠️ Row 2015: Unparsable date → '1291249811'
[2025-08-20 14:14:26] ⚠️ Row 2016: Unparsable date → '1291251290'
[2025-08-20 14:14:26] ⚠️ Row 2017: Unparsable date → '1291252492'
[2025-08-20 14:14:26] ⚠️ Row 2018: Unparsable date → '1291255409'
[2025-08-20 14:14:26] ⚠️ Row 2019: Unparsable date → '1291262527'
[2025-08-20 14:14:26] ⚠️ Row 2020: Unparsable date → '1291298197'
[2025-08-20 14:14:26] ⚠️ Row 2021: Unparsable date → '1297506033'
[2025-08-20 14:14:26] ⚠️ Row 2022: Unparsable date → '1306127655'
[2025-08-20 14:14:26] ⚠️ Row 2023: Unparsable date → '1306593281'
[2025-08-20 14:14:26] ⚠️ Row 2024: Unparsable date → '1306770950'
[2025-08-20 14:14:26] ⚠️ Row 2025: Unparsable date → '1306779328'
[2025-08-20 14:14:26] ⚠️ Row 2026: Unparsable date → '1307085080'
[2025-08-20 14:14:26] ⚠️ Row 2027: Unparsable date → '1307094364'
[2025-08-20 14:14:26] ⚠️ Row 2028: Unparsable date → '1307106638'
[2025-08-20 14:14:26] ⚠️ Row 2029: Unparsable date → '1307119464'
[2025-08-20 14:14:26] ⚠️ Row 2030: Unparsable date → '1307122553'
[2025-08-20 14:14:26] ⚠️ Row 2031: Unparsable date → '1307132121'
[2025-08-20 14:14:26] ⚠️ Row 2032: Unparsable date → '1307141570'
[2025-08-20 14:14:26] ⚠️ Row 2033: Unparsable date → '1307151746'
[2025-08-20 14:14:26] ⚠️ Row 2034: Unparsable date → '1307608427'
[2025-08-20 14:14:26] ⚠️ Row 2035: Unparsable date → '1308149819'
[2025-08-20 14:14:26] ⚠️ Row 2036: Unparsable date → '1308161665'
[2025-08-20 14:14:26] ⚠️ Row 2037: Unparsable date → '1308195909'
[2025-08-20 14:14:26] ⚠️ Row 2038: Unparsable date → '1308199488'
[2025-08-20 14:14:26] ⚠️ Row 2039: Unparsable date → '1309920281'
[2025-08-20 14:14:26] ⚠️ Row 2040: Unparsable date → '1315906364'
[2025-08-20 14:14:26] ⚠️ Row 2041: Unparsable date → '1316005294'
[2025-08-20 14:14:26] ⚠️ Row 2042: Unparsable date → '1320434057'
[2025-08-20 14:14:26] ⚠️ Row 2043: Unparsable date → '1320902539'
[2025-08-20 14:14:26] ⚠️ Row 2044: Unparsable date → '1321913532'
[2025-08-20 14:14:26] ⚠️ Row 2045: Unparsable date → '1321915175'
[2025-08-20 14:14:26] ⚠️ Row 2046: Unparsable date → '1321918366'
[2025-08-20 14:14:26] ⚠️ Row 2047: Unparsable date → '1321924563'
[2025-08-20 14:14:26] ⚠️ Row 2048: Unparsable date → '1321928758'
[2025-08-20 14:14:26] ⚠️ Row 2049: Unparsable date → '1322300878'
[2025-08-20 14:14:26] ⚠️ Row 2050: Unparsable date → '1322416414'
[2025-08-20 14:14:26] ⚠️ Row 2051: Unparsable date → '1322436167'
[2025-08-20 14:14:26] ⚠️ Row 2052: Unparsable date → '1322437320'
[2025-08-20 14:14:26] ⚠️ Row 2053: Unparsable date → '1322438380'
[2025-08-20 14:14:26] ⚠️ Row 2054: Unparsable date → '1322442207'
[2025-08-20 14:14:26] ⚠️ Row 2055: Unparsable date → '1322463019'
[2025-08-20 14:14:26] ⚠️ Row 2056: Unparsable date → '1322468314'
[2025-08-20 14:14:26] ⚠️ Row 2057: Unparsable date → '1322473024'
[2025-08-20 14:14:26] ⚠️ Row 2058: Unparsable date → '1323276799'
[2025-08-20 14:14:26] ⚠️ Row 2059: Unparsable date → '1324371114'
[2025-08-20 14:14:26] ⚠️ Row 2060: Unparsable date → '1325358966'
[2025-08-20 14:14:26] ⚠️ Row 2061: Unparsable date → '1326091402'
[2025-08-20 14:14:26] ⚠️ Row 2062: Unparsable date → '1326116677'
[2025-08-20 14:14:26] ⚠️ Row 2063: Unparsable date → '1326362432'
[2025-08-20 14:14:26] ⚠️ Row 2064: Unparsable date → '1326384338'
[2025-08-20 14:14:26] ⚠️ Row 2065: Unparsable date → '1326794633'
[2025-08-20 14:14:26] ⚠️ Row 2066: Unparsable date → '1327226476'
[2025-08-20 14:14:26] ⚠️ Row 2067: Unparsable date → '1327345533'
[2025-08-20 14:14:26] ⚠️ Row 2068: Unparsable date → '1327938580'
[2025-08-20 14:14:26] ⚠️ Row 2069: Unparsable date → '1327941187'
[2025-08-20 14:14:26] ⚠️ Row 2070: Unparsable date → '1327984254'
[2025-08-20 14:14:26] ⚠️ Row 2071: Unparsable date → '1327999922'
[2025-08-20 14:14:26] ⚠️ Row 2072: Unparsable date → '1328001411'
[2025-08-20 14:14:26] ⚠️ Row 2073: Unparsable date → '1328010669'
[2025-08-20 14:14:26] ⚠️ Row 2074: Unparsable date → '1328191447'
[2025-08-20 14:14:26] ⚠️ Row 2075: Unparsable date → '1328192550'
[2025-08-20 14:14:26] ⚠️ Row 2076: Unparsable date → '1328193894'
[2025-08-20 14:14:26] ⚠️ Row 2077: Unparsable date → '1328246858'
[2025-08-20 14:14:26] ⚠️ Row 2078: Unparsable date → '1328278105'
[2025-08-20 14:14:26] ⚠️ Row 2079: Unparsable date → '1328364737'
[2025-08-20 14:14:26] ⚠️ Row 2080: Unparsable date → '1328364738'
[2025-08-20 14:14:26] ⚠️ Row 2081: Unparsable date → '1328575008'
[2025-08-20 14:14:26] ⚠️ Row 2082: Unparsable date → '1328791483'
[2025-08-20 14:14:26] ⚠️ Row 2083: Unparsable date → '1328847813'
[2025-08-20 14:14:26] ⚠️ Row 2084: Unparsable date → '1328850190'
[2025-08-20 14:14:26] ⚠️ Row 2085: Unparsable date → '1328863123'
[2025-08-20 14:14:26] ⚠️ Row 2086: Unparsable date → '1328872981'
[2025-08-20 14:14:26] ⚠️ Row 2087: Unparsable date → '1328876625'
[2025-08-20 14:14:26] ⚠️ Row 2088: Unparsable date → '1328878985'
[2025-08-20 14:14:26] ⚠️ Row 2089: Unparsable date → '1328885602'
[2025-08-20 14:14:26] ⚠️ Row 2090: Unparsable date → '1328947478'
[2025-08-20 14:14:26] ⚠️ Row 2091: Unparsable date → '1328950623'
[2025-08-20 14:14:26] ⚠️ Row 2092: Unparsable date → '1328951525'
[2025-08-20 14:14:26] ⚠️ Row 2093: Unparsable date → '1329042120'
[2025-08-20 14:14:26] ⚠️ Row 2094: Unparsable date → '1329157605'
[2025-08-20 14:14:26] ⚠️ Row 2095: Unparsable date → '1330348644'
[2025-08-20 14:14:26] ⚠️ Row 2096: Unparsable date → '1330694086'
[2025-08-20 14:14:26] ⚠️ Row 2097: Unparsable date → '1331107455'
[2025-08-20 14:14:26] ⚠️ Row 2098: Unparsable date → '1331113483'
[2025-08-20 14:14:26] ⚠️ Row 2099: Unparsable date → '1331233652'
[2025-08-20 14:14:26] ⚠️ Row 2100: Unparsable date → '1331237412'
[2025-08-20 14:14:26] ⚠️ Row 2101: Unparsable date → '1331237901'
[2025-08-20 14:14:26] ⚠️ Row 2102: Unparsable date → '1331242299'
[2025-08-20 14:14:26] ⚠️ Row 2103: Unparsable date → '1331495584'
[2025-08-20 14:14:26] ⚠️ Row 2104: Unparsable date → '1331810102'
[2025-08-20 14:14:26] ⚠️ Row 2105: Unparsable date → '1332235295'
[2025-08-20 14:14:26] ⚠️ Row 2106: Unparsable date → '1332964483'
[2025-08-20 14:14:26] ⚠️ Row 2107: Unparsable date → '1332978063'
[2025-08-20 14:14:26] ⚠️ Row 2108: Unparsable date → '1332985120'
[2025-08-20 14:14:26] ⚠️ Row 2109: Unparsable date → '1332985988'
[2025-08-20 14:14:26] ⚠️ Row 2110: Unparsable date → '1332989053'
[2025-08-20 14:14:26] ⚠️ Row 2111: Unparsable date → '1332991211'
[2025-08-20 14:14:26] ⚠️ Row 2112: Unparsable date → '1332992721'
[2025-08-20 14:14:26] ⚠️ Row 2113: Unparsable date → '1334297885'
[2025-08-20 14:14:26] ⚠️ Row 2114: Unparsable date → '1334309052'
[2025-08-20 14:14:26] ⚠️ Row 2115: Unparsable date → '1334322357'
[2025-08-20 14:14:26] ⚠️ Row 2116: Unparsable date → '1334345452'
[2025-08-20 14:14:26] ⚠️ Row 2117: Unparsable date → '1334348879'
[2025-08-20 14:14:26] ⚠️ Row 2118: Unparsable date → '1334353013'
[2025-08-20 14:14:26] ⚠️ Row 2119: Unparsable date → '1334375608'
[2025-08-20 14:14:26] ⚠️ Row 2120: Unparsable date → '1334381508'
[2025-08-20 14:14:26] ⚠️ Row 2121: Unparsable date → '1334383330'
[2025-08-20 14:14:26] ⚠️ Row 2122: Unparsable date → '1334384408'
[2025-08-20 14:14:26] ⚠️ Row 2123: Unparsable date → '1334403971'
[2025-08-20 14:14:26] ⚠️ Row 2124: Unparsable date → '1334405607'
[2025-08-20 14:14:26] ⚠️ Row 2125: Unparsable date → '1334411720'
[2025-08-20 14:14:26] ⚠️ Row 2126: Unparsable date → '1334422613'
[2025-08-20 14:14:26] ⚠️ Row 2127: Unparsable date → '1334423203'
[2025-08-20 14:14:26] ⚠️ Row 2128: Unparsable date → '1334539937'
[2025-08-20 14:14:26] ⚠️ Row 2129: Unparsable date → '1334545753'
[2025-08-20 14:14:26] ⚠️ Row 2130: Unparsable date → '1334722962'
[2025-08-20 14:14:26] ⚠️ Row 2131: Unparsable date → '1334760487'
[2025-08-20 14:14:26] ⚠️ Row 2132: Unparsable date → '1334796264'
[2025-08-20 14:14:26] ⚠️ Row 2133: Unparsable date → '1334797816'
[2025-08-20 14:14:26] ⚠️ Row 2134: Unparsable date → '1334828025'
[2025-08-20 14:14:26] ⚠️ Row 2135: Unparsable date → '1334842431'
[2025-08-20 14:14:26] ⚠️ Row 2136: Unparsable date → '1334856405'
[2025-08-20 14:14:26] ⚠️ Row 2137: Unparsable date → '1334860583'
[2025-08-20 14:14:26] ⚠️ Row 2138: Unparsable date → '1334867704'
[2025-08-20 14:14:26] ⚠️ Row 2139: Unparsable date → '1334870405'
[2025-08-20 14:14:26] ⚠️ Row 2140: Unparsable date → '1334872482'
[2025-08-20 14:14:26] ⚠️ Row 2141: Unparsable date → '1334884781'
[2025-08-20 14:14:26] ⚠️ Row 2142: Unparsable date → '1334889610'
[2025-08-20 14:14:26] ⚠️ Row 2143: Unparsable date → '1334892423'
[2025-08-20 14:14:26] ⚠️ Row 2144: Unparsable date → '1334893372'
[2025-08-20 14:14:26] ⚠️ Row 2145: Unparsable date → '1334894485'
[2025-08-20 14:14:26] ⚠️ Row 2146: Unparsable date → '1334896755'
[2025-08-20 14:14:26] ⚠️ Row 2147: Unparsable date → '1334903287'
[2025-08-20 14:14:26] ⚠️ Row 2148: Unparsable date → '1334906558'
[2025-08-20 14:14:26] ⚠️ Row 2149: Unparsable date → '1337190918'
[2025-08-20 14:14:26] ⚠️ Row 2150: Unparsable date → '1337643334'
[2025-08-20 14:14:26] ⚠️ Row 2151: Unparsable date → '1337698841'
[2025-08-20 14:14:26] ⚠️ Row 2152: Unparsable date → '1338091009'
[2025-08-20 14:14:26] ⚠️ Row 2153: Unparsable date → '1338093046'
[2025-08-20 14:14:26] ⚠️ Row 2154: Unparsable date → '1338098857'
[2025-08-20 14:14:26] ⚠️ Row 2155: Unparsable date → '1338100620'
[2025-08-20 14:14:26] ⚠️ Row 2156: Unparsable date → '1338106591'
[2025-08-20 14:14:26] ⚠️ Row 2157: Unparsable date → '1338109371'
[2025-08-20 14:14:26] ⚠️ Row 2158: Unparsable date → '1338128981'
[2025-08-20 14:14:26] ⚠️ Row 2159: Unparsable date → '1338140273'
[2025-08-20 14:14:26] ⚠️ Row 2160: Unparsable date → '1338144010'
[2025-08-20 14:14:26] ⚠️ Row 2161: Unparsable date → '1338232323'
[2025-08-20 14:14:26] ⚠️ Row 2162: Unparsable date → '1338474394'
[2025-08-20 14:14:26] ⚠️ Row 2163: Unparsable date → '1338492187'
[2025-08-20 14:14:26] ⚠️ Row 2164: Unparsable date → '1338502579'
[2025-08-20 14:14:26] ⚠️ Row 2165: Unparsable date → '1338529197'
[2025-08-20 14:14:27] ⚠️ Row 2166: Unparsable date → '1338531735'
[2025-08-20 14:14:27] ⚠️ Row 2167: Unparsable date → '1338531828'
[2025-08-20 14:14:27] ⚠️ Row 2168: Unparsable date → '1338616594'
[2025-08-20 14:14:27] ⚠️ Row 2169: Unparsable date → '1340620203'
[2025-08-20 14:14:27] ⚠️ Row 2170: Unparsable date → '1342451749'
[2025-08-20 14:14:27] ⚠️ Row 2171: Unparsable date → '1342657627'
[2025-08-20 14:14:27] ⚠️ Row 2172: Unparsable date → '1347599921'
[2025-08-20 14:14:27] ⚠️ Row 2173: Unparsable date → '1348610301'
[2025-08-20 14:14:27] ⚠️ Row 2174: Unparsable date → '1349507254'
[2025-08-20 14:14:27] ⚠️ Row 2175: Unparsable date → '1349515267'
[2025-08-20 14:14:27] ⚠️ Row 2176: Unparsable date → '1351425500'
[2025-08-20 14:14:27] ⚠️ Row 2177: Unparsable date → '1351429870'
[2025-08-20 14:14:27] ⚠️ Row 2178: Unparsable date → '1351431307'
[2025-08-20 14:14:27] ⚠️ Row 2179: Unparsable date → '1351433294'
[2025-08-20 14:14:27] ⚠️ Row 2180: Unparsable date → '1351441854'
[2025-08-20 14:14:27] ⚠️ Row 2181: Unparsable date → '1351455296'
[2025-08-20 14:14:27] ⚠️ Row 2182: Unparsable date → '1351461383'
[2025-08-20 14:14:27] ⚠️ Row 2183: Unparsable date → '1365057189'
[2025-08-20 14:14:27] ⚠️ Row 2184: Unparsable date → '1365060399'
[2025-08-20 14:14:27] ⚠️ Row 2185: Unparsable date → '1365283528'
[2025-08-20 14:14:27] ⚠️ Row 2186: Unparsable date → '1365822099'
[2025-08-20 14:14:27] ⚠️ Row 2187: Unparsable date → '1365828168'
[2025-08-20 14:14:27] ⚠️ Row 2188: Unparsable date → '1366689324'
[2025-08-20 14:14:27] ⚠️ Row 2189: Unparsable date → '1366694685'
[2025-08-20 14:14:27] ⚠️ Row 2190: Unparsable date → '1366823084'
[2025-08-20 14:14:27] ⚠️ Row 2191: Unparsable date → '1366835924'
[2025-08-20 14:14:27] ⚠️ Row 2192: Unparsable date → '1366839643'
[2025-08-20 14:14:27] ⚠️ Row 2193: Unparsable date → '1366847745'
[2025-08-20 14:14:27] ⚠️ Row 2194: Unparsable date → '1367201123'
[2025-08-20 14:14:27] ⚠️ Row 2195: Unparsable date → '1380333104'
[2025-08-20 14:14:27] ⚠️ Row 2196: Unparsable date → '1380359103'
[2025-08-20 14:14:27] ⚠️ Row 2197: Unparsable date → '1388816554'
[2025-08-20 14:14:27] ⚠️ Row 2198: Unparsable date → '1390610845'
[2025-08-20 14:14:27] ⚠️ Row 2199: Unparsable date → '1390626406'
[2025-08-20 14:14:27] ⚠️ Row 2200: Unparsable date → '1390632324'
[2025-08-20 14:14:27] ⚠️ Row 2201: Unparsable date → '1390639186'
[2025-08-20 14:14:27] ⚠️ Row 2202: Unparsable date → '1390642791'
[2025-08-20 14:14:27] ⚠️ Row 2203: Unparsable date → '1390647258'
[2025-08-20 14:14:27] ⚠️ Row 2204: Unparsable date → '1390654454'
[2025-08-20 14:14:27] ⚠️ Row 2205: Unparsable date → '1390656994'
[2025-08-20 14:14:27] ⚠️ Row 2206: Unparsable date → '1406935864'
[2025-08-20 14:14:27] ⚠️ Row 2207: Unparsable date → '1420982633'
[2025-08-20 14:14:27] ⚠️ Row 2208: Unparsable date → '1421463258'
[2025-08-20 14:14:27] ⚠️ Row 2209: Unparsable date → '1421475759'
[2025-08-20 14:14:27] ⚠️ Row 2210: Unparsable date → '1421489292'
[2025-08-20 14:14:27] ⚠️ Row 2211: Unparsable date → '1423714236'
[2025-08-20 14:14:27] ⚠️ Row 2212: Unparsable date → '1423718297'
[2025-08-20 14:14:27] ⚠️ Row 2213: Unparsable date → '1423736459'
[2025-08-20 14:14:27] ⚠️ Row 2214: Unparsable date → '1423840218'
[2025-08-20 14:14:27] ⚠️ Row 2215: Unparsable date → '1425203745'
[2025-08-20 14:14:27] ⚠️ Row 2216: Unparsable date → '1425797074'
[2025-08-20 14:14:27] ⚠️ Row 2217: Unparsable date → '1426077479'
[2025-08-20 14:14:27] ⚠️ Row 2218: Unparsable date → '1494269909'
[2025-08-20 14:14:27] ⚠️ Row 2219: Unparsable date → '1505474136'
[2025-08-20 14:14:27] ⚠️ Row 2220: Unparsable date → '1505478108'
[2025-08-20 14:14:27] ⚠️ Row 2221: Unparsable date → '1505482949'
[2025-08-20 14:14:27] ⚠️ Row 2222: Unparsable date → '1505649845'
[2025-08-20 14:14:27] ⚠️ Row 2223: Unparsable date → '1506212077'
[2025-08-20 14:14:27] ⚠️ Row 2224: Unparsable date → '1506221551'
[2025-08-20 14:14:27] ⚠️ Row 2225: Unparsable date → '1506244809'
[2025-08-20 14:14:27] ⚠️ Row 2226: Unparsable date → '1506257454'
[2025-08-20 14:14:27] ⚠️ Row 2227: Unparsable date → '1506265365'
[2025-08-20 14:14:27] ⚠️ Row 2228: Unparsable date → '1506276046'
[2025-08-20 14:14:27] ⚠️ Row 2229: Unparsable date → '1507302585'
[2025-08-20 14:14:27] ⚠️ Row 2230: Unparsable date → '1516567259'
[2025-08-20 14:14:27] ⚠️ Row 2231: Unparsable date → '1516886659'
[2025-08-20 14:14:27] ⚠️ Row 2232: Unparsable date → '1516920359'
[2025-08-20 14:14:27] ⚠️ Row 2233: Unparsable date → '1516958737'
[2025-08-20 14:14:27] ⚠️ Row 2234: Unparsable date → '1516978509'
[2025-08-20 14:14:27] ⚠️ Row 2235: Unparsable date → '1517055745'
[2025-08-20 14:14:27] ⚠️ Row 2236: Unparsable date → '1517060924'
[2025-08-20 14:14:27] ⚠️ Row 2237: Unparsable date → '1517066480'
[2025-08-20 14:14:27] ⚠️ Row 2238: Unparsable date → '1517072956'
[2025-08-20 14:14:27] ⚠️ Row 2239: Unparsable date → '1517082428'
[2025-08-20 14:14:27] ⚠️ Row 2240: Unparsable date → '1517439386'
[2025-08-20 14:14:27] ⚠️ Row 2241: Unparsable date → '1520093779'
[2025-08-20 14:14:27] ⚠️ Row 2242: Unparsable date → '1520119099'
[2025-08-20 14:14:27] ⚠️ Row 2243: Unparsable date → '1520122881'
[2025-08-20 14:14:27] ⚠️ Row 2244: Unparsable date → '1540795391'
[2025-08-20 14:14:27] ⚠️ Row 2245: Unparsable date → '1541288258'
[2025-08-20 14:14:27] ⚠️ Row 2246: Unparsable date → '1542418877'
[2025-08-20 14:14:27] ⚠️ Row 2247: Unparsable date → '1542983176'
[2025-08-20 14:14:27] ⚠️ Row 2248: Unparsable date → '1542989163'
[2025-08-20 14:14:27] ⚠️ Row 2249: Unparsable date → '1542996594'
[2025-08-20 14:14:27] ⚠️ Row 2250: Unparsable date → '1543015616'
[2025-08-20 14:14:27] ⚠️ Row 2251: Unparsable date → '1543029186'
[2025-08-20 14:14:27] ⚠️ Row 2252: Unparsable date → '1543038116'
[2025-08-20 14:14:27] ⚠️ Row 2253: Unparsable date → '1543045693'
[2025-08-20 14:14:27] ⚠️ Row 2254: Unparsable date → '1543078650'
[2025-08-20 14:14:27] ⚠️ Row 2255: Unparsable date → '1548897062'
[2025-08-20 14:14:27] ⚠️ Row 2256: Unparsable date → '1548930326'
[2025-08-20 14:14:27] ⚠️ Row 2257: Unparsable date → '1548943448'
[2025-08-20 14:14:27] ⚠️ Row 2258: Unparsable date → '1548947821'
[2025-08-20 14:14:27] ⚠️ Row 2259: Unparsable date → '1552983564'
[2025-08-20 14:14:27] ⚠️ Row 2260: Unparsable date → '1553579597'
[2025-08-20 14:14:27] ⚠️ Row 2261: Unparsable date → '1553626931'
[2025-08-20 14:14:27] ⚠️ Row 2262: Unparsable date → '1553663495'
[2025-08-20 14:14:27] ⚠️ Row 2263: Unparsable date → '1554235362'
[2025-08-20 14:14:27] ⚠️ Row 2264: Unparsable date → '1554259575'
[2025-08-20 14:14:27] ⚠️ Row 2265: Unparsable date → '1554320081'
[2025-08-20 14:14:27] ⚠️ Row 2266: Unparsable date → '1554369412'
[2025-08-20 14:14:27] ⚠️ Row 2267: Unparsable date → '1554403254'
[2025-08-20 14:14:27] ⚠️ Row 2268: Unparsable date → '1555732917'
[2025-08-20 14:14:27] ⚠️ Row 2269: Unparsable date → '1555744478'
[2025-08-20 14:14:27] ⚠️ Row 2270: Unparsable date → '1555756526'
[2025-08-20 14:14:27] ⚠️ Row 2271: Unparsable date → '1555773290'
[2025-08-20 14:14:27] ⚠️ Row 2272: Unparsable date → '1555844791'
[2025-08-20 14:14:27] ⚠️ Row 2273: Unparsable date → '1555864187'
[2025-08-20 14:14:27] ⚠️ Row 2274: Unparsable date → '1555869110'
[2025-08-20 14:14:27] ⚠️ Row 2275: Unparsable date → '1555871464'
[2025-08-20 14:14:27] ⚠️ Row 2276: Unparsable date → '1555873862'
[2025-08-20 14:14:27] ⚠️ Row 2277: Unparsable date → '1556321955'
[2025-08-20 14:14:27] ⚠️ Row 2278: Unparsable date → '1556341525'
[2025-08-20 14:14:27] ⚠️ Row 2279: Unparsable date → '1556343891'
[2025-08-20 14:14:27] ⚠️ Row 2280: Unparsable date → '1556346306'
[2025-08-20 14:14:27] ⚠️ Row 2281: Unparsable date → '1556354971'
[2025-08-20 14:14:27] ⚠️ Row 2282: Unparsable date → '1556363598'
[2025-08-20 14:14:27] ⚠️ Row 2283: Unparsable date → '1556376536'
[2025-08-20 14:14:27] ⚠️ Row 2284: Unparsable date → '1569974657'
[2025-08-20 14:14:27] ⚠️ Row 2285: Unparsable date → '1570662824'
[2025-08-20 14:14:27] ⚠️ Row 2286: Unparsable date → '1570665835'
[2025-08-20 14:14:27] ⚠️ Row 2287: Unparsable date → '1571071707'
[2025-08-20 14:14:27] ⚠️ Row 2288: Unparsable date → '1571221529'
[2025-08-20 14:14:27] ⚠️ Row 2289: Unparsable date → '1571224824'
[2025-08-20 14:14:27] ⚠️ Row 2290: Unparsable date → '1571322923'
[2025-08-20 14:14:27] ⚠️ Row 2291: Unparsable date → '1571873877'
[2025-08-20 14:14:27] ⚠️ Row 2292: Unparsable date → '1571917067'
[2025-08-20 14:14:27] ⚠️ Row 2293: Unparsable date → '1571921644'
[2025-08-20 14:14:27] ⚠️ Row 2294: Unparsable date → '1572000445'
[2025-08-20 14:14:27] ⚠️ Row 2295: Unparsable date → '1572003545'
[2025-08-20 14:14:27] ⚠️ Row 2296: Unparsable date → '1572034485'
[2025-08-20 14:14:27] ⚠️ Row 2297: Unparsable date → '1572041675'
[2025-08-20 14:14:27] ⚠️ Row 2298: Unparsable date → '1572059067'
[2025-08-20 14:14:27] ⚠️ Row 2299: Unparsable date → '1572060440'
[2025-08-20 14:14:27] ⚠️ Row 2300: Unparsable date → '1572066934'
[2025-08-20 14:14:27] ⚠️ Row 2301: Unparsable date → '1572071813'
[2025-08-20 14:14:27] ⚠️ Row 2302: Unparsable date → '1572231916'
[2025-08-20 14:14:27] ⚠️ Row 2303: Unparsable date → '1572233197'
[2025-08-20 14:14:27] ⚠️ Row 2304: Unparsable date → '1572575406'
[2025-08-20 14:14:27] ⚠️ Row 2305: Unparsable date → '1572581979'
[2025-08-20 14:14:27] ⚠️ Row 2306: Unparsable date → '1573315788'
[2025-08-20 14:14:27] ⚠️ Row 2307: Unparsable date → '1573334523'
[2025-08-20 14:14:27] ⚠️ Row 2308: Unparsable date → '1573340456'
[2025-08-20 14:14:27] ⚠️ Row 2309: Unparsable date → '1573347533'
[2025-08-20 14:14:27] ⚠️ Row 2310: Unparsable date → '1573868625'
[2025-08-20 14:14:27] ⚠️ Row 2311: Unparsable date → '1573877238'
[2025-08-20 14:14:27] ⚠️ Row 2312: Unparsable date → '1573880560'
[2025-08-20 14:14:27] ⚠️ Row 2313: Unparsable date → '1573901027'
[2025-08-20 14:14:27] ⚠️ Row 2314: Unparsable date → '1573910547'
[2025-08-20 14:14:27] ⚠️ Row 2315: Unparsable date → '1573932778'
[2025-08-20 14:14:27] ⚠️ Row 2316: Unparsable date → '1573941317'
[2025-08-20 14:14:27] ⚠️ Row 2317: Unparsable date → '1573997794'
[2025-08-20 14:14:27] ⚠️ Row 2318: Unparsable date → '1583598840'
[2025-08-20 14:14:27] ⚠️ Row 2319: Unparsable date → '1583654721'
[2025-08-20 14:14:27] ⚠️ Row 2320: Unparsable date → '1583724246'
[2025-08-20 14:14:27] ⚠️ Row 2321: Unparsable date → '1592891784'
[2025-08-20 14:14:27] ⚠️ Row 2322: Unparsable date → '1593573373'
[2025-08-20 14:14:27] ⚠️ Row 2323: Unparsable date → '1593608148'
[2025-08-20 14:14:27] ⚠️ Row 2324: Unparsable date → '1593609435'
[2025-08-20 14:14:27] ⚠️ Row 2325: Unparsable date → '1594189971'
[2025-08-20 14:14:27] ⚠️ Row 2326: Unparsable date → '1594273906'
[2025-08-20 14:14:27] ⚠️ Row 2327: Unparsable date → '1594819576'
[2025-08-20 14:14:27] ⚠️ Row 2328: Unparsable date → '1597394720'
[2025-08-20 14:14:27] ⚠️ Row 2329: Unparsable date → '1597400037'
[2025-08-20 14:14:27] ⚠️ Row 2330: Unparsable date → '1597401141'
[2025-08-20 14:14:27] ⚠️ Row 2331: Unparsable date → '1597409060'
[2025-08-20 14:14:27] ⚠️ Row 2332: Unparsable date → '1597454579'
[2025-08-20 14:14:27] ⚠️ Row 2333: Unparsable date → '1597455151'
[2025-08-20 14:14:27] ⚠️ Row 2334: Unparsable date → '1597599748'
[2025-08-20 14:14:27] ⚠️ Row 2335: Unparsable date → '1597702765'
[2025-08-20 14:14:27] ⚠️ Row 2336: Unparsable date → '1601605656'
[2025-08-20 14:14:27] ⚠️ Row 2337: Unparsable date → '1601665516'
[2025-08-20 14:14:27] ⚠️ Row 2338: Unparsable date → '1601667877'
[2025-08-20 14:14:27] ⚠️ Row 2339: Unparsable date → '1601678930'
[2025-08-20 14:14:27] ⚠️ Row 2340: Unparsable date → '1602312812'
[2025-08-20 14:14:27] ⚠️ Row 2341: Unparsable date → '1603068150'
[2025-08-20 14:14:27] ⚠️ Row 2342: Unparsable date → '1604278323'
[2025-08-20 14:14:27] ⚠️ Row 2343: Unparsable date → '1604294813'
[2025-08-20 14:14:27] ⚠️ Row 2344: Unparsable date → '1604301152'
[2025-08-20 14:14:27] ⚠️ Row 2345: Unparsable date → '1604307248'
[2025-08-20 14:14:27] ⚠️ Row 2346: Unparsable date → '1610272476'
[2025-08-20 14:14:27] ⚠️ Row 2347: Unparsable date → '1610295804'
[2025-08-20 14:14:27] ⚠️ Row 2348: Unparsable date → '1611458532'
[2025-08-20 14:14:27] ⚠️ Row 2349: Unparsable date → '1611459437'
[2025-08-20 14:14:27] ⚠️ Row 2350: Unparsable date → '1611464196'
[2025-08-20 14:14:27] ⚠️ Row 2351: Unparsable date → '1612102461'
[2025-08-20 14:14:27] ⚠️ Row 2352: Unparsable date → '1612232323'
[2025-08-20 14:14:27] ⚠️ Row 2353: Unparsable date → '1612720231'
[2025-08-20 14:14:27] ⚠️ Row 2354: Unparsable date → '1612771299'
[2025-08-20 14:14:27] ⚠️ Row 2355: Unparsable date → '1613378289'
[2025-08-20 14:14:27] ⚠️ Row 2356: Unparsable date → '1613406598'
[2025-08-20 14:14:27] ⚠️ Row 2357: Unparsable date → '1613416471'
[2025-08-20 14:14:27] ⚠️ Row 2358: Unparsable date → '1613466334'
[2025-08-20 14:14:27] ⚠️ Row 2359: Unparsable date → '1613958803'
[2025-08-20 14:14:27] ⚠️ Row 2360: Unparsable date → '1613965850'
[2025-08-20 14:14:27] ⚠️ Row 2361: Unparsable date → '1614087894'
[2025-08-20 14:14:27] ⚠️ Row 2362: Unparsable date → '1614583044'
[2025-08-20 14:14:27] ⚠️ Row 2363: Unparsable date → '1614591422'
[2025-08-20 14:14:27] ⚠️ Row 2364: Unparsable date → '1614670132'
[2025-08-20 14:14:27] ⚠️ Row 2365: Unparsable date → '1617015426'
[2025-08-20 14:14:27] ⚠️ Row 2366: Unparsable date → '1618706515'
[2025-08-20 14:14:27] ⚠️ Row 2367: Unparsable date → '1618713288'
[2025-08-20 14:14:27] ⚠️ Row 2368: Unparsable date → '1640547493'
[2025-08-20 14:14:27] ⚠️ Row 2369: Unparsable date → '1657334535'
[2025-08-20 14:14:27] ⚠️ Row 2370: Unparsable date → '1657338739'
[2025-08-20 14:14:27] ⚠️ Row 2371: Unparsable date → '1657341490'
[2025-08-20 14:14:27] ⚠️ Row 2372: Unparsable date → '1662022068'
[2025-08-20 14:14:27] ⚠️ Row 2373: Unparsable date → '1663622719'
[2025-08-20 14:14:27] ⚠️ Row 2374: Unparsable date → '1663794869'
[2025-08-20 14:14:27] ⚠️ Row 2375: Unparsable date → '1663826982'
[2025-08-20 14:14:27] ⚠️ Row 2376: Unparsable date → '1663842417'
[2025-08-20 14:14:27] ⚠️ Row 2377: Unparsable date → '1663848096'
[2025-08-20 14:14:27] ⚠️ Row 2378: Unparsable date → '1663852005'
[2025-08-20 14:14:27] ⚠️ Row 2379: Unparsable date → '1663859596'
[2025-08-20 14:14:27] ⚠️ Row 2380: Unparsable date → '1666439269'
[2025-08-20 14:14:27] ⚠️ Row 2381: Unparsable date → '1666441814'
[2025-08-20 14:14:27] ⚠️ Row 2382: Unparsable date → '1684471982'
[2025-08-20 14:14:27] ⚠️ Row 2383: Unparsable date → '1684495395'
[2025-08-20 14:14:27] ⚠️ Row 2384: Unparsable date → '1687755745'
[2025-08-20 14:14:27] ⚠️ Row 2385: Unparsable date → '1687766776'
[2025-08-20 14:14:27] ⚠️ Row 2386: Unparsable date → '1688244909'
[2025-08-20 14:14:27] ⚠️ Row 2387: Unparsable date → '1688251916'
[2025-08-20 14:14:27] ⚠️ Row 2388: Unparsable date → '1688265775'
[2025-08-20 14:14:27] ⚠️ Row 2389: Unparsable date → '1688284310'
[2025-08-20 14:14:27] ⚠️ Row 2390: Unparsable date → '1689309369'
[2025-08-20 14:14:27] ⚠️ Row 2391: Unparsable date → '1689366163'
[2025-08-20 14:14:27] ⚠️ Row 2392: Unparsable date → '1690312267'
[2025-08-20 14:14:27] ⚠️ Row 2393: Unparsable date → '1690371848'
[2025-08-20 14:14:27] ⚠️ Row 2394: Unparsable date → '1690877968'
[2025-08-20 14:14:27] ⚠️ Row 2395: Unparsable date → '1690878518'
[2025-08-20 14:14:27] ⚠️ Row 2396: Unparsable date → '1691320617'
[2025-08-20 14:14:27] ⚠️ Row 2397: Unparsable date → '1696077964'
[2025-08-20 14:14:27] ⚠️ Row 2398: Unparsable date → '1699027564'
[2025-08-20 14:14:27] ⚠️ Row 2399: Unparsable date → '1699030669'
[2025-08-20 14:14:27] ⚠️ Row 2400: Unparsable date → '1702242569'
[2025-08-20 14:14:27] ⚠️ Row 2401: Unparsable date → '1702249452'
[2025-08-20 14:14:27] ⚠️ Row 2402: Unparsable date → '1707611305'
[2025-08-20 14:14:27] ⚠️ Row 2403: Unparsable date → '1778875645'
[2025-08-20 14:14:27] ⚠️ Row 2404: Unparsable date → '1778884181'
[2025-08-20 14:14:27] ⚠️ Row 2405: Unparsable date → '1779911238'
[2025-08-20 14:14:27] ⚠️ Row 2406: Unparsable date → '1779914162'
[2025-08-20 14:14:27] ⚠️ Row 2407: Unparsable date → '1779915971'
[2025-08-20 14:14:27] ⚠️ Row 2408: Unparsable date → '1779933675'
[2025-08-20 14:14:27] ⚠️ Row 2409: Unparsable date → '1779951107'
[2025-08-20 14:14:27] ⚠️ Row 2410: Unparsable date → '1779952270'
[2025-08-20 14:14:27] ⚠️ Row 2411: Unparsable date → '1779989351'
[2025-08-20 14:14:27] ⚠️ Row 2412: Unparsable date → '1786720707'
[2025-08-20 14:14:27] ⚠️ Row 2413: Unparsable date → '1815464363'
[2025-08-20 14:14:27] ⚠️ Row 2414: Unparsable date → '1829414373'
[2025-08-20 14:14:27] ⚠️ Row 2415: Unparsable date → '1833110041'
[2025-08-20 14:14:27] ⚠️ Row 2416: Unparsable date → '1833148630'
[2025-08-20 14:14:27] ⚠️ Row 2417: Unparsable date → '1840985160'
[2025-08-20 14:14:27] ⚠️ Row 2418: Unparsable date → '1840987831'
[2025-08-20 14:14:27] ⚠️ Row 2419: Unparsable date → '1841056978'
[2025-08-20 14:14:27] ⚠️ Row 2420: Unparsable date → '1841062154'
[2025-08-20 14:14:27] ⚠️ Row 2421: Unparsable date → '1841073736'
[2025-08-20 14:14:27] ⚠️ Row 2422: Unparsable date → '1841126335'
[2025-08-20 14:14:27] ⚠️ Row 2423: Unparsable date → '1845969647'
[2025-08-20 14:14:27] ⚠️ Row 2424: Unparsable date → '1852572738'
[2025-08-20 14:14:27] ⚠️ Row 2425: Unparsable date → '1858128518'
[2025-08-20 14:14:27] ⚠️ Row 2426: Unparsable date → '1863364073'
[2025-08-20 14:14:27] ⚠️ Row 2427: Unparsable date → '1866952956'
[2025-08-20 14:14:27] ⚠️ Row 2428: Unparsable date → '1866958608'
[2025-08-20 14:14:27] ⚠️ Row 2429: Unparsable date → '1866961263'
[2025-08-20 14:14:27] ⚠️ Row 2430: Unparsable date → '1866991585'
[2025-08-20 14:14:27] ⚠️ Row 2431: Unparsable date → '1866992064'
[2025-08-20 14:14:27] ⚠️ Row 2432: Unparsable date → '1868243945'
[2025-08-20 14:14:27] ⚠️ Row 2433: Unparsable date → '1868338439'
[2025-08-20 14:14:27] ⚠️ Row 2434: Unparsable date → '1868368407'
[2025-08-20 14:14:27] ⚠️ Row 2435: Unparsable date → '1871400672'
[2025-08-20 14:14:27] ⚠️ Row 2436: Unparsable date → '1877597152'
[2025-08-20 14:14:27] ⚠️ Row 2437: Unparsable date → '1877613365'
[2025-08-20 14:14:27] ⚠️ Row 2438: Unparsable date → '1877623436'
[2025-08-20 14:14:27] ⚠️ Row 2439: Unparsable date → '1877641301'
[2025-08-20 14:14:27] ⚠️ Row 2440: Unparsable date → '1888911086'
[2025-08-20 14:14:27] ⚠️ Row 2441: Unparsable date → '1888915320'
[2025-08-20 14:14:27] ⚠️ Row 2442: Unparsable date → '1888920388'
[2025-08-20 14:14:27] ⚠️ Row 2443: Unparsable date → '1888927938'
[2025-08-20 14:14:27] ⚠️ Row 2444: Unparsable date → '1888929665'
[2025-08-20 14:14:27] ⚠️ Row 2445: Unparsable date → '1888936390'
[2025-08-20 14:14:27] ⚠️ Row 2446: Unparsable date → '1888960976'
[2025-08-20 14:14:27] ⚠️ Row 2447: Unparsable date → '1888964644'
[2025-08-20 14:14:27] ⚠️ Row 2448: Unparsable date → '1888966157'
[2025-08-20 14:14:27] ⚠️ Row 2449: Unparsable date → '1888969081'
[2025-08-20 14:14:27] ⚠️ Row 2450: Unparsable date → '1888986594'
[2025-08-20 14:14:27] ⚠️ Row 2451: Unparsable date → '1888990303'
[2025-08-20 14:14:27] ⚠️ Row 2452: Unparsable date → '1888992796'
[2025-08-20 14:14:27] ⚠️ Row 2453: Unparsable date → '1888993468'
[2025-08-20 14:14:27] ⚠️ Row 2454: Unparsable date → '1888994576'
[2025-08-20 14:14:27] ⚠️ Row 2455: Unparsable date → '1888998804'
[2025-08-20 14:14:27] ⚠️ Row 2456: Unparsable date → '1889003474'
[2025-08-20 14:14:27] ⚠️ Row 2457: Unparsable date → '1889006864'
[2025-08-20 14:14:27] ⚠️ Row 2458: Unparsable date → '2153509033'
[2025-08-20 14:14:27] ⚠️ Row 2459: Unparsable date → '2153563543'
[2025-08-20 14:14:27] ⚠️ Row 2460: Unparsable date → '2165422714'
[2025-08-20 14:14:27] ⚠️ Row 2461: Unparsable date → '2165440142'
[2025-08-20 14:14:27] ⚠️ Row 2462: Unparsable date → '2165440618'
[2025-08-20 14:14:27] ⚠️ Row 2463: Unparsable date → '2165440739'
[2025-08-20 14:14:28] ⚠️ Row 2464: Unparsable date → '2169590951'
[2025-08-20 14:14:28] ⚠️ Row 2465: Unparsable date → '2169596842'
[2025-08-20 14:14:28] ⚠️ Row 2466: Unparsable date → '2169633177'
[2025-08-20 14:14:28] ⚠️ Row 2467: Unparsable date → '2180071192'
[2025-08-20 14:14:28] ⚠️ Row 2468: Unparsable date → '2180081575'
[2025-08-20 14:14:28] ⚠️ Row 2469: Unparsable date → '2180653222'
[2025-08-20 14:14:28] ⚠️ Row 2470: Unparsable date → '2180653674'
[2025-08-20 14:14:28] ⚠️ Row 2471: Unparsable date → '2180673379'
[2025-08-20 14:14:28] ⚠️ Row 2472: Unparsable date → '2186758777'
[2025-08-20 14:14:28] ⚠️ Row 2473: Unparsable date → '2186794440'
[2025-08-20 14:14:28] ⚠️ Row 2474: Unparsable date → '2186794898'
[2025-08-20 14:14:28] ⚠️ Row 2475: Unparsable date → '2186803986'
[2025-08-20 14:14:28] ⚠️ Row 2476: Unparsable date → '2186833781'
[2025-08-20 14:14:28] ⚠️ Row 2477: Unparsable date → '2186844936'
[2025-08-20 14:14:28] ⚠️ Row 2478: Unparsable date → '2186845019'
[2025-08-20 14:14:28] ⚠️ Row 2479: Unparsable date → '2186864534'
[2025-08-20 14:14:28] ⚠️ Row 2480: Unparsable date → '2186864613'
[2025-08-20 14:14:28] ⚠️ Row 2481: Unparsable date → '2186864710'
[2025-08-20 14:14:28] ⚠️ Row 2482: Unparsable date → '2186865096'
[2025-08-20 14:14:28] ⚠️ Row 2483: Unparsable date → '2186883595'
[2025-08-20 14:14:28] ⚠️ Row 2484: Unparsable date → '2186883851'
[2025-08-20 14:14:28] ⚠️ Row 2485: Unparsable date → '2186923626'
[2025-08-20 14:14:28] ⚠️ Row 2486: Unparsable date → '2186923698'
[2025-08-20 14:14:28] ⚠️ Row 2487: Unparsable date → '2186923788'
[2025-08-20 14:14:28] ⚠️ Row 2488: Unparsable date → '2187394625'
[2025-08-20 14:14:28] ⚠️ Row 2489: Unparsable date → '2189913681'
[2025-08-20 14:14:28] ⚠️ Row 2490: Unparsable date → '2190369269'
[2025-08-20 14:14:28] ⚠️ Row 2491: Unparsable date → '2190469599'
[2025-08-20 14:14:28] ⚠️ Row 2492: Unparsable date → '2197174506'
[2025-08-20 14:14:28] ⚠️ Row 2493: Unparsable date → '2197625451'
[2025-08-20 14:14:28] ⚠️ Row 2494: Unparsable date → '2197625826'
[2025-08-20 14:14:28] ⚠️ Row 2495: Unparsable date → '2197678228'
[2025-08-20 14:14:28] ⚠️ Row 2496: Unparsable date → '2197678464'
[2025-08-20 14:14:28] ⚠️ Row 2497: Unparsable date → '2197741168'
[2025-08-20 14:14:28] ⚠️ Row 2498: Unparsable date → '2197760850'
[2025-08-20 14:14:28] ⚠️ Row 2499: Unparsable date → '2197761014'
[2025-08-20 14:14:28] ⚠️ Row 2500: Unparsable date → '2197790592'
[2025-08-20 14:14:28] ⚠️ Row 2501: Unparsable date → '2197790927'
[2025-08-20 14:14:28] ⚠️ Row 2502: Unparsable date → '2197800410'
[2025-08-20 14:14:28] ⚠️ Row 2503: Unparsable date → '2197800689'
[2025-08-20 14:14:28] ⚠️ Row 2504: Unparsable date → '2198348047'
[2025-08-20 14:14:28] ⚠️ Row 2505: Unparsable date → '2199332068'
[2025-08-20 14:14:28] ⚠️ Row 2506: Unparsable date → '2199370881'
[2025-08-20 14:14:28] ⚠️ Row 2507: Unparsable date → '2199392226'
[2025-08-20 14:14:28] ⚠️ Row 2508: Unparsable date → '2199404471'
[2025-08-20 14:14:28] ⚠️ Row 2509: Unparsable date → '2199426096'
[2025-08-20 14:14:28] ⚠️ Row 2510: Unparsable date → '2199866749'
[2025-08-20 14:14:28] ⚠️ Row 2511: Unparsable date → '2199896924'
[2025-08-20 14:14:28] ⚠️ Row 2512: Unparsable date → '2202979235'
[2025-08-20 14:14:28] ⚠️ Row 2513: Unparsable date → '2202979253'
[2025-08-20 14:14:28] ⚠️ Row 2514: Unparsable date → '2310118303'
[2025-08-20 14:14:28] ⚠️ Row 2515: Unparsable date → '2312422706'
[2025-08-20 14:14:28] ⚠️ Row 2516: Unparsable date → '2312462145'
[2025-08-20 14:14:28] ⚠️ Row 2517: Unparsable date → '2312632768'
[2025-08-20 14:14:28] ⚠️ Row 2518: Unparsable date → '2312653087'
[2025-08-20 14:14:28] ⚠️ Row 2519: Unparsable date → '2312653364'
[2025-08-20 14:14:28] ⚠️ Row 2520: Unparsable date → '2312671136'
[2025-08-20 14:14:28] ⚠️ Row 2521: Unparsable date → '2312671380'
[2025-08-20 14:14:28] ⚠️ Row 2522: Unparsable date → '2312671534'
[2025-08-20 14:14:28] ⚠️ Row 2523: Unparsable date → '2312689515'
[2025-08-20 14:14:28] ⚠️ Row 2524: Unparsable date → '2315025122'
[2025-08-20 14:14:28] ⚠️ Row 2525: Unparsable date → '2315470404'
[2025-08-20 14:14:28] ⚠️ Row 2526: Unparsable date → '2315470601'
[2025-08-20 14:14:28] ⚠️ Row 2527: Unparsable date → '2315486227'
[2025-08-20 14:14:28] ⚠️ Row 2528: Unparsable date → '2315486503'
[2025-08-20 14:14:28] ⚠️ Row 2529: Unparsable date → '2315486646'
[2025-08-20 14:14:28] ⚠️ Row 2530: Unparsable date → '2315505819'
[2025-08-20 14:14:28] ⚠️ Row 2531: Unparsable date → '2315826984'
[2025-08-20 14:14:28] ⚠️ Row 2532: Unparsable date → '2315827177'
[2025-08-20 14:14:28] ⚠️ Row 2533: Unparsable date → '2315827472'
[2025-08-20 14:14:28] ⚠️ Row 2534: Unparsable date → '2315827606'
[2025-08-20 14:14:28] ⚠️ Row 2535: Unparsable date → '2316254000'
[2025-08-20 14:14:28] ⚠️ Row 2536: Unparsable date → '2317526102'
[2025-08-20 14:14:28] ⚠️ Row 2537: Unparsable date → '2317526711'
[2025-08-20 14:14:28] ⚠️ Row 2538: Unparsable date → '2317547383'
[2025-08-20 14:14:28] ⚠️ Row 2539: Unparsable date → '2317547793'
[2025-08-20 14:14:28] ⚠️ Row 2540: Unparsable date → '2317606871'
[2025-08-20 14:14:28] ⚠️ Row 2541: Unparsable date → '2317625086'
[2025-08-20 14:14:28] ⚠️ Row 2542: Unparsable date → '2317625234'
[2025-08-20 14:14:28] ⚠️ Row 2543: Unparsable date → '2317625743'
[2025-08-20 14:14:28] ⚠️ Row 2544: Unparsable date → '2317818360'
[2025-08-20 14:14:28] ⚠️ Row 2545: Unparsable date → '2324512851'
[2025-08-20 14:14:28] ⚠️ Row 2546: Unparsable date → '2327314609'
[2025-08-20 14:14:28] ⚠️ Row 2547: Unparsable date → '2327408890'
[2025-08-20 14:14:28] ⚠️ Row 2548: Unparsable date → '2334565989'
[2025-08-20 14:14:28] ⚠️ Row 2549: Unparsable date → '2334566316'
[2025-08-20 14:14:28] ⚠️ Row 2550: Unparsable date → '2334584052'
[2025-08-20 14:14:28] ⚠️ Row 2551: Unparsable date → '2334603775'
[2025-08-20 14:14:28] ⚠️ Row 2552: Unparsable date → '2335162022'
[2025-08-20 14:14:28] ⚠️ Row 2553: Unparsable date → '2336295325'
[2025-08-20 14:14:28] ⚠️ Row 2554: Unparsable date → '2338749298'
[2025-08-20 14:14:28] ⚠️ Row 2555: Unparsable date → '2339660551'
[2025-08-20 14:14:28] ⚠️ Row 2556: Unparsable date → '2339718491'
[2025-08-20 14:14:28] ⚠️ Row 2557: Unparsable date → '2339798882'
[2025-08-20 14:14:28] ⚠️ Row 2558: Unparsable date → '2340580182'
[2025-08-20 14:14:28] ⚠️ Row 2559: Unparsable date → '2340905015'
[2025-08-20 14:14:28] ⚠️ Row 2560: Unparsable date → '2343833356'
[2025-08-20 14:14:28] ⚠️ Row 2561: Unparsable date → '2343871288'
[2025-08-20 14:14:28] ⚠️ Row 2562: Unparsable date → '2346155536'
[2025-08-20 14:14:28] ⚠️ Row 2563: Unparsable date → '2346175322'
[2025-08-20 14:14:28] ⚠️ Row 2564: Unparsable date → '2346449913'
[2025-08-20 14:14:28] ⚠️ Row 2565: Unparsable date → '2346566926'
[2025-08-20 14:14:28] ⚠️ Row 2566: Unparsable date → '2346604738'
[2025-08-20 14:14:28] ⚠️ Row 2567: Unparsable date → '2346663974'
[2025-08-20 14:14:28] ⚠️ Row 2568: Unparsable date → '2347310791'
[2025-08-20 14:14:28] ⚠️ Row 2569: Unparsable date → '2347508564'
[2025-08-20 14:14:28] ⚠️ Row 2570: Unparsable date → '2347547794'
[2025-08-20 14:14:28] ⚠️ Row 2571: Unparsable date → '2347808804'
[2025-08-20 14:14:28] ⚠️ Row 2572: Unparsable date → '2348100520'
[2025-08-20 14:14:28] ⚠️ Row 2573: Unparsable date → '2348549264'
[2025-08-20 14:14:28] ⚠️ Row 2574: Unparsable date → '2348549476'
[2025-08-20 14:14:28] ⚠️ Row 2575: Unparsable date → '2348549711'
[2025-08-20 14:14:28] ⚠️ Row 2576: Unparsable date → '2348549964'
[2025-08-20 14:14:28] ⚠️ Row 2577: Unparsable date → '2348568288'
[2025-08-20 14:14:28] ⚠️ Row 2578: Unparsable date → '2348587726'
[2025-08-20 14:14:28] ⚠️ Row 2579: Unparsable date → '2348588194'
[2025-08-20 14:14:28] ⚠️ Row 2580: Unparsable date → '2348646219'
[2025-08-20 14:14:28] ⚠️ Row 2581: Unparsable date → '2349212087'
[2025-08-20 14:14:28] ⚠️ Row 2582: Unparsable date → '2349556614'
[2025-08-20 14:14:28] ⚠️ Row 2583: Unparsable date → '2349575384'
[2025-08-20 14:14:28] ⚠️ Row 2584: Unparsable date → '2349575559'
[2025-08-20 14:14:28] ⚠️ Row 2585: Unparsable date → '2349575827'
[2025-08-20 14:14:28] ⚠️ Row 2586: Unparsable date → '2349576045'
[2025-08-20 14:14:28] ⚠️ Row 2587: Unparsable date → '2349593504'
[2025-08-20 14:14:28] ⚠️ Row 2588: Unparsable date → '2353666249'
[2025-08-20 14:14:28] ⚠️ Row 2589: Unparsable date → '2362789003'
[2025-08-20 14:14:28] ⚠️ Row 2590: Unparsable date → '2362789442'
[2025-08-20 14:14:28] ⚠️ Row 2591: Unparsable date → '2363512724'
[2025-08-20 14:14:28] ⚠️ Row 2592: Unparsable date → '2365072061'
[2025-08-20 14:14:28] ⚠️ Row 2593: Unparsable date → '2365714814'
[2025-08-20 14:14:28] ⚠️ Row 2594: Unparsable date → '2365902591'
[2025-08-20 14:14:28] ⚠️ Row 2595: Unparsable date → '2366620058'
[2025-08-20 14:14:28] ⚠️ Row 2596: Unparsable date → '2367496851'
[2025-08-20 14:14:28] ⚠️ Row 2597: Unparsable date → '2367535515'
[2025-08-20 14:14:28] ⚠️ Row 2598: Unparsable date → '2368795127'
[2025-08-20 14:14:28] ⚠️ Row 2599: Unparsable date → '2368950217'
[2025-08-20 14:14:28] ⚠️ Row 2600: Unparsable date → '2368968267'
[2025-08-20 14:14:28] ⚠️ Row 2601: Unparsable date → '2368988005'
[2025-08-20 14:14:28] ⚠️ Row 2602: Unparsable date → '2369791491'
[2025-08-20 14:14:28] ⚠️ Row 2603: Unparsable date → '2369791875'
[2025-08-20 14:14:28] ⚠️ Row 2604: Unparsable date → '2369905614'
[2025-08-20 14:14:28] ⚠️ Row 2605: Unparsable date → '2369922389'
[2025-08-20 14:14:28] ⚠️ Row 2606: Unparsable date → '2369922763'
[2025-08-20 14:14:28] ⚠️ Row 2607: Unparsable date → '2369984341'
[2025-08-20 14:14:28] ⚠️ Row 2608: Unparsable date → '2369984480'
[2025-08-20 14:14:28] ⚠️ Row 2609: Unparsable date → '2369984511'
[2025-08-20 14:14:28] ⚠️ Row 2610: Unparsable date → '2370005209'
[2025-08-20 14:14:28] ⚠️ Row 2611: Unparsable date → '2370026393'
[2025-08-20 14:14:28] ⚠️ Row 2612: Unparsable date → '2370026405'
[2025-08-20 14:14:28] ⚠️ Row 2613: Unparsable date → '2370026415'
[2025-08-20 14:14:28] ⚠️ Row 2614: Unparsable date → '2370026481'
[2025-08-20 14:14:28] ⚠️ Row 2615: Unparsable date → '2370785967'
[2025-08-20 14:14:28] ⚠️ Row 2616: Unparsable date → '2370860418'
[2025-08-20 14:14:28] ⚠️ Row 2617: Unparsable date → '2371167135'
[2025-08-20 14:14:28] ⚠️ Row 2618: Unparsable date → '2371201191'
[2025-08-20 14:14:28] ⚠️ Row 2619: Unparsable date → '2371280546'
[2025-08-20 14:14:28] ⚠️ Row 2620: Unparsable date → '2371301366'
[2025-08-20 14:14:28] ⚠️ Row 2621: Unparsable date → '2371320180'
[2025-08-20 14:14:28] ⚠️ Row 2622: Unparsable date → '2371337752'
[2025-08-20 14:14:28] ⚠️ Row 2623: Unparsable date → '2371357538'
[2025-08-20 14:14:28] ⚠️ Row 2624: Unparsable date → '2371432157'
[2025-08-20 14:14:28] ⚠️ Row 2625: Unparsable date → '2371432235'
[2025-08-20 14:14:28] ⚠️ Row 2626: Unparsable date → '2371813106'
[2025-08-20 14:14:28] ⚠️ Row 2627: Unparsable date → '2372060213'
[2025-08-20 14:14:28] ⚠️ Row 2628: Unparsable date → '2372078411'
[2025-08-20 14:14:28] ⚠️ Row 2629: Unparsable date → '2372078769'
[2025-08-20 14:14:28] ⚠️ Row 2630: Unparsable date → '2372079219'
[2025-08-20 14:14:28] ⚠️ Row 2631: Unparsable date → '2372097492'
[2025-08-20 14:14:28] ⚠️ Row 2632: Unparsable date → '2372097839'
[2025-08-20 14:14:28] ⚠️ Row 2633: Unparsable date → '2372098003'
[2025-08-20 14:14:28] ⚠️ Row 2634: Unparsable date → '2372117762'
[2025-08-20 14:14:28] ⚠️ Row 2635: Unparsable date → '2372282387'
[2025-08-20 14:14:28] ⚠️ Row 2636: Unparsable date → '2372283242'
[2025-08-20 14:14:28] ⚠️ Row 2637: Unparsable date → '2373224088'
[2025-08-20 14:14:28] ⚠️ Row 2638: Unparsable date → '2373241972'
[2025-08-20 14:14:28] ⚠️ Row 2639: Unparsable date → '2373242138'
[2025-08-20 14:14:28] ⚠️ Row 2640: Unparsable date → '2373276094'
[2025-08-20 14:14:28] ⚠️ Row 2641: Unparsable date → '2373427053'
[2025-08-20 14:14:28] ⚠️ Row 2642: Unparsable date → '2373446568'
[2025-08-20 14:14:28] ⚠️ Row 2643: Unparsable date → '2373446638'
[2025-08-20 14:14:28] ⚠️ Row 2644: Unparsable date → '2373772039'
[2025-08-20 14:14:28] ⚠️ Row 2645: Unparsable date → '2375146540'
[2025-08-20 14:14:28] ⚠️ Row 2646: Unparsable date → '2375222026'
[2025-08-20 14:14:28] ⚠️ Row 2647: Unparsable date → '2375752874'
[2025-08-20 14:14:28] ⚠️ Row 2648: Unparsable date → '2376276500'
[2025-08-20 14:14:28] ⚠️ Row 2649: Unparsable date → '2376277009'
[2025-08-20 14:14:28] ⚠️ Row 2650: Unparsable date → '2376277221'
[2025-08-20 14:14:28] ⚠️ Row 2651: Unparsable date → '2376296327'
[2025-08-20 14:14:28] ⚠️ Row 2652: Unparsable date → '2376355809'
[2025-08-20 14:14:28] ⚠️ Row 2653: Unparsable date → '2376374503'
[2025-08-20 14:14:28] ⚠️ Row 2654: Unparsable date → '2376374844'
[2025-08-20 14:14:28] ⚠️ Row 2655: Unparsable date → '2376374978'
[2025-08-20 14:14:28] ⚠️ Row 2656: Unparsable date → '2376375196'
[2025-08-20 14:14:28] ⚠️ Row 2657: Unparsable date → '2377303966'
[2025-08-20 14:14:28] ⚠️ Row 2658: Unparsable date → '2377464028'
[2025-08-20 14:14:28] ⚠️ Row 2659: Unparsable date → '2378106121'
[2025-08-20 14:14:28] ⚠️ Row 2660: Unparsable date → '2378144894'
[2025-08-20 14:14:28] ⚠️ Row 2661: Unparsable date → '2381501456'
[2025-08-20 14:14:28] ⚠️ Row 2662: Unparsable date → '2381524056'
[2025-08-20 14:14:28] ⚠️ Row 2663: Unparsable date → '2381538378'
[2025-08-20 14:14:28] ⚠️ Row 2664: Unparsable date → '2381575267'
[2025-08-20 14:14:28] ⚠️ Row 2665: Unparsable date → '2381633520'
[2025-08-20 14:14:28] ⚠️ Row 2666: Unparsable date → '2381690805'
[2025-08-20 14:14:28] ⚠️ Row 2667: Unparsable date → '2381691270'
[2025-08-20 14:14:28] ⚠️ Row 2668: Unparsable date → '2382099729'
[2025-08-20 14:14:28] ⚠️ Row 2669: Unparsable date → '2382100039'
[2025-08-20 14:14:28] ⚠️ Row 2670: Unparsable date → '2382100385'
[2025-08-20 14:14:28] ⚠️ Row 2671: Unparsable date → '2382138850'
[2025-08-20 14:14:28] ⚠️ Row 2672: Unparsable date → '2382139512'
[2025-08-20 14:14:28] ⚠️ Row 2673: Unparsable date → '2382158978'
[2025-08-20 14:14:28] ⚠️ Row 2674: Unparsable date → '2382178815'
[2025-08-20 14:14:28] ⚠️ Row 2675: Unparsable date → '2382196806'
[2025-08-20 14:14:28] ⚠️ Row 2676: Unparsable date → '2382197559'
[2025-08-20 14:14:28] ⚠️ Row 2677: Unparsable date → '2382223077'
[2025-08-20 14:14:28] ⚠️ Row 2678: Unparsable date → '2383049881'
[2025-08-20 14:14:28] ⚠️ Row 2679: Unparsable date → '2383087506'
[2025-08-20 14:14:28] ⚠️ Row 2680: Unparsable date → '2383105962'
[2025-08-20 14:14:28] ⚠️ Row 2681: Unparsable date → '2383106188'
[2025-08-20 14:14:28] ⚠️ Row 2682: Unparsable date → '2383125369'
[2025-08-20 14:14:28] ⚠️ Row 2683: Unparsable date → '2383282590'
[2025-08-20 14:14:28] ⚠️ Row 2684: Unparsable date → '2384913027'
[2025-08-20 14:14:28] ⚠️ Row 2685: Unparsable date → '2385033785'
[2025-08-20 14:14:28] ⚠️ Row 2686: Unparsable date → '2385051021'
[2025-08-20 14:14:28] ⚠️ Row 2687: Unparsable date → '2385051585'
[2025-08-20 14:14:28] ⚠️ Row 2688: Unparsable date → '2385070946'
[2025-08-20 14:14:28] ⚠️ Row 2689: Unparsable date → '2385786919'
[2025-08-20 14:14:28] ⚠️ Row 2690: Unparsable date → '2387626955'
[2025-08-20 14:14:28] ⚠️ Row 2691: Unparsable date → '2387627094'
[2025-08-20 14:14:28] ⚠️ Row 2692: Unparsable date → '2387666947'
[2025-08-20 14:14:28] ⚠️ Row 2693: Unparsable date → '2387908428'
[2025-08-20 14:14:28] ⚠️ Row 2694: Unparsable date → '2389507090'
[2025-08-20 14:14:28] ⚠️ Row 2695: Unparsable date → '2389507502'
[2025-08-20 14:14:28] ⚠️ Row 2696: Unparsable date → '2392486116'
[2025-08-20 14:14:28] ⚠️ Row 2697: Unparsable date → '2392568535'
[2025-08-20 14:14:28] ⚠️ Row 2698: Unparsable date → '2392864811'
[2025-08-20 14:14:28] ⚠️ Row 2699: Unparsable date → '2392883110'
[2025-08-20 14:14:28] ⚠️ Row 2700: Unparsable date → '2392883957'
[2025-08-20 14:14:28] ⚠️ Row 2701: Unparsable date → '2392903366'
[2025-08-20 14:14:28] ⚠️ Row 2702: Unparsable date → '2392903860'
[2025-08-20 14:14:28] ⚠️ Row 2703: Unparsable date → '2393063481'
[2025-08-20 14:14:28] ⚠️ Row 2704: Unparsable date → '2393227550'
[2025-08-20 14:14:28] ⚠️ Row 2705: Unparsable date → '2393534149'
[2025-08-20 14:14:28] ⚠️ Row 2706: Unparsable date → '2393534160'
[2025-08-20 14:14:28] ⚠️ Row 2707: Unparsable date → '2393553325'
[2025-08-20 14:14:28] ⚠️ Row 2708: Unparsable date → '2393553474'
[2025-08-20 14:14:28] ⚠️ Row 2709: Unparsable date → '2393553712'
[2025-08-20 14:14:28] ⚠️ Row 2710: Unparsable date → '2393573622'
[2025-08-20 14:14:28] ⚠️ Row 2711: Unparsable date → '2393573823'
[2025-08-20 14:14:28] ⚠️ Row 2712: Unparsable date → '2393728138'
[2025-08-20 14:14:28] ⚠️ Row 2713: Unparsable date → '2394303522'
[2025-08-20 14:14:28] ⚠️ Row 2714: Unparsable date → '2394303548'
[2025-08-20 14:14:28] ⚠️ Row 2715: Unparsable date → '2394303768'
[2025-08-20 14:14:28] ⚠️ Row 2716: Unparsable date → '2394303980'
[2025-08-20 14:14:28] ⚠️ Row 2717: Unparsable date → '2394323235'
[2025-08-20 14:14:28] ⚠️ Row 2718: Unparsable date → '2394500026'
[2025-08-20 14:14:28] ⚠️ Row 2719: Unparsable date → '2394518222'
[2025-08-20 14:14:28] ⚠️ Row 2720: Unparsable date → '2394518691'
[2025-08-20 14:14:28] ⚠️ Row 2721: Unparsable date → '2394519039'
[2025-08-20 14:14:28] ⚠️ Row 2722: Unparsable date → '2394537332'
[2025-08-20 14:14:28] ⚠️ Row 2723: Unparsable date → '2394537549'
[2025-08-20 14:14:28] ⚠️ Row 2724: Unparsable date → '2394556582'
[2025-08-20 14:14:28] ⚠️ Row 2725: Unparsable date → '2394556894'
[2025-08-20 14:14:28] ⚠️ Row 2726: Unparsable date → '2394593587'
[2025-08-20 14:14:28] ⚠️ Row 2727: Unparsable date → '2394656708'
[2025-08-20 14:14:28] ⚠️ Row 2728: Unparsable date → '2394656809'
[2025-08-20 14:14:28] ⚠️ Row 2729: Unparsable date → '2394656893'
[2025-08-20 14:14:28] ⚠️ Row 2730: Unparsable date → '2394735204'
[2025-08-20 14:14:28] ⚠️ Row 2731: Unparsable date → '2394795414'
[2025-08-20 14:14:28] ⚠️ Row 2732: Unparsable date → '2395083616'
[2025-08-20 14:14:28] ⚠️ Row 2733: Unparsable date → '2395083814'
[2025-08-20 14:14:28] ⚠️ Row 2734: Unparsable date → '2395103254'
[2025-08-20 14:14:28] ⚠️ Row 2735: Unparsable date → '2395103859'
[2025-08-20 14:14:28] ⚠️ Row 2736: Unparsable date → '2395201057'
[2025-08-20 14:14:28] ⚠️ Row 2737: Unparsable date → '2395218018'
[2025-08-20 14:14:28] ⚠️ Row 2738: Unparsable date → '2395237981'
[2025-08-20 14:14:28] ⚠️ Row 2739: Unparsable date → '2395255453'
[2025-08-20 14:14:28] ⚠️ Row 2740: Unparsable date → '2395255910'
[2025-08-20 14:14:28] ⚠️ Row 2741: Unparsable date → '2395274006'
[2025-08-20 14:14:28] ⚠️ Row 2742: Unparsable date → '2395293063'
[2025-08-20 14:14:28] ⚠️ Row 2743: Unparsable date → '2395331310'
[2025-08-20 14:14:28] ⚠️ Row 2744: Unparsable date → '2395331973'
[2025-08-20 14:14:28] ⚠️ Row 2745: Unparsable date → '2395611684'
[2025-08-20 14:14:28] ⚠️ Row 2746: Unparsable date → '2396714341'
[2025-08-20 14:14:28] ⚠️ Row 2747: Unparsable date → '2397082201'
[2025-08-20 14:14:28] ⚠️ Row 2748: Unparsable date → '2397424173'
[2025-08-20 14:14:28] ⚠️ Row 2749: Unparsable date → '2397424383'
[2025-08-20 14:14:28] ⚠️ Row 2750: Unparsable date → '2397443123'
[2025-08-20 14:14:28] ⚠️ Row 2751: Unparsable date → '2397462582'
[2025-08-20 14:14:28] ⚠️ Row 2752: Unparsable date → '2398112185'
[2025-08-20 14:14:28] ⚠️ Row 2753: Unparsable date → '2398743347'
[2025-08-20 14:14:28] ⚠️ Row 2754: Unparsable date → '2398781060'
[2025-08-20 14:14:28] ⚠️ Row 2755: Unparsable date → '2398873997'
[2025-08-20 14:14:28] ⚠️ Row 2756: Unparsable date → '2398931717'
[2025-08-20 14:14:28] ⚠️ Row 2757: Unparsable date → '2399326827'
[2025-08-20 14:14:28] ⚠️ Row 2758: Unparsable date → '2399574374'
[2025-08-20 14:14:28] ⚠️ Row 2759: Unparsable date → '2400021583'
[2025-08-20 14:14:28] ⚠️ Row 2760: Unparsable date → '2405205256'
[2025-08-20 14:14:28] ⚠️ Row 2761: Unparsable date → '2406534532'
[2025-08-20 14:14:29] ⚠️ Row 2762: Unparsable date → '2406553217'
[2025-08-20 14:14:29] ⚠️ Row 2763: Unparsable date → '2406569018'
[2025-08-20 14:14:29] ⚠️ Row 2764: Unparsable date → '2408667892'
[2025-08-20 14:14:29] ⚠️ Row 2765: Unparsable date → '2409144939'
[2025-08-20 14:14:29] ⚠️ Row 2766: Unparsable date → '2409707513'
[2025-08-20 14:14:29] ⚠️ Row 2767: Unparsable date → '2409897948'
[2025-08-20 14:14:29] ⚠️ Row 2768: Unparsable date → '2411331550'
[2025-08-20 14:14:29] ⚠️ Row 2769: Unparsable date → '2411331760'
[2025-08-20 14:14:29] ⚠️ Row 2770: Unparsable date → '2411350301'
[2025-08-20 14:14:29] ⚠️ Row 2771: Unparsable date → '2411350507'
[2025-08-20 14:14:29] ⚠️ Row 2772: Unparsable date → '2413506639'
[2025-08-20 14:14:29] ⚠️ Row 2773: Unparsable date → '2413865915'
[2025-08-20 14:14:29] ⚠️ Row 2774: Unparsable date → '2414129990'
[2025-08-20 14:14:29] ⚠️ Row 2775: Unparsable date → '2414130033'
[2025-08-20 14:14:29] ⚠️ Row 2776: Unparsable date → '2414130057'
[2025-08-20 14:14:29] ⚠️ Row 2777: Unparsable date → '2414130171'
[2025-08-20 14:14:29] ⚠️ Row 2778: Unparsable date → '2414414461'
[2025-08-20 14:14:29] ⚠️ Row 2779: Unparsable date → '2414414826'
[2025-08-20 14:14:29] ⚠️ Row 2780: Unparsable date → '2414414927'
[2025-08-20 14:14:29] ⚠️ Row 2781: Unparsable date → '2414433322'
[2025-08-20 14:14:29] ⚠️ Row 2782: Unparsable date → '2414433491'
[2025-08-20 14:14:29] ⚠️ Row 2783: Unparsable date → '2414433597'
[2025-08-20 14:14:29] ⚠️ Row 2784: Unparsable date → '2414433841'
[2025-08-20 14:14:29] ⚠️ Row 2785: Unparsable date → '2414453233'
[2025-08-20 14:14:29] ⚠️ Row 2786: Unparsable date → '2414613349'
[2025-08-20 14:14:29] ⚠️ Row 2787: Unparsable date → '2415031669'
[2025-08-20 14:14:29] ⚠️ Row 2788: Unparsable date → '2415031856'
[2025-08-20 14:14:29] ⚠️ Row 2789: Unparsable date → '2416445429'
[2025-08-20 14:14:29] ⚠️ Row 2790: Unparsable date → '2417590936'
[2025-08-20 14:14:29] ⚠️ Row 2791: Unparsable date → '2417613471'
[2025-08-20 14:14:29] ⚠️ Row 2792: Unparsable date → '2417614096'
[2025-08-20 14:14:29] ⚠️ Row 2793: Unparsable date → '2418176549'
[2025-08-20 14:14:29] ⚠️ Row 2794: Unparsable date → '2418565565'
[2025-08-20 14:14:29] ⚠️ Row 2795: Unparsable date → '2418565717'
[2025-08-20 14:14:29] ⚠️ Row 2796: Unparsable date → '2419346287'
[2025-08-20 14:14:29] ⚠️ Row 2797: Unparsable date → '2422157832'
[2025-08-20 14:14:29] ⚠️ Row 2798: Unparsable date → '2422158020'
[2025-08-20 14:14:29] ⚠️ Row 2799: Unparsable date → '2422158393'
[2025-08-20 14:14:29] ⚠️ Row 2800: Unparsable date → '2422158433'
[2025-08-20 14:14:29] ⚠️ Row 2801: Unparsable date → '2422158530'
[2025-08-20 14:14:29] ⚠️ Row 2802: Unparsable date → '2423223715'
[2025-08-20 14:14:29] ⚠️ Row 2803: Unparsable date → '2423258171'
[2025-08-20 14:14:29] ⚠️ Row 2804: Unparsable date → '2423258434'
[2025-08-20 14:14:29] ⚠️ Row 2805: Unparsable date → '2426146059'
[2025-08-20 14:14:29] ⚠️ Row 2806: Unparsable date → '2426168276'
[2025-08-20 14:14:29] ⚠️ Row 2807: Unparsable date → '2426385173'
[2025-08-20 14:14:29] ⚠️ Row 2808: Unparsable date → '2426385832'
[2025-08-20 14:14:29] ⚠️ Row 2809: Unparsable date → '2426916028'
[2025-08-20 14:14:29] ⚠️ Row 2810: Unparsable date → '2426997421'
[2025-08-20 14:14:29] ⚠️ Row 2811: Unparsable date → '2426997475'
[2025-08-20 14:14:29] ⚠️ Row 2812: Unparsable date → '2429383899'
[2025-08-20 14:14:29] ⚠️ Row 2813: Unparsable date → '2429383934'
[2025-08-20 14:14:29] ⚠️ Row 2814: Unparsable date → '2429383949'
[2025-08-20 14:14:29] ⚠️ Row 2815: Unparsable date → '2429561931'
[2025-08-20 14:14:29] ⚠️ Row 2816: Unparsable date → '2429679228'
[2025-08-20 14:14:29] ⚠️ Row 2817: Unparsable date → '2429679363'
[2025-08-20 14:14:29] ⚠️ Row 2818: Unparsable date → '2430639288'
[2025-08-20 14:14:29] ⚠️ Row 2819: Unparsable date → '2430732107'
[2025-08-20 14:14:29] ⚠️ Row 2820: Unparsable date → '2431277402'
[2025-08-20 14:14:29] ⚠️ Row 2821: Unparsable date → '2431298043'
[2025-08-20 14:14:29] ⚠️ Row 2822: Unparsable date → '2431298087'
[2025-08-20 14:14:29] ⚠️ Row 2823: Unparsable date → '2431355721'
[2025-08-20 14:14:29] ⚠️ Row 2824: Unparsable date → '2431355876'
[2025-08-20 14:14:29] ⚠️ Row 2825: Unparsable date → '2431356042'
[2025-08-20 14:14:29] ⚠️ Row 2826: Unparsable date → '2431356280'
[2025-08-20 14:14:29] ⚠️ Row 2827: Unparsable date → '2431738739'
[2025-08-20 14:14:29] ⚠️ Row 2828: Unparsable date → '2431851636'
[2025-08-20 14:14:29] ⚠️ Row 2829: Unparsable date → '2431891893'
[2025-08-20 14:14:29] ⚠️ Row 2830: Unparsable date → '2432187340'
[2025-08-20 14:14:29] ⚠️ Row 2831: Unparsable date → '2432187530'
[2025-08-20 14:14:29] ⚠️ Row 2832: Unparsable date → '2432744013'
[2025-08-20 14:14:29] ⚠️ Row 2833: Unparsable date → '2432744161'
[2025-08-20 14:14:29] ⚠️ Row 2834: Unparsable date → '2432744300'
[2025-08-20 14:14:29] ⚠️ Row 2835: Unparsable date → '2432761491'
[2025-08-20 14:14:29] ⚠️ Row 2836: Unparsable date → '2432761679'
[2025-08-20 14:14:29] ⚠️ Row 2837: Unparsable date → '2432781243'
[2025-08-20 14:14:29] ⚠️ Row 2838: Unparsable date → '2432799158'
[2025-08-20 14:14:29] ⚠️ Row 2839: Unparsable date → '2433824098'
[2025-08-20 14:14:29] ⚠️ Row 2840: Unparsable date → '2433824123'
[2025-08-20 14:14:29] ⚠️ Row 2841: Unparsable date → '2433824205'
[2025-08-20 14:14:29] ⚠️ Row 2842: Unparsable date → '2434500407'
[2025-08-20 14:14:29] ⚠️ Row 2843: Unparsable date → '2435015717'
[2025-08-20 14:14:29] ⚠️ Row 2844: Unparsable date → '2435015879'
[2025-08-20 14:14:29] ⚠️ Row 2845: Unparsable date → '2435016037'
[2025-08-20 14:14:29] ⚠️ Row 2846: Unparsable date → '2435036055'
[2025-08-20 14:14:29] ⚠️ Row 2847: Unparsable date → '2435036188'
[2025-08-20 14:14:29] ⚠️ Row 2848: Unparsable date → '2435036421'
[2025-08-20 14:14:29] ⚠️ Row 2849: Unparsable date → '2435055645'
[2025-08-20 14:14:29] ⚠️ Row 2850: Unparsable date → '2435073553'
[2025-08-20 14:14:29] ⚠️ Row 2851: Unparsable date → '2435073662'
[2025-08-20 14:14:29] ⚠️ Row 2852: Unparsable date → '2435074064'
[2025-08-20 14:14:29] ⚠️ Row 2853: Unparsable date → '2435390429'
[2025-08-20 14:14:29] ⚠️ Row 2854: Unparsable date → '2435390432'
[2025-08-20 14:14:29] ⚠️ Row 2855: Unparsable date → '2435390471'
[2025-08-20 14:14:29] ⚠️ Row 2856: Unparsable date → '2435390487'
[2025-08-20 14:14:29] ⚠️ Row 2857: Unparsable date → '2435390496'
[2025-08-20 14:14:29] ⚠️ Row 2858: Unparsable date → '2435407503'
[2025-08-20 14:14:29] ⚠️ Row 2859: Unparsable date → '2435407512'
[2025-08-20 14:14:29] ⚠️ Row 2860: Unparsable date → '2435407517'
[2025-08-20 14:14:29] ⚠️ Row 2861: Unparsable date → '2435407578'
[2025-08-20 14:14:29] ⚠️ Row 2862: Unparsable date → '2435407583'
[2025-08-20 14:14:29] ⚠️ Row 2863: Unparsable date → '2435407586'
[2025-08-20 14:14:29] ⚠️ Row 2864: Unparsable date → '2435407604'
[2025-08-20 14:14:29] ⚠️ Row 2865: Unparsable date → '2435592613'
[2025-08-20 14:14:29] ⚠️ Row 2866: Unparsable date → '2435592667'
[2025-08-20 14:14:29] ⚠️ Row 2867: Unparsable date → '2435592707'
[2025-08-20 14:14:29] ⚠️ Row 2868: Unparsable date → '2435684155'
[2025-08-20 14:14:29] ⚠️ Row 2869: Unparsable date → '2435762754'
[2025-08-20 14:14:29] ⚠️ Row 2870: Unparsable date → '2435762849'
[2025-08-20 14:14:29] ⚠️ Row 2871: Unparsable date → '2435763417'
[2025-08-20 14:14:29] ⚠️ Row 2872: Unparsable date → '2435781961'
[2025-08-20 14:14:29] ⚠️ Row 2873: Unparsable date → '2435782282'
[2025-08-20 14:14:29] ⚠️ Row 2874: Unparsable date → '2435804289'
[2025-08-20 14:14:29] ⚠️ Row 2875: Unparsable date → '2435880030'
[2025-08-20 14:14:29] ⚠️ Row 2876: Unparsable date → '2435880076'
[2025-08-20 14:14:29] ⚠️ Row 2877: Unparsable date → '2435880096'
[2025-08-20 14:14:29] ⚠️ Row 2878: Unparsable date → '2435880180'
[2025-08-20 14:14:29] ⚠️ Row 2879: Unparsable date → '2435880220'
[2025-08-20 14:14:29] ⚠️ Row 2880: Unparsable date → '2435880255'
[2025-08-20 14:14:29] ⚠️ Row 2881: Unparsable date → '2435880309'
[2025-08-20 14:14:29] ⚠️ Row 2882: Unparsable date → '2435880336'
[2025-08-20 14:14:29] ⚠️ Row 2883: Unparsable date → '2436014382'
[2025-08-20 14:14:29] ⚠️ Row 2884: Unparsable date → '2436014430'
[2025-08-20 14:14:29] ⚠️ Row 2885: Unparsable date → '2436312994'
[2025-08-20 14:14:29] ⚠️ Row 2886: Unparsable date → '2436624866'
[2025-08-20 14:14:29] ⚠️ Row 2887: Unparsable date → '2436625044'
[2025-08-20 14:14:29] ⚠️ Row 2888: Unparsable date → '2437157400'
[2025-08-20 14:14:29] ⚠️ Row 2889: Unparsable date → '2437176588'
[2025-08-20 14:14:29] ⚠️ Row 2890: Unparsable date → '2437194812'
[2025-08-20 14:14:29] ⚠️ Row 2891: Unparsable date → '2437195351'
[2025-08-20 14:14:29] ⚠️ Row 2892: Unparsable date → '2437195532'
[2025-08-20 14:14:29] ⚠️ Row 2893: Unparsable date → '2437215786'
[2025-08-20 14:14:29] ⚠️ Row 2894: Unparsable date → '2437216220'
[2025-08-20 14:14:29] ⚠️ Row 2895: Unparsable date → '2437216304'
[2025-08-20 14:14:29] ⚠️ Row 2896: Unparsable date → '2437314946'
[2025-08-20 14:14:29] ⚠️ Row 2897: Unparsable date → '2437314986'
[2025-08-20 14:14:29] ⚠️ Row 2898: Unparsable date → '2437546201'
[2025-08-20 14:14:29] ⚠️ Row 2899: Unparsable date → '2437776656'
[2025-08-20 14:14:29] ⚠️ Row 2900: Unparsable date → '2438233427'
[2025-08-20 14:14:29] ⚠️ Row 2901: Unparsable date → '2438445433'
[2025-08-20 14:14:29] ⚠️ Row 2902: Unparsable date → '2438466155'
[2025-08-20 14:14:29] ⚠️ Row 2903: Unparsable date → '2438521881'
[2025-08-20 14:14:29] ⚠️ Row 2904: Unparsable date → '2438522091'
[2025-08-20 14:14:29] ⚠️ Row 2905: Unparsable date → '2438522511'
[2025-08-20 14:14:29] ⚠️ Row 2906: Unparsable date → '2438540032'
[2025-08-20 14:14:29] ⚠️ Row 2907: Unparsable date → '2438540336'
[2025-08-20 14:14:29] ⚠️ Row 2908: Unparsable date → '2438561298'
[2025-08-20 14:14:29] ⚠️ Row 2909: Unparsable date → '2438561492'
[2025-08-20 14:14:29] ⚠️ Row 2910: Unparsable date → '2438561593'
[2025-08-20 14:14:29] ⚠️ Row 2911: Unparsable date → '2438580175'
[2025-08-20 14:14:29] ⚠️ Row 2912: Unparsable date → '2439703077'
[2025-08-20 14:14:29] ⚠️ Row 2913: Unparsable date → '2439703120'
[2025-08-20 14:14:29] ⚠️ Row 2914: Unparsable date → '2439990342'
[2025-08-20 14:14:29] ⚠️ Row 2915: Unparsable date → '2440316570'
[2025-08-20 14:14:29] ⚠️ Row 2916: Unparsable date → '2440316757'
[2025-08-20 14:14:29] ⚠️ Row 2917: Unparsable date → '2440778438'
[2025-08-20 14:14:29] ⚠️ Row 2918: Unparsable date → '2441442742'
[2025-08-20 14:14:29] ⚠️ Row 2919: Unparsable date → '2442185901'
[2025-08-20 14:14:29] ⚠️ Row 2920: Unparsable date → '2442982616'
[2025-08-20 14:14:29] ⚠️ Row 2921: Unparsable date → '2444266735'
[2025-08-20 14:14:29] ⚠️ Row 2922: Unparsable date → '2444266861'
[2025-08-20 14:14:29] ⚠️ Row 2923: Unparsable date → '2444477360'
[2025-08-20 14:14:29] ⚠️ Row 2924: Unparsable date → '2444477651'
[2025-08-20 14:14:29] ⚠️ Row 2925: Unparsable date → '2444557945'
[2025-08-20 14:14:29] ⚠️ Row 2926: Unparsable date → '2444577474'
[2025-08-20 14:14:29] ⚠️ Row 2927: Unparsable date → '2444598407'
[2025-08-20 14:14:29] ⚠️ Row 2928: Unparsable date → '2444598998'
[2025-08-20 14:14:29] ⚠️ Row 2929: Unparsable date → '2444618185'
[2025-08-20 14:14:29] ⚠️ Row 2930: Unparsable date → '2445300802'
[2025-08-20 14:14:29] ⚠️ Row 2931: Unparsable date → '2446538369'
[2025-08-20 14:14:29] ⚠️ Row 2932: Unparsable date → '2447970211'
[2025-08-20 14:14:29] ⚠️ Row 2933: Unparsable date → '2447970349'
[2025-08-20 14:14:29] ⚠️ Row 2934: Unparsable date → '2448834773'
[2025-08-20 14:14:29] ⚠️ Row 2935: Unparsable date → '2450132539'
[2025-08-20 14:14:29] ⚠️ Row 2936: Unparsable date → '2450798781'
[2025-08-20 14:14:29] ⚠️ Row 2937: Unparsable date → '2451310271'
[2025-08-20 14:14:29] ⚠️ Row 2938: Unparsable date → '2451329466'
[2025-08-20 14:14:29] ⚠️ Row 2939: Unparsable date → '2453361614'
[2025-08-20 14:14:29] ⚠️ Row 2940: Unparsable date → '2453361996'
[2025-08-20 14:14:29] ⚠️ Row 2941: Unparsable date → '2454514811'
[2025-08-20 14:14:29] ⚠️ Row 2942: Unparsable date → '2454584628'
[2025-08-20 14:14:29] ⚠️ Row 2943: Unparsable date → '2454640798'
[2025-08-20 14:14:29] ⚠️ Row 2944: Unparsable date → '2454641185'
[2025-08-20 14:14:29] ⚠️ Row 2945: Unparsable date → '2454967689'
[2025-08-20 14:14:29] ⚠️ Row 2946: Unparsable date → '2454967782'
[2025-08-20 14:14:29] ⚠️ Row 2947: Unparsable date → '2454967929'
[2025-08-20 14:14:29] ⚠️ Row 2948: Unparsable date → '2454968171'
[2025-08-20 14:14:29] ⚠️ Row 2949: Unparsable date → '2454968428'
[2025-08-20 14:14:29] ⚠️ Row 2950: Unparsable date → '2455337585'
[2025-08-20 14:14:29] ⚠️ Row 2951: Unparsable date → '2455357201'
[2025-08-20 14:14:29] ⚠️ Row 2952: Unparsable date → '2455570055'
[2025-08-20 14:14:29] ⚠️ Row 2953: Unparsable date → '2455609817'
[2025-08-20 14:14:29] ⚠️ Row 2954: Unparsable date → '2455609896'
[2025-08-20 14:14:29] ⚠️ Row 2955: Unparsable date → '2455609938'
[2025-08-20 14:14:29] ⚠️ Row 2956: Unparsable date → '2455955567'
[2025-08-20 14:14:29] ⚠️ Row 2957: Unparsable date → '2456346245'
[2025-08-20 14:14:29] ⚠️ Row 2958: Unparsable date → '2456346461'
[2025-08-20 14:14:29] ⚠️ Row 2959: Unparsable date → '2456857735'
[2025-08-20 14:14:29] ⚠️ Row 2960: Unparsable date → '2456857864'
[2025-08-20 14:14:29] ⚠️ Row 2961: Unparsable date → '2456858119'
[2025-08-20 14:14:29] ⚠️ Row 2962: Unparsable date → '2456858306'
[2025-08-20 14:14:29] ⚠️ Row 2963: Unparsable date → '2456858492'
[2025-08-20 14:14:29] ⚠️ Row 2964: Unparsable date → '2456877719'
[2025-08-20 14:14:29] ⚠️ Row 2965: Unparsable date → '2457817881'
[2025-08-20 14:14:29] ⚠️ Row 2966: Unparsable date → '2457850821'
[2025-08-20 14:14:29] ⚠️ Row 2967: Unparsable date → '2457884156'
[2025-08-20 14:14:29] ⚠️ Row 2968: Unparsable date → '2457884433'
[2025-08-20 14:14:29] ⚠️ Row 2969: Unparsable date → '2457884607'
[2025-08-20 14:14:29] ⚠️ Row 2970: Unparsable date → '2458192289'
[2025-08-20 14:14:29] ⚠️ Row 2971: Unparsable date → '2458192442'
[2025-08-20 14:14:29] ⚠️ Row 2972: Unparsable date → '2458192483'
[2025-08-20 14:14:29] ⚠️ Row 2973: Unparsable date → '2458192530'
[2025-08-20 14:14:29] ⚠️ Row 2974: Unparsable date → '2458192569'
[2025-08-20 14:14:29] ⚠️ Row 2975: Unparsable date → '2458291626'
[2025-08-20 14:14:29] ⚠️ Row 2976: Unparsable date → '2458291687'
[2025-08-20 14:14:29] ⚠️ Row 2977: Unparsable date → '2458291730'
[2025-08-20 14:14:29] ⚠️ Row 2978: Unparsable date → '2458291750'
[2025-08-20 14:14:29] ⚠️ Row 2979: Unparsable date → '2458291785'
[2025-08-20 14:14:29] ⚠️ Row 2980: Unparsable date → '2458308868'
[2025-08-20 14:14:29] ⚠️ Row 2981: Unparsable date → '2458403543'
[2025-08-20 14:14:29] ⚠️ Row 2982: Unparsable date → '2458403762'
[2025-08-20 14:14:29] ⚠️ Row 2983: Unparsable date → '2458422285'
[2025-08-20 14:14:29] ⚠️ Row 2984: Unparsable date → '2458441113'
[2025-08-20 14:14:29] ⚠️ Row 2985: Unparsable date → '2458441270'
[2025-08-20 14:14:29] ⚠️ Row 2986: Unparsable date → '2458441397'
[2025-08-20 14:14:29] ⚠️ Row 2987: Unparsable date → '2458441649'
[2025-08-20 14:14:29] ⚠️ Row 2988: Unparsable date → '2458615536'
[2025-08-20 14:14:29] ⚠️ Row 2989: Unparsable date → '2459148461'
[2025-08-20 14:14:29] ⚠️ Row 2990: Unparsable date → '2459896455'
[2025-08-20 14:14:29] ⚠️ Row 2991: Unparsable date → '2460541829'
[2025-08-20 14:14:29] ⚠️ Row 2992: Unparsable date → '2461116453'
[2025-08-20 14:14:29] ⚠️ Row 2993: Unparsable date → '2461116563'
[2025-08-20 14:14:29] ⚠️ Row 2994: Unparsable date → '2461393731'
[2025-08-20 14:14:29] ⚠️ Row 2995: Unparsable date → '2462814616'
[2025-08-20 14:14:29] ⚠️ Row 2996: Unparsable date → '2462814854'
[2025-08-20 14:14:29] ⚠️ Row 2997: Unparsable date → '2463236148'
[2025-08-20 14:14:29] ⚠️ Row 2998: Unparsable date → '2463275671'
[2025-08-20 14:14:29] ⚠️ Row 2999: Unparsable date → '2466071025'
[2025-08-20 14:14:29] ⚠️ Row 3000: Unparsable date → '2466108556'
[2025-08-20 14:14:29] ⚠️ Row 3001: Unparsable date → '2467291510'
[2025-08-20 14:14:29] ⚠️ Row 3002: Unparsable date → '2467423909'
[2025-08-20 14:14:29] ⚠️ Row 3003: Unparsable date → '2467934416'
[2025-08-20 14:14:29] ⚠️ Row 3004: Unparsable date → '2467955825'
[2025-08-20 14:14:29] ⚠️ Row 3005: Unparsable date → '2467956241'
[2025-08-20 14:14:29] ⚠️ Row 3006: Unparsable date → '2468259906'
[2025-08-20 14:14:29] ⚠️ Row 3007: Unparsable date → '2468571017'
[2025-08-20 14:14:29] ⚠️ Row 3008: Unparsable date → '2468988688'
[2025-08-20 14:14:29] ⚠️ Row 3009: Unparsable date → '2469403590'
[2025-08-20 14:14:29] ⚠️ Row 3010: Unparsable date → '2470046219'
[2025-08-20 14:14:29] ⚠️ Row 3011: Unparsable date → '2470855194'
[2025-08-20 14:14:29] ⚠️ Row 3012: Unparsable date → '2470986650'
[2025-08-20 14:14:29] ⚠️ Row 3013: Unparsable date → '2470986944'
[2025-08-20 14:14:29] ⚠️ Row 3014: Unparsable date → '2470987322'
[2025-08-20 14:14:29] ⚠️ Row 3015: Unparsable date → '2471575963'
[2025-08-20 14:14:29] ⚠️ Row 3016: Unparsable date → '2471595571'
[2025-08-20 14:14:29] ⚠️ Row 3017: Unparsable date → '2472044311'
[2025-08-20 14:14:29] ⚠️ Row 3018: Unparsable date → '2472145568'
[2025-08-20 14:14:29] ⚠️ Row 3019: Unparsable date → '2472163148'
[2025-08-20 14:14:29] ⚠️ Row 3020: Unparsable date → '2472183250'
[2025-08-20 14:14:29] ⚠️ Row 3021: Unparsable date → '2472274911'
[2025-08-20 14:14:29] ⚠️ Row 3022: Unparsable date → '2472585111'
[2025-08-20 14:14:29] ⚠️ Row 3023: Unparsable date → '2472585208'
[2025-08-20 14:14:29] ⚠️ Row 3024: Unparsable date → '2473269298'
[2025-08-20 14:14:29] ⚠️ Row 3025: Unparsable date → '2473381657'
[2025-08-20 14:14:29] ⚠️ Row 3026: Unparsable date → '2473398965'
[2025-08-20 14:14:29] ⚠️ Row 3027: Unparsable date → '2473399173'
[2025-08-20 14:14:29] ⚠️ Row 3028: Unparsable date → '2473399595'
[2025-08-20 14:14:29] ⚠️ Row 3029: Unparsable date → '2474171681'
[2025-08-20 14:14:29] ⚠️ Row 3030: Unparsable date → '2474793781'
[2025-08-20 14:14:29] ⚠️ Row 3031: Unparsable date → '2475585001'
[2025-08-20 14:14:29] ⚠️ Row 3032: Unparsable date → '2475603927'
[2025-08-20 14:14:29] ⚠️ Row 3033: Unparsable date → '2475604457'
[2025-08-20 14:14:29] ⚠️ Row 3034: Unparsable date → '2475641777'
[2025-08-20 14:14:29] ⚠️ Row 3035: Unparsable date → '2475677822'
[2025-08-20 14:14:29] ⚠️ Row 3036: Unparsable date → '2475678101'
[2025-08-20 14:14:29] ⚠️ Row 3037: Unparsable date → '2475678525'
[2025-08-20 14:14:29] ⚠️ Row 3038: Unparsable date → '2475697136'
[2025-08-20 14:14:29] ⚠️ Row 3039: Unparsable date → '2475735341'
[2025-08-20 14:14:29] ⚠️ Row 3040: Unparsable date → '2475947126'
[2025-08-20 14:14:29] ⚠️ Row 3041: Unparsable date → '2475967783'
[2025-08-20 14:14:29] ⚠️ Row 3042: Unparsable date → '2475983003'
[2025-08-20 14:14:29] ⚠️ Row 3043: Unparsable date → '2475983219'
[2025-08-20 14:14:29] ⚠️ Row 3044: Unparsable date → '2475983487'
[2025-08-20 14:14:29] ⚠️ Row 3045: Unparsable date → '2476036069'
[2025-08-20 14:14:29] ⚠️ Row 3046: Unparsable date → '2476036264'
[2025-08-20 14:14:29] ⚠️ Row 3047: Unparsable date → '2476036437'
[2025-08-20 14:14:29] ⚠️ Row 3048: Unparsable date → '2476036616'
[2025-08-20 14:14:29] ⚠️ Row 3049: Unparsable date → '2476115716'
[2025-08-20 14:14:29] ⚠️ Row 3050: Unparsable date → '2476134097'
[2025-08-20 14:14:29] ⚠️ Row 3051: Unparsable date → '2476134314'
[2025-08-20 14:14:29] ⚠️ Row 3052: Unparsable date → '2476134401'
[2025-08-20 14:14:30] ⚠️ Row 3053: Unparsable date → '2476151802'
[2025-08-20 14:14:30] ⚠️ Row 3054: Unparsable date → '2476152129'
[2025-08-20 14:14:30] ⚠️ Row 3055: Unparsable date → '2476152177'
[2025-08-20 14:14:30] ⚠️ Row 3056: Unparsable date → '2476152326'
[2025-08-20 14:14:30] ⚠️ Row 3057: Unparsable date → '2476152358'
[2025-08-20 14:14:30] ⚠️ Row 3058: Unparsable date → '2476823396'
[2025-08-20 14:14:30] ⚠️ Row 3059: Unparsable date → '2476939333'
[2025-08-20 14:14:30] ⚠️ Row 3060: Unparsable date → '2476999757'
[2025-08-20 14:14:30] ⚠️ Row 3061: Unparsable date → '2477020193'
[2025-08-20 14:14:30] ⚠️ Row 3062: Unparsable date → '2477020698'
[2025-08-20 14:14:30] ⚠️ Row 3063: Unparsable date → '2477138200'
[2025-08-20 14:14:30] ⚠️ Row 3064: Unparsable date → '2477179003'
[2025-08-20 14:14:30] ⚠️ Row 3065: Unparsable date → '2477179455'
[2025-08-20 14:14:30] ⚠️ Row 3066: Unparsable date → '2477534364'
[2025-08-20 14:14:30] ⚠️ Row 3067: Unparsable date → '2477691410'
[2025-08-20 14:14:30] ⚠️ Row 3068: Unparsable date → '2477711981'
[2025-08-20 14:14:30] ⚠️ Row 3069: Unparsable date → '2477712763'
[2025-08-20 14:14:30] ⚠️ Row 3070: Unparsable date → '2477732350'
[2025-08-20 14:14:30] ⚠️ Row 3071: Unparsable date → '2477791749'
[2025-08-20 14:14:30] ⚠️ Row 3072: Unparsable date → '2477810027'
[2025-08-20 14:14:30] ⚠️ Row 3073: Unparsable date → '2477810506'
[2025-08-20 14:14:30] ⚠️ Row 3074: Unparsable date → '2477827280'
[2025-08-20 14:14:30] ⚠️ Row 3075: Unparsable date → '2477865908'
[2025-08-20 14:14:30] ⚠️ Row 3076: Unparsable date → '2477885147'
[2025-08-20 14:14:30] ⚠️ Row 3077: Unparsable date → '2477885474'
[2025-08-20 14:14:30] ⚠️ Row 3078: Unparsable date → '2477904982'
[2025-08-20 14:14:30] ⚠️ Row 3079: Unparsable date → '2477905719'
[2025-08-20 14:14:30] ⚠️ Row 3080: Unparsable date → '2478135987'
[2025-08-20 14:14:30] ⚠️ Row 3081: Unparsable date → '2478136160'
[2025-08-20 14:14:30] ⚠️ Row 3082: Unparsable date → '2478993994'
[2025-08-20 14:14:30] ⚠️ Row 3083: Unparsable date → '2479735738'
[2025-08-20 14:14:30] ⚠️ Row 3084: Unparsable date → '2480863407'
[2025-08-20 14:14:30] ⚠️ Row 3085: Unparsable date → '2482172795'
[2025-08-20 14:14:30] ⚠️ Row 3086: Unparsable date → '2482192182'
[2025-08-20 14:14:30] ⚠️ Row 3087: Unparsable date → '2482771394'
[2025-08-20 14:14:30] ⚠️ Row 3088: Unparsable date → '2483262450'
[2025-08-20 14:14:30] ⚠️ Row 3089: Unparsable date → '2484009206'
[2025-08-20 14:14:30] ⚠️ Row 3090: Unparsable date → '2484859496'
[2025-08-20 14:14:30] ⚠️ Row 3091: Unparsable date → '2484895707'
[2025-08-20 14:14:30] ⚠️ Row 3092: Unparsable date → '2484895724'
[2025-08-20 14:14:30] ⚠️ Row 3093: Unparsable date → '2485010281'
[2025-08-20 14:14:30] ⚠️ Row 3094: Unparsable date → '2485223430'
[2025-08-20 14:14:30] ⚠️ Row 3095: Unparsable date → '2485439060'
[2025-08-20 14:14:30] ⚠️ Row 3096: Unparsable date → '2485828452'
[2025-08-20 14:14:30] ⚠️ Row 3097: Unparsable date → '2485941483'
[2025-08-20 14:14:30] ⚠️ Row 3098: Unparsable date → '2487412846'
[2025-08-20 14:14:30] ⚠️ Row 3099: Unparsable date → '2487413305'
[2025-08-20 14:14:30] ⚠️ Row 3100: Unparsable date → '2488041752'
[2025-08-20 14:14:30] ⚠️ Row 3101: Unparsable date → '2488698405'
[2025-08-20 14:14:30] ⚠️ Row 3102: Unparsable date → '2489644234'
[2025-08-20 14:14:30] ⚠️ Row 3103: Unparsable date → '2490407536'
[2025-08-20 14:14:30] ⚠️ Row 3104: Unparsable date → '2492682580'
[2025-08-20 14:14:30] ⚠️ Row 3105: Unparsable date → '2492720755'
[2025-08-20 14:14:30] ⚠️ Row 3106: Unparsable date → '2492721511'
[2025-08-20 14:14:30] ⚠️ Row 3107: Unparsable date → '2495757468'
[2025-08-20 14:14:30] ⚠️ Row 3108: Unparsable date → '2499446220'
[2025-08-20 14:14:30] ⚠️ Row 3109: Unparsable date → '2500214855'
[2025-08-20 14:14:30] ⚠️ Row 3110: Unparsable date → '2501244259'
[2025-08-20 14:14:30] ⚠️ Row 3111: Unparsable date → '2502134261'
[2025-08-20 14:14:30] ⚠️ Row 3112: Unparsable date → '2502439260'
[2025-08-20 14:14:30] ⚠️ Row 3113: Unparsable date → '2502458717'
[2025-08-20 14:14:30] ⚠️ Row 3114: Unparsable date → '2502476628'
[2025-08-20 14:14:30] ⚠️ Row 3115: Unparsable date → '2504687230'
[2025-08-20 14:14:30] ⚠️ Row 3116: Unparsable date → '2505099534'
[2025-08-20 14:14:30] ⚠️ Row 3117: Unparsable date → '2505759351'
[2025-08-20 14:14:30] ⚠️ Row 3118: Unparsable date → '2506211714'
[2025-08-20 14:14:30] ⚠️ Row 3119: Unparsable date → '2506786724'
[2025-08-20 14:14:30] ⚠️ Row 3120: Unparsable date → '2510484356'
[2025-08-20 14:14:30] ⚠️ Row 3121: Unparsable date → '2511441279'
[2025-08-20 14:14:30] ⚠️ Row 3122: Unparsable date → '2512309949'
[2025-08-20 14:14:30] ⚠️ Row 3123: Unparsable date → '2517801206'
[2025-08-20 14:14:30] ⚠️ Row 3124: Unparsable date → '2518737367'
[2025-08-20 14:14:30] ⚠️ Row 3125: Unparsable date → '2523061912'
[2025-08-20 14:14:30] ⚠️ Row 3126: Unparsable date → '2523917701'
[2025-08-20 14:14:30] ⚠️ Row 3127: Unparsable date → '2524823541'
[2025-08-20 14:14:30] ⚠️ Row 3128: Unparsable date → '2527295826'
[2025-08-20 14:14:30] ⚠️ Row 3129: Unparsable date → '2529092941'
[2025-08-20 14:14:30] ⚠️ Row 3130: Unparsable date → '2530250636'
[2025-08-20 14:14:30] ⚠️ Row 3131: Unparsable date → '2531188087'
[2025-08-20 14:14:30] ⚠️ Row 3132: Unparsable date → '2534777149'
[2025-08-20 14:14:30] ⚠️ Row 3133: Unparsable date → '2535252452'
[2025-08-20 14:14:30] ⚠️ Row 3134: Unparsable date → '2536327091'
[2025-08-20 14:14:30] ⚠️ Row 3135: Unparsable date → '2537185414'
[2025-08-20 14:14:30] ⚠️ Row 3136: Unparsable date → '2539988294'
[2025-08-20 14:14:30] ⚠️ Row 3137: Unparsable date → '2541127810'
[2025-08-20 14:14:30] ⚠️ Row 3138: Unparsable date → '2542029628'
[2025-08-20 14:14:30] ⚠️ Row 3139: Unparsable date → '2543052972'
[2025-08-20 14:14:30] ⚠️ Row 3140: Unparsable date → '2544287087'
[2025-08-20 14:14:30] ⚠️ Row 3141: Unparsable date → '2544306623'
[2025-08-20 14:14:30] ⚠️ Row 3142: Unparsable date → '2544364579'
[2025-08-20 14:14:30] ⚠️ Row 3143: Unparsable date → '2544364631'
[2025-08-20 14:14:30] ⚠️ Row 3144: Unparsable date → '2546848795'
[2025-08-20 14:14:30] ⚠️ Row 3145: Unparsable date → '2547731175'
[2025-08-20 14:14:30] ⚠️ Row 3146: Unparsable date → '2547731703'
[2025-08-20 14:14:30] ⚠️ Row 3147: Unparsable date → '2548723894'
[2025-08-20 14:14:30] ⚠️ Row 3148: Unparsable date → '2549730087'
[2025-08-20 14:14:30] ⚠️ Row 3149: Unparsable date → '2550205483'
[2025-08-20 14:14:30] ⚠️ Row 3150: Unparsable date → '2550226851'
[2025-08-20 14:14:30] ⚠️ Row 3151: Unparsable date → '2550247053'
[2025-08-20 14:14:30] ⚠️ Row 3152: Unparsable date → '2551389762'
[2025-08-20 14:14:30] ⚠️ Row 3153: Unparsable date → '2554846907'
[2025-08-20 14:14:30] ⚠️ Row 3154: Unparsable date → '2556162148'
[2025-08-20 14:14:30] ⚠️ Row 3155: Unparsable date → '2564551197'
[2025-08-20 14:14:30] ⚠️ Row 3156: Unparsable date → '2565152807'
[2025-08-20 14:14:30] ⚠️ Row 3157: Unparsable date → '2570046064'
[2025-08-20 14:14:30] ⚠️ Row 3158: Unparsable date → '2571031332'
[2025-08-20 14:14:30] ⚠️ Row 3159: Unparsable date → '2571794663'
[2025-08-20 14:14:30] ⚠️ Row 3160: Unparsable date → '2572631443'
[2025-08-20 14:14:30] ⚠️ Row 3161: Unparsable date → '2573462465'
[2025-08-20 14:14:30] ⚠️ Row 3162: Unparsable date → '2574241612'
[2025-08-20 14:14:30] ⚠️ Row 3163: Unparsable date → '2575062982'
[2025-08-20 14:14:30] ⚠️ Row 3164: Unparsable date → '2575063057'
[2025-08-20 14:14:30] ⚠️ Row 3165: Unparsable date → '2575310966'
[2025-08-20 14:14:30] ⚠️ Row 3166: Unparsable date → '2576816234'
[2025-08-20 14:14:30] ⚠️ Row 3167: Unparsable date → '2576816244'
[2025-08-20 14:14:30] ⚠️ Row 3168: Unparsable date → '2577771098'
[2025-08-20 14:14:30] ⚠️ Row 3169: Unparsable date → '2581650999'
[2025-08-20 14:14:30] ⚠️ Row 3170: Unparsable date → '2596636434'
[2025-08-20 14:14:30] ⚠️ Row 3171: Unparsable date → '2597168033'
[2025-08-20 14:14:30] ⚠️ Row 3172: Unparsable date → '2599018656'
[2025-08-20 14:14:30] ⚠️ Row 3173: Unparsable date → '2599112875'
[2025-08-20 14:14:30] ⚠️ Row 3174: Unparsable date → '2599131716'
[2025-08-20 14:14:30] ⚠️ Row 3175: Unparsable date → '2603519162'
[2025-08-20 14:14:30] ⚠️ Row 3176: Unparsable date → '2603973557'
[2025-08-20 14:14:30] ⚠️ Row 3177: Unparsable date → '2604772642'
[2025-08-20 14:14:30] ⚠️ Row 3178: Unparsable date → '2612726281'
[2025-08-20 14:14:30] ⚠️ Row 3179: Unparsable date → '2614947230'
[2025-08-20 14:14:30] ⚠️ Row 3180: Unparsable date → '2621011080'
[2025-08-20 14:14:30] ⚠️ Row 3181: Unparsable date → '2622495565'
[2025-08-20 14:14:30] ⚠️ Row 3182: Unparsable date → '2622729486'
[2025-08-20 14:14:30] ⚠️ Row 3183: Unparsable date → '2622729527'
[2025-08-20 14:14:30] ⚠️ Row 3184: Unparsable date → '2622751885'
[2025-08-20 14:14:30] ⚠️ Row 3185: Unparsable date → '2622751898'
[2025-08-20 14:14:30] ⚠️ Row 3186: Unparsable date → '2622931206'
[2025-08-20 14:14:30] ⚠️ Row 3187: Unparsable date → '2622931251'
[2025-08-20 14:14:30] ⚠️ Row 3188: Unparsable date → '2622931276'
[2025-08-20 14:14:30] ⚠️ Row 3189: Unparsable date → '2622931286'
[2025-08-20 14:14:30] ⚠️ Row 3190: Unparsable date → '2622931323'
[2025-08-20 14:14:30] ⚠️ Row 3191: Unparsable date → '2622931327'
[2025-08-20 14:14:30] ⚠️ Row 3192: Unparsable date → '2622931342'
[2025-08-20 14:14:30] ⚠️ Row 3193: Unparsable date → '2622931343'
[2025-08-20 14:14:30] ⚠️ Row 3194: Unparsable date → '2622931355'
[2025-08-20 14:14:30] ⚠️ Row 3195: Unparsable date → '2623632682'
[2025-08-20 14:14:30] ⚠️ Row 3196: Unparsable date → '2624427249'
[2025-08-20 14:14:30] ⚠️ Row 3197: Unparsable date → '2625704063'
[2025-08-20 14:14:30] ⚠️ Row 3198: Unparsable date → '2626253370'
[2025-08-20 14:14:30] ⚠️ Row 3199: Unparsable date → '2626992193'
[2025-08-20 14:14:30] ⚠️ Row 3200: Unparsable date → '2627049129'
[2025-08-20 14:14:30] ⚠️ Row 3201: Unparsable date → '2627087044'
[2025-08-20 14:14:30] ⚠️ Row 3202: Unparsable date → '2627105359'
[2025-08-20 14:14:30] ⚠️ Row 3203: Unparsable date → '2627105408'
[2025-08-20 14:14:30] ⚠️ Row 3204: Unparsable date → '2629883693'
[2025-08-20 14:14:30] ⚠️ Row 3205: Unparsable date → '2630378173'
[2025-08-20 14:14:30] ⚠️ Row 3206: Unparsable date → '2631193024'
[2025-08-20 14:14:30] ⚠️ Row 3207: Unparsable date → '2634811122'
[2025-08-20 14:14:30] ⚠️ Row 3208: Unparsable date → '2635457001'
[2025-08-20 14:14:30] ⚠️ Row 3209: Unparsable date → '2636006002'
[2025-08-20 14:14:30] ⚠️ Row 3210: Unparsable date → '2639374464'
[2025-08-20 14:14:30] ⚠️ Row 3211: Unparsable date → '2640186082'
[2025-08-20 14:14:30] ⚠️ Row 3212: Unparsable date → '2641060073'
[2025-08-20 14:14:30] ⚠️ Row 3213: Unparsable date → '2643685797'
[2025-08-20 14:14:30] ⚠️ Row 3214: Unparsable date → '2643708395'
[2025-08-20 14:14:30] ⚠️ Row 3215: Unparsable date → '2644033174'
[2025-08-20 14:14:30] ⚠️ Row 3216: Unparsable date → '2647011800'
[2025-08-20 14:14:30] ⚠️ Row 3217: Unparsable date → '2647011866'
[2025-08-20 14:14:30] ⚠️ Row 3218: Unparsable date → '2648842335'
[2025-08-20 14:14:30] ⚠️ Row 3219: Unparsable date → '2649683058'
[2025-08-20 14:14:30] ⚠️ Row 3220: Unparsable date → '2650150650'
[2025-08-20 14:14:30] ⚠️ Row 3221: Unparsable date → '2650753818'
[2025-08-20 14:14:30] ⚠️ Row 3222: Unparsable date → '2650776223'
[2025-08-20 14:14:30] ⚠️ Row 3223: Unparsable date → '2650776317'
[2025-08-20 14:14:30] ⚠️ Row 3224: Unparsable date → '2650776330'
[2025-08-20 14:14:30] ⚠️ Row 3225: Unparsable date → '2650776527'
[2025-08-20 14:14:30] ⚠️ Row 3226: Unparsable date → '2653379503'
[2025-08-20 14:14:30] ⚠️ Row 3227: Unparsable date → '2654122730'
[2025-08-20 14:14:30] ⚠️ Row 3228: Unparsable date → '2655035637'
[2025-08-20 14:14:30] ⚠️ Row 3229: Unparsable date → '2657915166'
[2025-08-20 14:14:30] ⚠️ Row 3230: Unparsable date → '2658617214'
[2025-08-20 14:14:30] ⚠️ Row 3231: Unparsable date → '2659606592'
[2025-08-20 14:14:30] ⚠️ Row 3232: Unparsable date → '2659727135'
[2025-08-20 14:14:30] ⚠️ Row 3233: Unparsable date → '2662545665'
[2025-08-20 14:14:30] ⚠️ Row 3234: Unparsable date → '2662879481'
[2025-08-20 14:14:30] ⚠️ Row 3235: Unparsable date → '2663184029'
[2025-08-20 14:14:30] ⚠️ Row 3236: Unparsable date → '2666281809'
[2025-08-20 14:14:30] ⚠️ Row 3237: Unparsable date → '2666281925'
[2025-08-20 14:14:30] ⚠️ Row 3238: Unparsable date → '2667332106'
[2025-08-20 14:14:30] ⚠️ Row 3239: Unparsable date → '2670778173'
[2025-08-20 14:14:30] ⚠️ Row 3240: Unparsable date → '2671574297'
[2025-08-20 14:14:30] ⚠️ Row 3241: Unparsable date → '2672640371'
[2025-08-20 14:14:30] ⚠️ Row 3242: Unparsable date → '2675322287'
[2025-08-20 14:14:30] ⚠️ Row 3243: Unparsable date → '2676942886'
[2025-08-20 14:14:30] ⚠️ Row 3244: Unparsable date → '2679585357'
[2025-08-20 14:14:30] ⚠️ Row 3245: Unparsable date → '2680382330'
[2025-08-20 14:14:30] ⚠️ Row 3246: Unparsable date → '2681055098'
[2025-08-20 14:14:30] ⚠️ Row 3247: Unparsable date → '2681398158'
[2025-08-20 14:14:30] ⚠️ Row 3248: Unparsable date → '2681398346'
[2025-08-20 14:14:30] ⚠️ Row 3249: Unparsable date → '2681418477'
[2025-08-20 14:14:30] ⚠️ Row 3250: Unparsable date → '2681434099'
[2025-08-20 14:14:30] ⚠️ Row 3251: Unparsable date → '2682273016'
[2025-08-20 14:14:30] ⚠️ Row 3252: Unparsable date → '2682426606'
[2025-08-20 14:14:30] ⚠️ Row 3253: Unparsable date → '2682426628'
[2025-08-20 14:14:30] ⚠️ Row 3254: Unparsable date → '2682654536'
[2025-08-20 14:14:30] ⚠️ Row 3255: Unparsable date → '2682654574'
[2025-08-20 14:14:30] ⚠️ Row 3256: Unparsable date → '2685466021'
[2025-08-20 14:14:30] ⚠️ Row 3257: Unparsable date → '2688309075'
[2025-08-20 14:14:30] ⚠️ Row 3258: Unparsable date → '2689040146'
[2025-08-20 14:14:30] ⚠️ Row 3259: Unparsable date → '2692753626'
[2025-08-20 14:14:30] ⚠️ Row 3260: Unparsable date → '2693457932'
[2025-08-20 14:14:30] ⚠️ Row 3261: Unparsable date → '2694270829'
[2025-08-20 14:14:30] ⚠️ Row 3262: Unparsable date → '2697126092'
[2025-08-20 14:14:30] ⚠️ Row 3263: Unparsable date → '2697866180'
[2025-08-20 14:14:30] ⚠️ Row 3264: Unparsable date → '2700507540'
[2025-08-20 14:14:30] ⚠️ Row 3265: Unparsable date → '2701580172'
[2025-08-20 14:14:30] ⚠️ Row 3266: Unparsable date → '2701580249'
[2025-08-20 14:14:30] ⚠️ Row 3267: Unparsable date → '2701701646'
[2025-08-20 14:14:30] ⚠️ Row 3268: Unparsable date → '2705525642'
[2025-08-20 14:14:30] ⚠️ Row 3269: Unparsable date → '2705547874'
[2025-08-20 14:14:30] ⚠️ Row 3270: Unparsable date → '2710381200'
[2025-08-20 14:14:30] ⚠️ Row 3271: Unparsable date → '2710381225'
[2025-08-20 14:14:30] ⚠️ Row 3272: Unparsable date → '2710399305'
[2025-08-20 14:14:30] ⚠️ Row 3273: Unparsable date → '2710399332'
[2025-08-20 14:14:30] ⚠️ Row 3274: Unparsable date → '2710399542'
[2025-08-20 14:14:30] ⚠️ Row 3275: Unparsable date → '2710399618'
[2025-08-20 14:14:30] ⚠️ Row 3276: Unparsable date → '2714481021'
[2025-08-20 14:14:30] ⚠️ Row 3277: Unparsable date → '2716497361'
[2025-08-20 14:14:30] ⚠️ Row 3278: Unparsable date → '2719821264'
[2025-08-20 14:14:30] ⚠️ Row 3279: Unparsable date → '2976434327'
[2025-08-20 14:14:30] ⚠️ Row 3280: Unparsable date → '3222434369'
[2025-08-20 14:14:30] ⚠️ Row 3281: Unparsable date → 'None'
[2025-08-20 14:14:30] ⚠️ Row 3282: Unparsable date → 'Status Legend:'
[2025-08-20 14:14:30] ⚠️ Row 3283: Unparsable date → 'A - Approved'
[2025-08-20 14:14:30] ⚠️ Row 3284: Unparsable date → 'a - Partially Approved'
[2025-08-20 14:14:30] ⚠️ Row 3285: Unparsable date → 'C - Cancelled'
[2025-08-20 14:14:30] ⚠️ Row 3286: Unparsable date → 'H - Hold'
[2025-08-20 14:14:30] ⚠️ Row 3287: Unparsable date → 'I - Issued'
[2025-08-20 14:14:30] TA logic: Deposits = 0, Cashouts = 0, Net = 0
[2025-08-20 14:14:30] ✅ Created Payment Summary with 0 rows.
[2025-08-20 14:14:30] ⚠️ No valid dates found in Payment Summary.
[2025-08-20 14:14:30] 🧾 Final claim value (from Payment Summary): 0
[2025-08-20 14:14:30] ✅ Finished processing: TA_PokerStars.xlsx
[2025-08-20 14:14:30] 📄 Processing TA_DSAR - ossyjones (bwin.com).xlsx...
[2025-08-20 14:14:30] 🧾 Detected TA file — using deposit/cashout logic.
[2025-08-20 14:14:30] Detected separate Deposit and Cashout sheets.
[2025-08-20 14:14:30] ⚠️ Row 2: Skipped due to status mismatch — dep_pending != dep_settled
[2025-08-20 14:14:30] ⚠️ Row 3: Skipped due to status mismatch — dep_pending != dep_settled
[2025-08-20 14:14:30] ⚠️ Row 4: Skipped due to status mismatch — dep_pending != dep_settled
[2025-08-20 14:14:30] ⚠️ Row 5: Skipped due to status mismatch — dep_pending != dep_settled
[2025-08-20 14:14:30] ⚠️ Row 6: Skipped due to status mismatch — dep_pending != dep_settled
[2025-08-20 14:14:30] ⚠️ Row 7: Skipped due to status mismatch — dep_pending != dep_settled
[2025-08-20 14:14:30] ⚠️ Row 8: Skipped due to status mismatch — dep_pending != dep_settled
[2025-08-20 14:14:30] ⚠️ Row 9: Skipped due to status mismatch — dep_pending != dep_settled
[2025-08-20 14:14:30] ⚠️ Row 10: Skipped due to status mismatch — dep_pending != dep_settled
[2025-08-20 14:14:30] ✅ Row 11: Parsed as Deposit — 1000 at 2018-03-27 16:18:35
[2025-08-20 14:14:30] ⚠️ Row 12: Skipped due to status mismatch — dep_pending != dep_settled
[2025-08-20 14:14:30] ⚠️ Row 13: Skipped due to status mismatch — dep_pending != dep_settled
[2025-08-20 14:14:30] ⚠️ Row 14: Skipped due to status mismatch — dep_pending != dep_settled
[2025-08-20 14:14:30] ⚠️ Row 15: Skipped due to status mismatch — dep_pending != dep_settled
[2025-08-20 14:14:30] ✅ Row 16: Parsed as Deposit — 1000 at 2018-04-01 16:26:15
[2025-08-20 14:14:30] ⚠️ Row 17: Skipped due to status mismatch — dep_pending != dep_settled
[2025-08-20 14:14:30] ⚠️ Row 18: Skipped due to status mismatch — dep_pending != dep_settled
[2025-08-20 14:14:30] ⚠️ Row 19: Skipped due to status mismatch — dep_pending != dep_settled
[2025-08-20 14:14:30] ⚠️ Row 20: Skipped due to status mismatch — dep_pending != dep_settled
[2025-08-20 14:14:30] ⚠️ Row 21: Skipped due to status mismatch — dep_pending != dep_settled
[2025-08-20 14:14:30] ⚠️ Row 22: Skipped due to status mismatch — dep_pending != dep_settled
[2025-08-20 14:14:30] ⚠️ Row 23: Skipped due to status mismatch — dep_pending != dep_settled
[2025-08-20 14:14:30] ⚠️ Row 24: Skipped due to status mismatch — dep_pending != dep_settled
[2025-08-20 14:14:30] ⚠️ Row 25: Skipped due to status mismatch — dep_pending != dep_settled
[2025-08-20 14:14:30] ⚠️ Row 26: Skipped due to status mismatch — dep_pending != dep_settled
[2025-08-20 14:14:30] ⚠️ Row 27: Skipped due to status mismatch — dep_pending != dep_settled
[2025-08-20 14:14:30] ⚠️ Row 28: Skipped due to status mismatch — dep_pending != dep_settled
[2025-08-20 14:14:30] ⚠️ Row 29: Skipped due to status mismatch — dep_pending != dep_settled
[2025-08-20 14:14:30] ✅ Row 30: Parsed as Deposit — 1000 at 2018-04-11 15:11:37
[2025-08-20 14:14:30] ✅ Row 31: Parsed as Deposit — 1000 at 2018-04-16 14:00:01
[2025-08-20 14:14:30] ⚠️ Row 32: Skipped due to status mismatch — dep_pending != dep_settled
[2025-08-20 14:14:30] ⚠️ Row 33: Skipped due to status mismatch — dep_pending != dep_settled
[2025-08-20 14:14:30] ⚠️ Row 34: Skipped due to status mismatch — dep_pending != dep_settled
[2025-08-20 14:14:30] ⚠️ Row 35: Skipped due to status mismatch — dep_pending != dep_settled
[2025-08-20 14:14:30] ⚠️ Row 36: Skipped due to status mismatch — dep_pending != dep_settled
[2025-08-20 14:14:30] ⚠️ Row 37: Skipped due to status mismatch — dep_pending != dep_settled
[2025-08-20 14:14:30] ⚠️ Row 38: Skipped due to status mismatch — dep_pending != dep_settled
[2025-08-20 14:14:30] ⚠️ Row 39: Skipped due to status mismatch — dep_pending != dep_settled
[2025-08-20 14:14:30] ⚠️ Row 40: Skipped due to status mismatch — dep_pending != dep_settled
[2025-08-20 14:14:30] ⚠️ Row 41: Skipped due to status mismatch — dep_pending != dep_settled
[2025-08-20 14:14:30] ⚠️ Row 42: Skipped due to status mismatch — dep_pending != dep_settled
[2025-08-20 14:14:30] ⚠️ Row 43: Skipped due to status mismatch — dep_pending != dep_settled
[2025-08-20 14:14:30] ⚠️ Row 44: Skipped due to status mismatch — dep_pending != dep_settled
[2025-08-20 14:14:30] ⚠️ Row 45: Skipped due to status mismatch — dep_pending != dep_settled
[2025-08-20 14:14:30] ⚠️ Row 46: Skipped due to status mismatch — dep_pending != dep_settled
[2025-08-20 14:14:31] ⚠️ Row 47: Skipped due to status mismatch — dep_pending != dep_settled
[2025-08-20 14:14:31] ⚠️ Row 48: Skipped due to status mismatch — dep_pending != dep_settled
[2025-08-20 14:14:31] ⚠️ Row 49: Skipped due to status mismatch — dep_pending != dep_settled
[2025-08-20 14:14:31] ✅ Row 50: Parsed as Deposit — 500 at 2018-09-08 17:56:10
[2025-08-20 14:14:31] ⚠️ Row 51: Skipped due to status mismatch — dep_pending != dep_settled
[2025-08-20 14:14:31] ✅ Row 52: Parsed as Deposit — 20 at 2018-10-31 10:51:22
[2025-08-20 14:14:31] ⚠️ Row 53: Skipped due to status mismatch — dep_pending != dep_settled
[2025-08-20 14:14:31] ⚠️ Row 54: Skipped due to status mismatch — dep_pending != dep_settled
[2025-08-20 14:14:31] ⚠️ Row 55: Skipped due to status mismatch — dep_pending != dep_settled
[2025-08-20 14:14:31] ✅ Row 56: Parsed as Deposit — 20 at 2018-10-31 15:00:26
[2025-08-20 14:14:31] ⚠️ Row 57: Skipped due to status mismatch — dep_pending != dep_settled
[2025-08-20 14:14:31] ⚠️ Row 58: Skipped due to status mismatch — dep_pending != dep_settled
[2025-08-20 14:14:31] ⚠️ Row 59: Skipped due to status mismatch — dep_pending != dep_settled
[2025-08-20 14:14:31] ⚠️ Row 60: Skipped due to status mismatch — dep_pending != dep_settled
[2025-08-20 14:14:31] ⚠️ Row 61: Skipped due to status mismatch — dep_pending != dep_settled
[2025-08-20 14:14:31] ⚠️ Row 62: Skipped due to status mismatch — dep_pending != dep_settled
[2025-08-20 14:14:31] ⚠️ Row 63: Skipped due to status mismatch — dep_pending != dep_settled
[2025-08-20 14:14:31] ⚠️ Row 64: Skipped due to status mismatch — dep_pending != dep_settled
[2025-08-20 14:14:31] ⚠️ Row 65: Skipped due to status mismatch — dep_pending != dep_settled
[2025-08-20 14:14:31] ⚠️ Row 66: Skipped due to status mismatch — dep_pending != dep_settled
[2025-08-20 14:14:31] ⚠️ Row 67: Skipped due to status mismatch — dep_pending != dep_settled
[2025-08-20 14:14:31] ⚠️ Row 68: Skipped due to status mismatch — dep_failed != dep_settled
[2025-08-20 14:14:31] ⚠️ Row 69: Skipped due to status mismatch — dep_pending != dep_settled
[2025-08-20 14:14:31] ✅ Row 70: Parsed as Deposit — 500 at 2018-11-20 08:08:52
[2025-08-20 14:14:31] ⚠️ Row 71: Skipped due to status mismatch — dep_pending != dep_settled
[2025-08-20 14:14:31] ⚠️ Row 72: Skipped due to status mismatch — dep_pending != dep_settled
[2025-08-20 14:14:31] ✅ Row 73: Parsed as Deposit — 50 at 2018-12-07 20:12:17
[2025-08-20 14:14:31] ⚠️ Row 74: Skipped due to status mismatch — dep_pending != dep_settled
[2025-08-20 14:14:31] ⚠️ Row 75: Skipped due to status mismatch — dep_failed != dep_settled
[2025-08-20 14:14:31] ⚠️ Row 76: Skipped due to status mismatch — dep_pending != dep_settled
[2025-08-20 14:14:31] ⚠️ Row 77: Skipped due to status mismatch — dep_failed != dep_settled
[2025-08-20 14:14:31] ⚠️ Row 78: Skipped due to status mismatch — dep_pending != dep_settled
[2025-08-20 14:14:31] ⚠️ Row 79: Skipped due to status mismatch — dep_pending != dep_settled
[2025-08-20 14:14:31] ⚠️ Row 80: Skipped due to status mismatch — dep_pending != dep_settled
[2025-08-20 14:14:31] ⚠️ Row 81: Skipped due to status mismatch — dep_failed != dep_settled
[2025-08-20 14:14:31] ⚠️ Row 82: Skipped due to status mismatch — dep_pending != dep_settled
[2025-08-20 14:14:31] ⚠️ Row 83: Skipped due to status mismatch — dep_failed != dep_settled
[2025-08-20 14:14:31] ⚠️ Row 84: Skipped due to status mismatch — dep_pending != dep_settled
[2025-08-20 14:14:31] ⚠️ Row 85: Skipped due to status mismatch — dep_pending != dep_settled
[2025-08-20 14:14:31] ⚠️ Row 86: Skipped due to status mismatch — dep_pending != dep_settled
[2025-08-20 14:14:31] ⚠️ Row 87: Skipped due to status mismatch — dep_pending != dep_settled
[2025-08-20 14:14:31] ⚠️ Row 88: Skipped due to status mismatch — dep_pending != dep_settled
[2025-08-20 14:14:31] ⚠️ Row 89: Skipped due to status mismatch — dep_failed != dep_settled
[2025-08-20 14:14:31] ⚠️ Row 90: Skipped due to status mismatch — dep_pending != dep_settled
[2025-08-20 14:14:31] ⚠️ Row 91: Skipped due to status mismatch — dep_failed != dep_settled
[2025-08-20 14:14:31] ⚠️ Row 92: Skipped due to status mismatch — dep_failed != dep_settled
[2025-08-20 14:14:31] ⚠️ Row 93: Skipped due to status mismatch — dep_pending != dep_settled
[2025-08-20 14:14:31] ⚠️ Row 94: Skipped due to status mismatch — dep_failed != dep_settled
[2025-08-20 14:14:31] ⚠️ Row 95: Skipped due to status mismatch — dep_pending != dep_settled
[2025-08-20 14:14:31] ⚠️ Row 96: Skipped due to status mismatch — dep_failed != dep_settled
[2025-08-20 14:14:31] ⚠️ Row 97: Skipped due to status mismatch — dep_pending != dep_settled
[2025-08-20 14:14:31] ⚠️ Row 98: Skipped due to status mismatch — dep_pending != dep_settled
[2025-08-20 14:14:31] ⚠️ Row 99: Skipped due to status mismatch — dep_pending != dep_settled
[2025-08-20 14:14:31] ⚠️ Row 100: Skipped due to status mismatch — dep_pending != dep_settled
[2025-08-20 14:14:31] ⚠️ Row 101: Skipped due to status mismatch — dep_failed != dep_settled
[2025-08-20 14:14:31] ✅ Row 102: Parsed as Deposit — 20 at 2019-10-01 04:17:04
[2025-08-20 14:14:31] ⚠️ Row 103: Skipped due to status mismatch — dep_pending != dep_settled
[2025-08-20 14:14:31] ✅ Row 104: Parsed as Deposit — 10 at 2019-10-03 18:39:10
[2025-08-20 14:14:31] ⚠️ Row 105: Skipped due to status mismatch — dep_pending != dep_settled
[2025-08-20 14:14:31] ⚠️ Row 106: Skipped due to status mismatch — dep_pending != dep_settled
[2025-08-20 14:14:31] ⚠️ Row 107: Skipped due to status mismatch — dep_pending != dep_settled
[2025-08-20 14:14:31] ⚠️ Row 108: Skipped due to status mismatch — dep_pending != dep_settled
[2025-08-20 14:14:31] ⚠️ Row 109: Skipped due to status mismatch — dep_failed != dep_settled
[2025-08-20 14:14:31] ⚠️ Row 110: Skipped due to status mismatch — dep_pending != dep_settled
[2025-08-20 14:14:31] ⚠️ Row 111: Skipped due to status mismatch — dep_failed != dep_settled
[2025-08-20 14:14:31] ⚠️ Row 112: Skipped due to status mismatch — dep_pending != dep_settled
[2025-08-20 14:14:31] ⚠️ Row 113: Skipped due to status mismatch — dep_pending != dep_settled
[2025-08-20 14:14:31] ✅ Row 114: Parsed as Deposit — 10 at 2019-11-30 14:45:50
[2025-08-20 14:14:31] ✅ Row 115: Parsed as Deposit — 10 at 2019-12-04 12:45:01
[2025-08-20 14:14:31] ⚠️ Row 116: Skipped due to status mismatch — dep_pending != dep_settled
[2025-08-20 14:14:31] ✅ Row 117: Parsed as Deposit — 10 at 2020-01-10 19:37:03
[2025-08-20 14:14:31] ✅ Row 118: Parsed as Deposit — 10 at 2020-01-10 19:40:53
[2025-08-20 14:14:31] ✅ Row 119: Parsed as Deposit — 20 at 2020-01-26 04:35:41
[2025-08-20 14:14:31] ✅ Row 120: Parsed as Deposit — 20 at 2020-01-30 16:37:23
[2025-08-20 14:14:31] ⚠️ Row 121: Skipped due to status mismatch — dep_failed != dep_settled
[2025-08-20 14:14:31] ⚠️ Row 122: Skipped due to status mismatch — dep_failed != dep_settled
[2025-08-20 14:14:31] ⚠️ Row 123: Skipped due to status mismatch — dep_pending != dep_settled
[2025-08-20 14:14:31] ✅ Row 124: Parsed as Deposit — 50 at 2020-02-08 12:25:07
[2025-08-20 14:14:31] ⚠️ Row 125: Skipped due to status mismatch — dep_pending != dep_settled
[2025-08-20 14:14:31] ⚠️ Row 126: Skipped due to status mismatch — dep_failed != dep_settled
[2025-08-20 14:14:31] ✅ Row 127: Parsed as Deposit — 100 at 2020-02-11 14:19:33
[2025-08-20 14:14:31] ✅ Row 128: Parsed as Deposit — 100 at 2020-02-18 16:55:11
[2025-08-20 14:14:31] ✅ Row 129: Parsed as Deposit — 20 at 2020-03-09 16:17:38
[2025-08-20 14:14:31] ⚠️ Row 130: Skipped due to status mismatch — dep_pending != dep_settled
[2025-08-20 14:14:31] ⚠️ Row 131: Skipped due to status mismatch — dep_pending != dep_settled
[2025-08-20 14:14:31] ✅ Row 132: Parsed as Deposit — 100 at 2020-03-10 16:47:38
[2025-08-20 14:14:31] ⚠️ Row 133: Skipped due to status mismatch — dep_failed != dep_settled
[2025-08-20 14:14:31] ✅ Row 134: Parsed as Deposit — 100 at 2020-03-12 16:36:54
[2025-08-20 14:14:31] ⚠️ Row 135: Skipped due to status mismatch — dep_failed != dep_settled
[2025-08-20 14:14:31] ✅ Row 136: Parsed as Deposit — 100 at 2020-04-08 12:58:18
[2025-08-20 14:14:31] ⚠️ Row 137: Skipped due to status mismatch — dep_failed != dep_settled
[2025-08-20 14:14:31] ✅ Row 138: Parsed as Deposit — 100 at 2020-04-11 16:07:54
[2025-08-20 14:14:31] ✅ Row 139: Parsed as Deposit — 100 at 2020-04-15 06:36:19
[2025-08-20 14:14:31] ✅ Row 140: Parsed as Deposit — 10 at 2020-04-21 19:22:42
[2025-08-20 14:14:31] ⚠️ Row 141: Skipped due to status mismatch — dep_pending != dep_settled
[2025-08-20 14:14:31] ⚠️ Row 142: Skipped due to status mismatch — dep_failed != dep_settled
[2025-08-20 14:14:31] ✅ Row 143: Parsed as Deposit — 25 at 2020-05-18 04:51:26
[2025-08-20 14:14:31] ✅ Row 144: Parsed as Deposit — 25 at 2020-05-18 04:53:13
[2025-08-20 14:14:31] ✅ Row 145: Parsed as Deposit — 100 at 2020-05-19 19:17:53
[2025-08-20 14:14:31] ✅ Row 146: Parsed as Deposit — 500 at 2020-06-22 05:52:58
[2025-08-20 14:14:31] ✅ Row 147: Parsed as Deposit — 500 at 2020-06-22 06:25:37
[2025-08-20 14:14:31] ✅ Row 148: Parsed as Deposit — 40 at 2020-06-27 14:15:15
[2025-08-20 14:14:31] ⚠️ Row 149: Skipped due to status mismatch — dep_pending != dep_settled
[2025-08-20 14:14:31] ✅ Row 150: Parsed as Deposit — 40 at 2020-07-27 13:06:13
[2025-08-20 14:14:31] ✅ Row 151: Parsed as Deposit — 50 at 2020-08-06 18:49:21
[2025-08-20 14:14:31] ✅ Row 152: Parsed as Deposit — 200 at 2020-08-24 08:29:43
[2025-08-20 14:14:31] ✅ Row 153: Parsed as Deposit — 50 at 2020-08-26 10:12:48
[2025-08-20 14:14:31] ✅ Row 154: Parsed as Deposit — 100 at 2020-09-15 08:25:11
[2025-08-20 14:14:31] ✅ Row 155: Parsed as Deposit — 10 at 2020-09-26 08:45:35
[2025-08-20 14:14:31] ✅ Row 156: Parsed as Deposit — 10 at 2020-09-26 14:45:46
[2025-08-20 14:14:31] ✅ Row 157: Parsed as Deposit — 1000 at 2020-09-29 19:00:19
[2025-08-20 14:14:31] ✅ Row 158: Parsed as Deposit — 1000 at 2020-10-24 09:54:33
[2025-08-20 14:14:31] ✅ Row 159: Parsed as Deposit — 500 at 2020-10-24 17:32:21
[2025-08-20 14:14:31] ✅ Row 160: Parsed as Deposit — 500 at 2020-10-24 18:00:16
[2025-08-20 14:14:31] ⚠️ Row 161: Skipped due to status mismatch — dep_pending != dep_settled
[2025-08-20 14:14:31] ⚠️ Row 162: Skipped due to status mismatch — dep_pending != dep_settled
[2025-08-20 14:14:31] ✅ Row 163: Parsed as Deposit — 250.54 at 2020-10-28 15:16:43
[2025-08-20 14:14:31] ⚠️ Row 164: Skipped due to status mismatch — dep_pending != dep_settled
[2025-08-20 14:14:31] ⚠️ Row 165: Skipped due to status mismatch — dep_pending != dep_settled
[2025-08-20 14:14:31] ✅ Row 166: Parsed as Deposit — 100 at 2020-10-28 17:57:12
[2025-08-20 14:14:31] ✅ Row 167: Parsed as Deposit — 1000 at 2020-11-20 18:36:16
[2025-08-20 14:14:31] ✅ Row 168: Parsed as Deposit — 250 at 2020-11-26 16:44:01
[2025-08-20 14:14:31] ⚠️ Row 169: Skipped due to status mismatch — dep_pending != dep_settled
[2025-08-20 14:14:31] ⚠️ Row 170: Skipped due to status mismatch — dep_pending != dep_settled
[2025-08-20 14:14:31] ⚠️ Row 171: Skipped due to status mismatch — dep_pending != dep_settled
[2025-08-20 14:14:31] ⚠️ Row 172: Skipped due to status mismatch — dep_failed != dep_settled
[2025-08-20 14:14:31] ✅ Row 173: Parsed as Deposit — 1000 at 2020-11-28 11:15:15
[2025-08-20 14:14:31] ✅ Row 174: Parsed as Deposit — 1000 at 2020-11-28 11:25:55
[2025-08-20 14:14:31] ⚠️ Row 175: Skipped due to status mismatch — dep_pending != dep_settled
[2025-08-20 14:14:31] ✅ Row 176: Parsed as Deposit — 2500 at 2020-11-28 17:00:26
[2025-08-20 14:14:31] ⚠️ Row 177: Skipped due to status mismatch — dep_pending != dep_settled
[2025-08-20 14:14:31] ⚠️ Row 178: Skipped due to status mismatch — dep_pending != dep_settled
[2025-08-20 14:14:31] ✅ Row 179: Parsed as Deposit — 250 at 2020-11-30 14:12:50
[2025-08-20 14:14:31] ⚠️ Row 180: Skipped due to status mismatch — dep_pending != dep_settled
[2025-08-20 14:14:31] ✅ Row 181: Parsed as Deposit — 1000 at 2020-12-02 16:41:13
[2025-08-20 14:14:31] ✅ Row 182: Parsed as Deposit — 350 at 2020-12-03 15:06:42
[2025-08-20 14:14:31] ✅ Row 183: Parsed as Deposit — 300 at 2020-12-03 17:11:39
[2025-08-20 14:14:31] ✅ Row 184: Parsed as Deposit — 500 at 2020-12-09 09:14:43
[2025-08-20 14:14:31] ✅ Row 185: Parsed as Deposit — 1000 at 2020-12-09 15:02:11
[2025-08-20 14:14:31] ✅ Row 186: Parsed as Deposit — 500 at 2020-12-17 09:10:52
[2025-08-20 14:14:31] ✅ Row 187: Parsed as Deposit — 1000 at 2020-12-17 17:05:15
[2025-08-20 14:14:31] ✅ Row 188: Parsed as Deposit — 2500 at 2020-12-17 17:13:04
[2025-08-20 14:14:31] ✅ Row 189: Parsed as Deposit — 50 at 2020-12-23 13:02:33
[2025-08-20 14:14:31] ⚠️ Row 190: Skipped due to status mismatch — dep_failed != dep_settled
[2025-08-20 14:14:31] ⚠️ Row 191: Skipped due to status mismatch — dep_failed != dep_settled
[2025-08-20 14:14:31] ⚠️ Row 192: Skipped due to status mismatch — dep_pending != dep_settled
[2025-08-20 14:14:31] ⚠️ Row 193: Skipped due to status mismatch — dep_failed != dep_settled
[2025-08-20 14:14:31] ⚠️ Row 194: Skipped due to status mismatch — dep_pending != dep_settled
[2025-08-20 14:14:31] ⚠️ Row 195: Skipped due to status mismatch — dep_pending != dep_settled
[2025-08-20 14:14:31] ✅ Row 196: Parsed as Deposit — 300 at 2020-12-28 11:31:49
[2025-08-20 14:14:31] ⚠️ Row 197: Skipped due to status mismatch — dep_failed != dep_settled
[2025-08-20 14:14:31] ⚠️ Row 198: Skipped due to status mismatch — dep_pending != dep_settled
[2025-08-20 14:14:31] ⚠️ Row 199: Skipped due to status mismatch — dep_failed != dep_settled
[2025-08-20 14:14:31] ✅ Row 200: Parsed as Deposit — 200 at 2021-01-01 13:42:29
[2025-08-20 14:14:31] ⚠️ Row 201: Skipped due to status mismatch — dep_pending != dep_settled
[2025-08-20 14:14:31] ⚠️ Row 202: Skipped due to status mismatch — dep_failed != dep_settled
[2025-08-20 14:14:31] ⚠️ Row 203: Skipped due to status mismatch — dep_pending != dep_settled
[2025-08-20 14:14:31] ⚠️ Row 204: Skipped due to status mismatch — dep_pending != dep_settled
[2025-08-20 14:14:31] ⚠️ Row 205: Skipped due to status mismatch — dep_new != dep_settled
[2025-08-20 14:14:31] ⚠️ Row 206: Skipped due to status mismatch — dep_pending != dep_settled
[2025-08-20 14:14:31] ⚠️ Row 207: Skipped due to status mismatch — dep_pending != dep_settled
[2025-08-20 14:14:31] ⚠️ Row 208: Skipped due to status mismatch — dep_pending != dep_settled
[2025-08-20 14:14:31] ✅ Row 209: Parsed as Deposit — 13 at 2021-01-12 14:08:25
[2025-08-20 14:14:31] ✅ Row 210: Parsed as Deposit — 10 at 2021-01-22 06:38:49
[2025-08-20 14:14:31] ✅ Row 211: Parsed as Deposit — 500 at 2021-01-31 16:50:32
[2025-08-20 14:14:31] ⚠️ Row 212: Skipped due to status mismatch — dep_pending != dep_settled
[2025-08-20 14:14:31] ⚠️ Row 213: Skipped due to status mismatch — dep_failed != dep_settled
[2025-08-20 14:14:31] ⚠️ Row 214: Skipped due to status mismatch — dep_pending != dep_settled
[2025-08-20 14:14:31] ⚠️ Row 215: Skipped due to status mismatch — dep_pending != dep_settled
[2025-08-20 14:14:31] ⚠️ Row 216: Skipped due to status mismatch — dep_pending != dep_settled
[2025-08-20 14:14:31] ✅ Row 217: Parsed as Deposit — 100 at 2021-02-02 15:25:03
[2025-08-20 14:14:31] ✅ Row 218: Parsed as Deposit — 1000 at 2021-02-07 10:32:04
[2025-08-20 14:14:31] ✅ Row 219: Parsed as Deposit — 3000 at 2021-02-07 11:07:03
[2025-08-20 14:14:31] ✅ Row 220: Parsed as Deposit — 500 at 2021-02-14 15:51:15
[2025-08-20 14:14:31] ⚠️ Row 221: Skipped due to status mismatch — dep_pending != dep_settled
[2025-08-20 14:14:31] ⚠️ Row 222: Skipped due to status mismatch — dep_pending != dep_settled
[2025-08-20 14:14:31] ✅ Row 223: Parsed as Deposit — 250 at 2021-02-17 10:11:40
[2025-08-20 14:14:31] ✅ Row 224: Parsed as Deposit — 100 at 2021-02-17 14:25:42
[2025-08-20 14:14:31] ✅ Row 225: Parsed as Deposit — 500 at 2021-02-22 16:05:14
[2025-08-20 14:14:31] ✅ Row 226: Parsed as Deposit — 250 at 2021-02-22 16:23:15
[2025-08-20 14:14:31] ⚠️ Row 227: Skipped due to status mismatch — dep_pending != dep_settled
[2025-08-20 14:14:31] ✅ Row 228: Parsed as Deposit — 500 at 2021-02-25 14:46:43
[2025-08-20 14:14:31] ✅ Row 229: Parsed as Deposit — 1000 at 2021-02-25 16:51:49
[2025-08-20 14:14:31] ✅ Row 230: Parsed as Deposit — 100 at 2021-02-27 08:19:37
[2025-08-20 14:14:31] ✅ Row 231: Parsed as Deposit — 500 at 2021-02-28 08:52:21
[2025-08-20 14:14:31] ✅ Row 232: Parsed as Deposit — 1000 at 2021-02-28 10:15:36
[2025-08-20 14:14:31] ⚠️ Row 233: Skipped due to status mismatch — dep_failed != dep_settled
[2025-08-20 14:14:31] ✅ Row 234: Parsed as Deposit — 2500 at 2021-03-01 17:08:05
[2025-08-20 14:14:31] ✅ Row 235: Parsed as Deposit — 50 at 2021-03-03 07:21:06
[2025-08-20 14:14:31] ✅ Row 236: Parsed as Deposit — 50 at 2021-03-03 15:02:11
[2025-08-20 14:14:31] ✅ Row 237: Parsed as Deposit — 50 at 2021-03-04 11:26:39
[2025-08-20 14:14:31] ⚠️ Row 238: Skipped due to status mismatch — dep_failed != dep_settled
[2025-08-20 14:14:31] ✅ Row 239: Parsed as Deposit — 200 at 2021-03-05 15:11:51
[2025-08-20 14:14:31] ✅ Row 240: Parsed as Deposit — 100 at 2021-03-07 08:23:07
[2025-08-20 14:14:31] ✅ Row 241: Parsed as Deposit — 750 at 2021-03-09 08:24:22
[2025-08-20 14:14:31] ✅ Row 242: Parsed as Deposit — 50 at 2021-03-11 11:13:53
[2025-08-20 14:14:31] ✅ Row 243: Parsed as Deposit — 100 at 2021-03-13 09:17:00
[2025-08-20 14:14:31] ✅ Row 244: Parsed as Deposit — 500 at 2021-03-15 14:00:51
[2025-08-20 14:14:31] ✅ Row 245: Parsed as Deposit — 200 at 2021-03-16 12:06:24
[2025-08-20 14:14:31] ⚠️ Row 246: Skipped due to status mismatch — dep_pending != dep_settled
[2025-08-20 14:14:31] ⚠️ Row 247: Skipped due to status mismatch — dep_pending != dep_settled
[2025-08-20 14:14:31] ⚠️ Row 248: Skipped due to status mismatch — dep_pending != dep_settled
[2025-08-20 14:14:31] ✅ Row 249: Parsed as Deposit — 200 at 2021-03-22 15:52:13
[2025-08-20 14:14:31] ✅ Row 250: Parsed as Deposit — 200 at 2021-03-25 04:56:40
[2025-08-20 14:14:31] ⚠️ Row 251: Skipped due to status mismatch — dep_pending != dep_settled
[2025-08-20 14:14:31] ⚠️ Row 252: Skipped due to status mismatch — dep_failed != dep_settled
[2025-08-20 14:14:31] ✅ Row 253: Parsed as Deposit — 200 at 2021-03-29 11:48:06
[2025-08-20 14:14:31] ✅ Row 254: Parsed as Deposit — 200 at 2021-04-02 08:18:37
[2025-08-20 14:14:31] ✅ Row 255: Parsed as Deposit — 500 at 2021-04-13 15:47:05
[2025-08-20 14:14:31] ✅ Row 256: Parsed as Deposit — 500 at 2021-04-13 16:34:16
[2025-08-20 14:14:31] ✅ Row 257: Parsed as Deposit — 1000 at 2021-04-13 17:03:18
[2025-08-20 14:14:31] ✅ Row 258: Parsed as Deposit — 105 at 2021-04-13 17:18:17
[2025-08-20 14:14:31] ✅ Row 259: Parsed as Deposit — 1000 at 2021-04-13 17:37:56
[2025-08-20 14:14:31] ✅ Row 260: Parsed as Deposit — 11 at 2021-04-13 19:57:43
[2025-08-20 14:14:31] ⚠️ Row 261: Skipped due to status mismatch — dep_pending != dep_settled
[2025-08-20 14:14:31] ⚠️ Row 262: Skipped due to status mismatch — dep_pending != dep_settled
[2025-08-20 14:14:31] ⚠️ Row 263: Skipped due to status mismatch — dep_pending != dep_settled
[2025-08-20 14:14:31] ⚠️ Row 264: Skipped due to status mismatch — dep_failed != dep_settled
[2025-08-20 14:14:31] ✅ Row 265: Parsed as Deposit — 100 at 2021-04-20 03:53:03
[2025-08-20 14:14:31] ✅ Row 266: Parsed as Deposit — 100 at 2021-04-26 04:03:12
[2025-08-20 14:14:31] ✅ Row 267: Parsed as Deposit — 11 at 2021-04-28 07:03:01
[2025-08-20 14:14:31] ⚠️ Row 268: Skipped due to status mismatch — dep_failed != dep_settled
[2025-08-20 14:14:31] ✅ Row 269: Parsed as Deposit — 300 at 2021-05-05 06:58:37
[2025-08-20 14:14:31] ✅ Row 270: Parsed as Deposit — 300 at 2021-05-09 02:43:17
[2025-08-20 14:14:31] ✅ Row 271: Parsed as Deposit — 100 at 2021-05-11 05:21:43
[2025-08-20 14:14:31] ⚠️ Row 272: Skipped due to status mismatch — dep_pending != dep_settled
[2025-08-20 14:14:31] ⚠️ Row 273: Skipped due to status mismatch — dep_pending != dep_settled
[2025-08-20 14:14:31] ✅ Row 274: Parsed as Deposit — 100 at 2021-05-26 14:55:33
[2025-08-20 14:14:31] ⚠️ Row 275: Skipped due to status mismatch — dep_pending != dep_settled
[2025-08-20 14:14:31] ✅ Row 276: Parsed as Deposit — 100 at 2021-05-26 14:57:11
[2025-08-20 14:14:31] ✅ Row 277: Parsed as Deposit — 62 at 2021-05-27 12:10:38
[2025-08-20 14:14:31] ⚠️ Row 278: Skipped due to status mismatch — dep_pending != dep_settled
[2025-08-20 14:14:31] ✅ Row 279: Parsed as Deposit — 150 at 2021-06-08 16:15:43
[2025-08-20 14:14:31] ✅ Row 280: Parsed as Deposit — 500 at 2021-06-08 17:02:01
[2025-08-20 14:14:31] ✅ Row 281: Parsed as Deposit — 1500 at 2021-06-08 17:09:07
[2025-08-20 14:14:31] ✅ Row 282: Parsed as Deposit — 500 at 2021-06-12 14:09:35
[2025-08-20 14:14:31] ✅ Row 283: Parsed as Deposit — 500 at 2021-06-15 14:59:41
[2025-08-20 14:14:31] ✅ Row 284: Parsed as Deposit — 500 at 2021-06-15 15:53:33
[2025-08-20 14:14:31] ✅ Row 285: Parsed as Deposit — 1000 at 2021-06-15 15:59:32
[2025-08-20 14:14:31] ✅ Row 286: Parsed as Deposit — 800 at 2021-06-15 16:07:07
[2025-08-20 14:14:31] ✅ Row 287: Parsed as Deposit — 2500 at 2021-06-16 07:17:53
[2025-08-20 14:14:31] ✅ Row 288: Parsed as Deposit — 2200 at 2021-06-16 08:09:42
[2025-08-20 14:14:31] ✅ Row 289: Parsed as Deposit — 100 at 2021-06-17 14:11:36
[2025-08-20 14:14:31] ✅ Row 290: Parsed as Deposit — 2500 at 2021-06-27 10:56:40
[2025-08-20 14:14:31] ✅ Row 291: Parsed as Deposit — 20 at 2021-07-01 05:49:30
[2025-08-20 14:14:31] ⚠️ Row 292: Skipped due to status mismatch — dep_failed != dep_settled
[2025-08-20 14:14:31] ⚠️ Row 293: Skipped due to status mismatch — dep_failed != dep_settled
[2025-08-20 14:14:31] ⚠️ Row 294: Skipped due to status mismatch — dep_failed != dep_settled
[2025-08-20 14:14:31] ⚠️ Row 295: Skipped due to status mismatch — dep_failed != dep_settled
[2025-08-20 14:14:31] ⚠️ Row 296: Skipped due to status mismatch — dep_failed != dep_settled
[2025-08-20 14:14:31] ✅ Row 297: Parsed as Deposit — 1000 at 2021-07-16 15:12:46
[2025-08-20 14:14:31] ✅ Row 298: Parsed as Deposit — 2500 at 2021-07-16 15:55:55
[2025-08-20 14:14:31] ✅ Row 299: Parsed as Deposit — 100 at 2021-07-18 15:32:14
[2025-08-20 14:14:31] ✅ Row 300: Parsed as Deposit — 1000 at 2021-08-31 08:26:54
[2025-08-20 14:14:31] ✅ Row 301: Parsed as Deposit — 380 at 2021-09-05 11:01:42
[2025-08-20 14:14:31] ⚠️ Row 302: Skipped due to status mismatch — dep_failed != dep_settled
[2025-08-20 14:14:31] ⚠️ Row 303: Skipped due to status mismatch — dep_pending != dep_settled
[2025-08-20 14:14:31] ✅ Row 304: Parsed as Deposit — 1000 at 2021-09-07 16:29:59
[2025-08-20 14:14:31] ✅ Row 305: Parsed as Deposit — 1000 at 2021-09-09 07:13:12
[2025-08-20 14:14:31] ✅ Row 306: Parsed as Deposit — 1000 at 2021-09-12 10:17:30
[2025-08-20 14:14:31] ✅ Row 307: Parsed as Deposit — 1000 at 2021-09-14 15:36:11
[2025-08-20 14:14:31] ✅ Row 308: Parsed as Deposit — 1000 at 2021-09-19 05:43:38
[2025-08-20 14:14:31] ✅ Row 309: Parsed as Deposit — 1500 at 2021-09-25 09:45:55
[2025-08-20 14:14:31] ✅ Row 310: Parsed as Deposit — 2000 at 2021-09-25 09:58:26
[2025-08-20 14:14:31] ✅ Row 311: Parsed as Deposit — 1000 at 2021-09-25 15:28:41
[2025-08-20 14:14:31] ⚠️ Row 312: Skipped due to status mismatch — dep_failed != dep_settled
[2025-08-20 14:14:31] ✅ Row 313: Parsed as Deposit — 1000 at 2021-09-28 11:08:50
[2025-08-20 14:14:31] ⚠️ Row 314: Skipped due to status mismatch — dep_failed != dep_settled
[2025-08-20 14:14:31] ✅ Row 315: Parsed as Deposit — 1000 at 2021-09-29 16:15:49
[2025-08-20 14:14:31] ✅ Row 316: Parsed as Deposit — 2000 at 2021-09-29 17:05:17
[2025-08-20 14:14:31] ✅ Row 2: Parsed as Redeem — -1180 at 2018-03-28 05:41:13
[2025-08-20 14:14:31] ✅ Row 3: Parsed as Redeem — -100 at 2018-04-03 05:42:09
[2025-08-20 14:14:31] ✅ Row 4: Parsed as Redeem — -1350 at 2018-04-02 05:45:21
[2025-08-20 14:14:31] ✅ Row 5: Parsed as Redeem — -1140 at 2018-04-12 05:40:57
[2025-08-20 14:14:31] ✅ Row 6: Parsed as Redeem — -500 at 2018-04-18 05:40:22
[2025-08-20 14:14:31] ✅ Row 7: Parsed as Redeem — -40 at 2018-09-10 05:45:02
[2025-08-20 14:14:31] ✅ Row 8: Parsed as Redeem — -40 at 2018-09-12 05:39:51
[2025-08-20 14:14:31] ✅ Row 9: Parsed as Redeem — -70.97 at 2018-09-17 05:45:22
[2025-08-20 14:14:31] ✅ Row 10: Parsed as Redeem — -50 at 2018-11-01 05:40:05
[2025-08-20 14:14:32] ✅ Row 11: Parsed as Redeem — -499 at 2018-11-22 05:39:14
[2025-08-20 14:14:32] ✅ Row 12: Parsed as Redeem — -20.1 at 2019-03-04 05:45:41
[2025-08-20 14:14:32] ✅ Row 13: Parsed as Redeem — -40.75 at 2020-01-31 06:31:11
[2025-08-20 14:14:32] ✅ Row 14: Parsed as Redeem — -70 at 2020-02-10 05:37:24
[2025-08-20 14:14:32] ✅ Row 15: Parsed as Redeem — -120 at 2020-02-13 06:31:14
[2025-08-20 14:14:32] ✅ Row 16: Parsed as Redeem — -95 at 2020-02-20 05:33:46
[2025-08-20 14:14:32] ✅ Row 17: Parsed as Redeem — -110.1 at 2020-03-11 06:31:14
[2025-08-20 14:14:32] ✅ Row 18: Parsed as Redeem — -100 at 2020-03-16 05:36:32
[2025-08-20 14:14:32] ✅ Row 19: Parsed as Redeem — -130 at 2020-04-10 05:33:10
[2025-08-20 14:14:32] ✅ Row 20: Parsed as Redeem — -100 at 2020-04-14 05:33:28
[2025-08-20 14:14:32] ✅ Row 21: Parsed as Redeem — -70 at 2020-04-20 05:35:33
[2025-08-20 14:14:32] ✅ Row 22: Parsed as Redeem — -21.01 at 2020-04-24 05:32:51
[2025-08-20 14:14:32] ✅ Row 23: Parsed as Redeem — -40 at 2020-04-28 05:33:09
[2025-08-20 14:14:32] ✅ Row 24: Parsed as Redeem — -30 at 2020-05-04 05:36:49
[2025-08-20 14:14:32] ✅ Row 25: Parsed as Redeem — -50 at 2020-05-08 05:33:13
[2025-08-20 14:14:32] ✅ Row 26: Parsed as Redeem — -90.12 at 2020-05-12 05:33:38
[2025-08-20 14:14:32] ✅ Row 27: Parsed as Redeem — -30.02 at 2020-05-14 05:33:07
[2025-08-20 14:14:32] ✅ Row 28: Parsed as Redeem — -160 at 2020-05-18 05:35:51
[2025-08-20 14:14:32] ✅ Row 29: Parsed as Redeem — -40 at 2020-07-31 05:33:28
[2025-08-20 14:14:32] ✅ Row 30: Parsed as Redeem — -8000 at 2021-02-12 05:36:01
[2025-08-20 14:14:32] ✅ Row 31: Parsed as Redeem — -1490 at 2021-09-03 04:20:37
[2025-08-20 14:14:32] ✅ Row 32: Parsed as Redeem — -10 at 2019-12-01 03:30:14
[2025-08-20 14:14:32] ✅ Row 33: Parsed as Redeem — -30.15 at 2020-05-19 17:33:13
[2025-08-20 14:14:32] ✅ Row 34: Parsed as Redeem — -50 at 2020-05-20 20:02:37
[2025-08-20 14:14:32] ✅ Row 35: Parsed as Redeem — -40 at 2020-05-26 10:31:01
[2025-08-20 14:14:32] ✅ Row 36: Parsed as Redeem — -50 at 2020-05-27 18:33:19
[2025-08-20 14:14:32] ✅ Row 37: Parsed as Redeem — -20 at 2020-05-28 13:02:42
[2025-08-20 14:14:32] ✅ Row 38: Parsed as Redeem — -20 at 2020-05-29 10:32:29
[2025-08-20 14:14:32] ✅ Row 39: Parsed as Redeem — -40 at 2020-06-03 17:33:55
[2025-08-20 14:14:32] ✅ Row 40: Parsed as Redeem — -40 at 2020-06-06 19:04:06
[2025-08-20 14:14:32] ✅ Row 41: Parsed as Redeem — -20 at 2020-06-11 06:01:20
[2025-08-20 14:14:32] ✅ Row 42: Parsed as Redeem — -1000 at 2020-06-23 18:03:30
[2025-08-20 14:14:32] ✅ Row 43: Parsed as Redeem — -60 at 2020-06-28 14:30:47
[2025-08-20 14:14:32] ✅ Row 44: Parsed as Redeem — -20 at 2020-07-28 13:30:56
[2025-08-20 14:14:32] ✅ Row 45: Parsed as Redeem — -200.17 at 2020-08-25 09:31:03
[2025-08-20 14:14:32] ✅ Row 46: Parsed as Redeem — -20.16 at 2020-08-27 12:00:53
[2025-08-20 14:14:32] ✅ Row 47: Parsed as Redeem — -50 at 2020-09-01 04:30:02
[2025-08-20 14:14:32] ✅ Row 48: Parsed as Redeem — -370 at 2020-10-03 04:00:46
[2025-08-20 14:14:32] ✅ Row 49: Parsed as Redeem — -200.28 at 2020-10-12 15:30:45
[2025-08-20 14:14:32] ✅ Row 50: Parsed as Redeem — -40 at 2020-10-29 18:02:23
[2025-08-20 14:14:32] ✅ Row 51: Parsed as Redeem — -920.5 at 2020-11-24 10:00:29
[2025-08-20 14:14:32] ✅ Row 52: Parsed as Redeem — -850 at 2020-11-27 17:30:40
[2025-08-20 14:14:32] ✅ Row 53: Parsed as Redeem — -2634 at 2020-12-10 18:00:43
[2025-08-20 14:14:32] ✅ Row 54: Parsed as Redeem — -20.04 at 2020-12-24 14:00:47
[2025-08-20 14:14:32] ✅ Row 55: Parsed as Redeem — -345 at 2020-12-29 12:00:49
[2025-08-20 14:14:32] ✅ Row 56: Parsed as Redeem — -200 at 2021-01-02 14:31:47
[2025-08-20 14:14:32] ✅ Row 57: Parsed as Redeem — -1500 at 2021-02-01 17:31:06
[2025-08-20 14:14:32] ✅ Row 58: Parsed as Redeem — -1531.49 at 2021-02-02 05:00:36
[2025-08-20 14:14:32] ✅ Row 59: Parsed as Redeem — -150.48 at 2021-02-04 17:01:19
[2025-08-20 14:14:32] ✅ Row 60: Parsed as Redeem — -7023.23 at 2021-02-09 11:14:59
[2025-08-20 14:14:32] ✅ Row 61: Parsed as Redeem — -1480 at 2021-02-15 17:30:31
[2025-08-20 14:14:32] ✅ Row 62: Parsed as Redeem — -17 at 2021-02-19 15:30:24
[2025-08-20 14:14:32] ✅ Row 63: Parsed as Redeem — -200 at 2021-02-23 17:01:05
[2025-08-20 14:14:32] ✅ Row 64: Parsed as Redeem — -2120 at 2021-02-26 17:31:00
[2025-08-20 14:14:32] ✅ Row 65: Parsed as Redeem — -269.1 at 2021-03-08 17:01:36
[2025-08-20 14:14:32] ✅ Row 66: Parsed as Redeem — -1087.5 at 2021-03-10 17:31:05
[2025-08-20 14:14:32] ✅ Row 67: Parsed as Redeem — -329.57 at 2021-03-12 16:30:42
[2025-08-20 14:14:32] ✅ Row 68: Parsed as Redeem — -5267.09 at 2021-03-16 18:30:55
[2025-08-20 14:14:32] ✅ Row 69: Parsed as Redeem — -272 at 2021-03-17 19:00:40
[2025-08-20 14:14:32] ✅ Row 70: Parsed as Redeem — -454 at 2021-03-24 18:00:34
[2025-08-20 14:14:32] ✅ Row 71: Parsed as Redeem — -312.1 at 2021-03-29 06:30:41
[2025-08-20 14:14:32] ✅ Row 72: Parsed as Redeem — -180 at 2021-03-31 04:00:09
[2025-08-20 14:14:32] ✅ Row 73: Parsed as Redeem — -96 at 2021-04-04 04:00:44
[2025-08-20 14:14:32] ✅ Row 74: Parsed as Redeem — -63.6 at 2021-04-06 12:01:02
[2025-08-20 14:14:32] ✅ Row 75: Parsed as Redeem — -253.5 at 2021-04-08 09:30:33
[2025-08-20 14:14:32] ✅ Row 76: Parsed as Redeem — -82 at 2021-04-11 05:30:23
[2025-08-20 14:14:32] ✅ Row 77: Parsed as Redeem — -78 at 2021-04-13 10:00:40
[2025-08-20 14:14:32] ✅ Row 78: Parsed as Redeem — -121.08 at 2021-04-15 07:30:21
[2025-08-20 14:14:32] ✅ Row 79: Parsed as Redeem — -70.42 at 2021-04-18 05:30:26
[2025-08-20 14:14:32] ✅ Row 80: Parsed as Redeem — -115 at 2021-04-21 08:30:30
[2025-08-20 14:14:32] ✅ Row 81: Parsed as Redeem — -99.07 at 2021-04-27 08:00:23
[2025-08-20 14:14:32] ✅ Row 82: Parsed as Redeem — -69 at 2021-04-29 13:00:05
[2025-08-20 14:14:32] ✅ Row 83: Parsed as Redeem — -315 at 2021-05-06 11:00:30
[2025-08-20 14:14:32] ✅ Row 84: Parsed as Redeem — -321 at 2021-05-10 03:30:26
[2025-08-20 14:14:32] ✅ Row 85: Parsed as Redeem — -14 at 2021-05-12 06:00:50
[2025-08-20 14:14:32] ✅ Row 86: Parsed as Redeem — -100 at 2021-05-28 04:30:17
[2025-08-20 14:14:32] ✅ Row 87: Parsed as Redeem — -68 at 2021-05-29 06:30:20
[2025-08-20 14:14:32] ✅ Row 88: Parsed as Redeem — -3775 at 2021-06-09 18:00:40
[2025-08-20 14:14:32] ✅ Row 89: Parsed as Redeem — -2802.74 at 2021-06-15 11:00:39
[2025-08-20 14:14:32] ✅ Row 90: Parsed as Redeem — -180 at 2021-06-17 17:01:27
[2025-08-20 14:14:32] ✅ Row 91: Parsed as Redeem — -100 at 2021-06-30 09:00:31
[2025-08-20 14:14:32] ✅ Row 92: Parsed as Redeem — -94.9 at 2021-07-28 06:00:35
[2025-08-20 14:14:32] ✅ Row 93: Parsed as Redeem — -121 at 2021-07-29 09:00:26
[2025-08-20 14:14:32] ✅ Row 94: Parsed as Redeem — -197 at 2021-09-07 15:00:54
[2025-08-20 14:14:32] ✅ Row 95: Parsed as Redeem — -1386 at 2021-09-08 18:00:37
[2025-08-20 14:14:32] ✅ Row 96: Parsed as Redeem — -1140 at 2021-09-10 16:31:04
[2025-08-20 14:14:32] ✅ Row 97: Parsed as Redeem — -1560 at 2021-09-14 14:00:41
[2025-08-20 14:14:32] ✅ Row 98: Parsed as Redeem — -1640 at 2021-09-17 05:30:19
[2025-08-20 14:14:32] ✅ Row 99: Parsed as Redeem — -1660 at 2021-09-22 05:30:16
[2025-08-20 14:14:32] ✅ Row 100: Parsed as Redeem — -1140 at 2021-09-27 05:00:49
[2025-08-20 14:14:32] ✅ Row 101: Parsed as Redeem — -1260 at 2021-09-29 15:31:11
[2025-08-20 14:14:32] ✅ Row 102: Parsed as Redeem — -8000 at 2021-09-30 23:30:52
[2025-08-20 14:14:32] ✅ Row 103: Parsed as Redeem — -8694 at 2021-10-04 00:30:23
[2025-08-20 14:14:32] TA logic: Deposits = 74892.54000000001, Cashouts = -80837.23999999999, Net = 155729.78
[2025-08-20 14:14:32] ✅ Created Payment Summary with 240 rows.
[2025-08-20 14:14:32] ✅ Created Summary sheet from Payment Summary.
[2025-08-20 14:14:32] 🧾 Final claim value (from Payment Summary): -5944.7
[2025-08-20 14:14:32] ✅ Finished processing: TA_DSAR - ossyjones (bwin.com).xlsx
[2025-08-20 14:14:32] 📄 Processing IB_BWIN_Austin Austin.xlsx...
[2025-08-20 14:14:32] ✅ Finished processing: IB_BWIN_Austin Austin.xlsx
[2025-08-20 14:14:32] 📄 Processing TA_Pokerstars.xlsx...
[2025-08-20 14:14:32] 🧾 Detected TA file — using deposit/cashout logic.
[2025-08-20 14:14:32] Detected single combined transaction sheet. Attempting auto-detection...
[2025-08-20 14:14:32] ✅ Detected normal tabular structure. No CSV conversion needed.
[2025-08-20 14:14:32] 📋 Raw headers: ['richardjjon User Info', 'None', 'None', 'None', 'None', 'None', 'None', 'None', 'None', 'None', 'None']
[2025-08-20 14:14:32] 🔍 Normalized headers: ['richardjjonuserinfo', 'none', 'none', 'none', 'none', 'none', 'none', 'none', 'none', 'none', 'none']
[2025-08-20 14:14:32] ⚠️ Header check failed: Missing date or amount — fallback mode. Using fallback mode (Column 0 = date, Column 1 = signed amount).
[2025-08-20 14:14:32] ⚠️ Row 2: Unparsable date → 'None'
[2025-08-20 14:14:32] ⚠️ Row 3: Unparsable date → 'All dates are in ET time zone'
[2025-08-20 14:14:32] ⚠️ Row 4: Unparsable date → 'From: 06/Nov/2014 00:00:00'
[2025-08-20 14:14:32] ⚠️ Row 5: Unparsable date → 'To: 17/Apr/2025 23:59:59'
[2025-08-20 14:14:32] ⚠️ Row 6: Unparsable date → 'None'
[2025-08-20 14:14:32] ⚠️ Row 7: Unparsable date → 'None'
[2025-08-20 14:14:32] ⚠️ Row 8: Unparsable date → 'User ID'
[2025-08-20 14:14:32] ⚠️ Row 9: Unparsable date → 'richardjjon'
[2025-08-20 14:14:32] TA logic: Deposits = 0, Cashouts = 0, Net = 0
[2025-08-20 14:14:32] ✅ Created Payment Summary with 0 rows.
[2025-08-20 14:14:32] ⚠️ No valid dates found in Payment Summary.
[2025-08-20 14:14:32] 🧾 Final claim value (from Payment Summary): 0
[2025-08-20 14:14:32] ✅ Finished processing: TA_Pokerstars.xlsx
[2025-08-20 14:14:32] 📄 Processing IB_PokerStars_Richard Jonker.xlsx...
[2025-08-20 14:14:32] ✅ Finished processing: IB_PokerStars_Richard Jonker.xlsx
[2025-08-20 14:14:32] 📄 Processing TA_Pokerstars.xlsx...
[2025-08-20 14:14:32] 🧾 Detected TA file — using deposit/cashout logic.
[2025-08-20 14:14:32] Detected single combined transaction sheet. Attempting auto-detection...
[2025-08-20 14:14:32] ✅ Detected normal tabular structure. No CSV conversion needed.
[2025-08-20 14:14:32] 📋 Raw headers: ["Credit Status Report for 'DeadNylan'", 'None', 'None', 'None', 'None', 'None', 'None', 'None', 'None', 'None', 'None']
[2025-08-20 14:14:32] 🔍 Normalized headers: ["creditstatusreportfor'deadnylan'", 'none', 'none', 'none', 'none', 'none', 'none', 'none', 'none', 'none', 'none']
[2025-08-20 14:14:32] ⚠️ Header check failed: Missing date or amount — fallback mode. Using fallback mode (Column 0 = date, Column 1 = signed amount).
[2025-08-20 14:14:32] ⚠️ Row 2: Unparsable date → 'None'
[2025-08-20 14:14:32] ⚠️ Row 3: Unparsable date → 'Date/Time'
[2025-08-20 14:14:32] ⚠️ Row 4: Unparsable date → 'VISA #4***********2415'
[2025-08-20 14:14:32] ⚠️ Row 5: Unparsable date → '5/21/2022 8:07:18 AM'
[2025-08-20 14:14:32] ⚠️ Row 6: Unparsable date → '5/21/2022 8:10:13 AM'
[2025-08-20 14:14:32] ⚠️ Row 7: Unparsable date → '5/21/2022 9:27:31 AM'
[2025-08-20 14:14:32] ⚠️ Row 8: Unparsable date → '5/22/2022 1:06:18 PM'
[2025-08-20 14:14:32] ⚠️ Row 9: Unparsable date → '5/22/2022 1:11:39 PM'
[2025-08-20 14:14:32] ⚠️ Row 10: Unparsable date → '5/30/2022 11:07:19 AM'
[2025-08-20 14:14:32] ⚠️ Row 11: Unparsable date → '5/30/2022 11:08:20 AM'
[2025-08-20 14:14:32] ⚠️ Row 12: Unparsable date → 'None'
[2025-08-20 14:14:32] ⚠️ Row 13: Unparsable date → 'VISA #4***********0450'
[2025-08-20 14:14:32] ⚠️ Row 14: Unparsable date → '3/20/2022 12:24:21 PM'
[2025-08-20 14:14:32] ⚠️ Row 15: Unparsable date → '3/20/2022 12:28:17 PM'
[2025-08-20 14:14:32] ❌ Row 16: Fallback parsing failed — could not convert string to float: 'Dep'
[2025-08-20 14:14:32] ❌ Row 17: Fallback parsing failed — could not convert string to float: 'Dep'
[2025-08-20 14:14:32] ❌ Row 18: Fallback parsing failed — could not convert string to float: 'Dep'
[2025-08-20 14:14:32] ❌ Row 19: Fallback parsing failed — could not convert string to float: 'Dep'
[2025-08-20 14:14:32] ⚠️ Row 20: Unparsable date → 'None'
[2025-08-20 14:14:32] ⚠️ Row 21: Unparsable date → 'VISA #4***********6238'
[2025-08-20 14:14:32] ⚠️ Row 22: Unparsable date → '10/17/2021 3:46:31 PM'
[2025-08-20 14:14:32] ⚠️ Row 23: Unparsable date → '10/17/2021 3:56:02 PM'
[2025-08-20 14:14:32] ⚠️ Row 24: Unparsable date → '10/17/2021 3:57:20 PM'
[2025-08-20 14:14:32] ⚠️ Row 25: Unparsable date → 'None'
[2025-08-20 14:14:32] ⚠️ Row 26: Unparsable date → 'INST_BONUS #1********'
[2025-08-20 14:14:32] ⚠️ Row 27: Unparsable date → '9/13/2021 8:49:43 AM'
[2025-08-20 14:14:32] ⚠️ Row 28: Unparsable date → 'None'
[2025-08-20 14:14:32] ⚠️ Row 29: Unparsable date → 'MASTERCARD #5***********9611'
[2025-08-20 14:14:32] ⚠️ Row 30: Unparsable date → '8/22/2021 6:56:00 PM'
[2025-08-20 14:14:32] ❌ Row 31: Fallback parsing failed — could not convert string to float: 'Dep'
[2025-08-20 14:14:32] ❌ Row 32: Fallback parsing failed — could not convert string to float: 'Dep'
[2025-08-20 14:14:32] ❌ Row 33: Fallback parsing failed — could not convert string to float: 'Dep'
[2025-08-20 14:14:32] ❌ Row 34: Fallback parsing failed — could not convert string to float: 'Dep'
[2025-08-20 14:14:32] ❌ Row 35: Fallback parsing failed — could not convert string to float: 'Dep'
[2025-08-20 14:14:32] ❌ Row 36: Fallback parsing failed — could not convert string to float: 'Dep'
[2025-08-20 14:14:32] ❌ Row 37: Fallback parsing failed — could not convert string to float: 'Dep'
[2025-08-20 14:14:32] ❌ Row 38: Fallback parsing failed — could not convert string to float: 'Dep'
[2025-08-20 14:14:32] ❌ Row 39: Fallback parsing failed — could not convert string to float: 'Dep'
[2025-08-20 14:14:32] ❌ Row 40: Fallback parsing failed — could not convert string to float: 'Dep'
[2025-08-20 14:14:32] ⚠️ Row 41: Unparsable date → 'None'
[2025-08-20 14:14:32] ⚠️ Row 42: Unparsable date → 'MASTERCARD #5***********1995'
[2025-08-20 14:14:32] ❌ Row 43: Fallback parsing failed — could not convert string to float: 'Dep'
[2025-08-20 14:14:32] ❌ Row 44: Fallback parsing failed — could not convert string to float: 'Dep'
[2025-08-20 14:14:32] ❌ Row 45: Fallback parsing failed — could not convert string to float: 'Dep'
[2025-08-20 14:14:32] ❌ Row 46: Fallback parsing failed — could not convert string to float: 'Dep'
[2025-08-20 14:14:32] ❌ Row 47: Fallback parsing failed — could not convert string to float: 'Dep'
[2025-08-20 14:14:32] ❌ Row 48: Fallback parsing failed — could not convert string to float: 'Dep'
[2025-08-20 14:14:32] ⚠️ Row 49: Unparsable date → 'None'
[2025-08-20 14:14:32] ⚠️ Row 50: Unparsable date → 'MASTERCARD #5***********3432'
[2025-08-20 14:14:32] ❌ Row 51: Fallback parsing failed — could not convert string to float: 'Dep'
[2025-08-20 14:14:32] ❌ Row 52: Fallback parsing failed — could not convert string to float: 'Dep'
[2025-08-20 14:14:32] ❌ Row 53: Fallback parsing failed — could not convert string to float: 'Dep'
[2025-08-20 14:14:32] ❌ Row 54: Fallback parsing failed — could not convert string to float: 'Dep'
[2025-08-20 14:14:32] ❌ Row 55: Fallback parsing failed — could not convert string to float: 'Dep'
[2025-08-20 14:14:32] ❌ Row 56: Fallback parsing failed — could not convert string to float: 'Dep'
[2025-08-20 14:14:32] ❌ Row 57: Fallback parsing failed — could not convert string to float: 'Dep'
[2025-08-20 14:14:32] ⚠️ Row 58: Unparsable date → '1/13/2021 5:34:24 PM'
[2025-08-20 14:14:32] ⚠️ Row 59: Unparsable date → '1/13/2021 5:35:12 PM'
[2025-08-20 14:14:32] ⚠️ Row 60: Unparsable date → '1/13/2021 5:35:47 PM'
[2025-08-20 14:14:32] ⚠️ Row 61: Unparsable date → 'None'
[2025-08-20 14:14:32] ⚠️ Row 62: Unparsable date → 'CREDITADJUST #'
[2025-08-20 14:14:32] ❌ Row 63: Fallback parsing failed — could not convert string to float: 'Dep'
[2025-08-20 14:14:32] ⚠️ Row 64: Unparsable date → 'None'
[2025-08-20 14:14:32] ⚠️ Row 65: Unparsable date → 'MASTERCARD #5***********7207'
[2025-08-20 14:14:32] ⚠️ Row 66: Unparsable date → '7/18/2020 2:45:55 PM'
[2025-08-20 14:14:32] ⚠️ Row 67: Unparsable date → 'None'
[2025-08-20 14:14:32] ⚠️ Row 68: Unparsable date → 'INST_BONUS #5*******'
[2025-08-20 14:14:32] ⚠️ Row 69: Unparsable date → '5/27/2020 3:28:38 PM'
[2025-08-20 14:14:32] ⚠️ Row 70: Unparsable date → 'None'
[2025-08-20 14:14:32] ⚠️ Row 71: Unparsable date → 'INST_BONUS #4*******'
[2025-08-20 14:14:32] ⚠️ Row 72: Unparsable date → '3/18/2020 1:26:31 PM'
[2025-08-20 14:14:32] ⚠️ Row 73: Unparsable date → '3/20/2020 10:17:45 AM'
[2025-08-20 14:14:32] ⚠️ Row 74: Unparsable date → 'None'
[2025-08-20 14:14:32] ⚠️ Row 75: Unparsable date → 'MASTERCARD #5***********8895'
[2025-08-20 14:14:32] ❌ Row 76: Fallback parsing failed — could not convert string to float: 'Dep'
[2025-08-20 14:14:32] ⚠️ Row 77: Unparsable date → 'None'
[2025-08-20 14:14:32] ⚠️ Row 78: Unparsable date → 'MASTERCARD #5***********5578'
[2025-08-20 14:14:32] ❌ Row 79: Fallback parsing failed — could not convert string to float: 'Dep'
[2025-08-20 14:14:32] ❌ Row 80: Fallback parsing failed — could not convert string to float: 'Dep'
[2025-08-20 14:14:32] ❌ Row 81: Fallback parsing failed — could not convert string to float: 'Dep'
[2025-08-20 14:14:32] ❌ Row 82: Fallback parsing failed — could not convert string to float: 'Dep'
[2025-08-20 14:14:32] ❌ Row 83: Fallback parsing failed — could not convert string to float: 'Dep'
[2025-08-20 14:14:32] ❌ Row 84: Fallback parsing failed — could not convert string to float: 'Dep'
[2025-08-20 14:14:32] ⚠️ Row 85: Unparsable date → '2/13/2020 3:47:16 PM'
[2025-08-20 14:14:32] ⚠️ Row 86: Unparsable date → '2/13/2020 3:47:35 PM'
[2025-08-20 14:14:32] ⚠️ Row 87: Unparsable date → '2/13/2020 4:24:40 PM'
[2025-08-20 14:14:32] ⚠️ Row 88: Unparsable date → '2/16/2020 2:42:02 PM'
[2025-08-20 14:14:32] ⚠️ Row 89: Unparsable date → '2/16/2020 3:05:05 PM'
[2025-08-20 14:14:32] ⚠️ Row 90: Unparsable date → '2/16/2020 3:48:35 PM'
[2025-08-20 14:14:32] ⚠️ Row 91: Unparsable date → '2/16/2020 4:12:16 PM'
[2025-08-20 14:14:32] ⚠️ Row 92: Unparsable date → '2/20/2020 2:51:57 PM'
[2025-08-20 14:14:32] ⚠️ Row 93: Unparsable date → '2/20/2020 3:54:31 PM'
[2025-08-20 14:14:32] ⚠️ Row 94: Unparsable date → 'None'
[2025-08-20 14:14:32] ⚠️ Row 95: Unparsable date → 'MASTERCARD #5***********3618'
[2025-08-20 14:14:32] ⚠️ Row 96: Unparsable date → '1/20/2020 10:44:46 AM'
[2025-08-20 14:14:32] ⚠️ Row 97: Unparsable date → 'None'
[2025-08-20 14:14:32] ⚠️ Row 98: Unparsable date → 'LIVEEVENTPAYOUT #'
[2025-08-20 14:14:32] ❌ Row 99: Fallback parsing failed — could not convert string to float: 'Dep'
[2025-08-20 14:14:32] ⚠️ Row 100: Unparsable date → '10/14/2019 11:15:49 AM'
[2025-08-20 14:14:32] ⚠️ Row 101: Unparsable date → 'None'
[2025-08-20 14:14:32] ⚠️ Row 102: Unparsable date → 'MUCHBETTER #3**********'
[2025-08-20 14:14:32] ❌ Row 103: Fallback parsing failed — could not convert string to float: 'Dep'
[2025-08-20 14:14:32] ❌ Row 104: Fallback parsing failed — could not convert string to float: 'Dep'
[2025-08-20 14:14:32] ❌ Row 105: Fallback parsing failed — could not convert string to float: 'Dep'
[2025-08-20 14:14:32] ⚠️ Row 106: Unparsable date → '9/16/2019 2:04:05 PM'
[2025-08-20 14:14:32] ⚠️ Row 107: Unparsable date → '9/16/2019 2:04:41 PM'
[2025-08-20 14:14:32] ⚠️ Row 108: Unparsable date → '9/16/2019 4:28:42 PM'
[2025-08-20 14:14:32] ⚠️ Row 109: Unparsable date → '9/16/2019 4:29:05 PM'
[2025-08-20 14:14:32] ⚠️ Row 110: Unparsable date → '9/17/2019 2:28:08 PM'
[2025-08-20 14:14:32] ⚠️ Row 111: Unparsable date → '9/17/2019 2:46:39 PM'
[2025-08-20 14:14:32] ⚠️ Row 112: Unparsable date → '9/18/2019 12:57:46 PM'
[2025-08-20 14:14:32] ⚠️ Row 113: Unparsable date → '9/18/2019 3:24:22 PM'
[2025-08-20 14:14:32] ⚠️ Row 114: Unparsable date → '9/19/2019 2:43:42 PM'
[2025-08-20 14:14:32] ⚠️ Row 115: Unparsable date → '9/19/2019 3:18:15 PM'
[2025-08-20 14:14:32] ⚠️ Row 116: Unparsable date → '9/20/2019 9:55:56 AM'
[2025-08-20 14:14:32] ⚠️ Row 117: Unparsable date → '9/20/2019 4:20:29 PM'
[2025-08-20 14:14:32] ⚠️ Row 118: Unparsable date → '9/20/2019 4:44:30 PM'
[2025-08-20 14:14:32] ⚠️ Row 119: Unparsable date → '9/20/2019 4:59:33 PM'
[2025-08-20 14:14:32] ⚠️ Row 120: Unparsable date → '9/22/2019 2:27:59 PM'
[2025-08-20 14:14:32] ⚠️ Row 121: Unparsable date → '9/22/2019 2:28:54 PM'
[2025-08-20 14:14:32] ⚠️ Row 122: Unparsable date → '9/22/2019 2:57:40 PM'
[2025-08-20 14:14:32] ⚠️ Row 123: Unparsable date → '9/23/2019 2:54:30 PM'
[2025-08-20 14:14:32] ⚠️ Row 124: Unparsable date → '9/23/2019 3:24:46 PM'
[2025-08-20 14:14:32] ⚠️ Row 125: Unparsable date → '9/26/2019 3:33:12 PM'
[2025-08-20 14:14:32] ⚠️ Row 126: Unparsable date → '9/26/2019 3:33:28 PM'
[2025-08-20 14:14:32] ⚠️ Row 127: Unparsable date → '9/30/2019 4:17:45 PM'
[2025-08-20 14:14:32] ❌ Row 128: Fallback parsing failed — could not convert string to float: 'Dep'
[2025-08-20 14:14:32] ❌ Row 129: Fallback parsing failed — could not convert string to float: 'Dep'
[2025-08-20 14:14:32] ❌ Row 130: Fallback parsing failed — could not convert string to float: 'Dep'
[2025-08-20 14:14:32] ❌ Row 131: Fallback parsing failed — could not convert string to float: 'Dep'
[2025-08-20 14:14:32] ❌ Row 132: Fallback parsing failed — could not convert string to float: 'Dep'
[2025-08-20 14:14:32] ❌ Row 133: Fallback parsing failed — could not convert string to float: 'Dep'
[2025-08-20 14:14:32] ❌ Row 134: Fallback parsing failed — could not convert string to float: 'Dep'
[2025-08-20 14:14:32] ❌ Row 135: Fallback parsing failed — could not convert string to float: 'Dep'
[2025-08-20 14:14:32] ⚠️ Row 136: Unparsable date → '10/22/2019 5:04:54 PM'
[2025-08-20 14:14:32] ⚠️ Row 137: Unparsable date → '10/24/2019 3:16:35 PM'
[2025-08-20 14:14:32] ❌ Row 138: Fallback parsing failed — could not convert string to float: 'Dep'
[2025-08-20 14:14:32] ❌ Row 139: Fallback parsing failed — could not convert string to float: 'Dep'
[2025-08-20 14:14:32] ❌ Row 140: Fallback parsing failed — could not convert string to float: 'Dep'
[2025-08-20 14:14:32] ❌ Row 141: Fallback parsing failed — could not convert string to float: 'Dep'
[2025-08-20 14:14:32] ⚠️ Row 142: Unparsable date → '12/13/2019 8:07:34 AM'
[2025-08-20 14:14:32] ⚠️ Row 143: Unparsable date → '12/13/2019 11:42:30 AM'
[2025-08-20 14:14:32] ⚠️ Row 144: Unparsable date → '12/13/2019 1:26:09 PM'
[2025-08-20 14:14:32] ⚠️ Row 145: Unparsable date → '12/13/2019 5:26:01 PM'
[2025-08-20 14:14:32] ❌ Row 146: Fallback parsing failed — could not convert string to float: 'Dep'
[2025-08-20 14:14:32] ❌ Row 147: Fallback parsing failed — could not convert string to float: 'Dep'
[2025-08-20 14:14:33] ❌ Row 148: Fallback parsing failed — could not convert string to float: 'Dep'
[2025-08-20 14:14:33] ❌ Row 149: Fallback parsing failed — could not convert string to float: 'Dep'
[2025-08-20 14:14:33] ⚠️ Row 150: Unparsable date → '2/23/2020 3:51:17 PM'
[2025-08-20 14:14:33] ⚠️ Row 151: Unparsable date → '2/24/2020 1:30:40 PM'
[2025-08-20 14:14:33] ❌ Row 152: Fallback parsing failed — could not convert string to float: 'Dep'
[2025-08-20 14:14:33] ❌ Row 153: Fallback parsing failed — could not convert string to float: 'Dep'
[2025-08-20 14:14:33] ⚠️ Row 154: Unparsable date → '3/13/2020 2:32:35 PM'
[2025-08-20 14:14:33] ⚠️ Row 155: Unparsable date → '3/22/2020 3:00:52 PM'
[2025-08-20 14:14:33] ⚠️ Row 156: Unparsable date → '3/22/2020 3:03:41 PM'
[2025-08-20 14:14:33] ⚠️ Row 157: Unparsable date → '3/22/2020 6:52:29 PM'
[2025-08-20 14:14:33] ❌ Row 158: Fallback parsing failed — could not convert string to float: 'Dep'
[2025-08-20 14:14:33] ⚠️ Row 159: Unparsable date → '4/26/2020 2:51:29 PM'
[2025-08-20 14:14:33] ⚠️ Row 160: Unparsable date → '4/26/2020 3:07:13 PM'
[2025-08-20 14:14:33] ❌ Row 161: Fallback parsing failed — could not convert string to float: 'Dep'
[2025-08-20 14:14:33] ❌ Row 162: Fallback parsing failed — could not convert string to float: 'Dep'
[2025-08-20 14:14:33] ❌ Row 163: Fallback parsing failed — could not convert string to float: 'Dep'
[2025-08-20 14:14:33] ❌ Row 164: Fallback parsing failed — could not convert string to float: 'Dep'
[2025-08-20 14:14:33] ❌ Row 165: Fallback parsing failed — could not convert string to float: 'Dep'
[2025-08-20 14:14:33] ❌ Row 166: Fallback parsing failed — could not convert string to float: 'Dep'
[2025-08-20 14:14:33] ❌ Row 167: Fallback parsing failed — could not convert string to float: 'Dep'
[2025-08-20 14:14:33] ❌ Row 168: Fallback parsing failed — could not convert string to float: 'Dep'
[2025-08-20 14:14:33] ❌ Row 169: Fallback parsing failed — could not convert string to float: 'Dep'
[2025-08-20 14:14:33] ❌ Row 170: Fallback parsing failed — could not convert string to float: 'Dep'
[2025-08-20 14:14:33] ⚠️ Row 171: Unparsable date → '5/13/2020 2:06:24 PM'
[2025-08-20 14:14:33] ⚠️ Row 172: Unparsable date → '5/13/2020 2:40:32 PM'
[2025-08-20 14:14:33] ⚠️ Row 173: Unparsable date → '5/13/2020 3:02:43 PM'
[2025-08-20 14:14:33] ⚠️ Row 174: Unparsable date → '5/13/2020 3:33:11 PM'
[2025-08-20 14:14:33] ⚠️ Row 175: Unparsable date → '5/13/2020 5:02:29 PM'
[2025-08-20 14:14:33] ⚠️ Row 176: Unparsable date → '5/27/2020 3:35:02 PM'
[2025-08-20 14:14:33] ⚠️ Row 177: Unparsable date → '5/27/2020 5:25:29 PM'
[2025-08-20 14:14:33] ⚠️ Row 178: Unparsable date → '5/28/2020 4:46:24 PM'
[2025-08-20 14:14:33] ⚠️ Row 179: Unparsable date → '5/31/2020 11:33:39 AM'
[2025-08-20 14:14:33] ⚠️ Row 180: Unparsable date → '5/31/2020 12:07:22 PM'
[2025-08-20 14:14:33] ❌ Row 181: Fallback parsing failed — could not convert string to float: 'Red'
[2025-08-20 14:14:33] ⚠️ Row 182: Unparsable date → '6/14/2020 12:43:20 PM'
[2025-08-20 14:14:33] ⚠️ Row 183: Unparsable date → '6/14/2020 12:50:30 PM'
[2025-08-20 14:14:33] ❌ Row 184: Fallback parsing failed — could not convert string to float: 'Red'
[2025-08-20 14:14:33] ⚠️ Row 185: Unparsable date → '7/18/2020 4:54:54 PM'
[2025-08-20 14:14:33] ⚠️ Row 186: Unparsable date → '7/18/2020 5:08:54 PM'
[2025-08-20 14:14:33] ⚠️ Row 187: Unparsable date → '7/19/2020 3:26:23 PM'
[2025-08-20 14:14:33] ⚠️ Row 188: Unparsable date → '7/19/2020 3:47:12 PM'
[2025-08-20 14:14:33] ⚠️ Row 189: Unparsable date → '7/19/2020 5:52:32 PM'
[2025-08-20 14:14:33] ⚠️ Row 190: Unparsable date → '7/25/2020 5:07:19 PM'
[2025-08-20 14:14:33] ⚠️ Row 191: Unparsable date → '7/26/2020 2:07:56 PM'
[2025-08-20 14:14:33] ⚠️ Row 192: Unparsable date → '7/26/2020 3:13:24 PM'
[2025-08-20 14:14:33] ⚠️ Row 193: Unparsable date → '7/26/2020 4:40:32 PM'
[2025-08-20 14:14:33] ⚠️ Row 194: Unparsable date → '7/26/2020 4:52:12 PM'
[2025-08-20 14:14:33] ⚠️ Row 195: Unparsable date → '7/26/2020 5:34:03 PM'
[2025-08-20 14:14:33] ❌ Row 196: Fallback parsing failed — could not convert string to float: 'Dep'
[2025-08-20 14:14:33] ❌ Row 197: Fallback parsing failed — could not convert string to float: 'Dep'
[2025-08-20 14:14:33] ❌ Row 198: Fallback parsing failed — could not convert string to float: 'Dep'
[2025-08-20 14:14:33] ❌ Row 199: Fallback parsing failed — could not convert string to float: 'Dep'
[2025-08-20 14:14:33] ❌ Row 200: Fallback parsing failed — could not convert string to float: 'Dep'
[2025-08-20 14:14:33] ❌ Row 201: Fallback parsing failed — could not convert string to float: 'Dep'
[2025-08-20 14:14:33] ❌ Row 202: Fallback parsing failed — could not convert string to float: 'Dep'
[2025-08-20 14:14:33] ❌ Row 203: Fallback parsing failed — could not convert string to float: 'Dep'
[2025-08-20 14:14:33] ⚠️ Row 204: Unparsable date → '8/16/2020 2:00:50 PM'
[2025-08-20 14:14:33] ⚠️ Row 205: Unparsable date → '8/16/2020 2:19:03 PM'
[2025-08-20 14:14:33] ⚠️ Row 206: Unparsable date → '8/16/2020 2:19:38 PM'
[2025-08-20 14:14:33] ⚠️ Row 207: Unparsable date → '8/16/2020 3:09:41 PM'
[2025-08-20 14:14:33] ⚠️ Row 208: Unparsable date → '8/16/2020 4:08:38 PM'
[2025-08-20 14:14:33] ⚠️ Row 209: Unparsable date → '8/16/2020 4:28:05 PM'
[2025-08-20 14:14:33] ⚠️ Row 210: Unparsable date → '8/30/2020 1:46:42 PM'
[2025-08-20 14:14:33] ⚠️ Row 211: Unparsable date → '8/30/2020 2:15:03 PM'
[2025-08-20 14:14:33] ⚠️ Row 212: Unparsable date → '8/30/2020 3:02:35 PM'
[2025-08-20 14:14:33] ⚠️ Row 213: Unparsable date → '8/30/2020 3:48:15 PM'
[2025-08-20 14:14:33] ⚠️ Row 214: Unparsable date → '8/30/2020 7:09:13 PM'
[2025-08-20 14:14:33] ❌ Row 215: Fallback parsing failed — could not convert string to float: 'Dep'
[2025-08-20 14:14:33] ❌ Row 216: Fallback parsing failed — could not convert string to float: 'Dep'
[2025-08-20 14:14:33] ❌ Row 217: Fallback parsing failed — could not convert string to float: 'Dep'
[2025-08-20 14:14:33] ❌ Row 218: Fallback parsing failed — could not convert string to float: 'Dep'
[2025-08-20 14:14:33] ❌ Row 219: Fallback parsing failed — could not convert string to float: 'Dep'
[2025-08-20 14:14:33] ❌ Row 220: Fallback parsing failed — could not convert string to float: 'Dep'
[2025-08-20 14:14:33] ❌ Row 221: Fallback parsing failed — could not convert string to float: 'Dep'
[2025-08-20 14:14:33] ❌ Row 222: Fallback parsing failed — could not convert string to float: 'Dep'
[2025-08-20 14:14:33] ⚠️ Row 223: Unparsable date → '9/13/2020 10:45:16 AM'
[2025-08-20 14:14:33] ⚠️ Row 224: Unparsable date → '9/13/2020 11:26:29 AM'
[2025-08-20 14:14:33] ⚠️ Row 225: Unparsable date → '9/13/2020 11:57:28 AM'
[2025-08-20 14:14:33] ⚠️ Row 226: Unparsable date → '9/13/2020 12:05:04 PM'
[2025-08-20 14:14:33] ⚠️ Row 227: Unparsable date → '9/13/2020 4:55:45 PM'
[2025-08-20 14:14:33] ⚠️ Row 228: Unparsable date → '9/13/2020 6:29:42 PM'
[2025-08-20 14:14:33] ⚠️ Row 229: Unparsable date → '9/20/2020 11:16:20 AM'
[2025-08-20 14:14:33] ⚠️ Row 230: Unparsable date → '9/20/2020 12:12:48 PM'
[2025-08-20 14:14:33] ⚠️ Row 231: Unparsable date → '9/20/2020 12:13:51 PM'
[2025-08-20 14:14:33] ⚠️ Row 232: Unparsable date → '9/20/2020 12:48:44 PM'
[2025-08-20 14:14:33] ⚠️ Row 233: Unparsable date → '9/20/2020 3:13:45 PM'
[2025-08-20 14:14:33] ⚠️ Row 234: Unparsable date → '9/20/2020 8:14:49 PM'
[2025-08-20 14:14:33] ⚠️ Row 235: Unparsable date → '9/21/2020 5:31:51 PM'
[2025-08-20 14:14:33] ⚠️ Row 236: Unparsable date → '11/14/2020 11:48:20 AM'
[2025-08-20 14:14:33] ⚠️ Row 237: Unparsable date → '11/14/2020 1:11:04 PM'
[2025-08-20 14:14:33] ⚠️ Row 238: Unparsable date → '11/14/2020 1:16:43 PM'
[2025-08-20 14:14:33] ⚠️ Row 239: Unparsable date → '11/14/2020 1:30:09 PM'
[2025-08-20 14:14:33] ⚠️ Row 240: Unparsable date → '11/14/2020 1:55:06 PM'
[2025-08-20 14:14:33] ⚠️ Row 241: Unparsable date → '11/15/2020 5:14:48 PM'
[2025-08-20 14:14:33] ⚠️ Row 242: Unparsable date → '11/15/2020 5:20:31 PM'
[2025-08-20 14:14:33] ⚠️ Row 243: Unparsable date → '11/15/2020 5:54:49 PM'
[2025-08-20 14:14:33] ⚠️ Row 244: Unparsable date → '11/15/2020 6:46:09 PM'
[2025-08-20 14:14:33] ⚠️ Row 245: Unparsable date → '12/13/2020 11:42:48 AM'
[2025-08-20 14:14:33] ⚠️ Row 246: Unparsable date → '12/13/2020 1:24:28 PM'
[2025-08-20 14:14:33] ⚠️ Row 247: Unparsable date → '12/13/2020 2:51:01 PM'
[2025-08-20 14:14:33] ⚠️ Row 248: Unparsable date → '12/13/2020 3:43:06 PM'
[2025-08-20 14:14:33] ⚠️ Row 249: Unparsable date → '12/20/2020 2:45:41 PM'
[2025-08-20 14:14:33] ⚠️ Row 250: Unparsable date → '12/28/2020 3:12:31 PM'
[2025-08-20 14:14:33] ⚠️ Row 251: Unparsable date → '12/28/2020 3:25:19 PM'
[2025-08-20 14:14:33] ⚠️ Row 252: Unparsable date → '12/28/2020 4:10:39 PM'
[2025-08-20 14:14:33] ⚠️ Row 253: Unparsable date → '12/28/2020 5:00:19 PM'
[2025-08-20 14:14:33] ⚠️ Row 254: Unparsable date → '12/30/2020 3:20:49 PM'
[2025-08-20 14:14:33] ❌ Row 255: Fallback parsing failed — could not convert string to float: 'Dep'
[2025-08-20 14:14:33] ❌ Row 256: Fallback parsing failed — could not convert string to float: 'Dep'
[2025-08-20 14:14:33] ❌ Row 257: Fallback parsing failed — could not convert string to float: 'Dep'
[2025-08-20 14:14:33] ❌ Row 258: Fallback parsing failed — could not convert string to float: 'Dep'
[2025-08-20 14:14:33] ⚠️ Row 259: Unparsable date → '1/13/2021 1:50:29 PM'
[2025-08-20 14:14:33] ⚠️ Row 260: Unparsable date → '1/15/2021 11:47:29 AM'
[2025-08-20 14:14:33] ⚠️ Row 261: Unparsable date → '1/15/2021 4:05:40 PM'
[2025-08-20 14:14:33] ⚠️ Row 262: Unparsable date → '1/15/2021 4:10:49 PM'
[2025-08-20 14:14:33] ⚠️ Row 263: Unparsable date → '1/15/2021 4:16:34 PM'
[2025-08-20 14:14:33] ⚠️ Row 264: Unparsable date → '1/17/2021 10:37:30 AM'
[2025-08-20 14:14:33] ⚠️ Row 265: Unparsable date → '1/17/2021 1:09:36 PM'
[2025-08-20 14:14:33] ⚠️ Row 266: Unparsable date → '1/17/2021 2:41:46 PM'
[2025-08-20 14:14:33] ⚠️ Row 267: Unparsable date → '1/17/2021 3:13:17 PM'
[2025-08-20 14:14:33] ⚠️ Row 268: Unparsable date → '1/17/2021 4:44:59 PM'
[2025-08-20 14:14:33] ⚠️ Row 269: Unparsable date → '1/17/2021 7:17:42 PM'
[2025-08-20 14:14:33] ⚠️ Row 270: Unparsable date → '1/19/2021 3:46:22 PM'
[2025-08-20 14:14:33] ⚠️ Row 271: Unparsable date → '1/24/2021 1:16:52 PM'
[2025-08-20 14:14:33] ⚠️ Row 272: Unparsable date → '1/24/2021 2:53:11 PM'
[2025-08-20 14:14:33] ⚠️ Row 273: Unparsable date → '1/26/2021 2:38:00 PM'
[2025-08-20 14:14:33] ⚠️ Row 274: Unparsable date → '1/26/2021 4:32:34 PM'
[2025-08-20 14:14:33] ⚠️ Row 275: Unparsable date → '1/28/2021 2:53:30 PM'
[2025-08-20 14:14:33] ⚠️ Row 276: Unparsable date → '1/29/2021 2:32:14 PM'
[2025-08-20 14:14:33] ⚠️ Row 277: Unparsable date → '1/29/2021 2:45:17 PM'
[2025-08-20 14:14:33] ⚠️ Row 278: Unparsable date → '1/29/2021 3:50:14 PM'
[2025-08-20 14:14:33] ⚠️ Row 279: Unparsable date → '1/30/2021 3:54:14 PM'
[2025-08-20 14:14:33] ❌ Row 280: Fallback parsing failed — could not convert string to float: 'Dep'
[2025-08-20 14:14:33] ❌ Row 281: Fallback parsing failed — could not convert string to float: 'Dep'
[2025-08-20 14:14:33] ❌ Row 282: Fallback parsing failed — could not convert string to float: 'Dep'
[2025-08-20 14:14:33] ❌ Row 283: Fallback parsing failed — could not convert string to float: 'Dep'
[2025-08-20 14:14:33] ❌ Row 284: Fallback parsing failed — could not convert string to float: 'Dep'
[2025-08-20 14:14:33] ❌ Row 285: Fallback parsing failed — could not convert string to float: 'Dep'
[2025-08-20 14:14:33] ❌ Row 286: Fallback parsing failed — could not convert string to float: 'Dep'
[2025-08-20 14:14:33] ❌ Row 287: Fallback parsing failed — could not convert string to float: 'Dep'
[2025-08-20 14:14:33] ⚠️ Row 288: Unparsable date → '2/14/2021 2:37:15 PM'
[2025-08-20 14:14:33] ⚠️ Row 289: Unparsable date → '2/14/2021 3:13:12 PM'
[2025-08-20 14:14:33] ⚠️ Row 290: Unparsable date → '2/14/2021 4:45:10 PM'
[2025-08-20 14:14:33] ⚠️ Row 291: Unparsable date → '2/14/2021 5:03:54 PM'
[2025-08-20 14:14:33] ⚠️ Row 292: Unparsable date → '2/21/2021 12:05:37 PM'
[2025-08-20 14:14:33] ⚠️ Row 293: Unparsable date → '2/21/2021 1:33:12 PM'
[2025-08-20 14:14:33] ⚠️ Row 294: Unparsable date → '2/21/2021 2:16:08 PM'
[2025-08-20 14:14:33] ⚠️ Row 295: Unparsable date → '2/21/2021 3:32:05 PM'
[2025-08-20 14:14:33] ⚠️ Row 296: Unparsable date → '2/21/2021 4:01:13 PM'
[2025-08-20 14:14:33] ⚠️ Row 297: Unparsable date → '3/21/2021 5:18:12 PM'
[2025-08-20 14:14:33] ⚠️ Row 298: Unparsable date → '3/21/2021 5:18:32 PM'
[2025-08-20 14:14:33] ⚠️ Row 299: Unparsable date → '3/21/2021 6:54:42 PM'
[2025-08-20 14:14:33] ⚠️ Row 300: Unparsable date → '3/21/2021 7:07:20 PM'
[2025-08-20 14:14:33] ❌ Row 301: Fallback parsing failed — could not convert string to float: 'Dep'
[2025-08-20 14:14:33] ❌ Row 302: Fallback parsing failed — could not convert string to float: 'Dep'
[2025-08-20 14:14:33] ❌ Row 303: Fallback parsing failed — could not convert string to float: 'Dep'
[2025-08-20 14:14:33] ❌ Row 304: Fallback parsing failed — could not convert string to float: 'Dep'
[2025-08-20 14:14:33] ❌ Row 305: Fallback parsing failed — could not convert string to float: 'Dep'
[2025-08-20 14:14:33] ❌ Row 306: Fallback parsing failed — could not convert string to float: 'Dep'
[2025-08-20 14:14:33] ❌ Row 307: Fallback parsing failed — could not convert string to float: 'Dep'
[2025-08-20 14:14:33] ❌ Row 308: Fallback parsing failed — could not convert string to float: 'Dep'
[2025-08-20 14:14:33] ❌ Row 309: Fallback parsing failed — could not convert string to float: 'Dep'
[2025-08-20 14:14:33] ❌ Row 310: Fallback parsing failed — could not convert string to float: 'Dep'
[2025-08-20 14:14:33] ❌ Row 311: Fallback parsing failed — could not convert string to float: 'Dep'
[2025-08-20 14:14:33] ⚠️ Row 312: Unparsable date → '4/29/2021 7:47:43 AM'
[2025-08-20 14:14:33] ⚠️ Row 313: Unparsable date → '4/29/2021 3:38:25 PM'
[2025-08-20 14:14:33] ⚠️ Row 314: Unparsable date → '5/30/2021 2:17:59 PM'
[2025-08-20 14:14:33] ⚠️ Row 315: Unparsable date → '5/30/2021 2:41:29 PM'
[2025-08-20 14:14:33] ⚠️ Row 316: Unparsable date → '5/30/2021 3:41:55 PM'
[2025-08-20 14:14:33] ⚠️ Row 317: Unparsable date → '7/18/2021 2:12:26 PM'
[2025-08-20 14:14:33] ⚠️ Row 318: Unparsable date → '7/18/2021 3:19:34 PM'
[2025-08-20 14:14:33] ⚠️ Row 319: Unparsable date → '7/18/2021 3:27:34 PM'
[2025-08-20 14:14:33] ⚠️ Row 320: Unparsable date → '7/25/2021 1:16:57 PM'
[2025-08-20 14:14:33] ⚠️ Row 321: Unparsable date → '7/25/2021 3:42:05 PM'
[2025-08-20 14:14:33] ⚠️ Row 322: Unparsable date → '7/25/2021 4:05:57 PM'
[2025-08-20 14:14:33] ⚠️ Row 323: Unparsable date → '7/25/2021 4:51:21 PM'
[2025-08-20 14:14:33] ⚠️ Row 324: Unparsable date → '7/25/2021 4:53:16 PM'
[2025-08-20 14:14:33] ❌ Row 325: Fallback parsing failed — could not convert string to float: 'Dep'
[2025-08-20 14:14:33] ❌ Row 326: Fallback parsing failed — could not convert string to float: 'Dep'
[2025-08-20 14:14:33] ⚠️ Row 327: Unparsable date → '8/15/2021 12:08:16 PM'
[2025-08-20 14:14:33] ⚠️ Row 328: Unparsable date → '8/15/2021 3:40:19 PM'
[2025-08-20 14:14:33] ⚠️ Row 329: Unparsable date → '8/15/2021 5:39:45 PM'
[2025-08-20 14:14:33] ⚠️ Row 330: Unparsable date → '8/15/2021 6:39:17 PM'
[2025-08-20 14:14:33] ⚠️ Row 331: Unparsable date → '8/22/2021 4:40:11 PM'
[2025-08-20 14:14:33] ⚠️ Row 332: Unparsable date → 'None'
[2025-08-20 14:14:33] ⚠️ Row 333: Unparsable date → 'ADMCASHADJ #'
[2025-08-20 14:14:33] ⚠️ Row 334: Unparsable date → '7/29/2019 4:58:28 AM'
[2025-08-20 14:14:33] ⚠️ Row 335: Unparsable date → '8/28/2020 10:37:25 AM'
[2025-08-20 14:14:33] ⚠️ Row 336: Unparsable date → 'None'
[2025-08-20 14:14:33] ⚠️ Row 337: Unparsable date → 'SOFORT #'
[2025-08-20 14:14:33] ⚠️ Row 338: Unparsable date → '7/18/2019 3:50:58 PM'
[2025-08-20 14:14:33] ⚠️ Row 339: Unparsable date → '7/19/2019 3:10:46 PM'
[2025-08-20 14:14:33] ⚠️ Row 340: Unparsable date → '7/20/2019 6:42:10 PM'
[2025-08-20 14:14:33] ⚠️ Row 341: Unparsable date → '7/28/2019 4:51:57 PM'
[2025-08-20 14:14:33] ⚠️ Row 342: Unparsable date → '9/15/2019 6:08:02 PM'
[2025-08-20 14:14:33] ⚠️ Row 343: Unparsable date → '9/19/2019 3:48:27 PM'
[2025-08-20 14:14:33] ⚠️ Row 344: Unparsable date → '9/20/2019 4:57:43 PM'
[2025-08-20 14:14:33] ⚠️ Row 345: Unparsable date → '9/22/2019 1:56:31 PM'
[2025-08-20 14:14:33] ⚠️ Row 346: Unparsable date → '9/22/2019 4:09:30 PM'
[2025-08-20 14:14:33] ⚠️ Row 347: Unparsable date → '9/22/2019 6:25:18 PM'
[2025-08-20 14:14:33] ❌ Row 348: Fallback parsing failed — could not convert string to float: 'Dep'
[2025-08-20 14:14:33] ❌ Row 349: Fallback parsing failed — could not convert string to float: 'Dep'
[2025-08-20 14:14:33] ❌ Row 350: Fallback parsing failed — could not convert string to float: 'Dep'
[2025-08-20 14:14:33] ⚠️ Row 351: Unparsable date → '2/22/2020 3:33:12 PM'
[2025-08-20 14:14:33] ⚠️ Row 352: Unparsable date → '2/23/2020 1:03:41 PM'
[2025-08-20 14:14:33] ⚠️ Row 353: Unparsable date → '2/23/2020 4:41:16 PM'
[2025-08-20 14:14:33] ❌ Row 354: Fallback parsing failed — could not convert string to float: 'Dep'
[2025-08-20 14:14:33] ❌ Row 355: Fallback parsing failed — could not convert string to float: 'Dep'
[2025-08-20 14:14:33] ❌ Row 356: Fallback parsing failed — could not convert string to float: 'Dep'
[2025-08-20 14:14:33] ❌ Row 357: Fallback parsing failed — could not convert string to float: 'Dep'
[2025-08-20 14:14:33] ❌ Row 358: Fallback parsing failed — could not convert string to float: 'Dep'
[2025-08-20 14:14:33] ❌ Row 359: Fallback parsing failed — could not convert string to float: 'Dep'
[2025-08-20 14:14:33] ❌ Row 360: Fallback parsing failed — could not convert string to float: 'Dep'
[2025-08-20 14:14:33] ❌ Row 361: Fallback parsing failed — could not convert string to float: 'Dep'
[2025-08-20 14:14:33] ❌ Row 362: Fallback parsing failed — could not convert string to float: 'Dep'
[2025-08-20 14:14:33] ❌ Row 363: Fallback parsing failed — could not convert string to float: 'Dep'
[2025-08-20 14:14:33] ❌ Row 364: Fallback parsing failed — could not convert string to float: 'Dep'
[2025-08-20 14:14:33] ❌ Row 365: Fallback parsing failed — could not convert string to float: 'Dep'
[2025-08-20 14:14:33] ⚠️ Row 366: Unparsable date → '1/13/2021 2:19:20 PM'
[2025-08-20 14:14:33] ⚠️ Row 367: Unparsable date → '1/13/2021 3:38:00 PM'
[2025-08-20 14:14:33] ⚠️ Row 368: Unparsable date → '1/13/2021 5:22:31 PM'
[2025-08-20 14:14:33] ⚠️ Row 369: Unparsable date → 'None'
[2025-08-20 14:14:33] ⚠️ Row 370: Unparsable date → 'SOFORT #j***********tlook.com'
[2025-08-20 14:14:33] ⚠️ Row 371: Unparsable date → '7/18/2019 3:35:56 PM'
[2025-08-20 14:14:33] ⚠️ Row 372: Unparsable date → 'None'
[2025-08-20 14:14:33] ⚠️ Row 373: Unparsable date → 'INST_BONUS #3*******'
[2025-08-20 14:14:33] ❌ Row 374: Fallback parsing failed — could not convert string to float: 'Dep'
[2025-08-20 14:14:33] ❌ Row 375: Fallback parsing failed — could not convert string to float: 'Dep'
[2025-08-20 14:14:33] ❌ Row 376: Fallback parsing failed — could not convert string to float: 'Dep'
[2025-08-20 14:14:33] ❌ Row 377: Fallback parsing failed — could not convert string to float: 'Dep'
[2025-08-20 14:14:33] ⚠️ Row 378: Unparsable date → '7/18/2019 1:35:49 PM'
[2025-08-20 14:14:33] ⚠️ Row 379: Unparsable date → '7/27/2019 3:16:52 PM'
[2025-08-20 14:14:33] ❌ Row 380: Fallback parsing failed — could not convert string to float: 'Dep'
[2025-08-20 14:14:33] ⚠️ Row 381: Unparsable date → '9/26/2019 2:03:20 PM'
[2025-08-20 14:14:33] ❌ Row 382: Fallback parsing failed — could not convert string to float: 'Dep'
[2025-08-20 14:14:33] ⚠️ Row 383: Unparsable date → '1/18/2020 2:33:44 PM'
[2025-08-20 14:14:33] ⚠️ Row 384: Unparsable date → '1/21/2020 11:45:27 AM'
[2025-08-20 14:14:33] ❌ Row 385: Fallback parsing failed — could not convert string to float: 'Dep'
[2025-08-20 14:14:33] ⚠️ Row 386: Unparsable date → 'None'
[2025-08-20 14:14:33] ⚠️ Row 387: Unparsable date → 'MASTERCARD #5***********8952'
[2025-08-20 14:14:33] ❌ Row 388: Fallback parsing failed — could not convert string to float: 'Dep'
[2025-08-20 14:14:33] ⚠️ Row 389: Unparsable date → 'None'
[2025-08-20 14:14:33] ⚠️ Row 390: Unparsable date → 'TRANSCORR #'
[2025-08-20 14:14:33] ❌ Row 391: Fallback parsing failed — could not convert string to float: 'Dep'
[2025-08-20 14:14:33] ❌ Row 392: Fallback parsing failed — could not convert string to float: 'Dep'
[2025-08-20 14:14:33] ❌ Row 393: Fallback parsing failed — could not convert string to float: 'Dep'
[2025-08-20 14:14:33] ❌ Row 394: Fallback parsing failed — could not convert string to float: 'Dep'
[2025-08-20 14:14:33] ❌ Row 395: Fallback parsing failed — could not convert string to float: 'Dep'
[2025-08-20 14:14:33] ❌ Row 396: Fallback parsing failed — could not convert string to float: 'Dep'
[2025-08-20 14:14:33] ❌ Row 397: Fallback parsing failed — could not convert string to float: 'Dep'
[2025-08-20 14:14:33] ⚠️ Row 398: Unparsable date → 'None'
[2025-08-20 14:14:33] ⚠️ Row 399: Unparsable date → 'MASTERCARD #5***********9263'
[2025-08-20 14:14:33] ⚠️ Row 400: Unparsable date → '6/25/2019 2:40:05 PM'
[2025-08-20 14:14:33] ⚠️ Row 401: Unparsable date → 'None'
[2025-08-20 14:14:33] ⚠️ Row 402: Unparsable date → 'MASTERCARD #5***********8566'
[2025-08-20 14:14:33] ⚠️ Row 403: Unparsable date → '6/24/2019 1:38:27 PM'
[2025-08-20 14:14:33] ⚠️ Row 404: Unparsable date → '6/24/2019 2:20:26 PM'
[2025-08-20 14:14:33] ⚠️ Row 405: Unparsable date → '6/24/2019 6:29:58 PM'
[2025-08-20 14:14:33] ⚠️ Row 406: Unparsable date → '6/24/2019 6:32:55 PM'
[2025-08-20 14:14:33] ⚠️ Row 407: Unparsable date → '6/24/2019 6:41:53 PM'
[2025-08-20 14:14:33] ⚠️ Row 408: Unparsable date → '6/25/2019 1:44:19 PM'
[2025-08-20 14:14:33] ❌ Row 409: Fallback parsing failed — could not convert string to float: 'Dep'
[2025-08-20 14:14:33] ❌ Row 410: Fallback parsing failed — could not convert string to float: 'Dep'
[2025-08-20 14:14:33] ⚠️ Row 411: Unparsable date → 'None'
[2025-08-20 14:14:33] ⚠️ Row 412: Unparsable date → 'VISA #4***********5619'
[2025-08-20 14:14:33] ❌ Row 413: Fallback parsing failed — could not convert string to float: 'Dep'
[2025-08-20 14:14:33] ⚠️ Row 414: Unparsable date → '5/14/2019 2:09:43 PM'
[2025-08-20 14:14:33] ⚠️ Row 415: Unparsable date → '5/14/2019 2:09:57 PM'
[2025-08-20 14:14:33] ⚠️ Row 416: Unparsable date → '5/14/2019 2:31:11 PM'
[2025-08-20 14:14:33] ⚠️ Row 417: Unparsable date → '5/15/2019 3:34:15 PM'
[2025-08-20 14:14:33] ⚠️ Row 418: Unparsable date → '5/21/2019 2:30:54 PM'
[2025-08-20 14:14:33] ⚠️ Row 419: Unparsable date → '5/21/2019 2:31:12 PM'
[2025-08-20 14:14:33] ⚠️ Row 420: Unparsable date → '5/16/2020 8:15:16 AM'
[2025-08-20 14:14:33] ⚠️ Row 421: Unparsable date → '10/17/2021 3:39:19 PM'
[2025-08-20 14:14:33] ⚠️ Row 422: Unparsable date → '11/16/2021 3:52:19 PM'
[2025-08-20 14:14:33] ⚠️ Row 423: Unparsable date → '12/17/2021 12:17:05 PM'
[2025-08-20 14:14:33] ⚠️ Row 424: Unparsable date → '12/17/2021 12:18:02 PM'
[2025-08-20 14:14:33] ⚠️ Row 425: Unparsable date → '12/17/2021 12:19:25 PM'
[2025-08-20 14:14:33] ⚠️ Row 426: Unparsable date → '12/17/2021 12:20:32 PM'
[2025-08-20 14:14:33] ⚠️ Row 427: Unparsable date → '12/19/2021 11:12:51 AM'
[2025-08-20 14:14:33] ❌ Row 428: Fallback parsing failed — could not convert string to float: 'Dep'
[2025-08-20 14:14:33] ❌ Row 429: Fallback parsing failed — could not convert string to float: 'Dep'
[2025-08-20 14:14:33] ❌ Row 430: Fallback parsing failed — could not convert string to float: 'Dep'
[2025-08-20 14:14:33] ❌ Row 431: Fallback parsing failed — could not convert string to float: 'Dep'
[2025-08-20 14:14:33] ❌ Row 432: Fallback parsing failed — could not convert string to float: 'Dep'
[2025-08-20 14:14:33] ⚠️ Row 433: Unparsable date → 'None'
[2025-08-20 14:14:33] ⚠️ Row 434: Unparsable date → 'MASTERCARD #5***********8300'
[2025-08-20 14:14:34] ⚠️ Row 435: Unparsable date → '4/21/2019 4:05:28 PM'
[2025-08-20 14:14:34] ⚠️ Row 436: Unparsable date → '4/21/2019 5:17:57 PM'
[2025-08-20 14:14:34] ❌ Row 437: Fallback parsing failed — could not convert string to float: 'Dep'
[2025-08-20 14:14:34] ❌ Row 438: Fallback parsing failed — could not convert string to float: 'Dep'
[2025-08-20 14:14:34] ❌ Row 439: Fallback parsing failed — could not convert string to float: 'Dep'
[2025-08-20 14:14:34] ❌ Row 440: Fallback parsing failed — could not convert string to float: 'Dep'
[2025-08-20 14:14:34] ❌ Row 441: Fallback parsing failed — could not convert string to float: 'Dep'
[2025-08-20 14:14:34] ❌ Row 442: Fallback parsing failed — could not convert string to float: 'Dep'
[2025-08-20 14:14:34] ❌ Row 443: Fallback parsing failed — could not convert string to float: 'Dep'
[2025-08-20 14:14:34] ❌ Row 444: Fallback parsing failed — could not convert string to float: 'Dep'
[2025-08-20 14:14:34] ❌ Row 445: Fallback parsing failed — could not convert string to float: 'Dep'
[2025-08-20 14:14:34] ⚠️ Row 446: Unparsable date → '5/13/2019 2:49:03 PM'
[2025-08-20 14:14:34] ⚠️ Row 447: Unparsable date → '5/13/2019 4:00:46 PM'
[2025-08-20 14:14:34] ⚠️ Row 448: Unparsable date → '5/15/2019 5:40:06 PM'
[2025-08-20 14:14:34] ⚠️ Row 449: Unparsable date → '5/22/2019 12:18:33 PM'
[2025-08-20 14:14:34] ⚠️ Row 450: Unparsable date → '5/23/2019 10:29:39 AM'
[2025-08-20 14:14:34] ⚠️ Row 451: Unparsable date → '5/24/2019 2:27:55 PM'
[2025-08-20 14:14:34] ⚠️ Row 452: Unparsable date → '5/26/2019 2:42:12 PM'
[2025-08-20 14:14:34] ❌ Row 453: Fallback parsing failed — could not convert string to float: 'Dep'
[2025-08-20 14:14:34] ❌ Row 454: Fallback parsing failed — could not convert string to float: 'Dep'
[2025-08-20 14:14:34] ❌ Row 455: Fallback parsing failed — could not convert string to float: 'Dep'
[2025-08-20 14:14:34] ❌ Row 456: Fallback parsing failed — could not convert string to float: 'Dep'
[2025-08-20 14:14:34] ❌ Row 457: Fallback parsing failed — could not convert string to float: 'Dep'
[2025-08-20 14:14:34] ❌ Row 458: Fallback parsing failed — could not convert string to float: 'Dep'
[2025-08-20 14:14:34] ⚠️ Row 459: Unparsable date → '6/13/2019 4:13:44 PM'
[2025-08-20 14:14:34] ⚠️ Row 460: Unparsable date → '6/13/2019 5:22:53 PM'
[2025-08-20 14:14:34] ⚠️ Row 461: Unparsable date → '6/13/2019 6:17:05 PM'
[2025-08-20 14:14:34] ⚠️ Row 462: Unparsable date → '6/19/2019 4:26:21 PM'
[2025-08-20 14:14:34] ⚠️ Row 463: Unparsable date → '6/19/2019 6:07:17 PM'
[2025-08-20 14:14:34] ⚠️ Row 464: Unparsable date → '6/19/2019 6:16:12 PM'
[2025-08-20 14:14:34] ⚠️ Row 465: Unparsable date → '6/25/2019 2:31:17 PM'
[2025-08-20 14:14:34] ⚠️ Row 466: Unparsable date → '6/27/2019 3:34:14 PM'
[2025-08-20 14:14:34] ⚠️ Row 467: Unparsable date → '6/28/2019 1:36:43 PM'
[2025-08-20 14:14:34] ⚠️ Row 468: Unparsable date → '6/30/2019 3:33:29 PM'
[2025-08-20 14:14:34] ❌ Row 469: Fallback parsing failed — could not convert string to float: 'Dep'
[2025-08-20 14:14:34] ❌ Row 470: Fallback parsing failed — could not convert string to float: 'Dep'
[2025-08-20 14:14:34] ❌ Row 471: Fallback parsing failed — could not convert string to float: 'Dep'
[2025-08-20 14:14:34] ❌ Row 472: Fallback parsing failed — could not convert string to float: 'Dep'
[2025-08-20 14:14:34] ❌ Row 473: Fallback parsing failed — could not convert string to float: 'Dep'
[2025-08-20 14:14:34] ❌ Row 474: Fallback parsing failed — could not convert string to float: 'Dep'
[2025-08-20 14:14:34] ⚠️ Row 475: Unparsable date → '7/13/2019 5:47:18 PM'
[2025-08-20 14:14:34] ⚠️ Row 476: Unparsable date → '7/14/2019 2:48:04 PM'
[2025-08-20 14:14:34] ⚠️ Row 477: Unparsable date → '7/14/2019 4:01:40 PM'
[2025-08-20 14:14:34] ⚠️ Row 478: Unparsable date → '7/19/2019 5:05:31 PM'
[2025-08-20 14:14:34] ⚠️ Row 479: Unparsable date → '7/20/2019 2:07:20 PM'
[2025-08-20 14:14:34] ⚠️ Row 480: Unparsable date → '7/20/2019 2:45:25 PM'
[2025-08-20 14:14:34] ⚠️ Row 481: Unparsable date → '7/20/2019 4:01:05 PM'
[2025-08-20 14:14:34] ⚠️ Row 482: Unparsable date → '7/20/2019 4:13:22 PM'
[2025-08-20 14:14:34] ⚠️ Row 483: Unparsable date → '7/20/2019 6:28:21 PM'
[2025-08-20 14:14:34] ⚠️ Row 484: Unparsable date → '7/20/2019 6:28:35 PM'
[2025-08-20 14:14:34] ⚠️ Row 485: Unparsable date → '7/21/2019 1:00:07 PM'
[2025-08-20 14:14:34] ⚠️ Row 486: Unparsable date → '7/25/2019 1:34:55 PM'
[2025-08-20 14:14:34] ⚠️ Row 487: Unparsable date → '7/25/2019 1:40:12 PM'
[2025-08-20 14:14:34] ⚠️ Row 488: Unparsable date → '7/25/2019 2:00:41 PM'
[2025-08-20 14:14:34] ⚠️ Row 489: Unparsable date → '7/25/2019 4:37:11 PM'
[2025-08-20 14:14:34] ⚠️ Row 490: Unparsable date → '7/26/2019 1:59:03 PM'
[2025-08-20 14:14:34] ⚠️ Row 491: Unparsable date → '7/26/2019 2:14:48 PM'
[2025-08-20 14:14:34] ⚠️ Row 492: Unparsable date → '7/27/2019 3:12:20 PM'
[2025-08-20 14:14:34] ⚠️ Row 493: Unparsable date → '7/27/2019 3:13:31 PM'
[2025-08-20 14:14:34] ⚠️ Row 494: Unparsable date → '7/27/2019 4:42:41 PM'
[2025-08-20 14:14:34] ⚠️ Row 495: Unparsable date → '7/27/2019 6:11:31 PM'
[2025-08-20 14:14:34] ⚠️ Row 496: Unparsable date → '7/27/2019 6:26:06 PM'
[2025-08-20 14:14:34] ⚠️ Row 497: Unparsable date → '7/28/2019 3:34:13 PM'
[2025-08-20 14:14:34] ⚠️ Row 498: Unparsable date → '7/28/2019 3:36:03 PM'
[2025-08-20 14:14:34] ⚠️ Row 499: Unparsable date → '7/28/2019 3:54:56 PM'
[2025-08-20 14:14:34] ⚠️ Row 500: Unparsable date → '7/31/2019 4:20:52 PM'
[2025-08-20 14:14:34] ❌ Row 501: Fallback parsing failed — could not convert string to float: 'Dep'
[2025-08-20 14:14:34] ❌ Row 502: Fallback parsing failed — could not convert string to float: 'Dep'
[2025-08-20 14:14:34] ❌ Row 503: Fallback parsing failed — could not convert string to float: 'Dep'
[2025-08-20 14:14:34] ❌ Row 504: Fallback parsing failed — could not convert string to float: 'Dep'
[2025-08-20 14:14:34] ❌ Row 505: Fallback parsing failed — could not convert string to float: 'Dep'
[2025-08-20 14:14:34] ❌ Row 506: Fallback parsing failed — could not convert string to float: 'Dep'
[2025-08-20 14:14:34] ❌ Row 507: Fallback parsing failed — could not convert string to float: 'Dep'
[2025-08-20 14:14:34] ❌ Row 508: Fallback parsing failed — could not convert string to float: 'Dep'
[2025-08-20 14:14:34] ⚠️ Row 509: Unparsable date → '8/26/2019 11:32:28 AM'
[2025-08-20 14:14:34] ⚠️ Row 510: Unparsable date → '8/26/2019 2:16:46 PM'
[2025-08-20 14:14:34] ⚠️ Row 511: Unparsable date → '8/27/2019 5:39:12 AM'
[2025-08-20 14:14:34] ⚠️ Row 512: Unparsable date → '8/27/2019 5:39:27 AM'
[2025-08-20 14:14:34] ⚠️ Row 513: Unparsable date → '8/28/2019 11:49:54 AM'
[2025-08-20 14:14:34] ⚠️ Row 514: Unparsable date → '8/28/2019 12:03:08 PM'
[2025-08-20 14:14:34] ⚠️ Row 515: Unparsable date → '8/28/2019 12:03:30 PM'
[2025-08-20 14:14:34] ❌ Row 516: Fallback parsing failed — could not convert string to float: 'Dep'
[2025-08-20 14:14:34] ❌ Row 517: Fallback parsing failed — could not convert string to float: 'Dep'
[2025-08-20 14:14:34] ❌ Row 518: Fallback parsing failed — could not convert string to float: 'Dep'
[2025-08-20 14:14:34] ❌ Row 519: Fallback parsing failed — could not convert string to float: 'Dep'
[2025-08-20 14:14:34] ❌ Row 520: Fallback parsing failed — could not convert string to float: 'Dep'
[2025-08-20 14:14:34] ❌ Row 521: Fallback parsing failed — could not convert string to float: 'Dep'
[2025-08-20 14:14:34] ❌ Row 522: Fallback parsing failed — could not convert string to float: 'Dep'
[2025-08-20 14:14:34] ❌ Row 523: Fallback parsing failed — could not convert string to float: 'Dep'
[2025-08-20 14:14:34] ❌ Row 524: Fallback parsing failed — could not convert string to float: 'Dep'
[2025-08-20 14:14:34] ⚠️ Row 525: Unparsable date → '9/30/2019 4:26:56 PM'
[2025-08-20 14:14:34] ❌ Row 526: Fallback parsing failed — could not convert string to float: 'Dep'
[2025-08-20 14:14:34] ❌ Row 527: Fallback parsing failed — could not convert string to float: 'Dep'
[2025-08-20 14:14:34] ❌ Row 528: Fallback parsing failed — could not convert string to float: 'Dep'
[2025-08-20 14:14:34] ❌ Row 529: Fallback parsing failed — could not convert string to float: 'Dep'
[2025-08-20 14:14:34] ❌ Row 530: Fallback parsing failed — could not convert string to float: 'Dep'
[2025-08-20 14:14:34] ⚠️ Row 531: Unparsable date → 'None'
[2025-08-20 14:14:34] ⚠️ Row 532: Unparsable date → 'MASTERCARD #5***********0045'
[2025-08-20 14:14:34] ⚠️ Row 533: Unparsable date → '4/13/2019 5:31:35 PM'
[2025-08-20 14:14:34] ⚠️ Row 534: Unparsable date → '4/14/2019 6:46:50 PM'
[2025-08-20 14:14:34] ⚠️ Row 535: Unparsable date → '4/15/2019 4:26:16 PM'
[2025-08-20 14:14:34] ⚠️ Row 536: Unparsable date → 'None'
[2025-08-20 14:14:34] ⚠️ Row 537: Unparsable date → 'VISA #4***********3707'
[2025-08-20 14:14:34] ⚠️ Row 538: Unparsable date → '4/13/2019 2:06:28 PM'
[2025-08-20 14:14:34] ⚠️ Row 539: Unparsable date → '4/14/2019 10:25:47 AM'
[2025-08-20 14:14:34] ⚠️ Row 540: Unparsable date → '4/14/2019 12:03:23 PM'
[2025-08-20 14:14:34] ⚠️ Row 541: Unparsable date → '4/14/2019 4:16:30 PM'
[2025-08-20 14:14:34] ⚠️ Row 542: Unparsable date → '4/14/2019 6:27:34 PM'
[2025-08-20 14:14:34] ⚠️ Row 543: Unparsable date → '4/17/2019 4:10:27 PM'
[2025-08-20 14:14:34] ⚠️ Row 544: Unparsable date → '4/18/2019 3:34:14 PM'
[2025-08-20 14:14:34] ⚠️ Row 545: Unparsable date → '4/18/2019 3:51:50 PM'
[2025-08-20 14:14:34] ⚠️ Row 546: Unparsable date → '4/18/2019 3:58:04 PM'
[2025-08-20 14:14:34] ⚠️ Row 547: Unparsable date → '4/23/2019 3:12:45 PM'
[2025-08-20 14:14:34] ⚠️ Row 548: Unparsable date → '4/23/2019 3:13:01 PM'
[2025-08-20 14:14:34] ⚠️ Row 549: Unparsable date → 'None'
[2025-08-20 14:14:34] ⚠️ Row 550: Unparsable date → 'MASTERCARD #5***********3150'
[2025-08-20 14:14:34] ⚠️ Row 551: Unparsable date → '2/24/2019 12:56:13 PM'
[2025-08-20 14:14:34] ⚠️ Row 552: Unparsable date → '2/24/2019 2:52:39 PM'
[2025-08-20 14:14:34] ⚠️ Row 553: Unparsable date → 'None'
[2025-08-20 14:14:34] ⚠️ Row 554: Unparsable date → 'MASTERCARD #5***********4391'
[2025-08-20 14:14:34] ⚠️ Row 555: Unparsable date → '2/17/2019 2:13:38 PM'
[2025-08-20 14:14:34] ⚠️ Row 556: Unparsable date → '2/17/2019 3:09:28 PM'
[2025-08-20 14:14:34] ⚠️ Row 557: Unparsable date → 'None'
[2025-08-20 14:14:34] ⚠️ Row 558: Unparsable date → 'INSTANTBANK #'
[2025-08-20 14:14:34] ❌ Row 559: Fallback parsing failed — could not convert string to float: 'Dep'
[2025-08-20 14:14:34] ⚠️ Row 560: Unparsable date → '2/13/2019 3:50:45 PM'
[2025-08-20 14:14:34] ⚠️ Row 561: Unparsable date → '2/17/2019 2:38:28 PM'
[2025-08-20 14:14:34] ⚠️ Row 562: Unparsable date → '4/13/2019 4:39:38 PM'
[2025-08-20 14:14:34] ⚠️ Row 563: Unparsable date → '4/13/2019 4:55:39 PM'
[2025-08-20 14:14:34] ⚠️ Row 564: Unparsable date → '4/15/2019 2:56:05 PM'
[2025-08-20 14:14:34] ❌ Row 565: Fallback parsing failed — could not convert string to float: 'Dep'
[2025-08-20 14:14:34] ❌ Row 566: Fallback parsing failed — could not convert string to float: 'Dep'
[2025-08-20 14:14:34] ❌ Row 567: Fallback parsing failed — could not convert string to float: 'Dep'
[2025-08-20 14:14:34] ❌ Row 568: Fallback parsing failed — could not convert string to float: 'Dep'
[2025-08-20 14:14:34] ❌ Row 569: Fallback parsing failed — could not convert string to float: 'Dep'
[2025-08-20 14:14:34] ⚠️ Row 570: Unparsable date → '5/14/2019 3:30:17 PM'
[2025-08-20 14:14:34] ⚠️ Row 571: Unparsable date → '5/14/2019 3:41:44 PM'
[2025-08-20 14:14:34] ⚠️ Row 572: Unparsable date → '5/15/2019 11:24:20 AM'
[2025-08-20 14:14:34] ⚠️ Row 573: Unparsable date → '5/15/2019 4:02:01 PM'
[2025-08-20 14:14:34] ⚠️ Row 574: Unparsable date → '5/16/2019 12:59:27 PM'
[2025-08-20 14:14:34] ⚠️ Row 575: Unparsable date → '5/23/2019 4:34:34 AM'
[2025-08-20 14:14:34] ⚠️ Row 576: Unparsable date → '5/24/2019 12:56:42 PM'
[2025-08-20 14:14:34] ⚠️ Row 577: Unparsable date → '5/24/2019 1:19:22 PM'
[2025-08-20 14:14:34] ❌ Row 578: Fallback parsing failed — could not convert string to float: 'Dep'
[2025-08-20 14:14:34] ⚠️ Row 579: Unparsable date → '6/20/2019 3:35:00 PM'
[2025-08-20 14:14:34] ⚠️ Row 580: Unparsable date → '6/27/2019 3:27:08 PM'
[2025-08-20 14:14:34] ⚠️ Row 581: Unparsable date → '6/28/2019 2:14:04 PM'
[2025-08-20 14:14:34] ❌ Row 582: Fallback parsing failed — could not convert string to float: 'Dep'
[2025-08-20 14:14:34] ❌ Row 583: Fallback parsing failed — could not convert string to float: 'Dep'
[2025-08-20 14:14:34] ❌ Row 584: Fallback parsing failed — could not convert string to float: 'Dep'
[2025-08-20 14:14:34] ❌ Row 585: Fallback parsing failed — could not convert string to float: 'Dep'
[2025-08-20 14:14:34] ❌ Row 586: Fallback parsing failed — could not convert string to float: 'Dep'
[2025-08-20 14:14:34] ⚠️ Row 587: Unparsable date → '7/13/2019 5:02:08 PM'
[2025-08-20 14:14:34] ⚠️ Row 588: Unparsable date → '7/18/2019 5:46:01 AM'
[2025-08-20 14:14:34] ⚠️ Row 589: Unparsable date → '7/28/2019 5:17:44 PM'
[2025-08-20 14:14:34] ❌ Row 590: Fallback parsing failed — could not convert string to float: 'Dep'
[2025-08-20 14:14:34] ⚠️ Row 591: Unparsable date → '8/27/2019 5:40:55 AM'
[2025-08-20 14:14:34] ⚠️ Row 592: Unparsable date → '8/28/2019 3:57:29 PM'
[2025-08-20 14:14:34] ⚠️ Row 593: Unparsable date → '8/28/2019 3:59:23 PM'
[2025-08-20 14:14:34] ⚠️ Row 594: Unparsable date → '8/28/2019 4:01:36 PM'
[2025-08-20 14:14:34] ⚠️ Row 595: Unparsable date → '9/15/2019 4:50:12 PM'
[2025-08-20 14:14:34] ❌ Row 596: Fallback parsing failed — could not convert string to float: 'Dep'
[2025-08-20 14:14:34] ⚠️ Row 597: Unparsable date → 'None'
[2025-08-20 14:14:34] ⚠️ Row 598: Unparsable date → 'MASTERCARD #5***********2804'
[2025-08-20 14:14:34] ❌ Row 599: Fallback parsing failed — could not convert string to float: 'Dep'
[2025-08-20 14:14:34] ❌ Row 600: Fallback parsing failed — could not convert string to float: 'Dep'
[2025-08-20 14:14:34] ⚠️ Row 601: Unparsable date → 'None'
[2025-08-20 14:14:34] ⚠️ Row 602: Unparsable date → 'MASTERCARD #5***********5798'
[2025-08-20 14:14:34] ⚠️ Row 603: Unparsable date → '1/24/2019 5:06:22 PM'
[2025-08-20 14:14:34] ⚠️ Row 604: Unparsable date → 'None'
[2025-08-20 14:14:34] ⚠️ Row 605: Unparsable date → 'INST_BONUS #2*******'
[2025-08-20 14:14:34] ⚠️ Row 606: Unparsable date → '12/30/2018 10:54:36 AM'
[2025-08-20 14:14:34] ⚠️ Row 607: Unparsable date → '2/16/2019 5:42:02 PM'
[2025-08-20 14:14:34] ⚠️ Row 608: Unparsable date → '4/13/2019 2:03:11 PM'
[2025-08-20 14:14:34] ❌ Row 609: Fallback parsing failed — could not convert string to float: 'Dep'
[2025-08-20 14:14:34] ⚠️ Row 610: Unparsable date → 'None'
[2025-08-20 14:14:34] ⚠️ Row 611: Unparsable date → 'MASTERCARD #5***********1524'
[2025-08-20 14:14:34] ⚠️ Row 612: Unparsable date → '11/16/2018 3:11:37 PM'
[2025-08-20 14:14:34] ⚠️ Row 613: Unparsable date → '11/23/2018 3:03:58 PM'
[2025-08-20 14:14:34] ⚠️ Row 614: Unparsable date → 'None'
[2025-08-20 14:14:34] ⚠️ Row 615: Unparsable date → 'MBOOKERS #j***********tmail.com'
[2025-08-20 14:14:34] ⚠️ Row 616: Unparsable date → '11/17/2016 4:41:56 AM'
[2025-08-20 14:14:34] ❌ Row 617: Fallback parsing failed — could not convert string to float: 'Dep'
[2025-08-20 14:14:34] ❌ Row 618: Fallback parsing failed — could not convert string to float: 'Dep'
[2025-08-20 14:14:34] ❌ Row 619: Fallback parsing failed — could not convert string to float: 'Dep'
[2025-08-20 14:14:34] ❌ Row 620: Fallback parsing failed — could not convert string to float: 'Dep'
[2025-08-20 14:14:34] ❌ Row 621: Fallback parsing failed — could not convert string to float: 'Dep'
[2025-08-20 14:14:34] ⚠️ Row 622: Unparsable date → '5/13/2017 5:02:39 PM'
[2025-08-20 14:14:34] ⚠️ Row 623: Unparsable date → '5/13/2017 5:07:59 PM'
[2025-08-20 14:14:34] ⚠️ Row 624: Unparsable date → '5/14/2017 8:08:22 AM'
[2025-08-20 14:14:34] ⚠️ Row 625: Unparsable date → '5/14/2017 8:12:24 AM'
[2025-08-20 14:14:34] ⚠️ Row 626: Unparsable date → '5/14/2017 8:25:45 AM'
[2025-08-20 14:14:34] ⚠️ Row 627: Unparsable date → '5/14/2017 8:31:54 AM'
[2025-08-20 14:14:34] ⚠️ Row 628: Unparsable date → '5/14/2017 8:34:33 AM'
[2025-08-20 14:14:34] ⚠️ Row 629: Unparsable date → '5/14/2017 4:52:50 PM'
[2025-08-20 14:14:34] ⚠️ Row 630: Unparsable date → '5/14/2017 4:56:20 PM'
[2025-08-20 14:14:34] ⚠️ Row 631: Unparsable date → '5/15/2017 4:09:11 AM'
[2025-08-20 14:14:34] ⚠️ Row 632: Unparsable date → '5/15/2017 4:12:29 AM'
[2025-08-20 14:14:34] ⚠️ Row 633: Unparsable date → '5/15/2017 3:22:01 PM'
[2025-08-20 14:14:34] ⚠️ Row 634: Unparsable date → '5/15/2017 3:27:10 PM'
[2025-08-20 14:14:34] ⚠️ Row 635: Unparsable date → '5/15/2017 3:40:00 PM'
[2025-08-20 14:14:34] ⚠️ Row 636: Unparsable date → '5/15/2017 3:53:41 PM'
[2025-08-20 14:14:34] ⚠️ Row 637: Unparsable date → '5/15/2017 4:11:50 PM'
[2025-08-20 14:14:34] ❌ Row 638: Fallback parsing failed — could not convert string to float: 'Dep'
[2025-08-20 14:14:34] ⚠️ Row 639: Unparsable date → '5/17/2018 5:16:30 PM'
[2025-08-20 14:14:34] ⚠️ Row 640: Unparsable date → '12/16/2018 3:14:12 PM'
[2025-08-20 14:14:34] ⚠️ Row 641: Unparsable date → '12/16/2018 5:57:28 PM'
[2025-08-20 14:14:34] ⚠️ Row 642: Unparsable date → '12/16/2018 6:02:20 PM'
[2025-08-20 14:14:34] ⚠️ Row 643: Unparsable date → '12/16/2018 6:20:19 PM'
[2025-08-20 14:14:34] ⚠️ Row 644: Unparsable date → '12/28/2018 3:42:59 PM'
[2025-08-20 14:14:34] ⚠️ Row 645: Unparsable date → '12/30/2018 4:09:46 PM'
[2025-08-20 14:14:34] ⚠️ Row 646: Unparsable date → '12/30/2018 4:13:17 PM'
[2025-08-20 14:14:34] ❌ Row 647: Fallback parsing failed — could not convert string to float: 'Dep'
[2025-08-20 14:14:34] ❌ Row 648: Fallback parsing failed — could not convert string to float: 'Red'
[2025-08-20 14:14:34] ❌ Row 649: Fallback parsing failed — could not convert string to float: 'Red'
[2025-08-20 14:14:34] ⚠️ Row 650: Unparsable date → '1/13/2019 1:16:27 PM'
[2025-08-20 14:14:34] ⚠️ Row 651: Unparsable date → '1/24/2019 4:33:24 PM'
[2025-08-20 14:14:34] ⚠️ Row 652: Unparsable date → '1/24/2019 5:04:01 PM'
[2025-08-20 14:14:34] ⚠️ Row 653: Unparsable date → '1/27/2019 1:14:07 PM'
[2025-08-20 14:14:34] ⚠️ Row 654: Unparsable date → '1/28/2019 3:12:42 PM'
[2025-08-20 14:14:34] ⚠️ Row 655: Unparsable date → '1/28/2019 3:21:02 PM'
[2025-08-20 14:14:34] ⚠️ Row 656: Unparsable date → '1/30/2019 1:50:38 PM'
[2025-08-20 14:14:34] ❌ Row 657: Fallback parsing failed — could not convert string to float: 'Dep'
[2025-08-20 14:14:34] ❌ Row 658: Fallback parsing failed — could not convert string to float: 'Dep'
[2025-08-20 14:14:34] ❌ Row 659: Fallback parsing failed — could not convert string to float: 'Dep'
[2025-08-20 14:14:34] ❌ Row 660: Fallback parsing failed — could not convert string to float: 'Dep'
[2025-08-20 14:14:34] ❌ Row 661: Fallback parsing failed — could not convert string to float: 'Dep'
[2025-08-20 14:14:34] ❌ Row 662: Fallback parsing failed — could not convert string to float: 'Dep'
[2025-08-20 14:14:34] ❌ Row 663: Fallback parsing failed — could not convert string to float: 'Dep'
[2025-08-20 14:14:34] ❌ Row 664: Fallback parsing failed — could not convert string to float: 'Dep'
[2025-08-20 14:14:34] ⚠️ Row 665: Unparsable date → '2/13/2019 2:29:58 PM'
[2025-08-20 14:14:34] ⚠️ Row 666: Unparsable date → '2/16/2019 3:39:36 PM'
[2025-08-20 14:14:34] ⚠️ Row 667: Unparsable date → '2/16/2019 3:40:56 PM'
[2025-08-20 14:14:34] ❌ Row 668: Fallback parsing failed — could not convert string to float: 'Dep'
[2025-08-20 14:14:34] ❌ Row 669: Fallback parsing failed — could not convert string to float: 'Dep'
[2025-08-20 14:14:34] ❌ Row 670: Fallback parsing failed — could not convert string to float: 'Dep'
[2025-08-20 14:14:34] ⚠️ Row 671: Unparsable date → '4/13/2019 3:52:33 PM'
[2025-08-20 14:14:34] ⚠️ Row 672: Unparsable date → '4/17/2019 3:06:18 PM'
[2025-08-20 14:14:34] ⚠️ Row 673: Unparsable date → '4/17/2019 3:43:45 PM'
[2025-08-20 14:14:34] ⚠️ Row 674: Unparsable date → '5/16/2019 2:14:29 PM'
[2025-08-20 14:14:34] ⚠️ Row 675: Unparsable date → '5/16/2019 5:16:17 PM'
[2025-08-20 14:14:34] ⚠️ Row 676: Unparsable date → '5/17/2019 3:44:21 PM'
[2025-08-20 14:14:34] ⚠️ Row 677: Unparsable date → '5/21/2019 1:20:15 PM'
[2025-08-20 14:14:34] ⚠️ Row 678: Unparsable date → '5/24/2019 5:54:14 PM'
[2025-08-20 14:14:34] ⚠️ Row 679: Unparsable date → '5/26/2019 3:46:56 PM'
[2025-08-20 14:14:34] ⚠️ Row 680: Unparsable date → '5/26/2019 4:08:12 PM'
[2025-08-20 14:14:34] ⚠️ Row 681: Unparsable date → '5/26/2019 5:13:50 PM'
[2025-08-20 14:14:34] ⚠️ Row 682: Unparsable date → '5/27/2019 6:24:49 PM'
[2025-08-20 14:14:34] ❌ Row 683: Fallback parsing failed — could not convert string to float: 'Dep'
[2025-08-20 14:14:34] ❌ Row 684: Fallback parsing failed — could not convert string to float: 'Dep'
[2025-08-20 14:14:34] ⚠️ Row 685: Unparsable date → '6/30/2019 3:51:38 PM'
[2025-08-20 14:14:34] ❌ Row 686: Fallback parsing failed — could not convert string to float: 'Dep'
[2025-08-20 14:14:34] ❌ Row 687: Fallback parsing failed — could not convert string to float: 'Dep'
[2025-08-20 14:14:34] ❌ Row 688: Fallback parsing failed — could not convert string to float: 'Dep'
[2025-08-20 14:14:34] ❌ Row 689: Fallback parsing failed — could not convert string to float: 'Dep'
[2025-08-20 14:14:34] ❌ Row 690: Fallback parsing failed — could not convert string to float: 'Dep'
[2025-08-20 14:14:34] ❌ Row 691: Fallback parsing failed — could not convert string to float: 'Dep'
[2025-08-20 14:14:34] ❌ Row 692: Fallback parsing failed — could not convert string to float: 'Dep'
[2025-08-20 14:14:34] ❌ Row 693: Fallback parsing failed — could not convert string to float: 'Dep'
[2025-08-20 14:14:34] ❌ Row 694: Fallback parsing failed — could not convert string to float: 'Dep'
[2025-08-20 14:14:34] ⚠️ Row 695: Unparsable date → '7/13/2019 2:20:52 PM'
[2025-08-20 14:14:34] ⚠️ Row 696: Unparsable date → '7/14/2019 4:02:51 PM'
[2025-08-20 14:14:34] ❌ Row 697: Fallback parsing failed — could not convert string to float: 'Dep'
[2025-08-20 14:14:34] ❌ Row 698: Fallback parsing failed — could not convert string to float: 'Dep'
[2025-08-20 14:14:34] ❌ Row 699: Fallback parsing failed — could not convert string to float: 'Dep'
[2025-08-20 14:14:34] ❌ Row 700: Fallback parsing failed — could not convert string to float: 'Dep'
[2025-08-20 14:14:34] ⚠️ Row 701: Unparsable date → '8/27/2019 5:43:08 AM'
[2025-08-20 14:14:34] ⚠️ Row 702: Unparsable date → '8/27/2019 5:45:11 AM'
[2025-08-20 14:14:34] ⚠️ Row 703: Unparsable date → '8/28/2019 12:07:09 PM'
[2025-08-20 14:14:34] ⚠️ Row 704: Unparsable date → '8/28/2019 1:31:44 PM'
[2025-08-20 14:14:34] ⚠️ Row 705: Unparsable date → '9/15/2019 4:59:01 PM'
[2025-08-20 14:14:34] ⚠️ Row 706: Unparsable date → '9/15/2019 5:30:03 PM'
[2025-08-20 14:14:34] ⚠️ Row 707: Unparsable date → '9/17/2019 2:57:51 PM'
[2025-08-20 14:14:34] ⚠️ Row 708: Unparsable date → '9/17/2019 3:28:34 PM'
[2025-08-20 14:14:34] ⚠️ Row 709: Unparsable date → '9/17/2019 4:45:17 PM'
[2025-08-20 14:14:34] ⚠️ Row 710: Unparsable date → '9/19/2019 3:19:26 PM'
[2025-08-20 14:14:34] ⚠️ Row 711: Unparsable date → '9/19/2019 8:30:11 PM'
[2025-08-20 14:14:34] ⚠️ Row 712: Unparsable date → '9/22/2019 5:41:21 PM'
[2025-08-20 14:14:34] ⚠️ Row 713: Unparsable date → '9/30/2019 3:53:25 PM'
[2025-08-20 14:14:34] ⚠️ Row 714: Unparsable date → '12/13/2019 5:27:26 PM'
[2025-08-20 14:14:34] ❌ Row 715: Fallback parsing failed — could not convert string to float: 'Dep'
[2025-08-20 14:14:34] ⚠️ Row 716: Unparsable date → '1/26/2020 4:13:07 PM'
[2025-08-20 14:14:34] ⚠️ Row 717: Unparsable date → '1/29/2020 5:15:38 PM'
[2025-08-20 14:14:34] ❌ Row 718: Fallback parsing failed — could not convert string to float: 'Dep'
[2025-08-20 14:14:34] ❌ Row 719: Fallback parsing failed — could not convert string to float: 'Dep'
[2025-08-20 14:14:34] ⚠️ Row 720: Unparsable date → '2/13/2020 3:30:14 PM'
[2025-08-20 14:14:34] ⚠️ Row 721: Unparsable date → '2/16/2020 2:33:39 PM'
[2025-08-20 14:14:34] ⚠️ Row 722: Unparsable date → '2/20/2020 3:50:40 PM'
[2025-08-20 14:14:34] ⚠️ Row 723: Unparsable date → '2/23/2020 1:56:48 PM'
[2025-08-20 14:14:35] ⚠️ Row 724: Unparsable date → '2/25/2020 4:30:07 PM'
[2025-08-20 14:14:35] ⚠️ Row 725: Unparsable date → '2/25/2020 5:08:20 PM'
[2025-08-20 14:14:35] ⚠️ Row 726: Unparsable date → '4/26/2020 2:41:19 PM'
[2025-08-20 14:14:35] ⚠️ Row 727: Unparsable date → '5/16/2020 8:15:17 AM'
[2025-08-20 14:14:35] ⚠️ Row 728: Unparsable date → '5/19/2020 2:04:59 PM'
[2025-08-20 14:14:35] ⚠️ Row 729: Unparsable date → '5/24/2020 5:53:58 PM'
[2025-08-20 14:14:35] ⚠️ Row 730: Unparsable date → '5/27/2020 5:03:25 PM'
[2025-08-20 14:14:35] ⚠️ Row 731: Unparsable date → '5/28/2020 1:35:34 PM'
[2025-08-20 14:14:35] ⚠️ Row 732: Unparsable date → '5/28/2020 2:12:30 PM'
[2025-08-20 14:14:35] ❌ Row 733: Fallback parsing failed — could not convert string to float: 'Red'
[2025-08-20 14:14:35] ❌ Row 734: Fallback parsing failed — could not convert string to float: 'Red'
[2025-08-20 14:14:35] ❌ Row 735: Fallback parsing failed — could not convert string to float: 'Red'
[2025-08-20 14:14:35] ❌ Row 736: Fallback parsing failed — could not convert string to float: 'Red'
[2025-08-20 14:14:35] ⚠️ Row 737: Unparsable date → 'None'
[2025-08-20 14:14:35] ⚠️ Row 738: Unparsable date → 'ICE_REWARD #2********'
[2025-08-20 14:14:35] ❌ Row 739: Fallback parsing failed — could not convert string to float: 'Dep'
[2025-08-20 14:14:35] ❌ Row 740: Fallback parsing failed — could not convert string to float: 'Dep'
[2025-08-20 14:14:35] ❌ Row 741: Fallback parsing failed — could not convert string to float: 'Dep'
[2025-08-20 14:14:35] ⚠️ Row 742: Unparsable date → 'None'
[2025-08-20 14:14:35] ⚠️ Row 743: Unparsable date → 'VISA #4***********9349'
[2025-08-20 14:14:35] ❌ Row 744: Fallback parsing failed — could not convert string to float: 'Dep'
[2025-08-20 14:14:35] ⚠️ Row 745: Unparsable date → 'None'
[2025-08-20 14:14:35] ⚠️ Row 746: Unparsable date → 'VISA #4***********5541'
[2025-08-20 14:14:35] ❌ Row 747: Fallback parsing failed — could not convert string to float: 'Dep'
[2025-08-20 14:14:35] ⚠️ Row 748: Unparsable date → 'None'
[2025-08-20 14:14:35] ⚠️ Row 749: Unparsable date → 'MBOOKERS #t***********otmail.com'
[2025-08-20 14:14:35] ⚠️ Row 750: Unparsable date → '5/17/2016 2:41:18 AM'
[2025-08-20 14:14:35] ⚠️ Row 751: Unparsable date → 'None'
[2025-08-20 14:14:35] ⚠️ Row 752: Unparsable date → 'VISA #4***********1846'
[2025-08-20 14:14:35] ⚠️ Row 753: Unparsable date → '1/29/2016 6:39:22 PM'
[2025-08-20 14:14:35] ⚠️ Row 754: Unparsable date → 'None'
[2025-08-20 14:14:35] ⚠️ Row 755: Unparsable date → 'INST_BONUS #2******'
[2025-08-20 14:14:35] ⚠️ Row 756: Unparsable date → '12/21/2015 6:08:52 PM'
[2025-08-20 14:14:35] ❌ Row 757: Fallback parsing failed — could not convert string to float: 'Dep'
[2025-08-20 14:14:35] ❌ Row 758: Fallback parsing failed — could not convert string to float: 'Dep'
[2025-08-20 14:14:35] ⚠️ Row 759: Unparsable date → 'None'
[2025-08-20 14:14:35] ⚠️ Row 760: Unparsable date → 'VISA #4***********2634'
[2025-08-20 14:14:35] ⚠️ Row 761: Unparsable date → '9/17/2015 9:58:17 AM'
[2025-08-20 14:14:35] ⚠️ Row 762: Unparsable date → 'None'
[2025-08-20 14:14:35] ⚠️ Row 763: Unparsable date → 'ICE_REWARD #3*******'
[2025-08-20 14:14:35] ⚠️ Row 764: Unparsable date → '9/14/2015 10:41:10 AM'
[2025-08-20 14:14:35] ⚠️ Row 765: Unparsable date → '9/14/2015 5:54:10 PM'
[2025-08-20 14:14:35] ⚠️ Row 766: Unparsable date → 'None'
[2025-08-20 14:14:35] ⚠️ Row 767: Unparsable date → 'UKASH #6**************2865'
[2025-08-20 14:14:35] ⚠️ Row 768: Unparsable date → '6/17/2015 7:39:37 AM'
[2025-08-20 14:14:35] ⚠️ Row 769: Unparsable date → 'None'
[2025-08-20 14:14:35] ⚠️ Row 770: Unparsable date → 'UKASH #6**************7224'
[2025-08-20 14:14:35] ⚠️ Row 771: Unparsable date → '6/16/2015 7:02:45 AM'
[2025-08-20 14:14:35] ⚠️ Row 772: Unparsable date → 'None'
[2025-08-20 14:14:35] ⚠️ Row 773: Unparsable date → 'UKASH #6**************5712'
[2025-08-20 14:14:35] ⚠️ Row 774: Unparsable date → '5/31/2015 11:24:01 AM'
[2025-08-20 14:14:35] ⚠️ Row 775: Unparsable date → 'None'
[2025-08-20 14:14:35] ⚠️ Row 776: Unparsable date → 'UKASH #6**************5586'
[2025-08-20 14:14:35] ❌ Row 777: Fallback parsing failed — could not convert string to float: 'Dep'
[2025-08-20 14:14:35] ⚠️ Row 778: Unparsable date → 'None'
[2025-08-20 14:14:35] ⚠️ Row 779: Unparsable date → 'UKASH #6**************2740'
[2025-08-20 14:14:35] ❌ Row 780: Fallback parsing failed — could not convert string to float: 'Dep'
[2025-08-20 14:14:35] ⚠️ Row 781: Unparsable date → 'None'
[2025-08-20 14:14:35] ⚠️ Row 782: Unparsable date → 'UKASH #6**************2016'
[2025-08-20 14:14:35] ⚠️ Row 783: Unparsable date → '3/31/2015 4:23:52 PM'
[2025-08-20 14:14:35] ⚠️ Row 784: Unparsable date → 'None'
[2025-08-20 14:14:35] ⚠️ Row 785: Unparsable date → 'UKASH #6**************5059'
[2025-08-20 14:14:35] ⚠️ Row 786: Unparsable date → '3/31/2015 9:45:56 AM'
[2025-08-20 14:14:35] ⚠️ Row 787: Unparsable date → 'None'
[2025-08-20 14:14:35] ⚠️ Row 788: Unparsable date → 'UKASH #6**************0012'
[2025-08-20 14:14:35] ⚠️ Row 789: Unparsable date → '3/29/2015 5:11:00 PM'
[2025-08-20 14:14:35] ⚠️ Row 790: Unparsable date → 'None'
[2025-08-20 14:14:35] ⚠️ Row 791: Unparsable date → 'UKASH #6**************6415'
[2025-08-20 14:14:35] ⚠️ Row 792: Unparsable date → '3/27/2015 5:29:32 PM'
[2025-08-20 14:14:35] ⚠️ Row 793: Unparsable date → 'None'
[2025-08-20 14:14:35] ⚠️ Row 794: Unparsable date → 'UKASH #6**************2233'
[2025-08-20 14:14:35] ⚠️ Row 795: Unparsable date → '3/27/2015 3:49:24 PM'
[2025-08-20 14:14:35] ⚠️ Row 796: Unparsable date → 'None'
[2025-08-20 14:14:35] ⚠️ Row 797: Unparsable date → 'UKASH #6**************2739'
[2025-08-20 14:14:35] ⚠️ Row 798: Unparsable date → '3/26/2015 11:46:56 AM'
[2025-08-20 14:14:35] ⚠️ Row 799: Unparsable date → 'None'
[2025-08-20 14:14:35] ⚠️ Row 800: Unparsable date → 'UKASH #6**************9596'
[2025-08-20 14:14:35] ⚠️ Row 801: Unparsable date → '3/22/2015 3:04:42 PM'
[2025-08-20 14:14:35] ⚠️ Row 802: Unparsable date → 'None'
[2025-08-20 14:14:35] ⚠️ Row 803: Unparsable date → 'UKASH #6**************2949'
[2025-08-20 14:14:35] ⚠️ Row 804: Unparsable date → '3/21/2015 3:43:07 PM'
[2025-08-20 14:14:35] ⚠️ Row 805: Unparsable date → 'None'
[2025-08-20 14:14:35] ⚠️ Row 806: Unparsable date → 'UKASH #6**************3309'
[2025-08-20 14:14:35] ⚠️ Row 807: Unparsable date → '3/18/2015 4:39:53 PM'
[2025-08-20 14:14:35] ⚠️ Row 808: Unparsable date → 'None'
[2025-08-20 14:14:35] ⚠️ Row 809: Unparsable date → 'UKASH #6**************9016'
[2025-08-20 14:14:35] ❌ Row 810: Fallback parsing failed — could not convert string to float: 'Dep'
[2025-08-20 14:14:35] ⚠️ Row 811: Unparsable date → 'None'
[2025-08-20 14:14:35] ⚠️ Row 812: Unparsable date → 'UKASH #6**************8253'
[2025-08-20 14:14:35] ❌ Row 813: Fallback parsing failed — could not convert string to float: 'Dep'
[2025-08-20 14:14:35] ⚠️ Row 814: Unparsable date → 'None'
[2025-08-20 14:14:35] ⚠️ Row 815: Unparsable date → 'UKASH #6**************4563'
[2025-08-20 14:14:35] ❌ Row 816: Fallback parsing failed — could not convert string to float: 'Dep'
[2025-08-20 14:14:35] ⚠️ Row 817: Unparsable date → 'None'
[2025-08-20 14:14:35] ⚠️ Row 818: Unparsable date → 'UKASH #6**************0165'
[2025-08-20 14:14:35] ⚠️ Row 819: Unparsable date → '2/20/2015 3:33:10 PM'
[2025-08-20 14:14:35] ⚠️ Row 820: Unparsable date → 'None'
[2025-08-20 14:14:35] ⚠️ Row 821: Unparsable date → 'UKASH #6**************1034'
[2025-08-20 14:14:35] ⚠️ Row 822: Unparsable date → '2/20/2015 5:02:25 AM'
[2025-08-20 14:14:35] ⚠️ Row 823: Unparsable date → 'None'
[2025-08-20 14:14:35] ⚠️ Row 824: Unparsable date → 'UKASH #6**************5898'
[2025-08-20 14:14:35] ⚠️ Row 825: Unparsable date → '2/19/2015 1:27:11 PM'
[2025-08-20 14:14:35] ⚠️ Row 826: Unparsable date → 'None'
[2025-08-20 14:14:35] ⚠️ Row 827: Unparsable date → 'UKASH #6**************6262'
[2025-08-20 14:14:35] ⚠️ Row 828: Unparsable date → '2/18/2015 4:32:14 PM'
[2025-08-20 14:14:35] ⚠️ Row 829: Unparsable date → 'None'
[2025-08-20 14:14:35] ⚠️ Row 830: Unparsable date → 'UKASH #6**************6321'
[2025-08-20 14:14:35] ⚠️ Row 831: Unparsable date → '2/18/2015 3:38:28 PM'
[2025-08-20 14:14:35] ⚠️ Row 832: Unparsable date → 'None'
[2025-08-20 14:14:35] ⚠️ Row 833: Unparsable date → 'UKASH #6**************8710'
[2025-08-20 14:14:35] ⚠️ Row 834: Unparsable date → '2/17/2015 2:59:10 PM'
[2025-08-20 14:14:35] ⚠️ Row 835: Unparsable date → 'None'
[2025-08-20 14:14:35] ⚠️ Row 836: Unparsable date → 'UKASH #6**************3445'
[2025-08-20 14:14:35] ⚠️ Row 837: Unparsable date → '2/13/2015 3:37:15 PM'
[2025-08-20 14:14:35] ⚠️ Row 838: Unparsable date → 'None'
[2025-08-20 14:14:35] ⚠️ Row 839: Unparsable date → 'UKASH #6**************7311'
[2025-08-20 14:14:35] ⚠️ Row 840: Unparsable date → '2/13/2015 9:01:17 AM'
[2025-08-20 14:14:35] ⚠️ Row 841: Unparsable date → 'None'
[2025-08-20 14:14:35] ⚠️ Row 842: Unparsable date → 'UKASH #6**************9471'
[2025-08-20 14:14:35] ❌ Row 843: Fallback parsing failed — could not convert string to float: 'Dep'
[2025-08-20 14:14:35] ⚠️ Row 844: Unparsable date → 'None'
[2025-08-20 14:14:35] ⚠️ Row 845: Unparsable date → 'UKASH #6**************0071'
[2025-08-20 14:14:35] ❌ Row 846: Fallback parsing failed — could not convert string to float: 'Dep'
[2025-08-20 14:14:35] ⚠️ Row 847: Unparsable date → 'None'
[2025-08-20 14:14:35] ⚠️ Row 848: Unparsable date → 'UKASH #6**************8330'
[2025-08-20 14:14:35] ❌ Row 849: Fallback parsing failed — could not convert string to float: 'Dep'
[2025-08-20 14:14:35] ⚠️ Row 850: Unparsable date → 'None'
[2025-08-20 14:14:35] ⚠️ Row 851: Unparsable date → 'UKASH #6**************0455'
[2025-08-20 14:14:35] ❌ Row 852: Fallback parsing failed — could not convert string to float: 'Dep'
[2025-08-20 14:14:35] ⚠️ Row 853: Unparsable date → 'None'
[2025-08-20 14:14:35] ⚠️ Row 854: Unparsable date → 'UKASH #6**************7770'
[2025-08-20 14:14:35] ❌ Row 855: Fallback parsing failed — could not convert string to float: 'Dep'
[2025-08-20 14:14:35] ⚠️ Row 856: Unparsable date → 'None'
[2025-08-20 14:14:35] ⚠️ Row 857: Unparsable date → 'UKASH #6**************6909'
[2025-08-20 14:14:35] ❌ Row 858: Fallback parsing failed — could not convert string to float: 'Dep'
[2025-08-20 14:14:35] ⚠️ Row 859: Unparsable date → 'None'
[2025-08-20 14:14:35] ⚠️ Row 860: Unparsable date → 'UKASH #6**************8851'
[2025-08-20 14:14:35] ❌ Row 861: Fallback parsing failed — could not convert string to float: 'Dep'
[2025-08-20 14:14:35] ⚠️ Row 862: Unparsable date → 'None'
[2025-08-20 14:14:35] ⚠️ Row 863: Unparsable date → 'UKASH #6**************7674'
[2025-08-20 14:14:35] ❌ Row 864: Fallback parsing failed — could not convert string to float: 'Dep'
[2025-08-20 14:14:35] ⚠️ Row 865: Unparsable date → 'None'
[2025-08-20 14:14:35] ⚠️ Row 866: Unparsable date → 'UKASH #6**************1618'
[2025-08-20 14:14:35] ❌ Row 867: Fallback parsing failed — could not convert string to float: 'Dep'
[2025-08-20 14:14:35] ⚠️ Row 868: Unparsable date → 'None'
[2025-08-20 14:14:35] ⚠️ Row 869: Unparsable date → 'UKASH #6**************3088'
[2025-08-20 14:14:35] ❌ Row 870: Fallback parsing failed — could not convert string to float: 'Dep'
[2025-08-20 14:14:35] ⚠️ Row 871: Unparsable date → 'None'
[2025-08-20 14:14:35] ⚠️ Row 872: Unparsable date → 'UKASH #6**************7526'
[2025-08-20 14:14:35] ❌ Row 873: Fallback parsing failed — could not convert string to float: 'Dep'
[2025-08-20 14:14:35] ⚠️ Row 874: Unparsable date → 'None'
[2025-08-20 14:14:35] ⚠️ Row 875: Unparsable date → 'UKASH #6**************1904'
[2025-08-20 14:14:35] ❌ Row 876: Fallback parsing failed — could not convert string to float: 'Dep'
[2025-08-20 14:14:35] ⚠️ Row 877: Unparsable date → 'None'
[2025-08-20 14:14:35] ⚠️ Row 878: Unparsable date → 'UKASH #6**************0425'
[2025-08-20 14:14:35] ❌ Row 879: Fallback parsing failed — could not convert string to float: 'Dep'
[2025-08-20 14:14:35] ⚠️ Row 880: Unparsable date → 'None'
[2025-08-20 14:14:35] ⚠️ Row 881: Unparsable date → 'UKASH #6**************3169'
[2025-08-20 14:14:35] ❌ Row 882: Fallback parsing failed — could not convert string to float: 'Dep'
[2025-08-20 14:14:35] ⚠️ Row 883: Unparsable date → 'None'
[2025-08-20 14:14:35] ⚠️ Row 884: Unparsable date → 'UKASH #6**************0077'
[2025-08-20 14:14:35] ❌ Row 885: Fallback parsing failed — could not convert string to float: 'Dep'
[2025-08-20 14:14:35] ⚠️ Row 886: Unparsable date → 'None'
[2025-08-20 14:14:35] ⚠️ Row 887: Unparsable date → 'UKASH #6**************6853'
[2025-08-20 14:14:35] ❌ Row 888: Fallback parsing failed — could not convert string to float: 'Dep'
[2025-08-20 14:14:35] ⚠️ Row 889: Unparsable date → 'None'
[2025-08-20 14:14:35] ⚠️ Row 890: Unparsable date → 'UKASH #6**************3563'
[2025-08-20 14:14:35] ❌ Row 891: Fallback parsing failed — could not convert string to float: 'Dep'
[2025-08-20 14:14:35] ⚠️ Row 892: Unparsable date → 'None'
[2025-08-20 14:14:35] ⚠️ Row 893: Unparsable date → 'UKASH #6**************0447'
[2025-08-20 14:14:35] ❌ Row 894: Fallback parsing failed — could not convert string to float: 'Dep'
[2025-08-20 14:14:35] ⚠️ Row 895: Unparsable date → 'None'
[2025-08-20 14:14:35] ⚠️ Row 896: Unparsable date → 'UKASH #6**************2797'
[2025-08-20 14:14:35] ❌ Row 897: Fallback parsing failed — could not convert string to float: 'Dep'
[2025-08-20 14:14:35] ⚠️ Row 898: Unparsable date → 'None'
[2025-08-20 14:14:35] ⚠️ Row 899: Unparsable date → 'UKASH #6**************0278'
[2025-08-20 14:14:35] ❌ Row 900: Fallback parsing failed — could not convert string to float: 'Dep'
[2025-08-20 14:14:35] ⚠️ Row 901: Unparsable date → 'None'
[2025-08-20 14:14:35] ⚠️ Row 902: Unparsable date → 'UKASH #6**************8153'
[2025-08-20 14:14:35] ❌ Row 903: Fallback parsing failed — could not convert string to float: 'Dep'
[2025-08-20 14:14:35] ⚠️ Row 904: Unparsable date → 'None'
[2025-08-20 14:14:35] ⚠️ Row 905: Unparsable date → 'UKASH #6**************7358'
[2025-08-20 14:14:35] ❌ Row 906: Fallback parsing failed — could not convert string to float: 'Dep'
[2025-08-20 14:14:35] ⚠️ Row 907: Unparsable date → 'None'
[2025-08-20 14:14:35] ⚠️ Row 908: Unparsable date → 'UKASH #6**************4559'
[2025-08-20 14:14:35] ⚠️ Row 909: Unparsable date → '1/30/2015 3:38:20 PM'
[2025-08-20 14:14:35] ⚠️ Row 910: Unparsable date → 'None'
[2025-08-20 14:14:35] ⚠️ Row 911: Unparsable date → 'UKASH #6**************1351'
[2025-08-20 14:14:35] ⚠️ Row 912: Unparsable date → '1/30/2015 2:21:38 PM'
[2025-08-20 14:14:35] ⚠️ Row 913: Unparsable date → 'None'
[2025-08-20 14:14:35] ⚠️ Row 914: Unparsable date → 'UKASH #6**************9833'
[2025-08-20 14:14:35] ⚠️ Row 915: Unparsable date → '1/30/2015 2:07:20 PM'
[2025-08-20 14:14:35] ⚠️ Row 916: Unparsable date → 'None'
[2025-08-20 14:14:35] ⚠️ Row 917: Unparsable date → 'UKASH #6**************7615'
[2025-08-20 14:14:35] ⚠️ Row 918: Unparsable date → '1/30/2015 1:55:00 PM'
[2025-08-20 14:14:35] ⚠️ Row 919: Unparsable date → 'None'
[2025-08-20 14:14:35] ⚠️ Row 920: Unparsable date → 'UKASH #6**************8226'
[2025-08-20 14:14:35] ⚠️ Row 921: Unparsable date → '1/30/2015 1:45:16 PM'
[2025-08-20 14:14:35] ⚠️ Row 922: Unparsable date → 'None'
[2025-08-20 14:14:35] ⚠️ Row 923: Unparsable date → 'UKASH #6**************6474'
[2025-08-20 14:14:35] ⚠️ Row 924: Unparsable date → '1/30/2015 1:04:43 PM'
[2025-08-20 14:14:35] ⚠️ Row 925: Unparsable date → 'None'
[2025-08-20 14:14:35] ⚠️ Row 926: Unparsable date → 'UKASH #6**************4561'
[2025-08-20 14:14:35] ⚠️ Row 927: Unparsable date → '1/30/2015 10:58:00 AM'
[2025-08-20 14:14:35] ⚠️ Row 928: Unparsable date → 'None'
[2025-08-20 14:14:35] ⚠️ Row 929: Unparsable date → 'UKASH #6**************2694'
[2025-08-20 14:14:35] ⚠️ Row 930: Unparsable date → '1/30/2015 8:58:01 AM'
[2025-08-20 14:14:35] ⚠️ Row 931: Unparsable date → 'None'
[2025-08-20 14:14:35] ⚠️ Row 932: Unparsable date → 'UKASH #6**************7736'
[2025-08-20 14:14:35] ⚠️ Row 933: Unparsable date → '1/30/2015 8:37:42 AM'
[2025-08-20 14:14:35] ⚠️ Row 934: Unparsable date → 'None'
[2025-08-20 14:14:35] ⚠️ Row 935: Unparsable date → 'UKASH #6**************0509'
[2025-08-20 14:14:35] ⚠️ Row 936: Unparsable date → '1/26/2015 2:43:41 PM'
[2025-08-20 14:14:35] ⚠️ Row 937: Unparsable date → 'None'
[2025-08-20 14:14:35] ⚠️ Row 938: Unparsable date → 'UKASH #6**************4133'
[2025-08-20 14:14:35] ⚠️ Row 939: Unparsable date → '1/21/2015 5:03:29 PM'
[2025-08-20 14:14:35] ⚠️ Row 940: Unparsable date → 'None'
[2025-08-20 14:14:35] ⚠️ Row 941: Unparsable date → 'UKASH #6**************4313'
[2025-08-20 14:14:35] ⚠️ Row 942: Unparsable date → '1/21/2015 4:44:50 PM'
[2025-08-20 14:14:35] ⚠️ Row 943: Unparsable date → 'None'
[2025-08-20 14:14:35] ⚠️ Row 944: Unparsable date → 'UKASH #6**************1310'
[2025-08-20 14:14:35] ⚠️ Row 945: Unparsable date → '1/21/2015 4:16:42 PM'
[2025-08-20 14:14:35] ⚠️ Row 946: Unparsable date → 'None'
[2025-08-20 14:14:35] ⚠️ Row 947: Unparsable date → 'UKASH #6**************1786'
[2025-08-20 14:14:35] ⚠️ Row 948: Unparsable date → '1/20/2015 3:37:14 PM'
[2025-08-20 14:14:35] ⚠️ Row 949: Unparsable date → 'None'
[2025-08-20 14:14:35] ⚠️ Row 950: Unparsable date → 'UKASH #6**************9954'
[2025-08-20 14:14:35] ⚠️ Row 951: Unparsable date → '1/19/2015 7:30:49 AM'
[2025-08-20 14:14:35] ⚠️ Row 952: Unparsable date → 'None'
[2025-08-20 14:14:35] ⚠️ Row 953: Unparsable date → 'UKASH #6**************0785'
[2025-08-20 14:14:35] ⚠️ Row 954: Unparsable date → '1/17/2015 1:13:04 PM'
[2025-08-20 14:14:35] ⚠️ Row 955: Unparsable date → 'None'
[2025-08-20 14:14:35] ⚠️ Row 956: Unparsable date → 'UKASH #6**************0428'
[2025-08-20 14:14:35] ⚠️ Row 957: Unparsable date → '1/16/2015 4:39:14 AM'
[2025-08-20 14:14:35] ⚠️ Row 958: Unparsable date → 'None'
[2025-08-20 14:14:35] ⚠️ Row 959: Unparsable date → 'UKASH #6**************0295'
[2025-08-20 14:14:35] ⚠️ Row 960: Unparsable date → '1/14/2015 3:45:58 PM'
[2025-08-20 14:14:35] ⚠️ Row 961: Unparsable date → 'None'
[2025-08-20 14:14:35] ⚠️ Row 962: Unparsable date → 'UKASH #6**************6577'
[2025-08-20 14:14:35] ❌ Row 963: Fallback parsing failed — could not convert string to float: 'Dep'
[2025-08-20 14:14:35] ⚠️ Row 964: Unparsable date → 'None'
[2025-08-20 14:14:35] ⚠️ Row 965: Unparsable date → 'UKASH #6**************3349'
[2025-08-20 14:14:35] ❌ Row 966: Fallback parsing failed — could not convert string to float: 'Dep'
[2025-08-20 14:14:35] ⚠️ Row 967: Unparsable date → 'None'
[2025-08-20 14:14:35] ⚠️ Row 968: Unparsable date → 'UKASH #6**************2604'
[2025-08-20 14:14:35] ❌ Row 969: Fallback parsing failed — could not convert string to float: 'Dep'
[2025-08-20 14:14:35] ⚠️ Row 970: Unparsable date → 'None'
[2025-08-20 14:14:35] ⚠️ Row 971: Unparsable date → 'UKASH #6**************9992'
[2025-08-20 14:14:35] ❌ Row 972: Fallback parsing failed — could not convert string to float: 'Dep'
[2025-08-20 14:14:35] ⚠️ Row 973: Unparsable date → 'None'
[2025-08-20 14:14:35] ⚠️ Row 974: Unparsable date → 'UKASH #6**************2935'
[2025-08-20 14:14:35] ❌ Row 975: Fallback parsing failed — could not convert string to float: 'Dep'
[2025-08-20 14:14:35] ⚠️ Row 976: Unparsable date → 'None'
[2025-08-20 14:14:35] ⚠️ Row 977: Unparsable date → 'UKASH #6**************6281'
[2025-08-20 14:14:35] ❌ Row 978: Fallback parsing failed — could not convert string to float: 'Dep'
[2025-08-20 14:14:35] ⚠️ Row 979: Unparsable date → 'None'
[2025-08-20 14:14:35] ⚠️ Row 980: Unparsable date → 'GWC #'
[2025-08-20 14:14:35] ❌ Row 981: Fallback parsing failed — could not convert string to float: 'Dep'
[2025-08-20 14:14:35] ⚠️ Row 982: Unparsable date → '6/24/2015 1:05:14 PM'
[2025-08-20 14:14:35] ⚠️ Row 983: Unparsable date → 'None'
[2025-08-20 14:14:35] ⚠️ Row 984: Unparsable date → 'QN #'
[2025-08-20 14:14:35] ❌ Row 985: Fallback parsing failed — could not convert string to float: 'Dep'
[2025-08-20 14:14:35] ❌ Row 986: Fallback parsing failed — could not convert string to float: 'Dep'
[2025-08-20 14:14:35] ❌ Row 987: Fallback parsing failed — could not convert string to float: 'Dep'
[2025-08-20 14:14:35] ❌ Row 988: Fallback parsing failed — could not convert string to float: 'Dep'
[2025-08-20 14:14:35] ❌ Row 989: Fallback parsing failed — could not convert string to float: 'Dep'
[2025-08-20 14:14:35] ⚠️ Row 990: Unparsable date → 'None'
[2025-08-20 14:14:35] ⚠️ Row 991: Unparsable date → 'UKASH #6**************4296'
[2025-08-20 14:14:35] ❌ Row 992: Fallback parsing failed — could not convert string to float: 'Dep'
[2025-08-20 14:14:35] ⚠️ Row 993: Unparsable date → 'None'
[2025-08-20 14:14:35] ⚠️ Row 994: Unparsable date → 'UKASH #6**************8975'
[2025-08-20 14:14:35] ⚠️ Row 995: Unparsable date → '12/29/2014 1:46:24 PM'
[2025-08-20 14:14:35] ⚠️ Row 996: Unparsable date → 'None'
[2025-08-20 14:14:35] ⚠️ Row 997: Unparsable date → 'UKASH #6**************7177'
[2025-08-20 14:14:35] ⚠️ Row 998: Unparsable date → '12/29/2014 8:54:30 AM'
[2025-08-20 14:14:35] ⚠️ Row 999: Unparsable date → 'None'
[2025-08-20 14:14:35] ⚠️ Row 1000: Unparsable date → 'UKASH #6**************9669'
[2025-08-20 14:14:35] ⚠️ Row 1001: Unparsable date → '12/29/2014 8:49:57 AM'
[2025-08-20 14:14:35] ⚠️ Row 1002: Unparsable date → 'None'
[2025-08-20 14:14:35] ⚠️ Row 1003: Unparsable date → 'UKASH #6**************3303'
[2025-08-20 14:14:35] ⚠️ Row 1004: Unparsable date → '12/29/2014 8:41:20 AM'
[2025-08-20 14:14:35] ⚠️ Row 1005: Unparsable date → 'None'
[2025-08-20 14:14:35] ⚠️ Row 1006: Unparsable date → 'UKASH #6**************2598'
[2025-08-20 14:14:35] ⚠️ Row 1007: Unparsable date → '12/29/2014 8:27:46 AM'
[2025-08-20 14:14:35] ⚠️ Row 1008: Unparsable date → 'None'
[2025-08-20 14:14:35] ⚠️ Row 1009: Unparsable date → 'UKASH #6**************1091'
[2025-08-20 14:14:35] ⚠️ Row 1010: Unparsable date → '12/29/2014 8:18:03 AM'
[2025-08-20 14:14:35] ⚠️ Row 1011: Unparsable date → 'None'
[2025-08-20 14:14:35] ⚠️ Row 1012: Unparsable date → 'UKASH #6**************7017'
[2025-08-20 14:14:36] ⚠️ Row 1013: Unparsable date → '12/29/2014 7:56:54 AM'
[2025-08-20 14:14:36] ⚠️ Row 1014: Unparsable date → 'None'
[2025-08-20 14:14:36] ⚠️ Row 1015: Unparsable date → 'UKASH #6**************5210'
[2025-08-20 14:14:36] ⚠️ Row 1016: Unparsable date → '12/29/2014 7:46:14 AM'
[2025-08-20 14:14:36] ⚠️ Row 1017: Unparsable date → 'None'
[2025-08-20 14:14:36] ⚠️ Row 1018: Unparsable date → 'UKASH #6**************2126'
[2025-08-20 14:14:36] ⚠️ Row 1019: Unparsable date → '12/21/2014 4:13:30 AM'
[2025-08-20 14:14:36] ⚠️ Row 1020: Unparsable date → 'None'
[2025-08-20 14:14:36] ⚠️ Row 1021: Unparsable date → 'UKASH #6**************2335'
[2025-08-20 14:14:36] ⚠️ Row 1022: Unparsable date → '12/20/2014 11:41:04 AM'
[2025-08-20 14:14:36] ⚠️ Row 1023: Unparsable date → 'None'
[2025-08-20 14:14:36] ⚠️ Row 1024: Unparsable date → 'UKASH #6**************6669'
[2025-08-20 14:14:36] ⚠️ Row 1025: Unparsable date → '12/19/2014 4:29:18 AM'
[2025-08-20 14:14:36] ⚠️ Row 1026: Unparsable date → 'None'
[2025-08-20 14:14:36] ⚠️ Row 1027: Unparsable date → 'UKASH #6**************5237'
[2025-08-20 14:14:36] ⚠️ Row 1028: Unparsable date → '12/16/2014 10:11:39 AM'
[2025-08-20 14:14:36] ⚠️ Row 1029: Unparsable date → 'None'
[2025-08-20 14:14:36] ⚠️ Row 1030: Unparsable date → 'MCTRANSFER #'
[2025-08-20 14:14:36] ⚠️ Row 1031: Unparsable date → '4/13/2014 11:24:44 AM'
[2025-08-20 14:14:36] ⚠️ Row 1032: Unparsable date → '4/13/2014 11:24:44 AM'
[2025-08-20 14:14:36] ⚠️ Row 1033: Unparsable date → '12/19/2014 5:49:21 AM'
[2025-08-20 14:14:36] ⚠️ Row 1034: Unparsable date → '12/19/2014 5:49:21 AM'
[2025-08-20 14:14:36] ⚠️ Row 1035: Unparsable date → '12/19/2014 9:04:23 AM'
[2025-08-20 14:14:36] ⚠️ Row 1036: Unparsable date → '12/19/2014 9:04:23 AM'
[2025-08-20 14:14:36] ❌ Row 1037: Fallback parsing failed — could not convert string to float: 'Red'
[2025-08-20 14:14:36] ❌ Row 1038: Fallback parsing failed — could not convert string to float: 'Dep'
[2025-08-20 14:14:36] ❌ Row 1039: Fallback parsing failed — could not convert string to float: 'Red'
[2025-08-20 14:14:36] ❌ Row 1040: Fallback parsing failed — could not convert string to float: 'Dep'
[2025-08-20 14:14:36] ❌ Row 1041: Fallback parsing failed — could not convert string to float: 'Red'
[2025-08-20 14:14:36] ❌ Row 1042: Fallback parsing failed — could not convert string to float: 'Dep'
[2025-08-20 14:14:36] ❌ Row 1043: Fallback parsing failed — could not convert string to float: 'Red'
[2025-08-20 14:14:36] ❌ Row 1044: Fallback parsing failed — could not convert string to float: 'Dep'
[2025-08-20 14:14:36] ❌ Row 1045: Fallback parsing failed — could not convert string to float: 'Red'
[2025-08-20 14:14:36] ❌ Row 1046: Fallback parsing failed — could not convert string to float: 'Dep'
[2025-08-20 14:14:36] ❌ Row 1047: Fallback parsing failed — could not convert string to float: 'Red'
[2025-08-20 14:14:36] ❌ Row 1048: Fallback parsing failed — could not convert string to float: 'Dep'
[2025-08-20 14:14:36] ❌ Row 1049: Fallback parsing failed — could not convert string to float: 'Red'
[2025-08-20 14:14:36] ❌ Row 1050: Fallback parsing failed — could not convert string to float: 'Dep'
[2025-08-20 14:14:36] ❌ Row 1051: Fallback parsing failed — could not convert string to float: 'Red'
[2025-08-20 14:14:36] ❌ Row 1052: Fallback parsing failed — could not convert string to float: 'Dep'
[2025-08-20 14:14:36] ❌ Row 1053: Fallback parsing failed — could not convert string to float: 'Red'
[2025-08-20 14:14:36] ❌ Row 1054: Fallback parsing failed — could not convert string to float: 'Dep'
[2025-08-20 14:14:36] ❌ Row 1055: Fallback parsing failed — could not convert string to float: 'Red'
[2025-08-20 14:14:36] ❌ Row 1056: Fallback parsing failed — could not convert string to float: 'Dep'
[2025-08-20 14:14:36] ❌ Row 1057: Fallback parsing failed — could not convert string to float: 'Red'
[2025-08-20 14:14:36] ❌ Row 1058: Fallback parsing failed — could not convert string to float: 'Dep'
[2025-08-20 14:14:36] ❌ Row 1059: Fallback parsing failed — could not convert string to float: 'Red'
[2025-08-20 14:14:36] ❌ Row 1060: Fallback parsing failed — could not convert string to float: 'Dep'
[2025-08-20 14:14:36] ❌ Row 1061: Fallback parsing failed — could not convert string to float: 'Red'
[2025-08-20 14:14:36] ❌ Row 1062: Fallback parsing failed — could not convert string to float: 'Dep'
[2025-08-20 14:14:36] ❌ Row 1063: Fallback parsing failed — could not convert string to float: 'Red'
[2025-08-20 14:14:36] ❌ Row 1064: Fallback parsing failed — could not convert string to float: 'Dep'
[2025-08-20 14:14:36] ⚠️ Row 1065: Unparsable date → '1/27/2015 5:44:23 PM'
[2025-08-20 14:14:36] ⚠️ Row 1066: Unparsable date → '1/27/2015 5:44:23 PM'
[2025-08-20 14:14:36] ⚠️ Row 1067: Unparsable date → '5/31/2015 1:59:45 PM'
[2025-08-20 14:14:36] ⚠️ Row 1068: Unparsable date → '5/31/2015 1:59:45 PM'
[2025-08-20 14:14:36] ⚠️ Row 1069: Unparsable date → '6/20/2015 4:28:19 PM'
[2025-08-20 14:14:36] ⚠️ Row 1070: Unparsable date → '6/20/2015 4:28:19 PM'
[2025-08-20 14:14:36] ⚠️ Row 1071: Unparsable date → '12/21/2015 5:23:45 PM'
[2025-08-20 14:14:36] ⚠️ Row 1072: Unparsable date → '12/21/2015 5:23:45 PM'
[2025-08-20 14:14:36] ❌ Row 1073: Fallback parsing failed — could not convert string to float: 'Red'
[2025-08-20 14:14:36] ❌ Row 1074: Fallback parsing failed — could not convert string to float: 'Dep'
[2025-08-20 14:14:36] ❌ Row 1075: Fallback parsing failed — could not convert string to float: 'Red'
[2025-08-20 14:14:36] ❌ Row 1076: Fallback parsing failed — could not convert string to float: 'Dep'
[2025-08-20 14:14:36] ❌ Row 1077: Fallback parsing failed — could not convert string to float: 'Red'
[2025-08-20 14:14:36] ❌ Row 1078: Fallback parsing failed — could not convert string to float: 'Dep'
[2025-08-20 14:14:36] ❌ Row 1079: Fallback parsing failed — could not convert string to float: 'Red'
[2025-08-20 14:14:36] ❌ Row 1080: Fallback parsing failed — could not convert string to float: 'Dep'
[2025-08-20 14:14:36] ❌ Row 1081: Fallback parsing failed — could not convert string to float: 'Red'
[2025-08-20 14:14:36] ❌ Row 1082: Fallback parsing failed — could not convert string to float: 'Dep'
[2025-08-20 14:14:36] ❌ Row 1083: Fallback parsing failed — could not convert string to float: 'Red'
[2025-08-20 14:14:36] ❌ Row 1084: Fallback parsing failed — could not convert string to float: 'Dep'
[2025-08-20 14:14:36] ❌ Row 1085: Fallback parsing failed — could not convert string to float: 'Red'
[2025-08-20 14:14:36] ❌ Row 1086: Fallback parsing failed — could not convert string to float: 'Dep'
[2025-08-20 14:14:36] ❌ Row 1087: Fallback parsing failed — could not convert string to float: 'Red'
[2025-08-20 14:14:36] ❌ Row 1088: Fallback parsing failed — could not convert string to float: 'Dep'
[2025-08-20 14:14:36] ⚠️ Row 1089: Unparsable date → '2/13/2016 4:53:56 PM'
[2025-08-20 14:14:36] ⚠️ Row 1090: Unparsable date → '2/13/2016 4:53:56 PM'
[2025-08-20 14:14:36] ⚠️ Row 1091: Unparsable date → '2/13/2016 5:21:35 PM'
[2025-08-20 14:14:36] ⚠️ Row 1092: Unparsable date → '2/13/2016 5:21:35 PM'
[2025-08-20 14:14:36] ⚠️ Row 1093: Unparsable date → '2/15/2016 3:39:45 AM'
[2025-08-20 14:14:36] ⚠️ Row 1094: Unparsable date → '2/15/2016 3:39:45 AM'
[2025-08-20 14:14:36] ⚠️ Row 1095: Unparsable date → '4/15/2016 8:29:25 AM'
[2025-08-20 14:14:36] ⚠️ Row 1096: Unparsable date → '4/15/2016 8:29:25 AM'
[2025-08-20 14:14:36] ❌ Row 1097: Fallback parsing failed — could not convert string to float: 'Red'
[2025-08-20 14:14:36] ❌ Row 1098: Fallback parsing failed — could not convert string to float: 'Dep'
[2025-08-20 14:14:36] ❌ Row 1099: Fallback parsing failed — could not convert string to float: 'Red'
[2025-08-20 14:14:36] ❌ Row 1100: Fallback parsing failed — could not convert string to float: 'Dep'
[2025-08-20 14:14:36] ⚠️ Row 1101: Unparsable date → '1/28/2017 6:45:01 PM'
[2025-08-20 14:14:36] ⚠️ Row 1102: Unparsable date → '1/28/2017 6:45:01 PM'
[2025-08-20 14:14:36] ⚠️ Row 1103: Unparsable date → 'None'
[2025-08-20 14:14:36] ⚠️ Row 1104: Unparsable date → 'RTBT #'
[2025-08-20 14:14:36] ⚠️ Row 1105: Unparsable date → '2/28/2014 8:31:04 AM'
[2025-08-20 14:14:36] ⚠️ Row 1106: Unparsable date → '3/15/2014 3:01:50 PM'
[2025-08-20 14:14:36] ❌ Row 1107: Fallback parsing failed — could not convert string to float: 'Dep'
[2025-08-20 14:14:36] ❌ Row 1108: Fallback parsing failed — could not convert string to float: 'Dep'
[2025-08-20 14:14:36] ⚠️ Row 1109: Unparsable date → '5/28/2014 10:56:04 AM'
[2025-08-20 14:14:36] ❌ Row 1110: Fallback parsing failed — could not convert string to float: 'Dep'
[2025-08-20 14:14:36] ⚠️ Row 1111: Unparsable date → '12/17/2014 9:35:22 AM'
[2025-08-20 14:14:36] ⚠️ Row 1112: Unparsable date → '12/21/2014 11:07:45 AM'
[2025-08-20 14:14:36] ⚠️ Row 1113: Unparsable date → '12/24/2014 5:13:11 AM'
[2025-08-20 14:14:36] ⚠️ Row 1114: Unparsable date → '12/27/2014 10:16:18 AM'
[2025-08-20 14:14:36] ⚠️ Row 1115: Unparsable date → '12/28/2014 2:29:19 PM'
[2025-08-20 14:14:36] ⚠️ Row 1116: Unparsable date → '12/28/2014 3:09:15 PM'
[2025-08-20 14:14:36] ⚠️ Row 1117: Unparsable date → '12/28/2014 3:58:06 PM'
[2025-08-20 14:14:36] ❌ Row 1118: Fallback parsing failed — could not convert string to float: 'Dep'
[2025-08-20 14:14:36] ❌ Row 1119: Fallback parsing failed — could not convert string to float: 'Dep'
[2025-08-20 14:14:36] ❌ Row 1120: Fallback parsing failed — could not convert string to float: 'Dep'
[2025-08-20 14:14:36] ❌ Row 1121: Fallback parsing failed — could not convert string to float: 'Dep'
[2025-08-20 14:14:36] ❌ Row 1122: Fallback parsing failed — could not convert string to float: 'Dep'
[2025-08-20 14:14:36] ❌ Row 1123: Fallback parsing failed — could not convert string to float: 'Dep'
[2025-08-20 14:14:36] ❌ Row 1124: Fallback parsing failed — could not convert string to float: 'Dep'
[2025-08-20 14:14:36] ⚠️ Row 1125: Unparsable date → '1/16/2015 3:34:38 PM'
[2025-08-20 14:14:36] ⚠️ Row 1126: Unparsable date → '1/17/2015 12:04:22 PM'
[2025-08-20 14:14:36] ⚠️ Row 1127: Unparsable date → '1/17/2015 3:04:21 PM'
[2025-08-20 14:14:36] ⚠️ Row 1128: Unparsable date → '1/18/2015 3:59:20 PM'
[2025-08-20 14:14:36] ⚠️ Row 1129: Unparsable date → '1/24/2015 3:15:33 PM'
[2025-08-20 14:14:36] ⚠️ Row 1130: Unparsable date → '1/25/2015 4:29:22 AM'
[2025-08-20 14:14:36] ⚠️ Row 1131: Unparsable date → '1/25/2015 5:11:39 AM'
[2025-08-20 14:14:36] ⚠️ Row 1132: Unparsable date → '1/25/2015 7:08:23 AM'
[2025-08-20 14:14:36] ⚠️ Row 1133: Unparsable date → '1/25/2015 9:01:54 AM'
[2025-08-20 14:14:36] ⚠️ Row 1134: Unparsable date → '1/27/2015 4:41:45 PM'
[2025-08-20 14:14:36] ⚠️ Row 1135: Unparsable date → '1/31/2015 9:03:59 AM'
[2025-08-20 14:14:36] ❌ Row 1136: Fallback parsing failed — could not convert string to float: 'Dep'
[2025-08-20 14:14:36] ❌ Row 1137: Fallback parsing failed — could not convert string to float: 'Dep'
[2025-08-20 14:14:36] ❌ Row 1138: Fallback parsing failed — could not convert string to float: 'Dep'
[2025-08-20 14:14:36] ❌ Row 1139: Fallback parsing failed — could not convert string to float: 'Dep'
[2025-08-20 14:14:36] ❌ Row 1140: Fallback parsing failed — could not convert string to float: 'Dep'
[2025-08-20 14:14:36] ❌ Row 1141: Fallback parsing failed — could not convert string to float: 'Dep'
[2025-08-20 14:14:36] ⚠️ Row 1142: Unparsable date → '2/13/2015 1:56:31 PM'
[2025-08-20 14:14:36] ⚠️ Row 1143: Unparsable date → '2/13/2015 4:40:57 PM'
[2025-08-20 14:14:36] ⚠️ Row 1144: Unparsable date → '2/16/2015 3:36:01 PM'
[2025-08-20 14:14:36] ⚠️ Row 1145: Unparsable date → '2/17/2015 3:37:50 PM'
[2025-08-20 14:14:36] ⚠️ Row 1146: Unparsable date → '2/18/2015 3:55:18 PM'
[2025-08-20 14:14:36] ⚠️ Row 1147: Unparsable date → '2/27/2015 12:54:09 PM'
[2025-08-20 14:14:36] ⚠️ Row 1148: Unparsable date → '3/22/2015 3:20:53 PM'
[2025-08-20 14:14:36] ⚠️ Row 1149: Unparsable date → '3/31/2015 3:53:15 PM'
[2025-08-20 14:14:36] ⚠️ Row 1150: Unparsable date → '3/31/2015 4:44:57 PM'
[2025-08-20 14:14:36] ❌ Row 1151: Fallback parsing failed — could not convert string to float: 'Dep'
[2025-08-20 14:14:36] ❌ Row 1152: Fallback parsing failed — could not convert string to float: 'Dep'
[2025-08-20 14:14:36] ⚠️ Row 1153: Unparsable date → '4/19/2015 2:41:35 PM'
[2025-08-20 14:14:36] ⚠️ Row 1154: Unparsable date → '6/20/2015 6:02:04 AM'
[2025-08-20 14:14:36] ⚠️ Row 1155: Unparsable date → '6/21/2015 2:42:18 PM'
[2025-08-20 14:14:36] ⚠️ Row 1156: Unparsable date → '7/26/2015 4:05:45 PM'
[2025-08-20 14:14:36] ⚠️ Row 1157: Unparsable date → '9/26/2015 4:43:38 PM'
[2025-08-20 14:14:36] ❌ Row 1158: Fallback parsing failed — could not convert string to float: 'Dep'
[2025-08-20 14:14:36] ❌ Row 1159: Fallback parsing failed — could not convert string to float: 'Dep'
[2025-08-20 14:14:36] ❌ Row 1160: Fallback parsing failed — could not convert string to float: 'Dep'
[2025-08-20 14:14:36] ⚠️ Row 1161: Unparsable date → '11/22/2015 2:47:01 PM'
[2025-08-20 14:14:36] ❌ Row 1162: Fallback parsing failed — could not convert string to float: 'Dep'
[2025-08-20 14:14:36] ⚠️ Row 1163: Unparsable date → '12/21/2015 5:55:04 PM'
[2025-08-20 14:14:36] ⚠️ Row 1164: Unparsable date → '12/27/2015 2:01:11 PM'
[2025-08-20 14:14:36] ⚠️ Row 1165: Unparsable date → '1/18/2016 10:46:05 AM'
[2025-08-20 14:14:36] ❌ Row 1166: Fallback parsing failed — could not convert string to float: 'Dep'
[2025-08-20 14:14:36] ❌ Row 1167: Fallback parsing failed — could not convert string to float: 'Dep'
[2025-08-20 14:14:36] ⚠️ Row 1168: Unparsable date → '2/28/2016 3:21:05 PM'
[2025-08-20 14:14:36] ❌ Row 1169: Fallback parsing failed — could not convert string to float: 'Dep'
[2025-08-20 14:14:36] ❌ Row 1170: Fallback parsing failed — could not convert string to float: 'Dep'
[2025-08-20 14:14:36] ❌ Row 1171: Fallback parsing failed — could not convert string to float: 'Dep'
[2025-08-20 14:14:36] ❌ Row 1172: Fallback parsing failed — could not convert string to float: 'Dep'
[2025-08-20 14:14:36] ❌ Row 1173: Fallback parsing failed — could not convert string to float: 'Dep'
[2025-08-20 14:14:36] ⚠️ Row 1174: Unparsable date → '3/17/2016 12:14:32 PM'
[2025-08-20 14:14:36] ⚠️ Row 1175: Unparsable date → '3/18/2016 5:34:39 PM'
[2025-08-20 14:14:36] ⚠️ Row 1176: Unparsable date → '3/18/2016 6:41:24 PM'
[2025-08-20 14:14:36] ⚠️ Row 1177: Unparsable date → '3/19/2016 4:44:10 PM'
[2025-08-20 14:14:36] ⚠️ Row 1178: Unparsable date → '3/20/2016 3:50:29 PM'
[2025-08-20 14:14:36] ⚠️ Row 1179: Unparsable date → '3/24/2016 3:36:16 AM'
[2025-08-20 14:14:36] ⚠️ Row 1180: Unparsable date → '3/24/2016 6:33:40 PM'
[2025-08-20 14:14:36] ⚠️ Row 1181: Unparsable date → '3/25/2016 9:59:39 AM'
[2025-08-20 14:14:36] ⚠️ Row 1182: Unparsable date → '3/25/2016 2:28:02 PM'
[2025-08-20 14:14:36] ⚠️ Row 1183: Unparsable date → '3/26/2016 3:25:37 PM'
[2025-08-20 14:14:36] ⚠️ Row 1184: Unparsable date → '3/26/2016 6:00:34 PM'
[2025-08-20 14:14:36] ⚠️ Row 1185: Unparsable date → '3/27/2016 4:42:29 PM'
[2025-08-20 14:14:36] ⚠️ Row 1186: Unparsable date → '3/30/2016 9:24:22 AM'
[2025-08-20 14:14:36] ❌ Row 1187: Fallback parsing failed — could not convert string to float: 'Dep'
[2025-08-20 14:14:36] ❌ Row 1188: Fallback parsing failed — could not convert string to float: 'Dep'
[2025-08-20 14:14:36] ❌ Row 1189: Fallback parsing failed — could not convert string to float: 'Dep'
[2025-08-20 14:14:36] ❌ Row 1190: Fallback parsing failed — could not convert string to float: 'Dep'
[2025-08-20 14:14:36] ❌ Row 1191: Fallback parsing failed — could not convert string to float: 'Dep'
[2025-08-20 14:14:36] ❌ Row 1192: Fallback parsing failed — could not convert string to float: 'Dep'
[2025-08-20 14:14:36] ❌ Row 1193: Fallback parsing failed — could not convert string to float: 'Dep'
[2025-08-20 14:14:36] ⚠️ Row 1194: Unparsable date → '4/15/2016 7:09:32 AM'
[2025-08-20 14:14:36] ⚠️ Row 1195: Unparsable date → '4/17/2016 3:02:45 PM'
[2025-08-20 14:14:36] ⚠️ Row 1196: Unparsable date → '4/18/2016 10:34:21 AM'
[2025-08-20 14:14:36] ⚠️ Row 1197: Unparsable date → '4/18/2016 10:40:52 AM'
[2025-08-20 14:14:36] ⚠️ Row 1198: Unparsable date → '4/19/2016 3:04:18 PM'
[2025-08-20 14:14:36] ⚠️ Row 1199: Unparsable date → '4/19/2016 3:14:22 PM'
[2025-08-20 14:14:36] ⚠️ Row 1200: Unparsable date → '4/19/2016 6:53:10 PM'
[2025-08-20 14:14:36] ⚠️ Row 1201: Unparsable date → '4/25/2016 2:11:22 PM'
[2025-08-20 14:14:36] ❌ Row 1202: Fallback parsing failed — could not convert string to float: 'Dep'
[2025-08-20 14:14:36] ⚠️ Row 1203: Unparsable date → '5/14/2016 4:50:58 AM'
[2025-08-20 14:14:36] ⚠️ Row 1204: Unparsable date → '5/14/2016 4:58:45 AM'
[2025-08-20 14:14:36] ⚠️ Row 1205: Unparsable date → '5/15/2016 5:18:28 PM'
[2025-08-20 14:14:36] ⚠️ Row 1206: Unparsable date → '5/27/2016 4:10:48 PM'
[2025-08-20 14:14:36] ❌ Row 1207: Fallback parsing failed — could not convert string to float: 'Dep'
[2025-08-20 14:14:36] ❌ Row 1208: Fallback parsing failed — could not convert string to float: 'Dep'
[2025-08-20 14:14:36] ❌ Row 1209: Fallback parsing failed — could not convert string to float: 'Dep'
[2025-08-20 14:14:36] ⚠️ Row 1210: Unparsable date → '8/25/2016 2:11:07 PM'
[2025-08-20 14:14:36] ⚠️ Row 1211: Unparsable date → '8/25/2016 2:17:48 PM'
[2025-08-20 14:14:36] ⚠️ Row 1212: Unparsable date → '8/25/2016 2:22:25 PM'
[2025-08-20 14:14:36] ⚠️ Row 1213: Unparsable date → '8/25/2016 2:27:21 PM'
[2025-08-20 14:14:36] ⚠️ Row 1214: Unparsable date → '8/25/2016 3:07:55 PM'
[2025-08-20 14:14:36] ⚠️ Row 1215: Unparsable date → 'None'
[2025-08-20 14:14:36] ⚠️ Row 1216: Unparsable date → 'PAYSAFE #'
[2025-08-20 14:14:36] ⚠️ Row 1217: Unparsable date → '6/23/2013 12:38:26 PM'
[2025-08-20 14:14:36] ⚠️ Row 1218: Unparsable date → '6/29/2013 4:59:35 PM'
[2025-08-20 14:14:36] ❌ Row 1219: Fallback parsing failed — could not convert string to float: 'Dep'
[2025-08-20 14:14:36] ⚠️ Row 1220: Unparsable date → '11/25/2013 11:13:18 AM'
[2025-08-20 14:14:36] ⚠️ Row 1221: Unparsable date → '1/13/2014 9:17:05 AM'
[2025-08-20 14:14:36] ❌ Row 1222: Fallback parsing failed — could not convert string to float: 'Dep'
[2025-08-20 14:14:36] ⚠️ Row 1223: Unparsable date → '4/13/2014 9:47:27 AM'
[2025-08-20 14:14:36] ⚠️ Row 1224: Unparsable date → '4/22/2014 10:48:16 AM'
[2025-08-20 14:14:36] ⚠️ Row 1225: Unparsable date → '4/22/2014 11:19:27 AM'
[2025-08-20 14:14:36] ⚠️ Row 1226: Unparsable date → '4/22/2014 11:53:46 AM'
[2025-08-20 14:14:36] ⚠️ Row 1227: Unparsable date → '4/24/2014 9:40:05 AM'
[2025-08-20 14:14:36] ❌ Row 1228: Fallback parsing failed — could not convert string to float: 'Dep'
[2025-08-20 14:14:36] ❌ Row 1229: Fallback parsing failed — could not convert string to float: 'Dep'
[2025-08-20 14:14:36] ⚠️ Row 1230: Unparsable date → '5/24/2014 12:16:03 PM'
[2025-08-20 14:14:36] ⚠️ Row 1231: Unparsable date → '5/24/2014 2:27:26 PM'
[2025-08-20 14:14:36] ⚠️ Row 1232: Unparsable date → '6/14/2014 12:05:14 PM'
[2025-08-20 14:14:36] ⚠️ Row 1233: Unparsable date → '12/16/2014 2:08:48 PM'
[2025-08-20 14:14:36] ⚠️ Row 1234: Unparsable date → '12/16/2014 3:47:18 PM'
[2025-08-20 14:14:36] ⚠️ Row 1235: Unparsable date → '12/17/2014 12:15:08 PM'
[2025-08-20 14:14:36] ⚠️ Row 1236: Unparsable date → '12/17/2014 12:52:28 PM'
[2025-08-20 14:14:36] ⚠️ Row 1237: Unparsable date → '12/17/2014 4:25:56 PM'
[2025-08-20 14:14:36] ⚠️ Row 1238: Unparsable date → '12/17/2014 4:59:56 PM'
[2025-08-20 14:14:36] ⚠️ Row 1239: Unparsable date → '12/18/2014 4:45:34 PM'
[2025-08-20 14:14:36] ⚠️ Row 1240: Unparsable date → '12/18/2014 5:03:31 PM'
[2025-08-20 14:14:36] ⚠️ Row 1241: Unparsable date → '12/18/2014 5:25:03 PM'
[2025-08-20 14:14:36] ⚠️ Row 1242: Unparsable date → '12/18/2014 6:04:15 PM'
[2025-08-20 14:14:36] ⚠️ Row 1243: Unparsable date → '12/19/2014 4:37:45 PM'
[2025-08-20 14:14:36] ⚠️ Row 1244: Unparsable date → '12/21/2014 10:00:38 AM'
[2025-08-20 14:14:36] ⚠️ Row 1245: Unparsable date → '12/21/2014 6:22:47 PM'
[2025-08-20 14:14:36] ⚠️ Row 1246: Unparsable date → '12/21/2014 6:34:23 PM'
[2025-08-20 14:14:36] ⚠️ Row 1247: Unparsable date → '12/22/2014 9:36:07 AM'
[2025-08-20 14:14:36] ⚠️ Row 1248: Unparsable date → '12/22/2014 10:41:08 AM'
[2025-08-20 14:14:36] ⚠️ Row 1249: Unparsable date → '12/25/2014 10:46:02 AM'
[2025-08-20 14:14:36] ⚠️ Row 1250: Unparsable date → '12/25/2014 2:13:33 PM'
[2025-08-20 14:14:36] ⚠️ Row 1251: Unparsable date → '12/28/2014 8:04:42 AM'
[2025-08-20 14:14:36] ⚠️ Row 1252: Unparsable date → '12/29/2014 1:06:43 PM'
[2025-08-20 14:14:36] ⚠️ Row 1253: Unparsable date → '12/30/2014 6:37:55 PM'
[2025-08-20 14:14:36] ❌ Row 1254: Fallback parsing failed — could not convert string to float: 'Dep'
[2025-08-20 14:14:36] ❌ Row 1255: Fallback parsing failed — could not convert string to float: 'Dep'
[2025-08-20 14:14:36] ❌ Row 1256: Fallback parsing failed — could not convert string to float: 'Dep'
[2025-08-20 14:14:36] ❌ Row 1257: Fallback parsing failed — could not convert string to float: 'Dep'
[2025-08-20 14:14:36] ❌ Row 1258: Fallback parsing failed — could not convert string to float: 'Dep'
[2025-08-20 14:14:36] ⚠️ Row 1259: Unparsable date → '1/13/2015 5:09:42 PM'
[2025-08-20 14:14:36] ⚠️ Row 1260: Unparsable date → '1/17/2015 12:40:14 PM'
[2025-08-20 14:14:36] ⚠️ Row 1261: Unparsable date → '1/17/2015 12:53:50 PM'
[2025-08-20 14:14:36] ⚠️ Row 1262: Unparsable date → '1/17/2015 1:50:36 PM'
[2025-08-20 14:14:36] ⚠️ Row 1263: Unparsable date → '1/19/2015 9:01:53 AM'
[2025-08-20 14:14:36] ⚠️ Row 1264: Unparsable date → '1/19/2015 10:00:57 AM'
[2025-08-20 14:14:36] ⚠️ Row 1265: Unparsable date → '1/30/2015 3:00:37 PM'
[2025-08-20 14:14:36] ❌ Row 1266: Fallback parsing failed — could not convert string to float: 'Dep'
[2025-08-20 14:14:36] ❌ Row 1267: Fallback parsing failed — could not convert string to float: 'Dep'
[2025-08-20 14:14:36] ❌ Row 1268: Fallback parsing failed — could not convert string to float: 'Dep'
[2025-08-20 14:14:36] ❌ Row 1269: Fallback parsing failed — could not convert string to float: 'Dep'
[2025-08-20 14:14:36] ⚠️ Row 1270: Unparsable date → '2/15/2015 2:38:59 AM'
[2025-08-20 14:14:36] ⚠️ Row 1271: Unparsable date → '2/16/2015 3:29:19 PM'
[2025-08-20 14:14:36] ⚠️ Row 1272: Unparsable date → '2/22/2015 1:57:59 PM'
[2025-08-20 14:14:36] ⚠️ Row 1273: Unparsable date → '2/23/2015 5:07:13 AM'
[2025-08-20 14:14:36] ⚠️ Row 1274: Unparsable date → '2/24/2015 3:34:33 PM'
[2025-08-20 14:14:36] ❌ Row 1275: Fallback parsing failed — could not convert string to float: 'Dep'
[2025-08-20 14:14:36] ⚠️ Row 1276: Unparsable date → '5/19/2015 5:07:36 PM'
[2025-08-20 14:14:36] ⚠️ Row 1277: Unparsable date → '5/28/2015 1:43:44 PM'
[2025-08-20 14:14:36] ⚠️ Row 1278: Unparsable date → '5/31/2015 6:59:48 AM'
[2025-08-20 14:14:36] ⚠️ Row 1279: Unparsable date → '6/30/2015 6:04:19 AM'
[2025-08-20 14:14:36] ❌ Row 1280: Fallback parsing failed — could not convert string to float: 'Dep'
[2025-08-20 14:14:36] ⚠️ Row 1281: Unparsable date → '7/13/2015 8:20:36 AM'
[2025-08-20 14:14:36] ⚠️ Row 1282: Unparsable date → '7/23/2015 5:39:26 AM'
[2025-08-20 14:14:36] ❌ Row 1283: Fallback parsing failed — could not convert string to float: 'Dep'
[2025-08-20 14:14:36] ⚠️ Row 1284: Unparsable date → '8/13/2015 2:26:04 PM'
[2025-08-20 14:14:36] ⚠️ Row 1285: Unparsable date → '8/15/2015 4:03:31 PM'
[2025-08-20 14:14:36] ⚠️ Row 1286: Unparsable date → '8/17/2015 11:27:14 AM'
[2025-08-20 14:14:36] ⚠️ Row 1287: Unparsable date → '8/25/2015 4:45:22 PM'
[2025-08-20 14:14:36] ⚠️ Row 1288: Unparsable date → '8/30/2015 8:18:09 AM'
[2025-08-20 14:14:36] ⚠️ Row 1289: Unparsable date → '8/30/2015 2:53:42 PM'
[2025-08-20 14:14:36] ⚠️ Row 1290: Unparsable date → '8/31/2015 1:57:34 PM'
[2025-08-20 14:14:36] ⚠️ Row 1291: Unparsable date → '9/13/2015 4:42:05 PM'
[2025-08-20 14:14:36] ⚠️ Row 1292: Unparsable date → '9/13/2015 4:45:27 PM'
[2025-08-20 14:14:36] ⚠️ Row 1293: Unparsable date → '9/14/2015 10:29:18 AM'
[2025-08-20 14:14:36] ⚠️ Row 1294: Unparsable date → '9/14/2015 11:31:09 AM'
[2025-08-20 14:14:36] ⚠️ Row 1295: Unparsable date → '9/14/2015 1:29:11 PM'
[2025-08-20 14:14:36] ⚠️ Row 1296: Unparsable date → '9/14/2015 4:22:32 PM'
[2025-08-20 14:14:36] ⚠️ Row 1297: Unparsable date → '9/15/2015 4:44:23 PM'
[2025-08-20 14:14:36] ⚠️ Row 1298: Unparsable date → '9/16/2015 3:40:06 PM'
[2025-08-20 14:14:36] ⚠️ Row 1299: Unparsable date → '9/19/2015 4:41:18 PM'
[2025-08-20 14:14:36] ⚠️ Row 1300: Unparsable date → '9/23/2015 4:41:01 PM'
[2025-08-20 14:14:36] ⚠️ Row 1301: Unparsable date → '9/28/2015 4:41:12 PM'
[2025-08-20 14:14:36] ⚠️ Row 1302: Unparsable date → '9/29/2015 3:39:03 PM'
[2025-08-20 14:14:36] ❌ Row 1303: Fallback parsing failed — could not convert string to float: 'Dep'
[2025-08-20 14:14:36] ❌ Row 1304: Fallback parsing failed — could not convert string to float: 'Dep'
[2025-08-20 14:14:36] ❌ Row 1305: Fallback parsing failed — could not convert string to float: 'Dep'
[2025-08-20 14:14:36] ❌ Row 1306: Fallback parsing failed — could not convert string to float: 'Dep'
[2025-08-20 14:14:37] ❌ Row 1307: Fallback parsing failed — could not convert string to float: 'Dep'
[2025-08-20 14:14:37] ❌ Row 1308: Fallback parsing failed — could not convert string to float: 'Dep'
[2025-08-20 14:14:37] ❌ Row 1309: Fallback parsing failed — could not convert string to float: 'Dep'
[2025-08-20 14:14:37] ⚠️ Row 1310: Unparsable date → '10/18/2015 1:53:36 PM'
[2025-08-20 14:14:37] ❌ Row 1311: Fallback parsing failed — could not convert string to float: 'Dep'
[2025-08-20 14:14:37] ❌ Row 1312: Fallback parsing failed — could not convert string to float: 'Dep'
[2025-08-20 14:14:37] ❌ Row 1313: Fallback parsing failed — could not convert string to float: 'Dep'
[2025-08-20 14:14:37] ❌ Row 1314: Fallback parsing failed — could not convert string to float: 'Dep'
[2025-08-20 14:14:37] ❌ Row 1315: Fallback parsing failed — could not convert string to float: 'Dep'
[2025-08-20 14:14:37] ❌ Row 1316: Fallback parsing failed — could not convert string to float: 'Dep'
[2025-08-20 14:14:37] ❌ Row 1317: Fallback parsing failed — could not convert string to float: 'Dep'
[2025-08-20 14:14:37] ❌ Row 1318: Fallback parsing failed — could not convert string to float: 'Dep'
[2025-08-20 14:14:37] ❌ Row 1319: Fallback parsing failed — could not convert string to float: 'Dep'
[2025-08-20 14:14:37] ❌ Row 1320: Fallback parsing failed — could not convert string to float: 'Dep'
[2025-08-20 14:14:37] ❌ Row 1321: Fallback parsing failed — could not convert string to float: 'Dep'
[2025-08-20 14:14:37] ❌ Row 1322: Fallback parsing failed — could not convert string to float: 'Dep'
[2025-08-20 14:14:37] ❌ Row 1323: Fallback parsing failed — could not convert string to float: 'Dep'
[2025-08-20 14:14:37] ❌ Row 1324: Fallback parsing failed — could not convert string to float: 'Dep'
[2025-08-20 14:14:37] ❌ Row 1325: Fallback parsing failed — could not convert string to float: 'Dep'
[2025-08-20 14:14:37] ❌ Row 1326: Fallback parsing failed — could not convert string to float: 'Dep'
[2025-08-20 14:14:37] ⚠️ Row 1327: Unparsable date → '12/18/2015 8:30:21 AM'
[2025-08-20 14:14:37] ⚠️ Row 1328: Unparsable date → '12/21/2015 12:22:19 PM'
[2025-08-20 14:14:37] ⚠️ Row 1329: Unparsable date → '12/21/2015 1:28:21 PM'
[2025-08-20 14:14:37] ⚠️ Row 1330: Unparsable date → '12/21/2015 3:42:05 PM'
[2025-08-20 14:14:37] ⚠️ Row 1331: Unparsable date → '12/21/2015 4:37:45 PM'
[2025-08-20 14:14:37] ⚠️ Row 1332: Unparsable date → '12/21/2015 5:20:39 PM'
[2025-08-20 14:14:37] ⚠️ Row 1333: Unparsable date → '1/16/2016 9:03:14 AM'
[2025-08-20 14:14:37] ⚠️ Row 1334: Unparsable date → '1/27/2016 10:55:38 AM'
[2025-08-20 14:14:37] ⚠️ Row 1335: Unparsable date → '1/28/2016 10:39:03 AM'
[2025-08-20 14:14:37] ⚠️ Row 1336: Unparsable date → '1/29/2016 7:35:31 PM'
[2025-08-20 14:14:37] ⚠️ Row 1337: Unparsable date → '2/18/2016 4:44:00 PM'
[2025-08-20 14:14:37] ⚠️ Row 1338: Unparsable date → '2/23/2016 4:39:26 PM'
[2025-08-20 14:14:37] ❌ Row 1339: Fallback parsing failed — could not convert string to float: 'Dep'
[2025-08-20 14:14:37] ❌ Row 1340: Fallback parsing failed — could not convert string to float: 'Dep'
[2025-08-20 14:14:37] ❌ Row 1341: Fallback parsing failed — could not convert string to float: 'Dep'
[2025-08-20 14:14:37] ❌ Row 1342: Fallback parsing failed — could not convert string to float: 'Dep'
[2025-08-20 14:14:37] ⚠️ Row 1343: Unparsable date → '3/21/2016 3:33:37 PM'
[2025-08-20 14:14:37] ⚠️ Row 1344: Unparsable date → '3/24/2016 10:54:27 AM'
[2025-08-20 14:14:37] ⚠️ Row 1345: Unparsable date → '3/24/2016 6:02:46 PM'
[2025-08-20 14:14:37] ⚠️ Row 1346: Unparsable date → '3/24/2016 6:18:38 PM'
[2025-08-20 14:14:37] ⚠️ Row 1347: Unparsable date → '3/27/2016 4:09:47 PM'
[2025-08-20 14:14:37] ⚠️ Row 1348: Unparsable date → '4/19/2016 8:12:18 AM'
[2025-08-20 14:14:37] ⚠️ Row 1349: Unparsable date → '4/19/2016 4:20:13 PM'
[2025-08-20 14:14:37] ❌ Row 1350: Fallback parsing failed — could not convert string to float: 'Dep'
[2025-08-20 14:14:37] ⚠️ Row 1351: Unparsable date → '5/15/2016 5:44:58 AM'
[2025-08-20 14:14:37] ⚠️ Row 1352: Unparsable date → '5/15/2016 10:18:08 AM'
[2025-08-20 14:14:37] ⚠️ Row 1353: Unparsable date → '5/15/2016 10:37:29 AM'
[2025-08-20 14:14:37] ⚠️ Row 1354: Unparsable date → '5/15/2016 11:20:56 AM'
[2025-08-20 14:14:37] ⚠️ Row 1355: Unparsable date → '5/15/2016 11:35:34 AM'
[2025-08-20 14:14:37] ⚠️ Row 1356: Unparsable date → '5/15/2016 1:19:56 PM'
[2025-08-20 14:14:37] ⚠️ Row 1357: Unparsable date → '5/26/2016 4:54:32 PM'
[2025-08-20 14:14:37] ⚠️ Row 1358: Unparsable date → '5/27/2016 10:37:10 AM'
[2025-08-20 14:14:37] ⚠️ Row 1359: Unparsable date → '5/28/2016 3:10:09 PM'
[2025-08-20 14:14:37] ⚠️ Row 1360: Unparsable date → '5/29/2016 3:03:25 PM'
[2025-08-20 14:14:37] ⚠️ Row 1361: Unparsable date → '5/30/2016 4:39:35 PM'
[2025-08-20 14:14:37] ⚠️ Row 1362: Unparsable date → '5/31/2016 2:59:48 AM'
[2025-08-20 14:14:37] ❌ Row 1363: Fallback parsing failed — could not convert string to float: 'Dep'
[2025-08-20 14:14:37] ❌ Row 1364: Fallback parsing failed — could not convert string to float: 'Dep'
[2025-08-20 14:14:37] ❌ Row 1365: Fallback parsing failed — could not convert string to float: 'Dep'
[2025-08-20 14:14:37] ❌ Row 1366: Fallback parsing failed — could not convert string to float: 'Dep'
[2025-08-20 14:14:37] ❌ Row 1367: Fallback parsing failed — could not convert string to float: 'Dep'
[2025-08-20 14:14:37] ❌ Row 1368: Fallback parsing failed — could not convert string to float: 'Dep'
[2025-08-20 14:14:37] ❌ Row 1369: Fallback parsing failed — could not convert string to float: 'Dep'
[2025-08-20 14:14:37] ❌ Row 1370: Fallback parsing failed — could not convert string to float: 'Dep'
[2025-08-20 14:14:37] ❌ Row 1371: Fallback parsing failed — could not convert string to float: 'Dep'
[2025-08-20 14:14:37] ❌ Row 1372: Fallback parsing failed — could not convert string to float: 'Dep'
[2025-08-20 14:14:37] ⚠️ Row 1373: Unparsable date → '6/21/2016 8:04:32 AM'
[2025-08-20 14:14:37] ⚠️ Row 1374: Unparsable date → '7/22/2016 2:31:19 PM'
[2025-08-20 14:14:37] ⚠️ Row 1375: Unparsable date → '7/28/2016 2:30:10 PM'
[2025-08-20 14:14:37] ❌ Row 1376: Fallback parsing failed — could not convert string to float: 'Dep'
[2025-08-20 14:14:37] ⚠️ Row 1377: Unparsable date → '8/22/2016 2:18:13 AM'
[2025-08-20 14:14:37] ⚠️ Row 1378: Unparsable date → '8/25/2016 10:33:29 AM'
[2025-08-20 14:14:37] ⚠️ Row 1379: Unparsable date → '8/25/2016 12:08:15 PM'
[2025-08-20 14:14:37] ⚠️ Row 1380: Unparsable date → '8/25/2016 1:49:37 PM'
[2025-08-20 14:14:37] ⚠️ Row 1381: Unparsable date → '8/25/2016 1:59:15 PM'
[2025-08-20 14:14:37] ⚠️ Row 1382: Unparsable date → '8/25/2016 2:32:13 PM'
[2025-08-20 14:14:37] ⚠️ Row 1383: Unparsable date → '8/25/2016 2:40:41 PM'
[2025-08-20 14:14:37] ⚠️ Row 1384: Unparsable date → '8/31/2016 4:44:59 PM'
[2025-08-20 14:14:37] ❌ Row 1385: Fallback parsing failed — could not convert string to float: 'Dep'
[2025-08-20 14:14:37] ❌ Row 1386: Fallback parsing failed — could not convert string to float: 'Dep'
[2025-08-20 14:14:37] ❌ Row 1387: Fallback parsing failed — could not convert string to float: 'Dep'
[2025-08-20 14:14:37] ⚠️ Row 1388: Unparsable date → '10/21/2016 5:04:53 AM'
[2025-08-20 14:14:37] ❌ Row 1389: Fallback parsing failed — could not convert string to float: 'Dep'
[2025-08-20 14:14:37] ❌ Row 1390: Fallback parsing failed — could not convert string to float: 'Dep'
[2025-08-20 14:14:37] ❌ Row 1391: Fallback parsing failed — could not convert string to float: 'Dep'
[2025-08-20 14:14:37] ❌ Row 1392: Fallback parsing failed — could not convert string to float: 'Dep'
[2025-08-20 14:14:37] ❌ Row 1393: Fallback parsing failed — could not convert string to float: 'Dep'
[2025-08-20 14:14:37] ❌ Row 1394: Fallback parsing failed — could not convert string to float: 'Dep'
[2025-08-20 14:14:37] ❌ Row 1395: Fallback parsing failed — could not convert string to float: 'Dep'
[2025-08-20 14:14:37] ❌ Row 1396: Fallback parsing failed — could not convert string to float: 'Dep'
[2025-08-20 14:14:37] ❌ Row 1397: Fallback parsing failed — could not convert string to float: 'Dep'
[2025-08-20 14:14:37] ❌ Row 1398: Fallback parsing failed — could not convert string to float: 'Dep'
[2025-08-20 14:14:37] ❌ Row 1399: Fallback parsing failed — could not convert string to float: 'Dep'
[2025-08-20 14:14:37] ❌ Row 1400: Fallback parsing failed — could not convert string to float: 'Dep'
[2025-08-20 14:14:37] ❌ Row 1401: Fallback parsing failed — could not convert string to float: 'Dep'
[2025-08-20 14:14:37] ❌ Row 1402: Fallback parsing failed — could not convert string to float: 'Dep'
[2025-08-20 14:14:37] ❌ Row 1403: Fallback parsing failed — could not convert string to float: 'Dep'
[2025-08-20 14:14:37] ❌ Row 1404: Fallback parsing failed — could not convert string to float: 'Dep'
[2025-08-20 14:14:37] ❌ Row 1405: Fallback parsing failed — could not convert string to float: 'Dep'
[2025-08-20 14:14:37] ❌ Row 1406: Fallback parsing failed — could not convert string to float: 'Dep'
[2025-08-20 14:14:37] ❌ Row 1407: Fallback parsing failed — could not convert string to float: 'Dep'
[2025-08-20 14:14:37] ❌ Row 1408: Fallback parsing failed — could not convert string to float: 'Dep'
[2025-08-20 14:14:37] ❌ Row 1409: Fallback parsing failed — could not convert string to float: 'Dep'
[2025-08-20 14:14:37] ⚠️ Row 1410: Unparsable date → '4/24/2017 10:13:43 AM'
[2025-08-20 14:14:37] ⚠️ Row 1411: Unparsable date → '4/30/2017 4:27:39 PM'
[2025-08-20 14:14:37] ⚠️ Row 1412: Unparsable date → '7/29/2018 2:17:11 PM'
[2025-08-20 14:14:37] ⚠️ Row 1413: Unparsable date → '7/29/2018 2:54:45 PM'
[2025-08-20 14:14:37] ❌ Row 1414: Fallback parsing failed — could not convert string to float: 'Dep'
[2025-08-20 14:14:37] ❌ Row 1415: Fallback parsing failed — could not convert string to float: 'Dep'
[2025-08-20 14:14:37] ❌ Row 1416: Fallback parsing failed — could not convert string to float: 'Dep'
[2025-08-20 14:14:37] ⚠️ Row 1417: Unparsable date → '11/30/2018 4:09:58 PM'
[2025-08-20 14:14:37] ❌ Row 1418: Fallback parsing failed — could not convert string to float: 'Dep'
[2025-08-20 14:14:37] ⚠️ Row 1419: Unparsable date → '12/16/2018 2:12:53 PM'
[2025-08-20 14:14:37] ⚠️ Row 1420: Unparsable date → '12/28/2018 2:12:25 PM'
[2025-08-20 14:14:37] ❌ Row 1421: Fallback parsing failed — could not convert string to float: 'Dep'
[2025-08-20 14:14:37] ⚠️ Row 1422: Unparsable date → '2/17/2019 3:51:18 PM'
[2025-08-20 14:14:37] ⚠️ Row 1423: Unparsable date → '4/14/2019 8:52:57 AM'
[2025-08-20 14:14:37] ⚠️ Row 1424: Unparsable date → '4/14/2019 8:57:13 AM'
[2025-08-20 14:14:37] ⚠️ Row 1425: Unparsable date → '4/17/2019 4:09:30 PM'
[2025-08-20 14:14:37] ⚠️ Row 1426: Unparsable date → '4/17/2019 4:09:58 PM'
[2025-08-20 14:14:37] ❌ Row 1427: Fallback parsing failed — could not convert string to float: 'Dep'
[2025-08-20 14:14:37] ⚠️ Row 1428: Unparsable date → '5/13/2019 3:44:39 PM'
[2025-08-20 14:14:37] ⚠️ Row 1429: Unparsable date → '5/14/2019 3:07:29 PM'
[2025-08-20 14:14:37] ⚠️ Row 1430: Unparsable date → '5/14/2019 3:08:08 PM'
[2025-08-20 14:14:37] ⚠️ Row 1431: Unparsable date → '5/14/2019 3:20:12 PM'
[2025-08-20 14:14:37] ⚠️ Row 1432: Unparsable date → '5/14/2019 3:22:59 PM'
[2025-08-20 14:14:37] ⚠️ Row 1433: Unparsable date → '5/15/2019 6:05:32 PM'
[2025-08-20 14:14:37] ⚠️ Row 1434: Unparsable date → '5/15/2019 6:06:03 PM'
[2025-08-20 14:14:37] ⚠️ Row 1435: Unparsable date → '5/15/2019 6:06:31 PM'
[2025-08-20 14:14:37] ⚠️ Row 1436: Unparsable date → '5/15/2019 6:11:29 PM'
[2025-08-20 14:14:37] ⚠️ Row 1437: Unparsable date → '5/16/2019 4:21:38 PM'
[2025-08-20 14:14:37] ⚠️ Row 1438: Unparsable date → '5/16/2019 5:42:19 PM'
[2025-08-20 14:14:37] ⚠️ Row 1439: Unparsable date → '5/16/2019 5:50:11 PM'
[2025-08-20 14:14:37] ❌ Row 1440: Fallback parsing failed — could not convert string to float: 'Dep'
[2025-08-20 14:14:37] ❌ Row 1441: Fallback parsing failed — could not convert string to float: 'Dep'
[2025-08-20 14:14:37] ⚠️ Row 1442: Unparsable date → '6/19/2019 4:21:21 PM'
[2025-08-20 14:14:37] ❌ Row 1443: Fallback parsing failed — could not convert string to float: 'Dep'
[2025-08-20 14:14:37] ❌ Row 1444: Fallback parsing failed — could not convert string to float: 'Dep'
[2025-08-20 14:14:37] ❌ Row 1445: Fallback parsing failed — could not convert string to float: 'Dep'
[2025-08-20 14:14:37] ❌ Row 1446: Fallback parsing failed — could not convert string to float: 'Dep'
[2025-08-20 14:14:37] ❌ Row 1447: Fallback parsing failed — could not convert string to float: 'Dep'
[2025-08-20 14:14:37] ❌ Row 1448: Fallback parsing failed — could not convert string to float: 'Dep'
[2025-08-20 14:14:37] ⚠️ Row 1449: Unparsable date → '7/13/2019 3:33:01 PM'
[2025-08-20 14:14:37] ⚠️ Row 1450: Unparsable date → '7/13/2019 3:40:24 PM'
[2025-08-20 14:14:37] ⚠️ Row 1451: Unparsable date → '7/14/2019 5:44:23 PM'
[2025-08-20 14:14:37] ⚠️ Row 1452: Unparsable date → '7/14/2019 5:45:29 PM'
[2025-08-20 14:14:37] ⚠️ Row 1453: Unparsable date → '7/17/2019 3:13:53 PM'
[2025-08-20 14:14:37] ⚠️ Row 1454: Unparsable date → '7/21/2019 2:59:41 PM'
[2025-08-20 14:14:37] ⚠️ Row 1455: Unparsable date → '7/21/2019 3:00:50 PM'
[2025-08-20 14:14:37] ⚠️ Row 1456: Unparsable date → '7/21/2019 4:26:20 PM'
[2025-08-20 14:14:37] ⚠️ Row 1457: Unparsable date → '7/28/2019 5:29:32 PM'
[2025-08-20 14:14:37] ❌ Row 1458: Fallback parsing failed — could not convert string to float: 'Dep'
[2025-08-20 14:14:37] ⚠️ Row 1459: Unparsable date → '8/28/2019 4:03:58 PM'
[2025-08-20 14:14:37] ⚠️ Row 1460: Unparsable date → '9/22/2019 6:00:21 PM'
[2025-08-20 14:14:37] ❌ Row 1461: Fallback parsing failed — could not convert string to float: 'Dep'
[2025-08-20 14:14:37] ⚠️ Row 1462: Unparsable date → 'None'
[2025-08-20 14:14:37] ⚠️ Row 1463: Unparsable date → 'IDEAL #'
[2025-08-20 14:14:37] ⚠️ Row 1464: Unparsable date → '3/13/2013 3:53:15 PM'
[2025-08-20 14:14:37] ❌ Row 1465: Fallback parsing failed — could not convert string to float: 'Dep'
[2025-08-20 14:14:37] ⚠️ Row 1466: Unparsable date → '11/22/2013 5:38:41 PM'
[2025-08-20 14:14:37] ⚠️ Row 1467: Unparsable date → '1/31/2016 5:01:54 PM'
[2025-08-20 14:14:37] ❌ Row 1468: Fallback parsing failed — could not convert string to float: 'Dep'
[2025-08-20 14:14:37] ❌ Row 1469: Fallback parsing failed — could not convert string to float: 'Dep'
[2025-08-20 14:14:37] ❌ Row 1470: Fallback parsing failed — could not convert string to float: 'Dep'
[2025-08-20 14:14:37] ❌ Row 1471: Fallback parsing failed — could not convert string to float: 'Dep'
[2025-08-20 14:14:37] ❌ Row 1472: Fallback parsing failed — could not convert string to float: 'Dep'
[2025-08-20 14:14:37] ❌ Row 1473: Fallback parsing failed — could not convert string to float: 'Dep'
[2025-08-20 14:14:37] ⚠️ Row 1474: Unparsable date → '10/13/2016 8:28:39 AM'
[2025-08-20 14:14:37] ⚠️ Row 1475: Unparsable date → '10/20/2016 4:54:40 PM'
[2025-08-20 14:14:37] ⚠️ Row 1476: Unparsable date → '10/31/2016 1:36:58 PM'
[2025-08-20 14:14:37] ⚠️ Row 1477: Unparsable date → '11/26/2016 3:42:08 PM'
[2025-08-20 14:14:37] ❌ Row 1478: Fallback parsing failed — could not convert string to float: 'Dep'
[2025-08-20 14:14:37] ⚠️ Row 1479: Unparsable date → '1/25/2017 5:25:52 PM'
[2025-08-20 14:14:37] ⚠️ Row 1480: Unparsable date → '1/25/2017 5:28:31 PM'
[2025-08-20 14:14:37] ⚠️ Row 1481: Unparsable date → '1/25/2017 5:41:29 PM'
[2025-08-20 14:14:37] ⚠️ Row 1482: Unparsable date → '1/26/2017 6:15:29 AM'
[2025-08-20 14:14:37] ⚠️ Row 1483: Unparsable date → '1/26/2017 6:31:01 AM'
[2025-08-20 14:14:37] ⚠️ Row 1484: Unparsable date → '1/26/2017 6:46:40 AM'
[2025-08-20 14:14:37] ⚠️ Row 1485: Unparsable date → '1/29/2017 4:00:45 PM'
[2025-08-20 14:14:37] ❌ Row 1486: Fallback parsing failed — could not convert string to float: 'Dep'
[2025-08-20 14:14:37] ❌ Row 1487: Fallback parsing failed — could not convert string to float: 'Dep'
[2025-08-20 14:14:37] ❌ Row 1488: Fallback parsing failed — could not convert string to float: 'Dep'
[2025-08-20 14:14:37] ❌ Row 1489: Fallback parsing failed — could not convert string to float: 'Dep'
[2025-08-20 14:14:37] ❌ Row 1490: Fallback parsing failed — could not convert string to float: 'Dep'
[2025-08-20 14:14:37] ❌ Row 1491: Fallback parsing failed — could not convert string to float: 'Dep'
[2025-08-20 14:14:37] ❌ Row 1492: Fallback parsing failed — could not convert string to float: 'Dep'
[2025-08-20 14:14:37] ⚠️ Row 1493: Unparsable date → '3/17/2017 4:28:42 PM'
[2025-08-20 14:14:37] ⚠️ Row 1494: Unparsable date → '3/17/2017 4:49:07 PM'
[2025-08-20 14:14:37] ⚠️ Row 1495: Unparsable date → '3/17/2017 5:18:33 PM'
[2025-08-20 14:14:37] ⚠️ Row 1496: Unparsable date → '3/20/2017 11:17:37 AM'
[2025-08-20 14:14:37] ❌ Row 1497: Fallback parsing failed — could not convert string to float: 'Dep'
[2025-08-20 14:14:37] ❌ Row 1498: Fallback parsing failed — could not convert string to float: 'Dep'
[2025-08-20 14:14:37] ❌ Row 1499: Fallback parsing failed — could not convert string to float: 'Dep'
[2025-08-20 14:14:37] ❌ Row 1500: Fallback parsing failed — could not convert string to float: 'Dep'
[2025-08-20 14:14:37] ❌ Row 1501: Fallback parsing failed — could not convert string to float: 'Dep'
[2025-08-20 14:14:37] ❌ Row 1502: Fallback parsing failed — could not convert string to float: 'Dep'
[2025-08-20 14:14:37] ❌ Row 1503: Fallback parsing failed — could not convert string to float: 'Dep'
[2025-08-20 14:14:37] ❌ Row 1504: Fallback parsing failed — could not convert string to float: 'Dep'
[2025-08-20 14:14:37] ❌ Row 1505: Fallback parsing failed — could not convert string to float: 'Dep'
[2025-08-20 14:14:37] ❌ Row 1506: Fallback parsing failed — could not convert string to float: 'Dep'
[2025-08-20 14:14:37] ❌ Row 1507: Fallback parsing failed — could not convert string to float: 'Dep'
[2025-08-20 14:14:37] ❌ Row 1508: Fallback parsing failed — could not convert string to float: 'Dep'
[2025-08-20 14:14:37] ❌ Row 1509: Fallback parsing failed — could not convert string to float: 'Dep'
[2025-08-20 14:14:37] ❌ Row 1510: Fallback parsing failed — could not convert string to float: 'Dep'
[2025-08-20 14:14:37] ❌ Row 1511: Fallback parsing failed — could not convert string to float: 'Dep'
[2025-08-20 14:14:37] ❌ Row 1512: Fallback parsing failed — could not convert string to float: 'Dep'
[2025-08-20 14:14:37] ⚠️ Row 1513: Unparsable date → '4/22/2017 1:40:09 PM'
[2025-08-20 14:14:37] ⚠️ Row 1514: Unparsable date → '4/22/2017 2:25:23 PM'
[2025-08-20 14:14:37] ⚠️ Row 1515: Unparsable date → '4/22/2017 2:30:13 PM'
[2025-08-20 14:14:37] ❌ Row 1516: Fallback parsing failed — could not convert string to float: 'Dep'
[2025-08-20 14:14:37] ❌ Row 1517: Fallback parsing failed — could not convert string to float: 'Dep'
[2025-08-20 14:14:37] ⚠️ Row 1518: Unparsable date → '3/24/2018 9:43:37 AM'
[2025-08-20 14:14:37] ⚠️ Row 1519: Unparsable date → '3/24/2018 10:02:09 AM'
[2025-08-20 14:14:37] ⚠️ Row 1520: Unparsable date → '3/25/2018 10:34:35 AM'
[2025-08-20 14:14:37] ❌ Row 1521: Fallback parsing failed — could not convert string to float: 'Dep'
[2025-08-20 14:14:37] ❌ Row 1522: Fallback parsing failed — could not convert string to float: 'Dep'
[2025-08-20 14:14:37] ❌ Row 1523: Fallback parsing failed — could not convert string to float: 'Dep'
[2025-08-20 14:14:37] ❌ Row 1524: Fallback parsing failed — could not convert string to float: 'Dep'
[2025-08-20 14:14:37] ❌ Row 1525: Fallback parsing failed — could not convert string to float: 'Dep'
[2025-08-20 14:14:37] ❌ Row 1526: Fallback parsing failed — could not convert string to float: 'Dep'
[2025-08-20 14:14:37] ❌ Row 1527: Fallback parsing failed — could not convert string to float: 'Dep'
[2025-08-20 14:14:37] ❌ Row 1528: Fallback parsing failed — could not convert string to float: 'Dep'
[2025-08-20 14:14:37] ⚠️ Row 1529: Unparsable date → '4/18/2018 2:28:03 PM'
[2025-08-20 14:14:37] ⚠️ Row 1530: Unparsable date → '4/22/2018 8:51:27 AM'
[2025-08-20 14:14:37] ⚠️ Row 1531: Unparsable date → '4/22/2018 5:07:35 PM'
[2025-08-20 14:14:37] ⚠️ Row 1532: Unparsable date → '4/22/2018 5:30:59 PM'
[2025-08-20 14:14:37] ⚠️ Row 1533: Unparsable date → '4/22/2018 5:58:54 PM'
[2025-08-20 14:14:37] ⚠️ Row 1534: Unparsable date → '4/22/2018 6:03:18 PM'
[2025-08-20 14:14:37] ⚠️ Row 1535: Unparsable date → '4/23/2018 3:11:31 PM'
[2025-08-20 14:14:37] ⚠️ Row 1536: Unparsable date → '4/23/2018 3:18:18 PM'
[2025-08-20 14:14:37] ⚠️ Row 1537: Unparsable date → '4/23/2018 3:24:12 PM'
[2025-08-20 14:14:37] ⚠️ Row 1538: Unparsable date → '4/28/2018 11:21:29 AM'
[2025-08-20 14:14:37] ❌ Row 1539: Fallback parsing failed — could not convert string to float: 'Dep'
[2025-08-20 14:14:37] ❌ Row 1540: Fallback parsing failed — could not convert string to float: 'Dep'
[2025-08-20 14:14:37] ❌ Row 1541: Fallback parsing failed — could not convert string to float: 'Dep'
[2025-08-20 14:14:37] ⚠️ Row 1542: Unparsable date → '5/13/2018 2:46:33 PM'
[2025-08-20 14:14:37] ⚠️ Row 1543: Unparsable date → '5/20/2018 3:25:18 PM'
[2025-08-20 14:14:37] ⚠️ Row 1544: Unparsable date → '5/20/2018 4:08:50 PM'
[2025-08-20 14:14:37] ⚠️ Row 1545: Unparsable date → '7/22/2018 1:56:01 PM'
[2025-08-20 14:14:37] ⚠️ Row 1546: Unparsable date → '7/22/2018 2:41:05 PM'
[2025-08-20 14:14:37] ❌ Row 1547: Fallback parsing failed — could not convert string to float: 'Dep'
[2025-08-20 14:14:37] ⚠️ Row 1548: Unparsable date → 'None'
[2025-08-20 14:14:37] ⚠️ Row 1549: Unparsable date → 'NETELLER #4*******5732'
[2025-08-20 14:14:37] ⚠️ Row 1550: Unparsable date → '5/31/2016 11:10:18 AM'
[2025-08-20 14:14:37] ⚠️ Row 1551: Unparsable date → '8/22/2016 10:40:02 AM'
[2025-08-20 14:14:37] ❌ Row 1552: Fallback parsing failed — could not convert string to float: 'Dep'
[2025-08-20 14:14:37] ⚠️ Row 1553: Unparsable date → '12/16/2016 3:39:48 PM'
[2025-08-20 14:14:37] ❌ Row 1554: Fallback parsing failed — could not convert string to float: 'Dep'
[2025-08-20 14:14:37] ❌ Row 1555: Fallback parsing failed — could not convert string to float: 'Red'
[2025-08-20 14:14:37] ⚠️ Row 1556: Unparsable date → '1/28/2019 5:23:42 PM'
[2025-08-20 14:14:37] ⚠️ Row 1557: Unparsable date → '4/13/2019 6:27:50 PM'
[2025-08-20 14:14:37] ⚠️ Row 1558: Unparsable date → '4/14/2019 2:14:17 PM'
[2025-08-20 14:14:37] ⚠️ Row 1559: Unparsable date → '5/15/2019 6:26:48 PM'
[2025-08-20 14:14:37] ⚠️ Row 1560: Unparsable date → 'None'
[2025-08-20 14:14:37] ⚠️ Row 1561: Unparsable date → 'NETELLER #4*******3483'
[2025-08-20 14:14:37] ⚠️ Row 1562: Unparsable date → '8/29/2016 9:53:13 AM'
[2025-08-20 14:14:37] ⚠️ Row 1563: Unparsable date → '5/15/2018 1:32:21 PM'
[2025-08-20 14:14:37] ⚠️ Row 1564: Unparsable date → 'None'
[2025-08-20 14:14:37] ⚠️ Row 1565: Unparsable date → 'NETELLER #4*******6818'
[2025-08-20 14:14:37] ⚠️ Row 1566: Unparsable date → '5/15/2018 1:35:34 PM'
[2025-08-20 14:14:37] ⚠️ Row 1567: Unparsable date → 'None'
[2025-08-20 14:14:37] ⚠️ Row 1568: Unparsable date → 'Total Player Balance:'
[2025-08-20 14:14:37] ⚠️ Row 1569: Unparsable date → 'None'
[2025-08-20 14:14:37] TA logic: Deposits = 0, Cashouts = 0, Net = 0
[2025-08-20 14:14:37] ✅ Created Payment Summary with 0 rows.
[2025-08-20 14:14:37] ⚠️ No valid dates found in Payment Summary.
[2025-08-20 14:14:37] 🧾 Final claim value (from Payment Summary): 0
[2025-08-20 14:14:37] ✅ Finished processing: TA_Pokerstars.xlsx
[2025-08-20 14:14:37] 📄 Processing TA_DSAR - Bertje22 (bwin.com).xlsx...
[2025-08-20 14:14:37] 🧾 Detected TA file — using deposit/cashout logic.
[2025-08-20 14:14:37] Detected separate Deposit and Cashout sheets.
[2025-08-20 14:14:37] ⚠️ Row 2: Skipped due to status mismatch — dep_pending != dep_settled
[2025-08-20 14:14:37] ✅ Row 3: Parsed as Deposit — 50 at 2013-06-21 04:12:01
[2025-08-20 14:14:37] ⚠️ Row 4: Skipped due to status mismatch — dep_pending != dep_settled
[2025-08-20 14:14:37] ⚠️ Row 5: Skipped due to status mismatch — dep_pending != dep_settled
[2025-08-20 14:14:37] ⚠️ Row 6: Skipped due to status mismatch — dep_pending != dep_settled
[2025-08-20 14:14:37] ⚠️ Row 7: Skipped due to status mismatch — dep_pending != dep_settled
[2025-08-20 14:14:37] ⚠️ Row 8: Skipped due to status mismatch — dep_pending != dep_settled
[2025-08-20 14:14:37] ✅ Row 9: Parsed as Deposit — 30 at 2014-03-04 06:47:56
[2025-08-20 14:14:37] ⚠️ Row 10: Skipped due to status mismatch — dep_pending != dep_settled
[2025-08-20 14:14:37] ✅ Row 11: Parsed as Deposit — 20 at 2014-06-11 06:54:38
[2025-08-20 14:14:37] ✅ Row 12: Parsed as Deposit — 10 at 2015-09-02 10:57:13
[2025-08-20 14:14:37] ⚠️ Row 13: Skipped due to status mismatch — dep_pending != dep_settled
[2025-08-20 14:14:37] ✅ Row 14: Parsed as Deposit — 10 at 2015-09-09 10:25:51
[2025-08-20 14:14:37] ✅ Row 15: Parsed as Deposit — 20 at 2015-09-23 15:08:29
[2025-08-20 14:14:37] ✅ Row 16: Parsed as Deposit — 10 at 2015-10-21 14:24:37
[2025-08-20 14:14:38] ✅ Row 17: Parsed as Deposit — 10 at 2015-10-26 15:52:31
[2025-08-20 14:14:38] ✅ Row 18: Parsed as Deposit — 10 at 2015-11-03 13:18:57
[2025-08-20 14:14:38] ✅ Row 19: Parsed as Deposit — 10 at 2015-11-04 14:22:05
[2025-08-20 14:14:38] ✅ Row 20: Parsed as Deposit — 10 at 2015-11-25 14:31:49
[2025-08-20 14:14:38] ✅ Row 21: Parsed as Deposit — 30 at 2016-08-02 12:00:44
[2025-08-20 14:14:38] ✅ Row 22: Parsed as Deposit — 25 at 2017-04-13 14:57:28
[2025-08-20 14:14:38] ✅ Row 23: Parsed as Deposit — 30 at 2017-05-09 07:12:46
[2025-08-20 14:14:38] ✅ Row 24: Parsed as Deposit — 20 at 2018-03-30 08:45:13
[2025-08-20 14:14:38] ✅ Row 25: Parsed as Deposit — 50 at 2018-05-04 08:54:42
[2025-08-20 14:14:38] ✅ Row 26: Parsed as Deposit — 20 at 2018-06-07 06:34:20
[2025-08-20 14:14:38] ⚠️ Row 27: Skipped due to status mismatch — dep_pending != dep_settled
[2025-08-20 14:14:38] ⚠️ Row 28: Skipped due to status mismatch — dep_pending != dep_settled
[2025-08-20 14:14:38] ⚠️ Row 29: Skipped due to status mismatch — dep_pending != dep_settled
[2025-08-20 14:14:38] ✅ Row 30: Parsed as Deposit — 20 at 2018-08-29 13:48:38
[2025-08-20 14:14:38] ✅ Row 31: Parsed as Deposit — 20 at 2018-11-30 14:00:50
[2025-08-20 14:14:38] ✅ Row 32: Parsed as Deposit — 20 at 2019-01-15 14:29:12
[2025-08-20 14:14:38] ✅ Row 33: Parsed as Deposit — 30 at 2019-01-25 19:06:52
[2025-08-20 14:14:38] ✅ Row 34: Parsed as Deposit — 30 at 2019-02-04 17:13:00
[2025-08-20 14:14:38] ✅ Row 35: Parsed as Deposit — 50 at 2019-02-04 17:50:48
[2025-08-20 14:14:38] ⚠️ Row 36: Skipped due to status mismatch — dep_pending != dep_settled
[2025-08-20 14:14:38] ✅ Row 37: Parsed as Deposit — 50 at 2019-02-05 07:34:51
[2025-08-20 14:14:38] ⚠️ Row 38: Skipped due to status mismatch — dep_failed != dep_settled
[2025-08-20 14:14:38] ✅ Row 39: Parsed as Deposit — 70 at 2019-02-05 17:21:19
[2025-08-20 14:14:38] ✅ Row 40: Parsed as Deposit — 70 at 2019-02-06 18:00:16
[2025-08-20 14:14:38] ✅ Row 41: Parsed as Deposit — 50 at 2019-02-07 06:45:24
[2025-08-20 14:14:38] ✅ Row 42: Parsed as Deposit — 75 at 2019-02-07 16:58:09
[2025-08-20 14:14:38] ✅ Row 43: Parsed as Deposit — 75 at 2019-02-07 17:25:38
[2025-08-20 14:14:38] ✅ Row 44: Parsed as Deposit — 75 at 2019-02-07 18:14:57
[2025-08-20 14:14:38] ✅ Row 45: Parsed as Deposit — 75 at 2019-02-08 20:03:38
[2025-08-20 14:14:38] ✅ Row 46: Parsed as Deposit — 75 at 2019-02-09 17:55:28
[2025-08-20 14:14:38] ✅ Row 47: Parsed as Deposit — 30 at 2019-02-19 13:39:09
[2025-08-20 14:14:38] ✅ Row 48: Parsed as Deposit — 70 at 2019-02-21 18:20:57
[2025-08-20 14:14:38] ⚠️ Row 49: Skipped due to status mismatch — dep_pending != dep_settled
[2025-08-20 14:14:38] ✅ Row 50: Parsed as Deposit — 75 at 2019-02-26 14:11:37
[2025-08-20 14:14:38] ✅ Row 51: Parsed as Deposit — 60 at 2019-02-26 17:04:38
[2025-08-20 14:14:38] ⚠️ Row 52: Skipped due to status mismatch — dep_pending != dep_settled
[2025-08-20 14:14:38] ✅ Row 53: Parsed as Deposit — 10 at 2019-03-04 08:38:00
[2025-08-20 14:14:38] ⚠️ Row 54: Skipped due to status mismatch — dep_pending != dep_settled
[2025-08-20 14:14:38] ⚠️ Row 55: Skipped due to status mismatch — dep_pending != dep_settled
[2025-08-20 14:14:38] ⚠️ Row 56: Skipped due to status mismatch — dep_pending != dep_settled
[2025-08-20 14:14:38] ⚠️ Row 57: Skipped due to status mismatch — dep_pending != dep_settled
[2025-08-20 14:14:38] ✅ Row 58: Parsed as Deposit — 5 at 2019-03-04 08:47:01
[2025-08-20 14:14:38] ⚠️ Row 59: Skipped due to status mismatch — dep_pending != dep_settled
[2025-08-20 14:14:38] ✅ Row 60: Parsed as Deposit — 5 at 2019-03-04 08:50:08
[2025-08-20 14:14:38] ✅ Row 61: Parsed as Deposit — 5 at 2019-03-04 08:51:17
[2025-08-20 14:14:38] ✅ Row 62: Parsed as Deposit — 5 at 2019-03-04 08:52:20
[2025-08-20 14:14:38] ✅ Row 63: Parsed as Deposit — 5 at 2019-03-04 09:32:59
[2025-08-20 14:14:38] ✅ Row 64: Parsed as Deposit — 5 at 2019-03-04 09:35:34
[2025-08-20 14:14:38] ✅ Row 65: Parsed as Deposit — 5 at 2019-03-04 09:36:46
[2025-08-20 14:14:38] ✅ Row 66: Parsed as Deposit — 5 at 2019-03-04 09:38:25
[2025-08-20 14:14:38] ⚠️ Row 67: Skipped due to status mismatch — dep_pending != dep_settled
[2025-08-20 14:14:38] ⚠️ Row 68: Skipped due to status mismatch — dep_pending != dep_settled
[2025-08-20 14:14:38] ✅ Row 69: Parsed as Deposit — 50 at 2019-03-21 07:24:35
[2025-08-20 14:14:38] ✅ Row 70: Parsed as Deposit — 20 at 2019-03-21 07:28:47
[2025-08-20 14:14:38] ✅ Row 71: Parsed as Deposit — 200 at 2019-03-25 18:08:46
[2025-08-20 14:14:38] ✅ Row 72: Parsed as Deposit — 150 at 2019-03-28 17:09:48
[2025-08-20 14:14:38] ✅ Row 73: Parsed as Deposit — 150 at 2019-03-28 17:30:23
[2025-08-20 14:14:38] ✅ Row 74: Parsed as Deposit — 100 at 2019-03-28 18:05:03
[2025-08-20 14:14:38] ⚠️ Row 75: Skipped due to status mismatch — dep_pending != dep_settled
[2025-08-20 14:14:38] ✅ Row 76: Parsed as Deposit — 20 at 2019-04-04 14:37:22
[2025-08-20 14:14:38] ✅ Row 77: Parsed as Deposit — 20 at 2019-04-09 14:57:26
[2025-08-20 14:14:38] ✅ Row 78: Parsed as Deposit — 50 at 2019-05-01 14:38:48
[2025-08-20 14:14:38] ✅ Row 79: Parsed as Deposit — 50 at 2019-05-24 16:27:00
[2025-08-20 14:14:38] ✅ Row 80: Parsed as Deposit — 30 at 2019-06-06 15:13:12
[2025-08-20 14:14:38] ✅ Row 81: Parsed as Deposit — 50 at 2019-07-03 08:57:09
[2025-08-20 14:14:38] ✅ Row 82: Parsed as Deposit — 30 at 2019-09-25 09:50:29
[2025-08-20 14:14:38] ⚠️ Row 83: Skipped due to status mismatch — dep_failed != dep_settled
[2025-08-20 14:14:38] ✅ Row 84: Parsed as Deposit — 50 at 2019-09-25 17:31:25
[2025-08-20 14:14:38] ✅ Row 85: Parsed as Deposit — 50 at 2019-10-17 18:12:37
[2025-08-20 14:14:38] ✅ Row 86: Parsed as Deposit — 70 at 2019-11-16 16:47:09
[2025-08-20 14:14:38] ✅ Row 87: Parsed as Deposit — 50 at 2019-11-16 17:24:35
[2025-08-20 14:14:38] ✅ Row 88: Parsed as Deposit — 50 at 2020-02-26 15:48:28
[2025-08-20 14:14:38] ✅ Row 89: Parsed as Deposit — 50 at 2020-02-27 18:06:11
[2025-08-20 14:14:38] ✅ Row 90: Parsed as Deposit — 50 at 2020-02-27 18:17:23
[2025-08-20 14:14:38] ✅ Row 91: Parsed as Deposit — 50 at 2020-02-27 18:32:20
[2025-08-20 14:14:38] ⚠️ Row 92: Skipped due to status mismatch — dep_pending != dep_settled
[2025-08-20 14:14:38] ✅ Row 93: Parsed as Deposit — 50 at 2020-02-28 18:08:24
[2025-08-20 14:14:38] ✅ Row 94: Parsed as Deposit — 50 at 2020-02-28 18:20:26
[2025-08-20 14:14:38] ✅ Row 95: Parsed as Deposit — 50 at 2020-02-28 18:29:21
[2025-08-20 14:14:38] ✅ Row 96: Parsed as Deposit — 100 at 2020-03-30 17:10:57
[2025-08-20 14:14:38] ✅ Row 97: Parsed as Deposit — 100 at 2020-04-01 16:41:29
[2025-08-20 14:14:38] ✅ Row 98: Parsed as Deposit — 100 at 2020-04-01 17:10:25
[2025-08-20 14:14:38] ✅ Row 99: Parsed as Deposit — 150 at 2020-04-02 16:27:47
[2025-08-20 14:14:38] ✅ Row 100: Parsed as Deposit — 100 at 2020-05-31 15:57:31
[2025-08-20 14:14:38] ✅ Row 101: Parsed as Deposit — 150 at 2020-05-31 17:23:34
[2025-08-20 14:14:38] ✅ Row 102: Parsed as Deposit — 150 at 2020-05-31 18:30:05
[2025-08-20 14:14:38] ✅ Row 103: Parsed as Deposit — 50 at 2020-09-14 07:24:40
[2025-08-20 14:14:38] ✅ Row 104: Parsed as Deposit — 30 at 2020-09-14 08:19:15
[2025-08-20 14:14:38] ⚠️ Row 105: Skipped due to status mismatch — dep_pending != dep_settled
[2025-08-20 14:14:38] ✅ Row 106: Parsed as Deposit — 70 at 2020-09-16 16:19:38
[2025-08-20 14:14:38] ✅ Row 107: Parsed as Deposit — 70 at 2020-09-16 17:01:55
[2025-08-20 14:14:38] ✅ Row 108: Parsed as Deposit — 100 at 2020-09-18 15:05:23
[2025-08-20 14:14:38] ✅ Row 109: Parsed as Deposit — 100 at 2020-09-18 15:25:24
[2025-08-20 14:14:38] ✅ Row 110: Parsed as Deposit — 100 at 2020-09-18 15:49:03
[2025-08-20 14:14:38] ✅ Row 111: Parsed as Deposit — 100 at 2020-09-18 15:57:32
[2025-08-20 14:14:38] ✅ Row 112: Parsed as Deposit — 150 at 2020-10-08 14:29:13
[2025-08-20 14:14:38] ✅ Row 113: Parsed as Deposit — 100 at 2020-10-09 13:45:04
[2025-08-20 14:14:38] ✅ Row 114: Parsed as Deposit — 150 at 2020-10-09 14:22:59
[2025-08-20 14:14:38] ✅ Row 115: Parsed as Deposit — 150 at 2020-10-09 14:32:40
[2025-08-20 14:14:38] ✅ Row 116: Parsed as Deposit — 200 at 2020-10-09 16:41:05
[2025-08-20 14:14:38] ✅ Row 117: Parsed as Deposit — 150 at 2020-10-18 16:28:31
[2025-08-20 14:14:38] ✅ Row 118: Parsed as Deposit — 150 at 2020-10-18 17:52:54
[2025-08-20 14:14:38] ✅ Row 119: Parsed as Deposit — 200 at 2020-10-31 18:12:48
[2025-08-20 14:14:38] ✅ Row 120: Parsed as Deposit — 150 at 2020-10-31 19:15:30
[2025-08-20 14:14:38] ✅ Row 121: Parsed as Deposit — 150 at 2020-11-01 04:30:26
[2025-08-20 14:14:38] ✅ Row 122: Parsed as Deposit — 150 at 2020-11-01 04:47:28
[2025-08-20 14:14:38] ⚠️ Row 123: Skipped due to status mismatch — dep_pending != dep_settled
[2025-08-20 14:14:38] ✅ Row 124: Parsed as Deposit — 200 at 2020-11-02 16:21:20
[2025-08-20 14:14:38] ✅ Row 125: Parsed as Deposit — 200 at 2020-11-03 04:14:31
[2025-08-20 14:14:38] ✅ Row 126: Parsed as Deposit — 200 at 2020-11-03 17:23:40
[2025-08-20 14:14:38] ✅ Row 127: Parsed as Deposit — 200 at 2020-11-03 17:54:27
[2025-08-20 14:14:38] ✅ Row 128: Parsed as Deposit — 200 at 2020-11-03 18:16:31
[2025-08-20 14:14:38] ✅ Row 129: Parsed as Deposit — 200 at 2020-11-03 18:36:07
[2025-08-20 14:14:38] ✅ Row 130: Parsed as Deposit — 200 at 2020-11-03 18:37:26
[2025-08-20 14:14:38] ✅ Row 131: Parsed as Deposit — 50 at 2020-12-01 13:01:07
[2025-08-20 14:14:38] ✅ Row 132: Parsed as Deposit — 50 at 2020-12-01 13:11:02
[2025-08-20 14:14:38] ✅ Row 133: Parsed as Deposit — 200 at 2020-12-09 16:13:14
[2025-08-20 14:14:38] ✅ Row 134: Parsed as Deposit — 200 at 2020-12-09 17:34:38
[2025-08-20 14:14:38] ✅ Row 135: Parsed as Deposit — 200 at 2020-12-10 03:08:03
[2025-08-20 14:14:38] ✅ Row 136: Parsed as Deposit — 200 at 2020-12-10 13:52:27
[2025-08-20 14:14:38] ✅ Row 137: Parsed as Deposit — 200 at 2020-12-14 16:26:34
[2025-08-20 14:14:38] ✅ Row 138: Parsed as Deposit — 50 at 2020-12-17 11:14:57
[2025-08-20 14:14:38] ✅ Row 139: Parsed as Deposit — 220 at 2020-12-19 13:32:07
[2025-08-20 14:14:38] ✅ Row 140: Parsed as Deposit — 200 at 2020-12-19 14:11:50
[2025-08-20 14:14:38] ✅ Row 141: Parsed as Deposit — 200 at 2020-12-20 14:07:30
[2025-08-20 14:14:38] ✅ Row 142: Parsed as Deposit — 200 at 2020-12-20 15:36:40
[2025-08-20 14:14:38] ⚠️ Row 143: Skipped due to status mismatch — dep_pending != dep_settled
[2025-08-20 14:14:38] ✅ Row 144: Parsed as Deposit — 320 at 2020-12-22 16:22:53
[2025-08-20 14:14:38] ✅ Row 145: Parsed as Deposit — 250 at 2020-12-22 17:45:26
[2025-08-20 14:14:38] ✅ Row 146: Parsed as Deposit — 250 at 2020-12-22 18:29:06
[2025-08-20 14:14:38] ✅ Row 147: Parsed as Deposit — 250 at 2020-12-27 14:39:42
[2025-08-20 14:14:38] ✅ Row 148: Parsed as Deposit — 250 at 2020-12-27 15:30:36
[2025-08-20 14:14:38] ✅ Row 149: Parsed as Deposit — 250 at 2020-12-27 17:11:07
[2025-08-20 14:14:38] ✅ Row 150: Parsed as Deposit — 50 at 2020-12-28 08:23:11
[2025-08-20 14:14:38] ✅ Row 151: Parsed as Deposit — 200 at 2021-02-03 15:08:25
[2025-08-20 14:14:38] ✅ Row 152: Parsed as Deposit — 200 at 2021-02-03 15:38:27
[2025-08-20 14:14:38] ✅ Row 153: Parsed as Deposit — 200 at 2021-02-03 16:34:28
[2025-08-20 14:14:38] ✅ Row 154: Parsed as Deposit — 200 at 2021-04-27 13:46:03
[2025-08-20 14:14:38] ✅ Row 155: Parsed as Deposit — 200 at 2021-04-27 15:12:07
[2025-08-20 14:14:38] ✅ Row 156: Parsed as Deposit — 200 at 2021-04-27 15:29:47
[2025-08-20 14:14:38] ✅ Row 157: Parsed as Deposit — 250 at 2021-05-07 19:30:18
[2025-08-20 14:14:38] ✅ Row 158: Parsed as Deposit — 250 at 2021-05-07 20:14:00
[2025-08-20 14:14:38] ✅ Row 159: Parsed as Deposit — 250 at 2021-05-21 19:51:31
[2025-08-20 14:14:38] ✅ Row 160: Parsed as Deposit — 250 at 2021-05-21 20:06:58
[2025-08-20 14:14:38] ✅ Row 161: Parsed as Deposit — 250 at 2021-05-21 20:30:42
[2025-08-20 14:14:38] ✅ Row 162: Parsed as Deposit — 250 at 2021-05-28 16:34:26
[2025-08-20 14:14:38] ✅ Row 163: Parsed as Deposit — 250 at 2021-05-29 03:06:41
[2025-08-20 14:14:38] ✅ Row 164: Parsed as Deposit — 250 at 2021-05-29 17:14:34
[2025-08-20 14:14:38] ✅ Row 165: Parsed as Deposit — 250 at 2021-05-29 18:02:28
[2025-08-20 14:14:38] ✅ Row 166: Parsed as Deposit — 250 at 2021-05-29 18:25:19
[2025-08-20 14:14:38] ✅ Row 167: Parsed as Deposit — 250 at 2021-05-29 19:25:04
[2025-08-20 14:14:38] ✅ Row 168: Parsed as Deposit — 30 at 2021-06-04 15:28:24
[2025-08-20 14:14:38] ⚠️ Row 169: Skipped due to status mismatch — dep_pending != dep_settled
[2025-08-20 14:14:38] ⚠️ Row 170: Skipped due to status mismatch — dep_failed != dep_settled
[2025-08-20 14:14:38] ✅ Row 171: Parsed as Deposit — 200 at 2021-06-17 19:39:28
[2025-08-20 14:14:38] ✅ Row 172: Parsed as Deposit — 30 at 2021-07-05 15:59:56
[2025-08-20 14:14:38] ✅ Row 173: Parsed as Deposit — 200 at 2021-07-22 17:03:45
[2025-08-20 14:14:38] ✅ Row 174: Parsed as Deposit — 250 at 2021-07-22 17:26:40
[2025-08-20 14:14:38] ✅ Row 175: Parsed as Deposit — 250 at 2021-07-23 05:24:35
[2025-08-20 14:14:38] ✅ Row 176: Parsed as Deposit — 250 at 2021-07-23 06:18:27
[2025-08-20 14:14:38] ✅ Row 177: Parsed as Deposit — 250 at 2021-07-23 09:02:24
[2025-08-20 14:14:38] ✅ Row 178: Parsed as Deposit — 250 at 2021-07-23 10:13:57
[2025-08-20 14:14:38] ✅ Row 179: Parsed as Deposit — 250 at 2021-07-23 15:45:41
[2025-08-20 14:14:38] ✅ Row 180: Parsed as Deposit — 250 at 2021-07-23 17:21:32
[2025-08-20 14:14:38] ✅ Row 181: Parsed as Deposit — 200 at 2021-08-09 15:34:01
[2025-08-20 14:14:38] ✅ Row 2: Parsed as Redeem — -150 at 2018-04-16 05:48:14
[2025-08-20 14:14:38] ✅ Row 3: Parsed as Redeem — -200 at 2019-02-07 05:38:06
[2025-08-20 14:14:38] ✅ Row 4: Parsed as Redeem — -90 at 2019-02-11 05:43:02
[2025-08-20 14:14:38] ✅ Row 5: Parsed as Redeem — -71 at 2019-02-25 05:43:03
[2025-08-20 14:14:38] ✅ Row 6: Parsed as Redeem — -140.25 at 2019-02-28 05:39:16
[2025-08-20 14:14:38] ✅ Row 7: Parsed as Redeem — -60 at 2019-03-05 04:30:22
[2025-08-20 14:14:38] ✅ Row 8: Parsed as Redeem — -500 at 2019-03-25 08:30:23
[2025-08-20 14:14:38] ✅ Row 9: Parsed as Redeem — -500 at 2020-03-31 19:31:39
[2025-08-20 14:14:38] ✅ Row 10: Parsed as Redeem — -400 at 2020-12-11 15:00:46
[2025-08-20 14:14:38] ✅ Row 11: Parsed as Redeem — -400 at 2020-12-15 18:30:34
[2025-08-20 14:14:38] ✅ Row 12: Parsed as Redeem — -750 at 2020-12-20 16:30:17
[2025-08-20 14:14:38] ✅ Row 13: Parsed as Redeem — -600 at 2021-04-28 18:30:21
[2025-08-20 14:14:38] ✅ Row 14: Parsed as Redeem — -725 at 2021-05-23 05:00:17
[2025-08-20 14:14:38] ✅ Row 15: Parsed as Redeem — -450 at 2021-05-30 04:00:35
[2025-08-20 14:14:38] ✅ Row 16: Parsed as Redeem — -520 at 2021-06-18 21:30:25
[2025-08-20 14:14:38] ✅ Row 17: Parsed as Redeem — -200 at 2021-08-10 16:00:29
[2025-08-20 14:14:38] TA logic: Deposits = 17445, Cashouts = -5756.25, Net = 23201.25
[2025-08-20 14:14:38] ✅ Created Payment Summary with 166 rows.
[2025-08-20 14:14:38] ✅ Created Summary sheet from Payment Summary.
[2025-08-20 14:14:38] 🧾 Final claim value (from Payment Summary): 11688.75
[2025-08-20 14:14:38] ✅ Finished processing: TA_DSAR - Bertje22 (bwin.com).xlsx
[2025-08-20 14:14:38] 📄 Processing TA_DSAR - bertje222 (bwin.com).xlsx...
[2025-08-20 14:14:38] 🧾 Detected TA file — using deposit/cashout logic.
[2025-08-20 14:14:38] Detected single combined transaction sheet. Attempting auto-detection...
[2025-08-20 14:14:38] ✅ Detected normal tabular structure. No CSV conversion needed.
[2025-08-20 14:14:38] 📋 Raw headers: ['Account name', 'bertje222']
[2025-08-20 14:14:38] 🔍 Normalized headers: ['accountname', 'bertje222']
[2025-08-20 14:14:38] ⚠️ Header check failed: Missing date or amount — fallback mode. Using fallback mode (Column 0 = date, Column 1 = signed amount).
[2025-08-20 14:14:38] ⚠️ Row 2: Unparsable date → 'Screen name'
[2025-08-20 14:14:38] ⚠️ Row 3: Unparsable date → 'Account creation date'
[2025-08-20 14:14:38] ⚠️ Row 4: Unparsable date → 'First Name'
[2025-08-20 14:14:38] ⚠️ Row 5: Unparsable date → 'Last name'
[2025-08-20 14:14:38] ⚠️ Row 6: Unparsable date → 'Date of birth'
[2025-08-20 14:14:38] ⚠️ Row 7: Unparsable date → 'E-mail address'
[2025-08-20 14:14:38] ⚠️ Row 8: Unparsable date → 'Address line 1'
[2025-08-20 14:14:38] ⚠️ Row 9: Unparsable date → 'City'
[2025-08-20 14:14:38] ⚠️ Row 10: Unparsable date → 'ZIP'
[2025-08-20 14:14:38] ⚠️ Row 11: Unparsable date → 'Country'
[2025-08-20 14:14:38] ⚠️ Row 12: Unparsable date → 'Mobile'
[2025-08-20 14:14:38] TA logic: Deposits = 0, Cashouts = 0, Net = 0
[2025-08-20 14:14:38] ✅ Created Payment Summary with 0 rows.
[2025-08-20 14:14:38] ⚠️ No valid dates found in Payment Summary.
[2025-08-20 14:14:38] 🧾 Final claim value (from Payment Summary): 0
[2025-08-20 14:14:38] ✅ Finished processing: TA_DSAR - bertje222 (bwin.com).xlsx
[2025-08-20 14:14:38] 📄 Processing IB_BWIN_Bert Relker.xlsx...
[2025-08-20 14:14:38] ✅ Finished processing: IB_BWIN_Bert Relker.xlsx
[2025-08-20 14:14:38] 📄 Processing TA_32261-transaction_history_Time1533040964769.xlsx...
[2025-08-20 14:14:38] 🧾 Detected TA file — using deposit/cashout logic.
[2025-08-20 14:14:38] Detected single combined transaction sheet. Attempting auto-detection...
[2025-08-20 14:14:38] ⚠️ Detected single-cell CSV-style header. Converting to columns...
[2025-08-20 14:14:38] ⚠️ Detected single-cell CSV-style header. Converting to columns...
[2025-08-20 14:14:38] ✅ Split header into columns: ['User Name', '"Transaction Date"', '"Amount"', '"Currency"', '"Transaction Description"', '"Product Description"', '"Balance"', '"Currency"', '"Context Id"']
[2025-08-20 14:14:39] ✅ Converted 19850 data rows using text-to-columns logic.
[2025-08-20 14:14:39] 📋 Raw headers: ['User Name', '"Transaction Date"', '"Amount"', '"Currency"', '"Transaction Description"', '"Product Description"', '"Balance"', '"Currency"', '"Context Id"', 'None', 'None']
[2025-08-20 14:14:39] 🔍 Normalized headers: ['username', '"transactiondate"', '"amount"', '"currency"', '"transactiondescription"', '"productdescription"', '"balance"', '"currency"', '"contextid"', 'none', 'none']
[2025-08-20 14:14:39] ⚠️ Header check failed: Missing date or amount — fallback mode. Using fallback mode (Column 0 = date, Column 1 = signed amount).
[2025-08-20 14:14:39] ⚠️ Row 2: Unparsable date → 'peppeleppert'
[2025-08-20 14:14:39] ⚠️ Row 3: Unparsable date → 'peppeleppert'
[2025-08-20 14:14:39] ⚠️ Row 4: Unparsable date → 'peppeleppert'
[2025-08-20 14:14:39] ⚠️ Row 5: Unparsable date → 'peppeleppert'
[2025-08-20 14:14:39] ⚠️ Row 6: Unparsable date → 'peppeleppert'
[2025-08-20 14:14:39] ⚠️ Row 7: Unparsable date → 'peppeleppert'
[2025-08-20 14:14:39] ⚠️ Row 8: Unparsable date → 'peppeleppert'
[2025-08-20 14:14:39] ⚠️ Row 9: Unparsable date → 'peppeleppert'
[2025-08-20 14:14:39] ⚠️ Row 10: Unparsable date → 'peppeleppert'
[2025-08-20 14:14:39] ⚠️ Row 11: Unparsable date → 'peppeleppert'
[2025-08-20 14:14:39] ⚠️ Row 12: Unparsable date → 'peppeleppert'
[2025-08-20 14:14:39] ⚠️ Row 13: Unparsable date → 'peppeleppert'
[2025-08-20 14:14:39] ⚠️ Row 14: Unparsable date → 'peppeleppert'
[2025-08-20 14:14:39] ⚠️ Row 15: Unparsable date → 'peppeleppert'
[2025-08-20 14:14:39] ⚠️ Row 16: Unparsable date → 'peppeleppert'
[2025-08-20 14:14:39] ⚠️ Row 17: Unparsable date → 'peppeleppert'
[2025-08-20 14:14:39] ⚠️ Row 18: Unparsable date → 'peppeleppert'
[2025-08-20 14:14:39] ⚠️ Row 19: Unparsable date → 'peppeleppert'
[2025-08-20 14:14:39] ⚠️ Row 20: Unparsable date → 'peppeleppert'
[2025-08-20 14:14:39] ⚠️ Row 21: Unparsable date → 'peppeleppert'
[2025-08-20 14:14:39] ⚠️ Row 22: Unparsable date → 'peppeleppert'
[2025-08-20 14:14:39] ⚠️ Row 23: Unparsable date → 'peppeleppert'
[2025-08-20 14:14:39] ⚠️ Row 24: Unparsable date → 'peppeleppert'
[2025-08-20 14:14:39] ⚠️ Row 25: Unparsable date → 'peppeleppert'
[2025-08-20 14:14:39] ⚠️ Row 26: Unparsable date → 'peppeleppert'
[2025-08-20 14:14:39] ⚠️ Row 27: Unparsable date → 'peppeleppert'
[2025-08-20 14:14:39] ⚠️ Row 28: Unparsable date → 'peppeleppert'
[2025-08-20 14:14:39] ⚠️ Row 29: Unparsable date → 'peppeleppert'
[2025-08-20 14:14:39] ⚠️ Row 30: Unparsable date → 'peppeleppert'
[2025-08-20 14:14:39] ⚠️ Row 31: Unparsable date → 'peppeleppert'
[2025-08-20 14:14:39] ⚠️ Row 32: Unparsable date → 'peppeleppert'
[2025-08-20 14:14:39] ⚠️ Row 33: Unparsable date → 'peppeleppert'
[2025-08-20 14:14:39] ⚠️ Row 34: Unparsable date → 'peppeleppert'
[2025-08-20 14:14:39] ⚠️ Row 35: Unparsable date → 'peppeleppert'
[2025-08-20 14:14:39] ⚠️ Row 36: Unparsable date → 'peppeleppert'
[2025-08-20 14:14:39] ⚠️ Row 37: Unparsable date → 'peppeleppert'
[2025-08-20 14:14:39] ⚠️ Row 38: Unparsable date → 'peppeleppert'
[2025-08-20 14:14:39] ⚠️ Row 39: Unparsable date → 'peppeleppert'
[2025-08-20 14:14:39] ⚠️ Row 40: Unparsable date → 'peppeleppert'
[2025-08-20 14:14:39] ⚠️ Row 41: Unparsable date → 'peppeleppert'
[2025-08-20 14:14:39] ⚠️ Row 42: Unparsable date → 'peppeleppert'
[2025-08-20 14:14:39] ⚠️ Row 43: Unparsable date → 'peppeleppert'
[2025-08-20 14:14:39] ⚠️ Row 44: Unparsable date → 'peppeleppert'
[2025-08-20 14:14:39] ⚠️ Row 45: Unparsable date → 'peppeleppert'
[2025-08-20 14:14:39] ⚠️ Row 46: Unparsable date → 'peppeleppert'
[2025-08-20 14:14:39] ⚠️ Row 47: Unparsable date → 'peppeleppert'
[2025-08-20 14:14:39] ⚠️ Row 48: Unparsable date → 'peppeleppert'
[2025-08-20 14:14:39] ⚠️ Row 49: Unparsable date → 'peppeleppert'
[2025-08-20 14:14:39] ⚠️ Row 50: Unparsable date → 'peppeleppert'
[2025-08-20 14:14:39] ⚠️ Row 51: Unparsable date → 'peppeleppert'
[2025-08-20 14:14:39] ⚠️ Row 52: Unparsable date → 'peppeleppert'
[2025-08-20 14:14:39] ⚠️ Row 53: Unparsable date → 'peppeleppert'
[2025-08-20 14:14:39] ⚠️ Row 54: Unparsable date → 'peppeleppert'
[2025-08-20 14:14:39] ⚠️ Row 55: Unparsable date → 'peppeleppert'
[2025-08-20 14:14:39] ⚠️ Row 56: Unparsable date → 'peppeleppert'
[2025-08-20 14:14:39] ⚠️ Row 57: Unparsable date → 'peppeleppert'
[2025-08-20 14:14:39] ⚠️ Row 58: Unparsable date → 'peppeleppert'
[2025-08-20 14:14:39] ⚠️ Row 59: Unparsable date → 'peppeleppert'
[2025-08-20 14:14:39] ⚠️ Row 60: Unparsable date → 'peppeleppert'
[2025-08-20 14:14:39] ⚠️ Row 61: Unparsable date → 'peppeleppert'
[2025-08-20 14:14:39] ⚠️ Row 62: Unparsable date → 'peppeleppert'
[2025-08-20 14:14:39] ⚠️ Row 63: Unparsable date → 'peppeleppert'
[2025-08-20 14:14:39] ⚠️ Row 64: Unparsable date → 'peppeleppert'
[2025-08-20 14:14:39] ⚠️ Row 65: Unparsable date → 'peppeleppert'
[2025-08-20 14:14:39] ⚠️ Row 66: Unparsable date → 'peppeleppert'
[2025-08-20 14:14:39] ⚠️ Row 67: Unparsable date → 'peppeleppert'
[2025-08-20 14:14:39] ⚠️ Row 68: Unparsable date → 'peppeleppert'
[2025-08-20 14:14:39] ⚠️ Row 69: Unparsable date → 'peppeleppert'
[2025-08-20 14:14:39] ⚠️ Row 70: Unparsable date → 'peppeleppert'
[2025-08-20 14:14:39] ⚠️ Row 71: Unparsable date → 'peppeleppert'
[2025-08-20 14:14:39] ⚠️ Row 72: Unparsable date → 'peppeleppert'
[2025-08-20 14:14:39] ⚠️ Row 73: Unparsable date → 'peppeleppert'
[2025-08-20 14:14:39] ⚠️ Row 74: Unparsable date → 'peppeleppert'
[2025-08-20 14:14:39] ⚠️ Row 75: Unparsable date → 'peppeleppert'
[2025-08-20 14:14:39] ⚠️ Row 76: Unparsable date → 'peppeleppert'
[2025-08-20 14:14:39] ⚠️ Row 77: Unparsable date → 'peppeleppert'
[2025-08-20 14:14:39] ⚠️ Row 78: Unparsable date → 'peppeleppert'
[2025-08-20 14:14:39] ⚠️ Row 79: Unparsable date → 'peppeleppert'
[2025-08-20 14:14:39] ⚠️ Row 80: Unparsable date → 'peppeleppert'
[2025-08-20 14:14:39] ⚠️ Row 81: Unparsable date → 'peppeleppert'
[2025-08-20 14:14:39] ⚠️ Row 82: Unparsable date → 'peppeleppert'
[2025-08-20 14:14:39] ⚠️ Row 83: Unparsable date → 'peppeleppert'
[2025-08-20 14:14:39] ⚠️ Row 84: Unparsable date → 'peppeleppert'
[2025-08-20 14:14:39] ⚠️ Row 85: Unparsable date → 'peppeleppert'
[2025-08-20 14:14:39] ⚠️ Row 86: Unparsable date → 'peppeleppert'
[2025-08-20 14:14:39] ⚠️ Row 87: Unparsable date → 'peppeleppert'
[2025-08-20 14:14:39] ⚠️ Row 88: Unparsable date → 'peppeleppert'
[2025-08-20 14:14:39] ⚠️ Row 89: Unparsable date → 'peppeleppert'
[2025-08-20 14:14:39] ⚠️ Row 90: Unparsable date → 'peppeleppert'
[2025-08-20 14:14:39] ⚠️ Row 91: Unparsable date → 'peppeleppert'
[2025-08-20 14:14:39] ⚠️ Row 92: Unparsable date → 'peppeleppert'
[2025-08-20 14:14:39] ⚠️ Row 93: Unparsable date → 'peppeleppert'
[2025-08-20 14:14:39] ⚠️ Row 94: Unparsable date → 'peppeleppert'
[2025-08-20 14:14:39] ⚠️ Row 95: Unparsable date → 'peppeleppert'
[2025-08-20 14:14:39] ⚠️ Row 96: Unparsable date → 'peppeleppert'
[2025-08-20 14:14:39] ⚠️ Row 97: Unparsable date → 'peppeleppert'
[2025-08-20 14:14:39] ⚠️ Row 98: Unparsable date → 'peppeleppert'
[2025-08-20 14:14:39] ⚠️ Row 99: Unparsable date → 'peppeleppert'
[2025-08-20 14:14:39] ⚠️ Row 100: Unparsable date → 'peppeleppert'
[2025-08-20 14:14:39] ⚠️ Row 101: Unparsable date → 'peppeleppert'
[2025-08-20 14:14:39] ⚠️ Row 102: Unparsable date → 'peppeleppert'
[2025-08-20 14:14:39] ⚠️ Row 103: Unparsable date → 'peppeleppert'
[2025-08-20 14:14:39] ⚠️ Row 104: Unparsable date → 'peppeleppert'
[2025-08-20 14:14:39] ⚠️ Row 105: Unparsable date → 'peppeleppert'
[2025-08-20 14:14:39] ⚠️ Row 106: Unparsable date → 'peppeleppert'
[2025-08-20 14:14:39] ⚠️ Row 107: Unparsable date → 'peppeleppert'
[2025-08-20 14:14:39] ⚠️ Row 108: Unparsable date → 'peppeleppert'
[2025-08-20 14:14:39] ⚠️ Row 109: Unparsable date → 'peppeleppert'
[2025-08-20 14:14:39] ⚠️ Row 110: Unparsable date → 'peppeleppert'
[2025-08-20 14:14:39] ⚠️ Row 111: Unparsable date → 'peppeleppert'
[2025-08-20 14:14:39] ⚠️ Row 112: Unparsable date → 'peppeleppert'
[2025-08-20 14:14:39] ⚠️ Row 113: Unparsable date → 'peppeleppert'
[2025-08-20 14:14:39] ⚠️ Row 114: Unparsable date → 'peppeleppert'
[2025-08-20 14:14:39] ⚠️ Row 115: Unparsable date → 'peppeleppert'
[2025-08-20 14:14:39] ⚠️ Row 116: Unparsable date → 'peppeleppert'
[2025-08-20 14:14:39] ⚠️ Row 117: Unparsable date → 'peppeleppert'
[2025-08-20 14:14:39] ⚠️ Row 118: Unparsable date → 'peppeleppert'
[2025-08-20 14:14:39] ⚠️ Row 119: Unparsable date → 'peppeleppert'
[2025-08-20 14:14:39] ⚠️ Row 120: Unparsable date → 'peppeleppert'
[2025-08-20 14:14:39] ⚠️ Row 121: Unparsable date → 'peppeleppert'
[2025-08-20 14:14:39] ⚠️ Row 122: Unparsable date → 'peppeleppert'
[2025-08-20 14:14:39] ⚠️ Row 123: Unparsable date → 'peppeleppert'
[2025-08-20 14:14:39] ⚠️ Row 124: Unparsable date → 'peppeleppert'
[2025-08-20 14:14:39] ⚠️ Row 125: Unparsable date → 'peppeleppert'
[2025-08-20 14:14:39] ⚠️ Row 126: Unparsable date → 'peppeleppert'
[2025-08-20 14:14:39] ⚠️ Row 127: Unparsable date → 'peppeleppert'
[2025-08-20 14:14:39] ⚠️ Row 128: Unparsable date → 'peppeleppert'
[2025-08-20 14:14:39] ⚠️ Row 129: Unparsable date → 'peppeleppert'
[2025-08-20 14:14:39] ⚠️ Row 130: Unparsable date → 'peppeleppert'
[2025-08-20 14:14:39] ⚠️ Row 131: Unparsable date → 'peppeleppert'
[2025-08-20 14:14:39] ⚠️ Row 132: Unparsable date → 'peppeleppert'
[2025-08-20 14:14:39] ⚠️ Row 133: Unparsable date → 'peppeleppert'
[2025-08-20 14:14:39] ⚠️ Row 134: Unparsable date → 'peppeleppert'
[2025-08-20 14:14:39] ⚠️ Row 135: Unparsable date → 'peppeleppert'
[2025-08-20 14:14:39] ⚠️ Row 136: Unparsable date → 'peppeleppert'
[2025-08-20 14:14:39] ⚠️ Row 137: Unparsable date → 'peppeleppert'
[2025-08-20 14:14:39] ⚠️ Row 138: Unparsable date → 'peppeleppert'
[2025-08-20 14:14:39] ⚠️ Row 139: Unparsable date → 'peppeleppert'
[2025-08-20 14:14:39] ⚠️ Row 140: Unparsable date → 'peppeleppert'
[2025-08-20 14:14:39] ⚠️ Row 141: Unparsable date → 'peppeleppert'
[2025-08-20 14:14:39] ⚠️ Row 142: Unparsable date → 'peppeleppert'
[2025-08-20 14:14:39] ⚠️ Row 143: Unparsable date → 'peppeleppert'
[2025-08-20 14:14:39] ⚠️ Row 144: Unparsable date → 'peppeleppert'
[2025-08-20 14:14:39] ⚠️ Row 145: Unparsable date → 'peppeleppert'
[2025-08-20 14:14:39] ⚠️ Row 146: Unparsable date → 'peppeleppert'
[2025-08-20 14:14:39] ⚠️ Row 147: Unparsable date → 'peppeleppert'
[2025-08-20 14:14:39] ⚠️ Row 148: Unparsable date → 'peppeleppert'
[2025-08-20 14:14:39] ⚠️ Row 149: Unparsable date → 'peppeleppert'
[2025-08-20 14:14:39] ⚠️ Row 150: Unparsable date → 'peppeleppert'
[2025-08-20 14:14:39] ⚠️ Row 151: Unparsable date → 'peppeleppert'
[2025-08-20 14:14:39] ⚠️ Row 152: Unparsable date → 'peppeleppert'
[2025-08-20 14:14:39] ⚠️ Row 153: Unparsable date → 'peppeleppert'
[2025-08-20 14:14:39] ⚠️ Row 154: Unparsable date → 'peppeleppert'
[2025-08-20 14:14:39] ⚠️ Row 155: Unparsable date → 'peppeleppert'
[2025-08-20 14:14:39] ⚠️ Row 156: Unparsable date → 'peppeleppert'
[2025-08-20 14:14:39] ⚠️ Row 157: Unparsable date → 'peppeleppert'
[2025-08-20 14:14:39] ⚠️ Row 158: Unparsable date → 'peppeleppert'
[2025-08-20 14:14:39] ⚠️ Row 159: Unparsable date → 'peppeleppert'
[2025-08-20 14:14:39] ⚠️ Row 160: Unparsable date → 'peppeleppert'
[2025-08-20 14:14:39] ⚠️ Row 161: Unparsable date → 'peppeleppert'
[2025-08-20 14:14:39] ⚠️ Row 162: Unparsable date → 'peppeleppert'
[2025-08-20 14:14:39] ⚠️ Row 163: Unparsable date → 'peppeleppert'
[2025-08-20 14:14:39] ⚠️ Row 164: Unparsable date → 'peppeleppert'
[2025-08-20 14:14:39] ⚠️ Row 165: Unparsable date → 'peppeleppert'
[2025-08-20 14:14:39] ⚠️ Row 166: Unparsable date → 'peppeleppert'
[2025-08-20 14:14:39] ⚠️ Row 167: Unparsable date → 'peppeleppert'
[2025-08-20 14:14:39] ⚠️ Row 168: Unparsable date → 'peppeleppert'
[2025-08-20 14:14:39] ⚠️ Row 169: Unparsable date → 'peppeleppert'
[2025-08-20 14:14:39] ⚠️ Row 170: Unparsable date → 'peppeleppert'
[2025-08-20 14:14:39] ⚠️ Row 171: Unparsable date → 'peppeleppert'
[2025-08-20 14:14:39] ⚠️ Row 172: Unparsable date → 'peppeleppert'
[2025-08-20 14:14:39] ⚠️ Row 173: Unparsable date → 'peppeleppert'
[2025-08-20 14:14:39] ⚠️ Row 174: Unparsable date → 'peppeleppert'
[2025-08-20 14:14:39] ⚠️ Row 175: Unparsable date → 'peppeleppert'
[2025-08-20 14:14:39] ⚠️ Row 176: Unparsable date → 'peppeleppert'
[2025-08-20 14:14:39] ⚠️ Row 177: Unparsable date → 'peppeleppert'
[2025-08-20 14:14:39] ⚠️ Row 178: Unparsable date → 'peppeleppert'
[2025-08-20 14:14:39] ⚠️ Row 179: Unparsable date → 'peppeleppert'
[2025-08-20 14:14:39] ⚠️ Row 180: Unparsable date → 'peppeleppert'
[2025-08-20 14:14:39] ⚠️ Row 181: Unparsable date → 'peppeleppert'
[2025-08-20 14:14:39] ⚠️ Row 182: Unparsable date → 'peppeleppert'
[2025-08-20 14:14:39] ⚠️ Row 183: Unparsable date → 'peppeleppert'
[2025-08-20 14:14:39] ⚠️ Row 184: Unparsable date → 'peppeleppert'
[2025-08-20 14:14:39] ⚠️ Row 185: Unparsable date → 'peppeleppert'
[2025-08-20 14:14:39] ⚠️ Row 186: Unparsable date → 'peppeleppert'
[2025-08-20 14:14:39] ⚠️ Row 187: Unparsable date → 'peppeleppert'
[2025-08-20 14:14:39] ⚠️ Row 188: Unparsable date → 'peppeleppert'
[2025-08-20 14:14:39] ⚠️ Row 189: Unparsable date → 'peppeleppert'
[2025-08-20 14:14:39] ⚠️ Row 190: Unparsable date → 'peppeleppert'
[2025-08-20 14:14:39] ⚠️ Row 191: Unparsable date → 'peppeleppert'
[2025-08-20 14:14:39] ⚠️ Row 192: Unparsable date → 'peppeleppert'
[2025-08-20 14:14:39] ⚠️ Row 193: Unparsable date → 'peppeleppert'
[2025-08-20 14:14:39] ⚠️ Row 194: Unparsable date → 'peppeleppert'
[2025-08-20 14:14:39] ⚠️ Row 195: Unparsable date → 'peppeleppert'
[2025-08-20 14:14:39] ⚠️ Row 196: Unparsable date → 'peppeleppert'
[2025-08-20 14:14:40] ⚠️ Row 197: Unparsable date → 'peppeleppert'
[2025-08-20 14:14:40] ⚠️ Row 198: Unparsable date → 'peppeleppert'
[2025-08-20 14:14:40] ⚠️ Row 199: Unparsable date → 'peppeleppert'
[2025-08-20 14:14:40] ⚠️ Row 200: Unparsable date → 'peppeleppert'
[2025-08-20 14:14:40] ⚠️ Row 201: Unparsable date → 'peppeleppert'
[2025-08-20 14:14:40] ⚠️ Row 202: Unparsable date → 'peppeleppert'
[2025-08-20 14:14:40] ⚠️ Row 203: Unparsable date → 'peppeleppert'
[2025-08-20 14:14:40] ⚠️ Row 204: Unparsable date → 'peppeleppert'
[2025-08-20 14:14:40] ⚠️ Row 205: Unparsable date → 'peppeleppert'
[2025-08-20 14:14:40] ⚠️ Row 206: Unparsable date → 'peppeleppert'
[2025-08-20 14:14:40] ⚠️ Row 207: Unparsable date → 'peppeleppert'
[2025-08-20 14:14:40] ⚠️ Row 208: Unparsable date → 'peppeleppert'
[2025-08-20 14:14:40] ⚠️ Row 209: Unparsable date → 'peppeleppert'
[2025-08-20 14:14:40] ⚠️ Row 210: Unparsable date → 'peppeleppert'
[2025-08-20 14:14:40] ⚠️ Row 211: Unparsable date → 'peppeleppert'
[2025-08-20 14:14:40] ⚠️ Row 212: Unparsable date → 'peppeleppert'
[2025-08-20 14:14:40] ⚠️ Row 213: Unparsable date → 'peppeleppert'
[2025-08-20 14:14:40] ⚠️ Row 214: Unparsable date → 'peppeleppert'
[2025-08-20 14:14:40] ⚠️ Row 215: Unparsable date → 'peppeleppert'
[2025-08-20 14:14:40] ⚠️ Row 216: Unparsable date → 'peppeleppert'
[2025-08-20 14:14:40] ⚠️ Row 217: Unparsable date → 'peppeleppert'
[2025-08-20 14:14:40] ⚠️ Row 218: Unparsable date → 'peppeleppert'
[2025-08-20 14:14:40] ⚠️ Row 219: Unparsable date → 'peppeleppert'
[2025-08-20 14:14:40] ⚠️ Row 220: Unparsable date → 'peppeleppert'
[2025-08-20 14:14:40] ⚠️ Row 221: Unparsable date → 'peppeleppert'
[2025-08-20 14:14:40] ⚠️ Row 222: Unparsable date → 'peppeleppert'
[2025-08-20 14:14:40] ⚠️ Row 223: Unparsable date → 'peppeleppert'
[2025-08-20 14:14:40] ⚠️ Row 224: Unparsable date → 'peppeleppert'
[2025-08-20 14:14:40] ⚠️ Row 225: Unparsable date → 'peppeleppert'
[2025-08-20 14:14:40] ⚠️ Row 226: Unparsable date → 'peppeleppert'
[2025-08-20 14:14:40] ⚠️ Row 227: Unparsable date → 'peppeleppert'
[2025-08-20 14:14:40] ⚠️ Row 228: Unparsable date → 'peppeleppert'
[2025-08-20 14:14:40] ⚠️ Row 229: Unparsable date → 'peppeleppert'
[2025-08-20 14:14:40] ⚠️ Row 230: Unparsable date → 'peppeleppert'
[2025-08-20 14:14:40] ⚠️ Row 231: Unparsable date → 'peppeleppert'
[2025-08-20 14:14:40] ⚠️ Row 232: Unparsable date → 'peppeleppert'
[2025-08-20 14:14:40] ⚠️ Row 233: Unparsable date → 'peppeleppert'
[2025-08-20 14:14:40] ⚠️ Row 234: Unparsable date → 'peppeleppert'
[2025-08-20 14:14:40] ⚠️ Row 235: Unparsable date → 'peppeleppert'
[2025-08-20 14:14:40] ⚠️ Row 236: Unparsable date → 'peppeleppert'
[2025-08-20 14:14:40] ⚠️ Row 237: Unparsable date → 'peppeleppert'
[2025-08-20 14:14:40] ⚠️ Row 238: Unparsable date → 'peppeleppert'
[2025-08-20 14:14:40] ⚠️ Row 239: Unparsable date → 'peppeleppert'
[2025-08-20 14:14:40] ⚠️ Row 240: Unparsable date → 'peppeleppert'
[2025-08-20 14:14:40] ⚠️ Row 241: Unparsable date → 'peppeleppert'
[2025-08-20 14:14:40] ⚠️ Row 242: Unparsable date → 'peppeleppert'
[2025-08-20 14:14:40] ⚠️ Row 243: Unparsable date → 'peppeleppert'
[2025-08-20 14:14:40] ⚠️ Row 244: Unparsable date → 'peppeleppert'
[2025-08-20 14:14:40] ⚠️ Row 245: Unparsable date → 'peppeleppert'
[2025-08-20 14:14:40] ⚠️ Row 246: Unparsable date → 'peppeleppert'
[2025-08-20 14:14:40] ⚠️ Row 247: Unparsable date → 'peppeleppert'
[2025-08-20 14:14:40] ⚠️ Row 248: Unparsable date → 'peppeleppert'
[2025-08-20 14:14:40] ⚠️ Row 249: Unparsable date → 'peppeleppert'
[2025-08-20 14:14:40] ⚠️ Row 250: Unparsable date → 'peppeleppert'
[2025-08-20 14:14:40] ⚠️ Row 251: Unparsable date → 'peppeleppert'
[2025-08-20 14:14:40] ⚠️ Row 252: Unparsable date → 'peppeleppert'
[2025-08-20 14:14:40] ⚠️ Row 253: Unparsable date → 'peppeleppert'
[2025-08-20 14:14:40] ⚠️ Row 254: Unparsable date → 'peppeleppert'
[2025-08-20 14:14:40] ⚠️ Row 255: Unparsable date → 'peppeleppert'
[2025-08-20 14:14:40] ⚠️ Row 256: Unparsable date → 'peppeleppert'
[2025-08-20 14:14:40] ⚠️ Row 257: Unparsable date → 'peppeleppert'
[2025-08-20 14:14:40] ⚠️ Row 258: Unparsable date → 'peppeleppert'
[2025-08-20 14:14:40] ⚠️ Row 259: Unparsable date → 'peppeleppert'
[2025-08-20 14:14:40] ⚠️ Row 260: Unparsable date → 'peppeleppert'
[2025-08-20 14:14:40] ⚠️ Row 261: Unparsable date → 'peppeleppert'
[2025-08-20 14:14:40] ⚠️ Row 262: Unparsable date → 'peppeleppert'
[2025-08-20 14:14:40] ⚠️ Row 263: Unparsable date → 'peppeleppert'
[2025-08-20 14:14:40] ⚠️ Row 264: Unparsable date → 'peppeleppert'
[2025-08-20 14:14:40] ⚠️ Row 265: Unparsable date → 'peppeleppert'
[2025-08-20 14:14:40] ⚠️ Row 266: Unparsable date → 'peppeleppert'
[2025-08-20 14:14:40] ⚠️ Row 267: Unparsable date → 'peppeleppert'
[2025-08-20 14:14:40] ⚠️ Row 268: Unparsable date → 'peppeleppert'
[2025-08-20 14:14:40] ⚠️ Row 269: Unparsable date → 'peppeleppert'
[2025-08-20 14:14:40] ⚠️ Row 270: Unparsable date → 'peppeleppert'
[2025-08-20 14:14:40] ⚠️ Row 271: Unparsable date → 'peppeleppert'
[2025-08-20 14:14:40] ⚠️ Row 272: Unparsable date → 'peppeleppert'
[2025-08-20 14:14:40] ⚠️ Row 273: Unparsable date → 'peppeleppert'
[2025-08-20 14:14:40] ⚠️ Row 274: Unparsable date → 'peppeleppert'
[2025-08-20 14:14:40] ⚠️ Row 275: Unparsable date → 'peppeleppert'
[2025-08-20 14:14:40] ⚠️ Row 276: Unparsable date → 'peppeleppert'
[2025-08-20 14:14:40] ⚠️ Row 277: Unparsable date → 'peppeleppert'
[2025-08-20 14:14:40] ⚠️ Row 278: Unparsable date → 'peppeleppert'
[2025-08-20 14:14:40] ⚠️ Row 279: Unparsable date → 'peppeleppert'
[2025-08-20 14:14:40] ⚠️ Row 280: Unparsable date → 'peppeleppert'
[2025-08-20 14:14:40] ⚠️ Row 281: Unparsable date → 'peppeleppert'
[2025-08-20 14:14:40] ⚠️ Row 282: Unparsable date → 'peppeleppert'
[2025-08-20 14:14:40] ⚠️ Row 283: Unparsable date → 'peppeleppert'
[2025-08-20 14:14:40] ⚠️ Row 284: Unparsable date → 'peppeleppert'
[2025-08-20 14:14:40] ⚠️ Row 285: Unparsable date → 'peppeleppert'
[2025-08-20 14:14:40] ⚠️ Row 286: Unparsable date → 'peppeleppert'
[2025-08-20 14:14:40] ⚠️ Row 287: Unparsable date → 'peppeleppert'
[2025-08-20 14:14:40] ⚠️ Row 288: Unparsable date → 'peppeleppert'
[2025-08-20 14:14:40] ⚠️ Row 289: Unparsable date → 'peppeleppert'
[2025-08-20 14:14:40] ⚠️ Row 290: Unparsable date → 'peppeleppert'
[2025-08-20 14:14:40] ⚠️ Row 291: Unparsable date → 'peppeleppert'
[2025-08-20 14:14:40] ⚠️ Row 292: Unparsable date → 'peppeleppert'
[2025-08-20 14:14:40] ⚠️ Row 293: Unparsable date → 'peppeleppert'
[2025-08-20 14:14:40] ⚠️ Row 294: Unparsable date → 'peppeleppert'
[2025-08-20 14:14:40] ⚠️ Row 295: Unparsable date → 'peppeleppert'
[2025-08-20 14:14:40] ⚠️ Row 296: Unparsable date → 'peppeleppert'
[2025-08-20 14:14:40] ⚠️ Row 297: Unparsable date → 'peppeleppert'
[2025-08-20 14:14:40] ⚠️ Row 298: Unparsable date → 'peppeleppert'
[2025-08-20 14:14:40] ⚠️ Row 299: Unparsable date → 'peppeleppert'
[2025-08-20 14:14:40] ⚠️ Row 300: Unparsable date → 'peppeleppert'
[2025-08-20 14:14:40] ⚠️ Row 301: Unparsable date → 'peppeleppert'
[2025-08-20 14:14:40] ⚠️ Row 302: Unparsable date → 'peppeleppert'
[2025-08-20 14:14:40] ⚠️ Row 303: Unparsable date → 'peppeleppert'
[2025-08-20 14:14:40] ⚠️ Row 304: Unparsable date → 'peppeleppert'
[2025-08-20 14:14:40] ⚠️ Row 305: Unparsable date → 'peppeleppert'
[2025-08-20 14:14:40] ⚠️ Row 306: Unparsable date → 'peppeleppert'
[2025-08-20 14:14:40] ⚠️ Row 307: Unparsable date → 'peppeleppert'
[2025-08-20 14:14:40] ⚠️ Row 308: Unparsable date → 'peppeleppert'
[2025-08-20 14:14:40] ⚠️ Row 309: Unparsable date → 'peppeleppert'
[2025-08-20 14:14:40] ⚠️ Row 310: Unparsable date → 'peppeleppert'
[2025-08-20 14:14:40] ⚠️ Row 311: Unparsable date → 'peppeleppert'
[2025-08-20 14:14:40] ⚠️ Row 312: Unparsable date → 'peppeleppert'
[2025-08-20 14:14:40] ⚠️ Row 313: Unparsable date → 'peppeleppert'
[2025-08-20 14:14:40] ⚠️ Row 314: Unparsable date → 'peppeleppert'
[2025-08-20 14:14:40] ⚠️ Row 315: Unparsable date → 'peppeleppert'
[2025-08-20 14:14:40] ⚠️ Row 316: Unparsable date → 'peppeleppert'
[2025-08-20 14:14:40] ⚠️ Row 317: Unparsable date → 'peppeleppert'
[2025-08-20 14:14:40] ⚠️ Row 318: Unparsable date → 'peppeleppert'
[2025-08-20 14:14:40] ⚠️ Row 319: Unparsable date → 'peppeleppert'
[2025-08-20 14:14:40] ⚠️ Row 320: Unparsable date → 'peppeleppert'
[2025-08-20 14:14:40] ⚠️ Row 321: Unparsable date → 'peppeleppert'
[2025-08-20 14:14:40] ⚠️ Row 322: Unparsable date → 'peppeleppert'
[2025-08-20 14:14:40] ⚠️ Row 323: Unparsable date → 'peppeleppert'
[2025-08-20 14:14:40] ⚠️ Row 324: Unparsable date → 'peppeleppert'
[2025-08-20 14:14:40] ⚠️ Row 325: Unparsable date → 'peppeleppert'
[2025-08-20 14:14:40] ⚠️ Row 326: Unparsable date → 'peppeleppert'
[2025-08-20 14:14:40] ⚠️ Row 327: Unparsable date → 'peppeleppert'
[2025-08-20 14:14:40] ⚠️ Row 328: Unparsable date → 'peppeleppert'
[2025-08-20 14:14:40] ⚠️ Row 329: Unparsable date → 'peppeleppert'
[2025-08-20 14:14:40] ⚠️ Row 330: Unparsable date → 'peppeleppert'
[2025-08-20 14:14:40] ⚠️ Row 331: Unparsable date → 'peppeleppert'
[2025-08-20 14:14:40] ⚠️ Row 332: Unparsable date → 'peppeleppert'
[2025-08-20 14:14:40] ⚠️ Row 333: Unparsable date → 'peppeleppert'
[2025-08-20 14:14:40] ⚠️ Row 334: Unparsable date → 'peppeleppert'
[2025-08-20 14:14:40] ⚠️ Row 335: Unparsable date → 'peppeleppert'
[2025-08-20 14:14:40] ⚠️ Row 336: Unparsable date → 'peppeleppert'
[2025-08-20 14:14:40] ⚠️ Row 337: Unparsable date → 'peppeleppert'
[2025-08-20 14:14:40] ⚠️ Row 338: Unparsable date → 'peppeleppert'
[2025-08-20 14:14:40] ⚠️ Row 339: Unparsable date → 'peppeleppert'
[2025-08-20 14:14:40] ⚠️ Row 340: Unparsable date → 'peppeleppert'
[2025-08-20 14:14:40] ⚠️ Row 341: Unparsable date → 'peppeleppert'
[2025-08-20 14:14:40] ⚠️ Row 342: Unparsable date → 'peppeleppert'
[2025-08-20 14:14:40] ⚠️ Row 343: Unparsable date → 'peppeleppert'
[2025-08-20 14:14:40] ⚠️ Row 344: Unparsable date → 'peppeleppert'
[2025-08-20 14:14:40] ⚠️ Row 345: Unparsable date → 'peppeleppert'
[2025-08-20 14:14:40] ⚠️ Row 346: Unparsable date → 'peppeleppert'
[2025-08-20 14:14:40] ⚠️ Row 347: Unparsable date → 'peppeleppert'
[2025-08-20 14:14:40] ⚠️ Row 348: Unparsable date → 'peppeleppert'
[2025-08-20 14:14:40] ⚠️ Row 349: Unparsable date → 'peppeleppert'
[2025-08-20 14:14:40] ⚠️ Row 350: Unparsable date → 'peppeleppert'
[2025-08-20 14:14:40] ⚠️ Row 351: Unparsable date → 'peppeleppert'
[2025-08-20 14:14:40] ⚠️ Row 352: Unparsable date → 'peppeleppert'
[2025-08-20 14:14:40] ⚠️ Row 353: Unparsable date → 'peppeleppert'
[2025-08-20 14:14:40] ⚠️ Row 354: Unparsable date → 'peppeleppert'
[2025-08-20 14:14:40] ⚠️ Row 355: Unparsable date → 'peppeleppert'
[2025-08-20 14:14:40] ⚠️ Row 356: Unparsable date → 'peppeleppert'
[2025-08-20 14:14:40] ⚠️ Row 357: Unparsable date → 'peppeleppert'
[2025-08-20 14:14:40] ⚠️ Row 358: Unparsable date → 'peppeleppert'
[2025-08-20 14:14:40] ⚠️ Row 359: Unparsable date → 'peppeleppert'
[2025-08-20 14:14:40] ⚠️ Row 360: Unparsable date → 'peppeleppert'
[2025-08-20 14:14:40] ⚠️ Row 361: Unparsable date → 'peppeleppert'
[2025-08-20 14:14:40] ⚠️ Row 362: Unparsable date → 'peppeleppert'
[2025-08-20 14:14:40] ⚠️ Row 363: Unparsable date → 'peppeleppert'
[2025-08-20 14:14:40] ⚠️ Row 364: Unparsable date → 'peppeleppert'
[2025-08-20 14:14:40] ⚠️ Row 365: Unparsable date → 'peppeleppert'
[2025-08-20 14:14:40] ⚠️ Row 366: Unparsable date → 'peppeleppert'
[2025-08-20 14:14:40] ⚠️ Row 367: Unparsable date → 'peppeleppert'
[2025-08-20 14:14:40] ⚠️ Row 368: Unparsable date → 'peppeleppert'
[2025-08-20 14:14:40] ⚠️ Row 369: Unparsable date → 'peppeleppert'
[2025-08-20 14:14:40] ⚠️ Row 370: Unparsable date → 'peppeleppert'
[2025-08-20 14:14:40] ⚠️ Row 371: Unparsable date → 'peppeleppert'
[2025-08-20 14:14:40] ⚠️ Row 372: Unparsable date → 'peppeleppert'
[2025-08-20 14:14:40] ⚠️ Row 373: Unparsable date → 'peppeleppert'
[2025-08-20 14:14:40] ⚠️ Row 374: Unparsable date → 'peppeleppert'
[2025-08-20 14:14:40] ⚠️ Row 375: Unparsable date → 'peppeleppert'
[2025-08-20 14:14:40] ⚠️ Row 376: Unparsable date → 'peppeleppert'
[2025-08-20 14:14:40] ⚠️ Row 377: Unparsable date → 'peppeleppert'
[2025-08-20 14:14:40] ⚠️ Row 378: Unparsable date → 'peppeleppert'
[2025-08-20 14:14:40] ⚠️ Row 379: Unparsable date → 'peppeleppert'
[2025-08-20 14:14:40] ⚠️ Row 380: Unparsable date → 'peppeleppert'
[2025-08-20 14:14:40] ⚠️ Row 381: Unparsable date → 'peppeleppert'
[2025-08-20 14:14:40] ⚠️ Row 382: Unparsable date → 'peppeleppert'
[2025-08-20 14:14:40] ⚠️ Row 383: Unparsable date → 'peppeleppert'
[2025-08-20 14:14:40] ⚠️ Row 384: Unparsable date → 'peppeleppert'
[2025-08-20 14:14:40] ⚠️ Row 385: Unparsable date → 'peppeleppert'
[2025-08-20 14:14:40] ⚠️ Row 386: Unparsable date → 'peppeleppert'
[2025-08-20 14:14:40] ⚠️ Row 387: Unparsable date → 'peppeleppert'
[2025-08-20 14:14:40] ⚠️ Row 388: Unparsable date → 'peppeleppert'
[2025-08-20 14:14:40] ⚠️ Row 389: Unparsable date → 'peppeleppert'
[2025-08-20 14:14:40] ⚠️ Row 390: Unparsable date → 'peppeleppert'
[2025-08-20 14:14:40] ⚠️ Row 391: Unparsable date → 'peppeleppert'
[2025-08-20 14:14:40] ⚠️ Row 392: Unparsable date → 'peppeleppert'
[2025-08-20 14:14:40] ⚠️ Row 393: Unparsable date → 'peppeleppert'
[2025-08-20 14:14:40] ⚠️ Row 394: Unparsable date → 'peppeleppert'
[2025-08-20 14:14:40] ⚠️ Row 395: Unparsable date → 'peppeleppert'
[2025-08-20 14:14:40] ⚠️ Row 396: Unparsable date → 'peppeleppert'
[2025-08-20 14:14:40] ⚠️ Row 397: Unparsable date → 'peppeleppert'
[2025-08-20 14:14:40] ⚠️ Row 398: Unparsable date → 'peppeleppert'
[2025-08-20 14:14:40] ⚠️ Row 399: Unparsable date → 'peppeleppert'
[2025-08-20 14:14:40] ⚠️ Row 400: Unparsable date → 'peppeleppert'
[2025-08-20 14:14:40] ⚠️ Row 401: Unparsable date → 'peppeleppert'
[2025-08-20 14:14:40] ⚠️ Row 402: Unparsable date → 'peppeleppert'
[2025-08-20 14:14:40] ⚠️ Row 403: Unparsable date → 'peppeleppert'
[2025-08-20 14:14:40] ⚠️ Row 404: Unparsable date → 'peppeleppert'
[2025-08-20 14:14:40] ⚠️ Row 405: Unparsable date → 'peppeleppert'
[2025-08-20 14:14:40] ⚠️ Row 406: Unparsable date → 'peppeleppert'
[2025-08-20 14:14:40] ⚠️ Row 407: Unparsable date → 'peppeleppert'
[2025-08-20 14:14:40] ⚠️ Row 408: Unparsable date → 'peppeleppert'
[2025-08-20 14:14:40] ⚠️ Row 409: Unparsable date → 'peppeleppert'
[2025-08-20 14:14:40] ⚠️ Row 410: Unparsable date → 'peppeleppert'
[2025-08-20 14:14:40] ⚠️ Row 411: Unparsable date → 'peppeleppert'
[2025-08-20 14:14:40] ⚠️ Row 412: Unparsable date → 'peppeleppert'
[2025-08-20 14:14:40] ⚠️ Row 413: Unparsable date → 'peppeleppert'
[2025-08-20 14:14:40] ⚠️ Row 414: Unparsable date → 'peppeleppert'
[2025-08-20 14:14:40] ⚠️ Row 415: Unparsable date → 'peppeleppert'
[2025-08-20 14:14:40] ⚠️ Row 416: Unparsable date → 'peppeleppert'
[2025-08-20 14:14:40] ⚠️ Row 417: Unparsable date → 'peppeleppert'
[2025-08-20 14:14:40] ⚠️ Row 418: Unparsable date → 'peppeleppert'
[2025-08-20 14:14:40] ⚠️ Row 419: Unparsable date → 'peppeleppert'
[2025-08-20 14:14:40] ⚠️ Row 420: Unparsable date → 'peppeleppert'
[2025-08-20 14:14:40] ⚠️ Row 421: Unparsable date → 'peppeleppert'
[2025-08-20 14:14:40] ⚠️ Row 422: Unparsable date → 'peppeleppert'
[2025-08-20 14:14:40] ⚠️ Row 423: Unparsable date → 'peppeleppert'
[2025-08-20 14:14:40] ⚠️ Row 424: Unparsable date → 'peppeleppert'
[2025-08-20 14:14:40] ⚠️ Row 425: Unparsable date → 'peppeleppert'
[2025-08-20 14:14:40] ⚠️ Row 426: Unparsable date → 'peppeleppert'
[2025-08-20 14:14:40] ⚠️ Row 427: Unparsable date → 'peppeleppert'
[2025-08-20 14:14:40] ⚠️ Row 428: Unparsable date → 'peppeleppert'
[2025-08-20 14:14:40] ⚠️ Row 429: Unparsable date → 'peppeleppert'
[2025-08-20 14:14:40] ⚠️ Row 430: Unparsable date → 'peppeleppert'
[2025-08-20 14:14:40] ⚠️ Row 431: Unparsable date → 'peppeleppert'
[2025-08-20 14:14:40] ⚠️ Row 432: Unparsable date → 'peppeleppert'
[2025-08-20 14:14:40] ⚠️ Row 433: Unparsable date → 'peppeleppert'
[2025-08-20 14:14:40] ⚠️ Row 434: Unparsable date → 'peppeleppert'
[2025-08-20 14:14:40] ⚠️ Row 435: Unparsable date → 'peppeleppert'
[2025-08-20 14:14:40] ⚠️ Row 436: Unparsable date → 'peppeleppert'
[2025-08-20 14:14:40] ⚠️ Row 437: Unparsable date → 'peppeleppert'
[2025-08-20 14:14:40] ⚠️ Row 438: Unparsable date → 'peppeleppert'
[2025-08-20 14:14:40] ⚠️ Row 439: Unparsable date → 'peppeleppert'
[2025-08-20 14:14:40] ⚠️ Row 440: Unparsable date → 'peppeleppert'
[2025-08-20 14:14:40] ⚠️ Row 441: Unparsable date → 'peppeleppert'
[2025-08-20 14:14:40] ⚠️ Row 442: Unparsable date → 'peppeleppert'
[2025-08-20 14:14:40] ⚠️ Row 443: Unparsable date → 'peppeleppert'
[2025-08-20 14:14:40] ⚠️ Row 444: Unparsable date → 'peppeleppert'
[2025-08-20 14:14:40] ⚠️ Row 445: Unparsable date → 'peppeleppert'
[2025-08-20 14:14:40] ⚠️ Row 446: Unparsable date → 'peppeleppert'
[2025-08-20 14:14:40] ⚠️ Row 447: Unparsable date → 'peppeleppert'
[2025-08-20 14:14:40] ⚠️ Row 448: Unparsable date → 'peppeleppert'
[2025-08-20 14:14:40] ⚠️ Row 449: Unparsable date → 'peppeleppert'
[2025-08-20 14:14:40] ⚠️ Row 450: Unparsable date → 'peppeleppert'
[2025-08-20 14:14:40] ⚠️ Row 451: Unparsable date → 'peppeleppert'
[2025-08-20 14:14:40] ⚠️ Row 452: Unparsable date → 'peppeleppert'
[2025-08-20 14:14:40] ⚠️ Row 453: Unparsable date → 'peppeleppert'
[2025-08-20 14:14:40] ⚠️ Row 454: Unparsable date → 'peppeleppert'
[2025-08-20 14:14:40] ⚠️ Row 455: Unparsable date → 'peppeleppert'
[2025-08-20 14:14:40] ⚠️ Row 456: Unparsable date → 'peppeleppert'
[2025-08-20 14:14:40] ⚠️ Row 457: Unparsable date → 'peppeleppert'
[2025-08-20 14:14:40] ⚠️ Row 458: Unparsable date → 'peppeleppert'
[2025-08-20 14:14:40] ⚠️ Row 459: Unparsable date → 'peppeleppert'
[2025-08-20 14:14:40] ⚠️ Row 460: Unparsable date → 'peppeleppert'
[2025-08-20 14:14:40] ⚠️ Row 461: Unparsable date → 'peppeleppert'
[2025-08-20 14:14:40] ⚠️ Row 462: Unparsable date → 'peppeleppert'
[2025-08-20 14:14:40] ⚠️ Row 463: Unparsable date → 'peppeleppert'
[2025-08-20 14:14:40] ⚠️ Row 464: Unparsable date → 'peppeleppert'
[2025-08-20 14:14:40] ⚠️ Row 465: Unparsable date → 'peppeleppert'
[2025-08-20 14:14:40] ⚠️ Row 466: Unparsable date → 'peppeleppert'
[2025-08-20 14:14:40] ⚠️ Row 467: Unparsable date → 'peppeleppert'
[2025-08-20 14:14:40] ⚠️ Row 468: Unparsable date → 'peppeleppert'
[2025-08-20 14:14:40] ⚠️ Row 469: Unparsable date → 'peppeleppert'
[2025-08-20 14:14:40] ⚠️ Row 470: Unparsable date → 'peppeleppert'
[2025-08-20 14:14:40] ⚠️ Row 471: Unparsable date → 'peppeleppert'
[2025-08-20 14:14:40] ⚠️ Row 472: Unparsable date → 'peppeleppert'
[2025-08-20 14:14:40] ⚠️ Row 473: Unparsable date → 'peppeleppert'
[2025-08-20 14:14:40] ⚠️ Row 474: Unparsable date → 'peppeleppert'
[2025-08-20 14:14:40] ⚠️ Row 475: Unparsable date → 'peppeleppert'
[2025-08-20 14:14:40] ⚠️ Row 476: Unparsable date → 'peppeleppert'
[2025-08-20 14:14:40] ⚠️ Row 477: Unparsable date → 'peppeleppert'
[2025-08-20 14:14:40] ⚠️ Row 478: Unparsable date → 'peppeleppert'
[2025-08-20 14:14:40] ⚠️ Row 479: Unparsable date → 'peppeleppert'
[2025-08-20 14:14:40] ⚠️ Row 480: Unparsable date → 'peppeleppert'
[2025-08-20 14:14:40] ⚠️ Row 481: Unparsable date → 'peppeleppert'
[2025-08-20 14:14:40] ⚠️ Row 482: Unparsable date → 'peppeleppert'
[2025-08-20 14:14:40] ⚠️ Row 483: Unparsable date → 'peppeleppert'
[2025-08-20 14:14:40] ⚠️ Row 484: Unparsable date → 'peppeleppert'
[2025-08-20 14:14:40] ⚠️ Row 485: Unparsable date → 'peppeleppert'
[2025-08-20 14:14:40] ⚠️ Row 486: Unparsable date → 'peppeleppert'
[2025-08-20 14:14:40] ⚠️ Row 487: Unparsable date → 'peppeleppert'
[2025-08-20 14:14:40] ⚠️ Row 488: Unparsable date → 'peppeleppert'
[2025-08-20 14:14:40] ⚠️ Row 489: Unparsable date → 'peppeleppert'
[2025-08-20 14:14:40] ⚠️ Row 490: Unparsable date → 'peppeleppert'
[2025-08-20 14:14:40] ⚠️ Row 491: Unparsable date → 'peppeleppert'
[2025-08-20 14:14:40] ⚠️ Row 492: Unparsable date → 'peppeleppert'
[2025-08-20 14:14:40] ⚠️ Row 493: Unparsable date → 'peppeleppert'
[2025-08-20 14:14:41] ⚠️ Row 494: Unparsable date → 'peppeleppert'
[2025-08-20 14:14:41] ⚠️ Row 495: Unparsable date → 'peppeleppert'
[2025-08-20 14:14:41] ⚠️ Row 496: Unparsable date → 'peppeleppert'
[2025-08-20 14:14:41] ⚠️ Row 497: Unparsable date → 'peppeleppert'
[2025-08-20 14:14:41] ⚠️ Row 498: Unparsable date → 'peppeleppert'
[2025-08-20 14:14:41] ⚠️ Row 499: Unparsable date → 'peppeleppert'
[2025-08-20 14:14:41] ⚠️ Row 500: Unparsable date → 'peppeleppert'
[2025-08-20 14:14:41] ⚠️ Row 501: Unparsable date → 'peppeleppert'
[2025-08-20 14:14:41] ⚠️ Row 502: Unparsable date → 'peppeleppert'
[2025-08-20 14:14:41] ⚠️ Row 503: Unparsable date → 'peppeleppert'
[2025-08-20 14:14:41] ⚠️ Row 504: Unparsable date → 'peppeleppert'
[2025-08-20 14:14:41] ⚠️ Row 505: Unparsable date → 'peppeleppert'
[2025-08-20 14:14:41] ⚠️ Row 506: Unparsable date → 'peppeleppert'
[2025-08-20 14:14:41] ⚠️ Row 507: Unparsable date → 'peppeleppert'
[2025-08-20 14:14:41] ⚠️ Row 508: Unparsable date → 'peppeleppert'
[2025-08-20 14:14:41] ⚠️ Row 509: Unparsable date → 'peppeleppert'
[2025-08-20 14:14:41] ⚠️ Row 510: Unparsable date → 'peppeleppert'
[2025-08-20 14:14:41] ⚠️ Row 511: Unparsable date → 'peppeleppert'
[2025-08-20 14:14:41] ⚠️ Row 512: Unparsable date → 'peppeleppert'
[2025-08-20 14:14:41] ⚠️ Row 513: Unparsable date → 'peppeleppert'
[2025-08-20 14:14:41] ⚠️ Row 514: Unparsable date → 'peppeleppert'
[2025-08-20 14:14:41] ⚠️ Row 515: Unparsable date → 'peppeleppert'
[2025-08-20 14:14:41] ⚠️ Row 516: Unparsable date → 'peppeleppert'
[2025-08-20 14:14:41] ⚠️ Row 517: Unparsable date → 'peppeleppert'
[2025-08-20 14:14:41] ⚠️ Row 518: Unparsable date → 'peppeleppert'
[2025-08-20 14:14:41] ⚠️ Row 519: Unparsable date → 'peppeleppert'
[2025-08-20 14:14:41] ⚠️ Row 520: Unparsable date → 'peppeleppert'
[2025-08-20 14:14:41] ⚠️ Row 521: Unparsable date → 'peppeleppert'
[2025-08-20 14:14:41] ⚠️ Row 522: Unparsable date → 'peppeleppert'
[2025-08-20 14:14:41] ⚠️ Row 523: Unparsable date → 'peppeleppert'
[2025-08-20 14:14:41] ⚠️ Row 524: Unparsable date → 'peppeleppert'
[2025-08-20 14:14:41] ⚠️ Row 525: Unparsable date → 'peppeleppert'
[2025-08-20 14:14:41] ⚠️ Row 526: Unparsable date → 'peppeleppert'
[2025-08-20 14:14:41] ⚠️ Row 527: Unparsable date → 'peppeleppert'
[2025-08-20 14:14:41] ⚠️ Row 528: Unparsable date → 'peppeleppert'
[2025-08-20 14:14:41] ⚠️ Row 529: Unparsable date → 'peppeleppert'
[2025-08-20 14:14:41] ⚠️ Row 530: Unparsable date → 'peppeleppert'
[2025-08-20 14:14:41] ⚠️ Row 531: Unparsable date → 'peppeleppert'
[2025-08-20 14:14:41] ⚠️ Row 532: Unparsable date → 'peppeleppert'
[2025-08-20 14:14:41] ⚠️ Row 533: Unparsable date → 'peppeleppert'
[2025-08-20 14:14:41] ⚠️ Row 534: Unparsable date → 'peppeleppert'
[2025-08-20 14:14:41] ⚠️ Row 535: Unparsable date → 'peppeleppert'
[2025-08-20 14:14:41] ⚠️ Row 536: Unparsable date → 'peppeleppert'
[2025-08-20 14:14:41] ⚠️ Row 537: Unparsable date → 'peppeleppert'
[2025-08-20 14:14:41] ⚠️ Row 538: Unparsable date → 'peppeleppert'
[2025-08-20 14:14:41] ⚠️ Row 539: Unparsable date → 'peppeleppert'
[2025-08-20 14:14:41] ⚠️ Row 540: Unparsable date → 'peppeleppert'
[2025-08-20 14:14:41] ⚠️ Row 541: Unparsable date → 'peppeleppert'
[2025-08-20 14:14:41] ⚠️ Row 542: Unparsable date → 'peppeleppert'
[2025-08-20 14:14:41] ⚠️ Row 543: Unparsable date → 'peppeleppert'
[2025-08-20 14:14:41] ⚠️ Row 544: Unparsable date → 'peppeleppert'
[2025-08-20 14:14:41] ⚠️ Row 545: Unparsable date → 'peppeleppert'
[2025-08-20 14:14:41] ⚠️ Row 546: Unparsable date → 'peppeleppert'
[2025-08-20 14:14:41] ⚠️ Row 547: Unparsable date → 'peppeleppert'
[2025-08-20 14:14:41] ⚠️ Row 548: Unparsable date → 'peppeleppert'
[2025-08-20 14:14:41] ⚠️ Row 549: Unparsable date → 'peppeleppert'
[2025-08-20 14:14:41] ⚠️ Row 550: Unparsable date → 'peppeleppert'
[2025-08-20 14:14:41] ⚠️ Row 551: Unparsable date → 'peppeleppert'
[2025-08-20 14:14:41] ⚠️ Row 552: Unparsable date → 'peppeleppert'
[2025-08-20 14:14:41] ⚠️ Row 553: Unparsable date → 'peppeleppert'
[2025-08-20 14:14:41] ⚠️ Row 554: Unparsable date → 'peppeleppert'
[2025-08-20 14:14:41] ⚠️ Row 555: Unparsable date → 'peppeleppert'
[2025-08-20 14:14:41] ⚠️ Row 556: Unparsable date → 'peppeleppert'
[2025-08-20 14:14:41] ⚠️ Row 557: Unparsable date → 'peppeleppert'
[2025-08-20 14:14:41] ⚠️ Row 558: Unparsable date → 'peppeleppert'
[2025-08-20 14:14:41] ⚠️ Row 559: Unparsable date → 'peppeleppert'
[2025-08-20 14:14:41] ⚠️ Row 560: Unparsable date → 'peppeleppert'
[2025-08-20 14:14:41] ⚠️ Row 561: Unparsable date → 'peppeleppert'
[2025-08-20 14:14:41] ⚠️ Row 562: Unparsable date → 'peppeleppert'
[2025-08-20 14:14:41] ⚠️ Row 563: Unparsable date → 'peppeleppert'
[2025-08-20 14:14:41] ⚠️ Row 564: Unparsable date → 'peppeleppert'
[2025-08-20 14:14:41] ⚠️ Row 565: Unparsable date → 'peppeleppert'
[2025-08-20 14:14:41] ⚠️ Row 566: Unparsable date → 'peppeleppert'
[2025-08-20 14:14:41] ⚠️ Row 567: Unparsable date → 'peppeleppert'
[2025-08-20 14:14:41] ⚠️ Row 568: Unparsable date → 'peppeleppert'
[2025-08-20 14:14:41] ⚠️ Row 569: Unparsable date → 'peppeleppert'
[2025-08-20 14:14:41] ⚠️ Row 570: Unparsable date → 'peppeleppert'
[2025-08-20 14:14:41] ⚠️ Row 571: Unparsable date → 'peppeleppert'
[2025-08-20 14:14:41] ⚠️ Row 572: Unparsable date → 'peppeleppert'
[2025-08-20 14:14:41] ⚠️ Row 573: Unparsable date → 'peppeleppert'
[2025-08-20 14:14:41] ⚠️ Row 574: Unparsable date → 'peppeleppert'
[2025-08-20 14:14:41] ⚠️ Row 575: Unparsable date → 'peppeleppert'
[2025-08-20 14:14:41] ⚠️ Row 576: Unparsable date → 'peppeleppert'
[2025-08-20 14:14:41] ⚠️ Row 577: Unparsable date → 'peppeleppert'
[2025-08-20 14:14:41] ⚠️ Row 578: Unparsable date → 'peppeleppert'
[2025-08-20 14:14:41] ⚠️ Row 579: Unparsable date → 'peppeleppert'
[2025-08-20 14:14:41] ⚠️ Row 580: Unparsable date → 'peppeleppert'
[2025-08-20 14:14:41] ⚠️ Row 581: Unparsable date → 'peppeleppert'
[2025-08-20 14:14:41] ⚠️ Row 582: Unparsable date → 'peppeleppert'
[2025-08-20 14:14:41] ⚠️ Row 583: Unparsable date → 'peppeleppert'
[2025-08-20 14:14:41] ⚠️ Row 584: Unparsable date → 'peppeleppert'
[2025-08-20 14:14:41] ⚠️ Row 585: Unparsable date → 'peppeleppert'
[2025-08-20 14:14:41] ⚠️ Row 586: Unparsable date → 'peppeleppert'
[2025-08-20 14:14:41] ⚠️ Row 587: Unparsable date → 'peppeleppert'
[2025-08-20 14:14:41] ⚠️ Row 588: Unparsable date → 'peppeleppert'
[2025-08-20 14:14:41] ⚠️ Row 589: Unparsable date → 'peppeleppert'
[2025-08-20 14:14:41] ⚠️ Row 590: Unparsable date → 'peppeleppert'
[2025-08-20 14:14:41] ⚠️ Row 591: Unparsable date → 'peppeleppert'
[2025-08-20 14:14:41] ⚠️ Row 592: Unparsable date → 'peppeleppert'
[2025-08-20 14:14:41] ⚠️ Row 593: Unparsable date → 'peppeleppert'
[2025-08-20 14:14:41] ⚠️ Row 594: Unparsable date → 'peppeleppert'
[2025-08-20 14:14:41] ⚠️ Row 595: Unparsable date → 'peppeleppert'
[2025-08-20 14:14:41] ⚠️ Row 596: Unparsable date → 'peppeleppert'
[2025-08-20 14:14:41] ⚠️ Row 597: Unparsable date → 'peppeleppert'
[2025-08-20 14:14:41] ⚠️ Row 598: Unparsable date → 'peppeleppert'
[2025-08-20 14:14:41] ⚠️ Row 599: Unparsable date → 'peppeleppert'
[2025-08-20 14:14:41] ⚠️ Row 600: Unparsable date → 'peppeleppert'
[2025-08-20 14:14:41] ⚠️ Row 601: Unparsable date → 'peppeleppert'
[2025-08-20 14:14:41] ⚠️ Row 602: Unparsable date → 'peppeleppert'
[2025-08-20 14:14:41] ⚠️ Row 603: Unparsable date → 'peppeleppert'
[2025-08-20 14:14:41] ⚠️ Row 604: Unparsable date → 'peppeleppert'
[2025-08-20 14:14:41] ⚠️ Row 605: Unparsable date → 'peppeleppert'
[2025-08-20 14:14:41] ⚠️ Row 606: Unparsable date → 'peppeleppert'
[2025-08-20 14:14:41] ⚠️ Row 607: Unparsable date → 'peppeleppert'
[2025-08-20 14:14:41] ⚠️ Row 608: Unparsable date → 'peppeleppert'
[2025-08-20 14:14:41] ⚠️ Row 609: Unparsable date → 'peppeleppert'
[2025-08-20 14:14:41] ⚠️ Row 610: Unparsable date → 'peppeleppert'
[2025-08-20 14:14:41] ⚠️ Row 611: Unparsable date → 'peppeleppert'
[2025-08-20 14:14:41] ⚠️ Row 612: Unparsable date → 'peppeleppert'
[2025-08-20 14:14:41] ⚠️ Row 613: Unparsable date → 'peppeleppert'
[2025-08-20 14:14:41] ⚠️ Row 614: Unparsable date → 'peppeleppert'
[2025-08-20 14:14:41] ⚠️ Row 615: Unparsable date → 'peppeleppert'
[2025-08-20 14:14:41] ⚠️ Row 616: Unparsable date → 'peppeleppert'
[2025-08-20 14:14:41] ⚠️ Row 617: Unparsable date → 'peppeleppert'
[2025-08-20 14:14:41] ⚠️ Row 618: Unparsable date → 'peppeleppert'
[2025-08-20 14:14:41] ⚠️ Row 619: Unparsable date → 'peppeleppert'
[2025-08-20 14:14:41] ⚠️ Row 620: Unparsable date → 'peppeleppert'
[2025-08-20 14:14:41] ⚠️ Row 621: Unparsable date → 'peppeleppert'
[2025-08-20 14:14:41] ⚠️ Row 622: Unparsable date → 'peppeleppert'
[2025-08-20 14:14:41] ⚠️ Row 623: Unparsable date → 'peppeleppert'
[2025-08-20 14:14:41] ⚠️ Row 624: Unparsable date → 'peppeleppert'
[2025-08-20 14:14:41] ⚠️ Row 625: Unparsable date → 'peppeleppert'
[2025-08-20 14:14:41] ⚠️ Row 626: Unparsable date → 'peppeleppert'
[2025-08-20 14:14:41] ⚠️ Row 627: Unparsable date → 'peppeleppert'
[2025-08-20 14:14:41] ⚠️ Row 628: Unparsable date → 'peppeleppert'
[2025-08-20 14:14:41] ⚠️ Row 629: Unparsable date → 'peppeleppert'
[2025-08-20 14:14:41] ⚠️ Row 630: Unparsable date → 'peppeleppert'
[2025-08-20 14:14:41] ⚠️ Row 631: Unparsable date → 'peppeleppert'
[2025-08-20 14:14:41] ⚠️ Row 632: Unparsable date → 'peppeleppert'
[2025-08-20 14:14:41] ⚠️ Row 633: Unparsable date → 'peppeleppert'
[2025-08-20 14:14:41] ⚠️ Row 634: Unparsable date → 'peppeleppert'
[2025-08-20 14:14:41] ⚠️ Row 635: Unparsable date → 'peppeleppert'
[2025-08-20 14:14:41] ⚠️ Row 636: Unparsable date → 'peppeleppert'
[2025-08-20 14:14:41] ⚠️ Row 637: Unparsable date → 'peppeleppert'
[2025-08-20 14:14:41] ⚠️ Row 638: Unparsable date → 'peppeleppert'
[2025-08-20 14:14:41] ⚠️ Row 639: Unparsable date → 'peppeleppert'
[2025-08-20 14:14:41] ⚠️ Row 640: Unparsable date → 'peppeleppert'
[2025-08-20 14:14:41] ⚠️ Row 641: Unparsable date → 'peppeleppert'
[2025-08-20 14:14:41] ⚠️ Row 642: Unparsable date → 'peppeleppert'
[2025-08-20 14:14:41] ⚠️ Row 643: Unparsable date → 'peppeleppert'
[2025-08-20 14:14:41] ⚠️ Row 644: Unparsable date → 'peppeleppert'
[2025-08-20 14:14:41] ⚠️ Row 645: Unparsable date → 'peppeleppert'
[2025-08-20 14:14:41] ⚠️ Row 646: Unparsable date → 'peppeleppert'
[2025-08-20 14:14:41] ⚠️ Row 647: Unparsable date → 'peppeleppert'
[2025-08-20 14:14:41] ⚠️ Row 648: Unparsable date → 'peppeleppert'
[2025-08-20 14:14:41] ⚠️ Row 649: Unparsable date → 'peppeleppert'
[2025-08-20 14:14:41] ⚠️ Row 650: Unparsable date → 'peppeleppert'
[2025-08-20 14:14:41] ⚠️ Row 651: Unparsable date → 'peppeleppert'
[2025-08-20 14:14:41] ⚠️ Row 652: Unparsable date → 'peppeleppert'
[2025-08-20 14:14:41] ⚠️ Row 653: Unparsable date → 'peppeleppert'
[2025-08-20 14:14:41] ⚠️ Row 654: Unparsable date → 'peppeleppert'
[2025-08-20 14:14:41] ⚠️ Row 655: Unparsable date → 'peppeleppert'
[2025-08-20 14:14:41] ⚠️ Row 656: Unparsable date → 'peppeleppert'
[2025-08-20 14:14:41] ⚠️ Row 657: Unparsable date → 'peppeleppert'
[2025-08-20 14:14:41] ⚠️ Row 658: Unparsable date → 'peppeleppert'
[2025-08-20 14:14:41] ⚠️ Row 659: Unparsable date → 'peppeleppert'
[2025-08-20 14:14:41] ⚠️ Row 660: Unparsable date → 'peppeleppert'
[2025-08-20 14:14:41] ⚠️ Row 661: Unparsable date → 'peppeleppert'
[2025-08-20 14:14:41] ⚠️ Row 662: Unparsable date → 'peppeleppert'
[2025-08-20 14:14:41] ⚠️ Row 663: Unparsable date → 'peppeleppert'
[2025-08-20 14:14:41] ⚠️ Row 664: Unparsable date → 'peppeleppert'
[2025-08-20 14:14:41] ⚠️ Row 665: Unparsable date → 'peppeleppert'
[2025-08-20 14:14:41] ⚠️ Row 666: Unparsable date → 'peppeleppert'
[2025-08-20 14:14:41] ⚠️ Row 667: Unparsable date → 'peppeleppert'
[2025-08-20 14:14:41] ⚠️ Row 668: Unparsable date → 'peppeleppert'
[2025-08-20 14:14:41] ⚠️ Row 669: Unparsable date → 'peppeleppert'
[2025-08-20 14:14:41] ⚠️ Row 670: Unparsable date → 'peppeleppert'
[2025-08-20 14:14:41] ⚠️ Row 671: Unparsable date → 'peppeleppert'
[2025-08-20 14:14:41] ⚠️ Row 672: Unparsable date → 'peppeleppert'
[2025-08-20 14:14:41] ⚠️ Row 673: Unparsable date → 'peppeleppert'
[2025-08-20 14:14:41] ⚠️ Row 674: Unparsable date → 'peppeleppert'
[2025-08-20 14:14:41] ⚠️ Row 675: Unparsable date → 'peppeleppert'
[2025-08-20 14:14:41] ⚠️ Row 676: Unparsable date → 'peppeleppert'
[2025-08-20 14:14:41] ⚠️ Row 677: Unparsable date → 'peppeleppert'
[2025-08-20 14:14:41] ⚠️ Row 678: Unparsable date → 'peppeleppert'
[2025-08-20 14:14:41] ⚠️ Row 679: Unparsable date → 'peppeleppert'
[2025-08-20 14:14:41] ⚠️ Row 680: Unparsable date → 'peppeleppert'
[2025-08-20 14:14:41] ⚠️ Row 681: Unparsable date → 'peppeleppert'
[2025-08-20 14:14:41] ⚠️ Row 682: Unparsable date → 'peppeleppert'
[2025-08-20 14:14:41] ⚠️ Row 683: Unparsable date → 'peppeleppert'
[2025-08-20 14:14:41] ⚠️ Row 684: Unparsable date → 'peppeleppert'
[2025-08-20 14:14:41] ⚠️ Row 685: Unparsable date → 'peppeleppert'
[2025-08-20 14:14:41] ⚠️ Row 686: Unparsable date → 'peppeleppert'
[2025-08-20 14:14:41] ⚠️ Row 687: Unparsable date → 'peppeleppert'
[2025-08-20 14:14:41] ⚠️ Row 688: Unparsable date → 'peppeleppert'
[2025-08-20 14:14:41] ⚠️ Row 689: Unparsable date → 'peppeleppert'
[2025-08-20 14:14:41] ⚠️ Row 690: Unparsable date → 'peppeleppert'
[2025-08-20 14:14:41] ⚠️ Row 691: Unparsable date → 'peppeleppert'
[2025-08-20 14:14:41] ⚠️ Row 692: Unparsable date → 'peppeleppert'
[2025-08-20 14:14:41] ⚠️ Row 693: Unparsable date → 'peppeleppert'
[2025-08-20 14:14:41] ⚠️ Row 694: Unparsable date → 'peppeleppert'
[2025-08-20 14:14:41] ⚠️ Row 695: Unparsable date → 'peppeleppert'
[2025-08-20 14:14:41] ⚠️ Row 696: Unparsable date → 'peppeleppert'
[2025-08-20 14:14:41] ⚠️ Row 697: Unparsable date → 'peppeleppert'
[2025-08-20 14:14:41] ⚠️ Row 698: Unparsable date → 'peppeleppert'
[2025-08-20 14:14:41] ⚠️ Row 699: Unparsable date → 'peppeleppert'
[2025-08-20 14:14:41] ⚠️ Row 700: Unparsable date → 'peppeleppert'
[2025-08-20 14:14:41] ⚠️ Row 701: Unparsable date → 'peppeleppert'
[2025-08-20 14:14:41] ⚠️ Row 702: Unparsable date → 'peppeleppert'
[2025-08-20 14:14:41] ⚠️ Row 703: Unparsable date → 'peppeleppert'
[2025-08-20 14:14:41] ⚠️ Row 704: Unparsable date → 'peppeleppert'
[2025-08-20 14:14:41] ⚠️ Row 705: Unparsable date → 'peppeleppert'
[2025-08-20 14:14:41] ⚠️ Row 706: Unparsable date → 'peppeleppert'
[2025-08-20 14:14:41] ⚠️ Row 707: Unparsable date → 'peppeleppert'
[2025-08-20 14:14:41] ⚠️ Row 708: Unparsable date → 'peppeleppert'
[2025-08-20 14:14:41] ⚠️ Row 709: Unparsable date → 'peppeleppert'
[2025-08-20 14:14:41] ⚠️ Row 710: Unparsable date → 'peppeleppert'
[2025-08-20 14:14:41] ⚠️ Row 711: Unparsable date → 'peppeleppert'
[2025-08-20 14:14:41] ⚠️ Row 712: Unparsable date → 'peppeleppert'
[2025-08-20 14:14:41] ⚠️ Row 713: Unparsable date → 'peppeleppert'
[2025-08-20 14:14:41] ⚠️ Row 714: Unparsable date → 'peppeleppert'
[2025-08-20 14:14:41] ⚠️ Row 715: Unparsable date → 'peppeleppert'
[2025-08-20 14:14:41] ⚠️ Row 716: Unparsable date → 'peppeleppert'
[2025-08-20 14:14:41] ⚠️ Row 717: Unparsable date → 'peppeleppert'
[2025-08-20 14:14:41] ⚠️ Row 718: Unparsable date → 'peppeleppert'
[2025-08-20 14:14:41] ⚠️ Row 719: Unparsable date → 'peppeleppert'
[2025-08-20 14:14:41] ⚠️ Row 720: Unparsable date → 'peppeleppert'
[2025-08-20 14:14:41] ⚠️ Row 721: Unparsable date → 'peppeleppert'
[2025-08-20 14:14:41] ⚠️ Row 722: Unparsable date → 'peppeleppert'
[2025-08-20 14:14:41] ⚠️ Row 723: Unparsable date → 'peppeleppert'
[2025-08-20 14:14:41] ⚠️ Row 724: Unparsable date → 'peppeleppert'
[2025-08-20 14:14:41] ⚠️ Row 725: Unparsable date → 'peppeleppert'
[2025-08-20 14:14:41] ⚠️ Row 726: Unparsable date → 'peppeleppert'
[2025-08-20 14:14:41] ⚠️ Row 727: Unparsable date → 'peppeleppert'
[2025-08-20 14:14:41] ⚠️ Row 728: Unparsable date → 'peppeleppert'
[2025-08-20 14:14:41] ⚠️ Row 729: Unparsable date → 'peppeleppert'
[2025-08-20 14:14:41] ⚠️ Row 730: Unparsable date → 'peppeleppert'
[2025-08-20 14:14:41] ⚠️ Row 731: Unparsable date → 'peppeleppert'
[2025-08-20 14:14:41] ⚠️ Row 732: Unparsable date → 'peppeleppert'
[2025-08-20 14:14:41] ⚠️ Row 733: Unparsable date → 'peppeleppert'
[2025-08-20 14:14:41] ⚠️ Row 734: Unparsable date → 'peppeleppert'
[2025-08-20 14:14:41] ⚠️ Row 735: Unparsable date → 'peppeleppert'
[2025-08-20 14:14:41] ⚠️ Row 736: Unparsable date → 'peppeleppert'
[2025-08-20 14:14:41] ⚠️ Row 737: Unparsable date → 'peppeleppert'
[2025-08-20 14:14:41] ⚠️ Row 738: Unparsable date → 'peppeleppert'
[2025-08-20 14:14:41] ⚠️ Row 739: Unparsable date → 'peppeleppert'
[2025-08-20 14:14:41] ⚠️ Row 740: Unparsable date → 'peppeleppert'
[2025-08-20 14:14:41] ⚠️ Row 741: Unparsable date → 'peppeleppert'
[2025-08-20 14:14:41] ⚠️ Row 742: Unparsable date → 'peppeleppert'
[2025-08-20 14:14:41] ⚠️ Row 743: Unparsable date → 'peppeleppert'
[2025-08-20 14:14:41] ⚠️ Row 744: Unparsable date → 'peppeleppert'
[2025-08-20 14:14:41] ⚠️ Row 745: Unparsable date → 'peppeleppert'
[2025-08-20 14:14:41] ⚠️ Row 746: Unparsable date → 'peppeleppert'
[2025-08-20 14:14:41] ⚠️ Row 747: Unparsable date → 'peppeleppert'
[2025-08-20 14:14:41] ⚠️ Row 748: Unparsable date → 'peppeleppert'
[2025-08-20 14:14:41] ⚠️ Row 749: Unparsable date → 'peppeleppert'
[2025-08-20 14:14:41] ⚠️ Row 750: Unparsable date → 'peppeleppert'
[2025-08-20 14:14:41] ⚠️ Row 751: Unparsable date → 'peppeleppert'
[2025-08-20 14:14:41] ⚠️ Row 752: Unparsable date → 'peppeleppert'
[2025-08-20 14:14:41] ⚠️ Row 753: Unparsable date → 'peppeleppert'
[2025-08-20 14:14:41] ⚠️ Row 754: Unparsable date → 'peppeleppert'
[2025-08-20 14:14:41] ⚠️ Row 755: Unparsable date → 'peppeleppert'
[2025-08-20 14:14:41] ⚠️ Row 756: Unparsable date → 'peppeleppert'
[2025-08-20 14:14:41] ⚠️ Row 757: Unparsable date → 'peppeleppert'
[2025-08-20 14:14:41] ⚠️ Row 758: Unparsable date → 'peppeleppert'
[2025-08-20 14:14:41] ⚠️ Row 759: Unparsable date → 'peppeleppert'
[2025-08-20 14:14:41] ⚠️ Row 760: Unparsable date → 'peppeleppert'
[2025-08-20 14:14:41] ⚠️ Row 761: Unparsable date → 'peppeleppert'
[2025-08-20 14:14:41] ⚠️ Row 762: Unparsable date → 'peppeleppert'
[2025-08-20 14:14:41] ⚠️ Row 763: Unparsable date → 'peppeleppert'
[2025-08-20 14:14:41] ⚠️ Row 764: Unparsable date → 'peppeleppert'
[2025-08-20 14:14:41] ⚠️ Row 765: Unparsable date → 'peppeleppert'
[2025-08-20 14:14:41] ⚠️ Row 766: Unparsable date → 'peppeleppert'
[2025-08-20 14:14:41] ⚠️ Row 767: Unparsable date → 'peppeleppert'
[2025-08-20 14:14:41] ⚠️ Row 768: Unparsable date → 'peppeleppert'
[2025-08-20 14:14:41] ⚠️ Row 769: Unparsable date → 'peppeleppert'
[2025-08-20 14:14:41] ⚠️ Row 770: Unparsable date → 'peppeleppert'
[2025-08-20 14:14:41] ⚠️ Row 771: Unparsable date → 'peppeleppert'
[2025-08-20 14:14:41] ⚠️ Row 772: Unparsable date → 'peppeleppert'
[2025-08-20 14:14:41] ⚠️ Row 773: Unparsable date → 'peppeleppert'
[2025-08-20 14:14:41] ⚠️ Row 774: Unparsable date → 'peppeleppert'
[2025-08-20 14:14:41] ⚠️ Row 775: Unparsable date → 'peppeleppert'
[2025-08-20 14:14:41] ⚠️ Row 776: Unparsable date → 'peppeleppert'
[2025-08-20 14:14:41] ⚠️ Row 777: Unparsable date → 'peppeleppert'
[2025-08-20 14:14:41] ⚠️ Row 778: Unparsable date → 'peppeleppert'
[2025-08-20 14:14:41] ⚠️ Row 779: Unparsable date → 'peppeleppert'
[2025-08-20 14:14:41] ⚠️ Row 780: Unparsable date → 'peppeleppert'
[2025-08-20 14:14:41] ⚠️ Row 781: Unparsable date → 'peppeleppert'
[2025-08-20 14:14:41] ⚠️ Row 782: Unparsable date → 'peppeleppert'
[2025-08-20 14:14:41] ⚠️ Row 783: Unparsable date → 'peppeleppert'
[2025-08-20 14:14:41] ⚠️ Row 784: Unparsable date → 'peppeleppert'
[2025-08-20 14:14:41] ⚠️ Row 785: Unparsable date → 'peppeleppert'
[2025-08-20 14:14:41] ⚠️ Row 786: Unparsable date → 'peppeleppert'
[2025-08-20 14:14:41] ⚠️ Row 787: Unparsable date → 'peppeleppert'
[2025-08-20 14:14:41] ⚠️ Row 788: Unparsable date → 'peppeleppert'
[2025-08-20 14:14:41] ⚠️ Row 789: Unparsable date → 'peppeleppert'
[2025-08-20 14:14:41] ⚠️ Row 790: Unparsable date → 'peppeleppert'
[2025-08-20 14:14:41] ⚠️ Row 791: Unparsable date → 'peppeleppert'
[2025-08-20 14:14:41] ⚠️ Row 792: Unparsable date → 'peppeleppert'
[2025-08-20 14:14:42] ⚠️ Row 793: Unparsable date → 'peppeleppert'
[2025-08-20 14:14:42] ⚠️ Row 794: Unparsable date → 'peppeleppert'
[2025-08-20 14:14:42] ⚠️ Row 795: Unparsable date → 'peppeleppert'
[2025-08-20 14:14:42] ⚠️ Row 796: Unparsable date → 'peppeleppert'
[2025-08-20 14:14:42] ⚠️ Row 797: Unparsable date → 'peppeleppert'
[2025-08-20 14:14:42] ⚠️ Row 798: Unparsable date → 'peppeleppert'
[2025-08-20 14:14:42] ⚠️ Row 799: Unparsable date → 'peppeleppert'
[2025-08-20 14:14:42] ⚠️ Row 800: Unparsable date → 'peppeleppert'
[2025-08-20 14:14:42] ⚠️ Row 801: Unparsable date → 'peppeleppert'
[2025-08-20 14:14:42] ⚠️ Row 802: Unparsable date → 'peppeleppert'
[2025-08-20 14:14:42] ⚠️ Row 803: Unparsable date → 'peppeleppert'
[2025-08-20 14:14:42] ⚠️ Row 804: Unparsable date → 'peppeleppert'
[2025-08-20 14:14:42] ⚠️ Row 805: Unparsable date → 'peppeleppert'
[2025-08-20 14:14:42] ⚠️ Row 806: Unparsable date → 'peppeleppert'
[2025-08-20 14:14:42] ⚠️ Row 807: Unparsable date → 'peppeleppert'
[2025-08-20 14:14:42] ⚠️ Row 808: Unparsable date → 'peppeleppert'
[2025-08-20 14:14:42] ⚠️ Row 809: Unparsable date → 'peppeleppert'
[2025-08-20 14:14:42] ⚠️ Row 810: Unparsable date → 'peppeleppert'
[2025-08-20 14:14:42] ⚠️ Row 811: Unparsable date → 'peppeleppert'
[2025-08-20 14:14:42] ⚠️ Row 812: Unparsable date → 'peppeleppert'
[2025-08-20 14:14:42] ⚠️ Row 813: Unparsable date → 'peppeleppert'
[2025-08-20 14:14:42] ⚠️ Row 814: Unparsable date → 'peppeleppert'
[2025-08-20 14:14:42] ⚠️ Row 815: Unparsable date → 'peppeleppert'
[2025-08-20 14:14:42] ⚠️ Row 816: Unparsable date → 'peppeleppert'
[2025-08-20 14:14:42] ⚠️ Row 817: Unparsable date → 'peppeleppert'
[2025-08-20 14:14:42] ⚠️ Row 818: Unparsable date → 'peppeleppert'
[2025-08-20 14:14:42] ⚠️ Row 819: Unparsable date → 'peppeleppert'
[2025-08-20 14:14:42] ⚠️ Row 820: Unparsable date → 'peppeleppert'
[2025-08-20 14:14:42] ⚠️ Row 821: Unparsable date → 'peppeleppert'
[2025-08-20 14:14:42] ⚠️ Row 822: Unparsable date → 'peppeleppert'
[2025-08-20 14:14:42] ⚠️ Row 823: Unparsable date → 'peppeleppert'
[2025-08-20 14:14:42] ⚠️ Row 824: Unparsable date → 'peppeleppert'
[2025-08-20 14:14:42] ⚠️ Row 825: Unparsable date → 'peppeleppert'
[2025-08-20 14:14:42] ⚠️ Row 826: Unparsable date → 'peppeleppert'
[2025-08-20 14:14:42] ⚠️ Row 827: Unparsable date → 'peppeleppert'
[2025-08-20 14:14:42] ⚠️ Row 828: Unparsable date → 'peppeleppert'
[2025-08-20 14:14:42] ⚠️ Row 829: Unparsable date → 'peppeleppert'
[2025-08-20 14:14:42] ⚠️ Row 830: Unparsable date → 'peppeleppert'
[2025-08-20 14:14:42] ⚠️ Row 831: Unparsable date → 'peppeleppert'
[2025-08-20 14:14:42] ⚠️ Row 832: Unparsable date → 'peppeleppert'
[2025-08-20 14:14:42] ⚠️ Row 833: Unparsable date → 'peppeleppert'
[2025-08-20 14:14:42] ⚠️ Row 834: Unparsable date → 'peppeleppert'
[2025-08-20 14:14:42] ⚠️ Row 835: Unparsable date → 'peppeleppert'
[2025-08-20 14:14:42] ⚠️ Row 836: Unparsable date → 'peppeleppert'
[2025-08-20 14:14:42] ⚠️ Row 837: Unparsable date → 'peppeleppert'
[2025-08-20 14:14:42] ⚠️ Row 838: Unparsable date → 'peppeleppert'
[2025-08-20 14:14:42] ⚠️ Row 839: Unparsable date → 'peppeleppert'
[2025-08-20 14:14:42] ⚠️ Row 840: Unparsable date → 'peppeleppert'
[2025-08-20 14:14:42] ⚠️ Row 841: Unparsable date → 'peppeleppert'
[2025-08-20 14:14:42] ⚠️ Row 842: Unparsable date → 'peppeleppert'
[2025-08-20 14:14:42] ⚠️ Row 843: Unparsable date → 'peppeleppert'
[2025-08-20 14:14:42] ⚠️ Row 844: Unparsable date → 'peppeleppert'
[2025-08-20 14:14:42] ⚠️ Row 845: Unparsable date → 'peppeleppert'
[2025-08-20 14:14:42] ⚠️ Row 846: Unparsable date → 'peppeleppert'
[2025-08-20 14:14:42] ⚠️ Row 847: Unparsable date → 'peppeleppert'
[2025-08-20 14:14:42] ⚠️ Row 848: Unparsable date → 'peppeleppert'
[2025-08-20 14:14:42] ⚠️ Row 849: Unparsable date → 'peppeleppert'
[2025-08-20 14:14:42] ⚠️ Row 850: Unparsable date → 'peppeleppert'
[2025-08-20 14:14:42] ⚠️ Row 851: Unparsable date → 'peppeleppert'
[2025-08-20 14:14:42] ⚠️ Row 852: Unparsable date → 'peppeleppert'
[2025-08-20 14:14:42] ⚠️ Row 853: Unparsable date → 'peppeleppert'
[2025-08-20 14:14:42] ⚠️ Row 854: Unparsable date → 'peppeleppert'
[2025-08-20 14:14:42] ⚠️ Row 855: Unparsable date → 'peppeleppert'
[2025-08-20 14:14:42] ⚠️ Row 856: Unparsable date → 'peppeleppert'
[2025-08-20 14:14:42] ⚠️ Row 857: Unparsable date → 'peppeleppert'
[2025-08-20 14:14:42] ⚠️ Row 858: Unparsable date → 'peppeleppert'
[2025-08-20 14:14:42] ⚠️ Row 859: Unparsable date → 'peppeleppert'
[2025-08-20 14:14:42] ⚠️ Row 860: Unparsable date → 'peppeleppert'
[2025-08-20 14:14:42] ⚠️ Row 861: Unparsable date → 'peppeleppert'
[2025-08-20 14:14:42] ⚠️ Row 862: Unparsable date → 'peppeleppert'
[2025-08-20 14:14:42] ⚠️ Row 863: Unparsable date → 'peppeleppert'
[2025-08-20 14:14:42] ⚠️ Row 864: Unparsable date → 'peppeleppert'
[2025-08-20 14:14:42] ⚠️ Row 865: Unparsable date → 'peppeleppert'
[2025-08-20 14:14:42] ⚠️ Row 866: Unparsable date → 'peppeleppert'
[2025-08-20 14:14:42] ⚠️ Row 867: Unparsable date → 'peppeleppert'
[2025-08-20 14:14:42] ⚠️ Row 868: Unparsable date → 'peppeleppert'
[2025-08-20 14:14:42] ⚠️ Row 869: Unparsable date → 'peppeleppert'
[2025-08-20 14:14:42] ⚠️ Row 870: Unparsable date → 'peppeleppert'
[2025-08-20 14:14:42] ⚠️ Row 871: Unparsable date → 'peppeleppert'
[2025-08-20 14:14:42] ⚠️ Row 872: Unparsable date → 'peppeleppert'
[2025-08-20 14:14:42] ⚠️ Row 873: Unparsable date → 'peppeleppert'
[2025-08-20 14:14:42] ⚠️ Row 874: Unparsable date → 'peppeleppert'
[2025-08-20 14:14:42] ⚠️ Row 875: Unparsable date → 'peppeleppert'
[2025-08-20 14:14:42] ⚠️ Row 876: Unparsable date → 'peppeleppert'
[2025-08-20 14:14:42] ⚠️ Row 877: Unparsable date → 'peppeleppert'
[2025-08-20 14:14:42] ⚠️ Row 878: Unparsable date → 'peppeleppert'
[2025-08-20 14:14:42] ⚠️ Row 879: Unparsable date → 'peppeleppert'
[2025-08-20 14:14:42] ⚠️ Row 880: Unparsable date → 'peppeleppert'
[2025-08-20 14:14:42] ⚠️ Row 881: Unparsable date → 'peppeleppert'
[2025-08-20 14:14:42] ⚠️ Row 882: Unparsable date → 'peppeleppert'
[2025-08-20 14:14:42] ⚠️ Row 883: Unparsable date → 'peppeleppert'
[2025-08-20 14:14:42] ⚠️ Row 884: Unparsable date → 'peppeleppert'
[2025-08-20 14:14:42] ⚠️ Row 885: Unparsable date → 'peppeleppert'
[2025-08-20 14:14:42] ⚠️ Row 886: Unparsable date → 'peppeleppert'
[2025-08-20 14:14:42] ⚠️ Row 887: Unparsable date → 'peppeleppert'
[2025-08-20 14:14:42] ⚠️ Row 888: Unparsable date → 'peppeleppert'
[2025-08-20 14:14:42] ⚠️ Row 889: Unparsable date → 'peppeleppert'
[2025-08-20 14:14:42] ⚠️ Row 890: Unparsable date → 'peppeleppert'
[2025-08-20 14:14:42] ⚠️ Row 891: Unparsable date → 'peppeleppert'
[2025-08-20 14:14:42] ⚠️ Row 892: Unparsable date → 'peppeleppert'
[2025-08-20 14:14:42] ⚠️ Row 893: Unparsable date → 'peppeleppert'
[2025-08-20 14:14:42] ⚠️ Row 894: Unparsable date → 'peppeleppert'
[2025-08-20 14:14:42] ⚠️ Row 895: Unparsable date → 'peppeleppert'
[2025-08-20 14:14:42] ⚠️ Row 896: Unparsable date → 'peppeleppert'
[2025-08-20 14:14:42] ⚠️ Row 897: Unparsable date → 'peppeleppert'
[2025-08-20 14:14:42] ⚠️ Row 898: Unparsable date → 'peppeleppert'
[2025-08-20 14:14:42] ⚠️ Row 899: Unparsable date → 'peppeleppert'
[2025-08-20 14:14:42] ⚠️ Row 900: Unparsable date → 'peppeleppert'
[2025-08-20 14:14:42] ⚠️ Row 901: Unparsable date → 'peppeleppert'
[2025-08-20 14:14:42] ⚠️ Row 902: Unparsable date → 'peppeleppert'
[2025-08-20 14:14:42] ⚠️ Row 903: Unparsable date → 'peppeleppert'
[2025-08-20 14:14:42] ⚠️ Row 904: Unparsable date → 'peppeleppert'
[2025-08-20 14:14:42] ⚠️ Row 905: Unparsable date → 'peppeleppert'
[2025-08-20 14:14:42] ⚠️ Row 906: Unparsable date → 'peppeleppert'
[2025-08-20 14:14:42] ⚠️ Row 907: Unparsable date → 'peppeleppert'
[2025-08-20 14:14:42] ⚠️ Row 908: Unparsable date → 'peppeleppert'
[2025-08-20 14:14:42] ⚠️ Row 909: Unparsable date → 'peppeleppert'
[2025-08-20 14:14:42] ⚠️ Row 910: Unparsable date → 'peppeleppert'
[2025-08-20 14:14:42] ⚠️ Row 911: Unparsable date → 'peppeleppert'
[2025-08-20 14:14:42] ⚠️ Row 912: Unparsable date → 'peppeleppert'
[2025-08-20 14:14:42] ⚠️ Row 913: Unparsable date → 'peppeleppert'
[2025-08-20 14:14:42] ⚠️ Row 914: Unparsable date → 'peppeleppert'
[2025-08-20 14:14:42] ⚠️ Row 915: Unparsable date → 'peppeleppert'
[2025-08-20 14:14:42] ⚠️ Row 916: Unparsable date → 'peppeleppert'
[2025-08-20 14:14:42] ⚠️ Row 917: Unparsable date → 'peppeleppert'
[2025-08-20 14:14:42] ⚠️ Row 918: Unparsable date → 'peppeleppert'
[2025-08-20 14:14:42] ⚠️ Row 919: Unparsable date → 'peppeleppert'
[2025-08-20 14:14:42] ⚠️ Row 920: Unparsable date → 'peppeleppert'
[2025-08-20 14:14:42] ⚠️ Row 921: Unparsable date → 'peppeleppert'
[2025-08-20 14:14:42] ⚠️ Row 922: Unparsable date → 'peppeleppert'
[2025-08-20 14:14:42] ⚠️ Row 923: Unparsable date → 'peppeleppert'
[2025-08-20 14:14:42] ⚠️ Row 924: Unparsable date → 'peppeleppert'
[2025-08-20 14:14:42] ⚠️ Row 925: Unparsable date → 'peppeleppert'
[2025-08-20 14:14:42] ⚠️ Row 926: Unparsable date → 'peppeleppert'
[2025-08-20 14:14:42] ⚠️ Row 927: Unparsable date → 'peppeleppert'
[2025-08-20 14:14:42] ⚠️ Row 928: Unparsable date → 'peppeleppert'
[2025-08-20 14:14:42] ⚠️ Row 929: Unparsable date → 'peppeleppert'
[2025-08-20 14:14:42] ⚠️ Row 930: Unparsable date → 'peppeleppert'
[2025-08-20 14:14:42] ⚠️ Row 931: Unparsable date → 'peppeleppert'
[2025-08-20 14:14:42] ⚠️ Row 932: Unparsable date → 'peppeleppert'
[2025-08-20 14:14:42] ⚠️ Row 933: Unparsable date → 'peppeleppert'
[2025-08-20 14:14:42] ⚠️ Row 934: Unparsable date → 'peppeleppert'
[2025-08-20 14:14:42] ⚠️ Row 935: Unparsable date → 'peppeleppert'
[2025-08-20 14:14:42] ⚠️ Row 936: Unparsable date → 'peppeleppert'
[2025-08-20 14:14:42] ⚠️ Row 937: Unparsable date → 'peppeleppert'
[2025-08-20 14:14:42] ⚠️ Row 938: Unparsable date → 'peppeleppert'
[2025-08-20 14:14:42] ⚠️ Row 939: Unparsable date → 'peppeleppert'
[2025-08-20 14:14:42] ⚠️ Row 940: Unparsable date → 'peppeleppert'
[2025-08-20 14:14:42] ⚠️ Row 941: Unparsable date → 'peppeleppert'
[2025-08-20 14:14:42] ⚠️ Row 942: Unparsable date → 'peppeleppert'
[2025-08-20 14:14:42] ⚠️ Row 943: Unparsable date → 'peppeleppert'
[2025-08-20 14:14:42] ⚠️ Row 944: Unparsable date → 'peppeleppert'
[2025-08-20 14:14:42] ⚠️ Row 945: Unparsable date → 'peppeleppert'
[2025-08-20 14:14:42] ⚠️ Row 946: Unparsable date → 'peppeleppert'
[2025-08-20 14:14:42] ⚠️ Row 947: Unparsable date → 'peppeleppert'
[2025-08-20 14:14:42] ⚠️ Row 948: Unparsable date → 'peppeleppert'
[2025-08-20 14:14:42] ⚠️ Row 949: Unparsable date → 'peppeleppert'
[2025-08-20 14:14:42] ⚠️ Row 950: Unparsable date → 'peppeleppert'
[2025-08-20 14:14:42] ⚠️ Row 951: Unparsable date → 'peppeleppert'
[2025-08-20 14:14:42] ⚠️ Row 952: Unparsable date → 'peppeleppert'
[2025-08-20 14:14:42] ⚠️ Row 953: Unparsable date → 'peppeleppert'
[2025-08-20 14:14:42] ⚠️ Row 954: Unparsable date → 'peppeleppert'
[2025-08-20 14:14:42] ⚠️ Row 955: Unparsable date → 'peppeleppert'
[2025-08-20 14:14:42] ⚠️ Row 956: Unparsable date → 'peppeleppert'
[2025-08-20 14:14:42] ⚠️ Row 957: Unparsable date → 'peppeleppert'
[2025-08-20 14:14:42] ⚠️ Row 958: Unparsable date → 'peppeleppert'
[2025-08-20 14:14:42] ⚠️ Row 959: Unparsable date → 'peppeleppert'
[2025-08-20 14:14:42] ⚠️ Row 960: Unparsable date → 'peppeleppert'
[2025-08-20 14:14:42] ⚠️ Row 961: Unparsable date → 'peppeleppert'
[2025-08-20 14:14:42] ⚠️ Row 962: Unparsable date → 'peppeleppert'
[2025-08-20 14:14:42] ⚠️ Row 963: Unparsable date → 'peppeleppert'
[2025-08-20 14:14:42] ⚠️ Row 964: Unparsable date → 'peppeleppert'
[2025-08-20 14:14:42] ⚠️ Row 965: Unparsable date → 'peppeleppert'
[2025-08-20 14:14:42] ⚠️ Row 966: Unparsable date → 'peppeleppert'
[2025-08-20 14:14:42] ⚠️ Row 967: Unparsable date → 'peppeleppert'
[2025-08-20 14:14:42] ⚠️ Row 968: Unparsable date → 'peppeleppert'
[2025-08-20 14:14:42] ⚠️ Row 969: Unparsable date → 'peppeleppert'
[2025-08-20 14:14:42] ⚠️ Row 970: Unparsable date → 'peppeleppert'
[2025-08-20 14:14:42] ⚠️ Row 971: Unparsable date → 'peppeleppert'
[2025-08-20 14:14:42] ⚠️ Row 972: Unparsable date → 'peppeleppert'
[2025-08-20 14:14:42] ⚠️ Row 973: Unparsable date → 'peppeleppert'
[2025-08-20 14:14:42] ⚠️ Row 974: Unparsable date → 'peppeleppert'
[2025-08-20 14:14:42] ⚠️ Row 975: Unparsable date → 'peppeleppert'
[2025-08-20 14:14:42] ⚠️ Row 976: Unparsable date → 'peppeleppert'
[2025-08-20 14:14:42] ⚠️ Row 977: Unparsable date → 'peppeleppert'
[2025-08-20 14:14:42] ⚠️ Row 978: Unparsable date → 'peppeleppert'
[2025-08-20 14:14:42] ⚠️ Row 979: Unparsable date → 'peppeleppert'
[2025-08-20 14:14:42] ⚠️ Row 980: Unparsable date → 'peppeleppert'
[2025-08-20 14:14:42] ⚠️ Row 981: Unparsable date → 'peppeleppert'
[2025-08-20 14:14:42] ⚠️ Row 982: Unparsable date → 'peppeleppert'
[2025-08-20 14:14:42] ⚠️ Row 983: Unparsable date → 'peppeleppert'
[2025-08-20 14:14:42] ⚠️ Row 984: Unparsable date → 'peppeleppert'
[2025-08-20 14:14:42] ⚠️ Row 985: Unparsable date → 'peppeleppert'
[2025-08-20 14:14:42] ⚠️ Row 986: Unparsable date → 'peppeleppert'
[2025-08-20 14:14:42] ⚠️ Row 987: Unparsable date → 'peppeleppert'
[2025-08-20 14:14:42] ⚠️ Row 988: Unparsable date → 'peppeleppert'
[2025-08-20 14:14:42] ⚠️ Row 989: Unparsable date → 'peppeleppert'
[2025-08-20 14:14:42] ⚠️ Row 990: Unparsable date → 'peppeleppert'
[2025-08-20 14:14:42] ⚠️ Row 991: Unparsable date → 'peppeleppert'
[2025-08-20 14:14:42] ⚠️ Row 992: Unparsable date → 'peppeleppert'
[2025-08-20 14:14:42] ⚠️ Row 993: Unparsable date → 'peppeleppert'
[2025-08-20 14:14:42] ⚠️ Row 994: Unparsable date → 'peppeleppert'
[2025-08-20 14:14:42] ⚠️ Row 995: Unparsable date → 'peppeleppert'
[2025-08-20 14:14:42] ⚠️ Row 996: Unparsable date → 'peppeleppert'
[2025-08-20 14:14:42] ⚠️ Row 997: Unparsable date → 'peppeleppert'
[2025-08-20 14:14:42] ⚠️ Row 998: Unparsable date → 'peppeleppert'
[2025-08-20 14:14:42] ⚠️ Row 999: Unparsable date → 'peppeleppert'
[2025-08-20 14:14:42] ⚠️ Row 1000: Unparsable date → 'peppeleppert'
[2025-08-20 14:14:42] ⚠️ Row 1001: Unparsable date → 'peppeleppert'
[2025-08-20 14:14:42] ⚠️ Row 1002: Unparsable date → 'peppeleppert'
[2025-08-20 14:14:42] ⚠️ Row 1003: Unparsable date → 'peppeleppert'
[2025-08-20 14:14:42] ⚠️ Row 1004: Unparsable date → 'peppeleppert'
[2025-08-20 14:14:42] ⚠️ Row 1005: Unparsable date → 'peppeleppert'
[2025-08-20 14:14:42] ⚠️ Row 1006: Unparsable date → 'peppeleppert'
[2025-08-20 14:14:42] ⚠️ Row 1007: Unparsable date → 'peppeleppert'
[2025-08-20 14:14:42] ⚠️ Row 1008: Unparsable date → 'peppeleppert'
[2025-08-20 14:14:42] ⚠️ Row 1009: Unparsable date → 'peppeleppert'
[2025-08-20 14:14:42] ⚠️ Row 1010: Unparsable date → 'peppeleppert'
[2025-08-20 14:14:42] ⚠️ Row 1011: Unparsable date → 'peppeleppert'
[2025-08-20 14:14:42] ⚠️ Row 1012: Unparsable date → 'peppeleppert'
[2025-08-20 14:14:42] ⚠️ Row 1013: Unparsable date → 'peppeleppert'
[2025-08-20 14:14:42] ⚠️ Row 1014: Unparsable date → 'peppeleppert'
[2025-08-20 14:14:42] ⚠️ Row 1015: Unparsable date → 'peppeleppert'
[2025-08-20 14:14:42] ⚠️ Row 1016: Unparsable date → 'peppeleppert'
[2025-08-20 14:14:42] ⚠️ Row 1017: Unparsable date → 'peppeleppert'
[2025-08-20 14:14:42] ⚠️ Row 1018: Unparsable date → 'peppeleppert'
[2025-08-20 14:14:42] ⚠️ Row 1019: Unparsable date → 'peppeleppert'
[2025-08-20 14:14:42] ⚠️ Row 1020: Unparsable date → 'peppeleppert'
[2025-08-20 14:14:42] ⚠️ Row 1021: Unparsable date → 'peppeleppert'
[2025-08-20 14:14:42] ⚠️ Row 1022: Unparsable date → 'peppeleppert'
[2025-08-20 14:14:42] ⚠️ Row 1023: Unparsable date → 'peppeleppert'
[2025-08-20 14:14:42] ⚠️ Row 1024: Unparsable date → 'peppeleppert'
[2025-08-20 14:14:42] ⚠️ Row 1025: Unparsable date → 'peppeleppert'
[2025-08-20 14:14:42] ⚠️ Row 1026: Unparsable date → 'peppeleppert'
[2025-08-20 14:14:42] ⚠️ Row 1027: Unparsable date → 'peppeleppert'
[2025-08-20 14:14:42] ⚠️ Row 1028: Unparsable date → 'peppeleppert'
[2025-08-20 14:14:42] ⚠️ Row 1029: Unparsable date → 'peppeleppert'
[2025-08-20 14:14:42] ⚠️ Row 1030: Unparsable date → 'peppeleppert'
[2025-08-20 14:14:42] ⚠️ Row 1031: Unparsable date → 'peppeleppert'
[2025-08-20 14:14:42] ⚠️ Row 1032: Unparsable date → 'peppeleppert'
[2025-08-20 14:14:42] ⚠️ Row 1033: Unparsable date → 'peppeleppert'
[2025-08-20 14:14:42] ⚠️ Row 1034: Unparsable date → 'peppeleppert'
[2025-08-20 14:14:42] ⚠️ Row 1035: Unparsable date → 'peppeleppert'
[2025-08-20 14:14:42] ⚠️ Row 1036: Unparsable date → 'peppeleppert'
[2025-08-20 14:14:42] ⚠️ Row 1037: Unparsable date → 'peppeleppert'
[2025-08-20 14:14:42] ⚠️ Row 1038: Unparsable date → 'peppeleppert'
[2025-08-20 14:14:42] ⚠️ Row 1039: Unparsable date → 'peppeleppert'
[2025-08-20 14:14:42] ⚠️ Row 1040: Unparsable date → 'peppeleppert'
[2025-08-20 14:14:42] ⚠️ Row 1041: Unparsable date → 'peppeleppert'
[2025-08-20 14:14:42] ⚠️ Row 1042: Unparsable date → 'peppeleppert'
[2025-08-20 14:14:42] ⚠️ Row 1043: Unparsable date → 'peppeleppert'
[2025-08-20 14:14:42] ⚠️ Row 1044: Unparsable date → 'peppeleppert'
[2025-08-20 14:14:42] ⚠️ Row 1045: Unparsable date → 'peppeleppert'
[2025-08-20 14:14:42] ⚠️ Row 1046: Unparsable date → 'peppeleppert'
[2025-08-20 14:14:42] ⚠️ Row 1047: Unparsable date → 'peppeleppert'
[2025-08-20 14:14:42] ⚠️ Row 1048: Unparsable date → 'peppeleppert'
[2025-08-20 14:14:42] ⚠️ Row 1049: Unparsable date → 'peppeleppert'
[2025-08-20 14:14:42] ⚠️ Row 1050: Unparsable date → 'peppeleppert'
[2025-08-20 14:14:42] ⚠️ Row 1051: Unparsable date → 'peppeleppert'
[2025-08-20 14:14:42] ⚠️ Row 1052: Unparsable date → 'peppeleppert'
[2025-08-20 14:14:42] ⚠️ Row 1053: Unparsable date → 'peppeleppert'
[2025-08-20 14:14:42] ⚠️ Row 1054: Unparsable date → 'peppeleppert'
[2025-08-20 14:14:42] ⚠️ Row 1055: Unparsable date → 'peppeleppert'
[2025-08-20 14:14:42] ⚠️ Row 1056: Unparsable date → 'peppeleppert'
[2025-08-20 14:14:42] ⚠️ Row 1057: Unparsable date → 'peppeleppert'
[2025-08-20 14:14:42] ⚠️ Row 1058: Unparsable date → 'peppeleppert'
[2025-08-20 14:14:42] ⚠️ Row 1059: Unparsable date → 'peppeleppert'
[2025-08-20 14:14:42] ⚠️ Row 1060: Unparsable date → 'peppeleppert'
[2025-08-20 14:14:42] ⚠️ Row 1061: Unparsable date → 'peppeleppert'
[2025-08-20 14:14:42] ⚠️ Row 1062: Unparsable date → 'peppeleppert'
[2025-08-20 14:14:42] ⚠️ Row 1063: Unparsable date → 'peppeleppert'
[2025-08-20 14:14:42] ⚠️ Row 1064: Unparsable date → 'peppeleppert'
[2025-08-20 14:14:42] ⚠️ Row 1065: Unparsable date → 'peppeleppert'
[2025-08-20 14:14:42] ⚠️ Row 1066: Unparsable date → 'peppeleppert'
[2025-08-20 14:14:42] ⚠️ Row 1067: Unparsable date → 'peppeleppert'
[2025-08-20 14:14:42] ⚠️ Row 1068: Unparsable date → 'peppeleppert'
[2025-08-20 14:14:42] ⚠️ Row 1069: Unparsable date → 'peppeleppert'
[2025-08-20 14:14:42] ⚠️ Row 1070: Unparsable date → 'peppeleppert'
[2025-08-20 14:14:42] ⚠️ Row 1071: Unparsable date → 'peppeleppert'
[2025-08-20 14:14:42] ⚠️ Row 1072: Unparsable date → 'peppeleppert'
[2025-08-20 14:14:42] ⚠️ Row 1073: Unparsable date → 'peppeleppert'
[2025-08-20 14:14:42] ⚠️ Row 1074: Unparsable date → 'peppeleppert'
[2025-08-20 14:14:42] ⚠️ Row 1075: Unparsable date → 'peppeleppert'
[2025-08-20 14:14:42] ⚠️ Row 1076: Unparsable date → 'peppeleppert'
[2025-08-20 14:14:42] ⚠️ Row 1077: Unparsable date → 'peppeleppert'
[2025-08-20 14:14:42] ⚠️ Row 1078: Unparsable date → 'peppeleppert'
[2025-08-20 14:14:42] ⚠️ Row 1079: Unparsable date → 'peppeleppert'
[2025-08-20 14:14:42] ⚠️ Row 1080: Unparsable date → 'peppeleppert'
[2025-08-20 14:14:42] ⚠️ Row 1081: Unparsable date → 'peppeleppert'
[2025-08-20 14:14:42] ⚠️ Row 1082: Unparsable date → 'peppeleppert'
[2025-08-20 14:14:42] ⚠️ Row 1083: Unparsable date → 'peppeleppert'
[2025-08-20 14:14:43] ⚠️ Row 1084: Unparsable date → 'peppeleppert'
[2025-08-20 14:14:43] ⚠️ Row 1085: Unparsable date → 'peppeleppert'
[2025-08-20 14:14:43] ⚠️ Row 1086: Unparsable date → 'peppeleppert'
[2025-08-20 14:14:43] ⚠️ Row 1087: Unparsable date → 'peppeleppert'
[2025-08-20 14:14:43] ⚠️ Row 1088: Unparsable date → 'peppeleppert'
[2025-08-20 14:14:43] ⚠️ Row 1089: Unparsable date → 'peppeleppert'
[2025-08-20 14:14:43] ⚠️ Row 1090: Unparsable date → 'peppeleppert'
[2025-08-20 14:14:43] ⚠️ Row 1091: Unparsable date → 'peppeleppert'
[2025-08-20 14:14:43] ⚠️ Row 1092: Unparsable date → 'peppeleppert'
[2025-08-20 14:14:43] ⚠️ Row 1093: Unparsable date → 'peppeleppert'
[2025-08-20 14:14:43] ⚠️ Row 1094: Unparsable date → 'peppeleppert'
[2025-08-20 14:14:43] ⚠️ Row 1095: Unparsable date → 'peppeleppert'
[2025-08-20 14:14:43] ⚠️ Row 1096: Unparsable date → 'peppeleppert'
[2025-08-20 14:14:43] ⚠️ Row 1097: Unparsable date → 'peppeleppert'
[2025-08-20 14:14:43] ⚠️ Row 1098: Unparsable date → 'peppeleppert'
[2025-08-20 14:14:43] ⚠️ Row 1099: Unparsable date → 'peppeleppert'
[2025-08-20 14:14:43] ⚠️ Row 1100: Unparsable date → 'peppeleppert'
[2025-08-20 14:14:43] ⚠️ Row 1101: Unparsable date → 'peppeleppert'
[2025-08-20 14:14:43] ⚠️ Row 1102: Unparsable date → 'peppeleppert'
[2025-08-20 14:14:43] ⚠️ Row 1103: Unparsable date → 'peppeleppert'
[2025-08-20 14:14:43] ⚠️ Row 1104: Unparsable date → 'peppeleppert'
[2025-08-20 14:14:43] ⚠️ Row 1105: Unparsable date → 'peppeleppert'
[2025-08-20 14:14:43] ⚠️ Row 1106: Unparsable date → 'peppeleppert'
[2025-08-20 14:14:43] ⚠️ Row 1107: Unparsable date → 'peppeleppert'
[2025-08-20 14:14:43] ⚠️ Row 1108: Unparsable date → 'peppeleppert'
[2025-08-20 14:14:43] ⚠️ Row 1109: Unparsable date → 'peppeleppert'
[2025-08-20 14:14:43] ⚠️ Row 1110: Unparsable date → 'peppeleppert'
[2025-08-20 14:14:43] ⚠️ Row 1111: Unparsable date → 'peppeleppert'
[2025-08-20 14:14:43] ⚠️ Row 1112: Unparsable date → 'peppeleppert'
[2025-08-20 14:14:43] ⚠️ Row 1113: Unparsable date → 'peppeleppert'
[2025-08-20 14:14:43] ⚠️ Row 1114: Unparsable date → 'peppeleppert'
[2025-08-20 14:14:43] ⚠️ Row 1115: Unparsable date → 'peppeleppert'
[2025-08-20 14:14:43] ⚠️ Row 1116: Unparsable date → 'peppeleppert'
[2025-08-20 14:14:43] ⚠️ Row 1117: Unparsable date → 'peppeleppert'
[2025-08-20 14:14:43] ⚠️ Row 1118: Unparsable date → 'peppeleppert'
[2025-08-20 14:14:43] ⚠️ Row 1119: Unparsable date → 'peppeleppert'
[2025-08-20 14:14:43] ⚠️ Row 1120: Unparsable date → 'peppeleppert'
[2025-08-20 14:14:43] ⚠️ Row 1121: Unparsable date → 'peppeleppert'
[2025-08-20 14:14:43] ⚠️ Row 1122: Unparsable date → 'peppeleppert'
[2025-08-20 14:14:43] ⚠️ Row 1123: Unparsable date → 'peppeleppert'
[2025-08-20 14:14:43] ⚠️ Row 1124: Unparsable date → 'peppeleppert'
[2025-08-20 14:14:43] ⚠️ Row 1125: Unparsable date → 'peppeleppert'
[2025-08-20 14:14:43] ⚠️ Row 1126: Unparsable date → 'peppeleppert'
[2025-08-20 14:14:43] ⚠️ Row 1127: Unparsable date → 'peppeleppert'
[2025-08-20 14:14:43] ⚠️ Row 1128: Unparsable date → 'peppeleppert'
[2025-08-20 14:14:43] ⚠️ Row 1129: Unparsable date → 'peppeleppert'
[2025-08-20 14:14:43] ⚠️ Row 1130: Unparsable date → 'peppeleppert'
[2025-08-20 14:14:43] ⚠️ Row 1131: Unparsable date → 'peppeleppert'
[2025-08-20 14:14:43] ⚠️ Row 1132: Unparsable date → 'peppeleppert'
[2025-08-20 14:14:43] ⚠️ Row 1133: Unparsable date → 'peppeleppert'
[2025-08-20 14:14:43] ⚠️ Row 1134: Unparsable date → 'peppeleppert'
[2025-08-20 14:14:43] ⚠️ Row 1135: Unparsable date → 'peppeleppert'
[2025-08-20 14:14:43] ⚠️ Row 1136: Unparsable date → 'peppeleppert'
[2025-08-20 14:14:43] ⚠️ Row 1137: Unparsable date → 'peppeleppert'
[2025-08-20 14:14:43] ⚠️ Row 1138: Unparsable date → 'peppeleppert'
[2025-08-20 14:14:43] ⚠️ Row 1139: Unparsable date → 'peppeleppert'
[2025-08-20 14:14:43] ⚠️ Row 1140: Unparsable date → 'peppeleppert'
[2025-08-20 14:14:43] ⚠️ Row 1141: Unparsable date → 'peppeleppert'
[2025-08-20 14:14:43] ⚠️ Row 1142: Unparsable date → 'peppeleppert'
[2025-08-20 14:14:43] ⚠️ Row 1143: Unparsable date → 'peppeleppert'
[2025-08-20 14:14:43] ⚠️ Row 1144: Unparsable date → 'peppeleppert'
[2025-08-20 14:14:43] ⚠️ Row 1145: Unparsable date → 'peppeleppert'
[2025-08-20 14:14:43] ⚠️ Row 1146: Unparsable date → 'peppeleppert'
[2025-08-20 14:14:43] ⚠️ Row 1147: Unparsable date → 'peppeleppert'
[2025-08-20 14:14:43] ⚠️ Row 1148: Unparsable date → 'peppeleppert'
[2025-08-20 14:14:43] ⚠️ Row 1149: Unparsable date → 'peppeleppert'
[2025-08-20 14:14:43] ⚠️ Row 1150: Unparsable date → 'peppeleppert'
[2025-08-20 14:14:43] ⚠️ Row 1151: Unparsable date → 'peppeleppert'
[2025-08-20 14:14:43] ⚠️ Row 1152: Unparsable date → 'peppeleppert'
[2025-08-20 14:14:43] ⚠️ Row 1153: Unparsable date → 'peppeleppert'
[2025-08-20 14:14:43] ⚠️ Row 1154: Unparsable date → 'peppeleppert'
[2025-08-20 14:14:43] ⚠️ Row 1155: Unparsable date → 'peppeleppert'
[2025-08-20 14:14:43] ⚠️ Row 1156: Unparsable date → 'peppeleppert'
[2025-08-20 14:14:43] ⚠️ Row 1157: Unparsable date → 'peppeleppert'
[2025-08-20 14:14:43] ⚠️ Row 1158: Unparsable date → 'peppeleppert'
[2025-08-20 14:14:43] ⚠️ Row 1159: Unparsable date → 'peppeleppert'
[2025-08-20 14:14:43] ⚠️ Row 1160: Unparsable date → 'peppeleppert'
[2025-08-20 14:14:43] ⚠️ Row 1161: Unparsable date → 'peppeleppert'
[2025-08-20 14:14:43] ⚠️ Row 1162: Unparsable date → 'peppeleppert'
[2025-08-20 14:14:43] ⚠️ Row 1163: Unparsable date → 'peppeleppert'
[2025-08-20 14:14:43] ⚠️ Row 1164: Unparsable date → 'peppeleppert'
[2025-08-20 14:14:43] ⚠️ Row 1165: Unparsable date → 'peppeleppert'
[2025-08-20 14:14:43] ⚠️ Row 1166: Unparsable date → 'peppeleppert'
[2025-08-20 14:14:43] ⚠️ Row 1167: Unparsable date → 'peppeleppert'
[2025-08-20 14:14:43] ⚠️ Row 1168: Unparsable date → 'peppeleppert'
[2025-08-20 14:14:43] ⚠️ Row 1169: Unparsable date → 'peppeleppert'
[2025-08-20 14:14:43] ⚠️ Row 1170: Unparsable date → 'peppeleppert'
[2025-08-20 14:14:43] ⚠️ Row 1171: Unparsable date → 'peppeleppert'
[2025-08-20 14:14:43] ⚠️ Row 1172: Unparsable date → 'peppeleppert'
[2025-08-20 14:14:43] ⚠️ Row 1173: Unparsable date → 'peppeleppert'
[2025-08-20 14:14:43] ⚠️ Row 1174: Unparsable date → 'peppeleppert'
[2025-08-20 14:14:43] ⚠️ Row 1175: Unparsable date → 'peppeleppert'
[2025-08-20 14:14:43] ⚠️ Row 1176: Unparsable date → 'peppeleppert'
[2025-08-20 14:14:43] ⚠️ Row 1177: Unparsable date → 'peppeleppert'
[2025-08-20 14:14:43] ⚠️ Row 1178: Unparsable date → 'peppeleppert'
[2025-08-20 14:14:43] ⚠️ Row 1179: Unparsable date → 'peppeleppert'
[2025-08-20 14:14:43] ⚠️ Row 1180: Unparsable date → 'peppeleppert'
[2025-08-20 14:14:43] ⚠️ Row 1181: Unparsable date → 'peppeleppert'
[2025-08-20 14:14:43] ⚠️ Row 1182: Unparsable date → 'peppeleppert'
[2025-08-20 14:14:43] ⚠️ Row 1183: Unparsable date → 'peppeleppert'
[2025-08-20 14:14:43] ⚠️ Row 1184: Unparsable date → 'peppeleppert'
[2025-08-20 14:14:43] ⚠️ Row 1185: Unparsable date → 'peppeleppert'
[2025-08-20 14:14:43] ⚠️ Row 1186: Unparsable date → 'peppeleppert'
[2025-08-20 14:14:43] ⚠️ Row 1187: Unparsable date → 'peppeleppert'
[2025-08-20 14:14:43] ⚠️ Row 1188: Unparsable date → 'peppeleppert'
[2025-08-20 14:14:43] ⚠️ Row 1189: Unparsable date → 'peppeleppert'
[2025-08-20 14:14:43] ⚠️ Row 1190: Unparsable date → 'peppeleppert'
[2025-08-20 14:14:43] ⚠️ Row 1191: Unparsable date → 'peppeleppert'
[2025-08-20 14:14:43] ⚠️ Row 1192: Unparsable date → 'peppeleppert'
[2025-08-20 14:14:43] ⚠️ Row 1193: Unparsable date → 'peppeleppert'
[2025-08-20 14:14:43] ⚠️ Row 1194: Unparsable date → 'peppeleppert'
[2025-08-20 14:14:43] ⚠️ Row 1195: Unparsable date → 'peppeleppert'
[2025-08-20 14:14:43] ⚠️ Row 1196: Unparsable date → 'peppeleppert'
[2025-08-20 14:14:43] ⚠️ Row 1197: Unparsable date → 'peppeleppert'
[2025-08-20 14:14:43] ⚠️ Row 1198: Unparsable date → 'peppeleppert'
[2025-08-20 14:14:43] ⚠️ Row 1199: Unparsable date → 'peppeleppert'
[2025-08-20 14:14:43] ⚠️ Row 1200: Unparsable date → 'peppeleppert'
[2025-08-20 14:14:43] ⚠️ Row 1201: Unparsable date → 'peppeleppert'
[2025-08-20 14:14:43] ⚠️ Row 1202: Unparsable date → 'peppeleppert'
[2025-08-20 14:14:43] ⚠️ Row 1203: Unparsable date → 'peppeleppert'
[2025-08-20 14:14:43] ⚠️ Row 1204: Unparsable date → 'peppeleppert'
[2025-08-20 14:14:43] ⚠️ Row 1205: Unparsable date → 'peppeleppert'
[2025-08-20 14:14:43] ⚠️ Row 1206: Unparsable date → 'peppeleppert'
[2025-08-20 14:14:43] ⚠️ Row 1207: Unparsable date → 'peppeleppert'
[2025-08-20 14:14:43] ⚠️ Row 1208: Unparsable date → 'peppeleppert'
[2025-08-20 14:14:43] ⚠️ Row 1209: Unparsable date → 'peppeleppert'
[2025-08-20 14:14:43] ⚠️ Row 1210: Unparsable date → 'peppeleppert'
[2025-08-20 14:14:43] ⚠️ Row 1211: Unparsable date → 'peppeleppert'
[2025-08-20 14:14:43] ⚠️ Row 1212: Unparsable date → 'peppeleppert'
[2025-08-20 14:14:43] ⚠️ Row 1213: Unparsable date → 'peppeleppert'
[2025-08-20 14:14:43] ⚠️ Row 1214: Unparsable date → 'peppeleppert'
[2025-08-20 14:14:43] ⚠️ Row 1215: Unparsable date → 'peppeleppert'
[2025-08-20 14:14:43] ⚠️ Row 1216: Unparsable date → 'peppeleppert'
[2025-08-20 14:14:43] ⚠️ Row 1217: Unparsable date → 'peppeleppert'
[2025-08-20 14:14:43] ⚠️ Row 1218: Unparsable date → 'peppeleppert'
[2025-08-20 14:14:43] ⚠️ Row 1219: Unparsable date → 'peppeleppert'
[2025-08-20 14:14:43] ⚠️ Row 1220: Unparsable date → 'peppeleppert'
[2025-08-20 14:14:43] ⚠️ Row 1221: Unparsable date → 'peppeleppert'
[2025-08-20 14:14:43] ⚠️ Row 1222: Unparsable date → 'peppeleppert'
[2025-08-20 14:14:43] ⚠️ Row 1223: Unparsable date → 'peppeleppert'
[2025-08-20 14:14:43] ⚠️ Row 1224: Unparsable date → 'peppeleppert'
[2025-08-20 14:14:43] ⚠️ Row 1225: Unparsable date → 'peppeleppert'
[2025-08-20 14:14:43] ⚠️ Row 1226: Unparsable date → 'peppeleppert'
[2025-08-20 14:14:43] ⚠️ Row 1227: Unparsable date → 'peppeleppert'
[2025-08-20 14:14:43] ⚠️ Row 1228: Unparsable date → 'peppeleppert'
[2025-08-20 14:14:43] ⚠️ Row 1229: Unparsable date → 'peppeleppert'
[2025-08-20 14:14:43] ⚠️ Row 1230: Unparsable date → 'peppeleppert'
[2025-08-20 14:14:43] ⚠️ Row 1231: Unparsable date → 'peppeleppert'
[2025-08-20 14:14:43] ⚠️ Row 1232: Unparsable date → 'peppeleppert'
[2025-08-20 14:14:43] ⚠️ Row 1233: Unparsable date → 'peppeleppert'
[2025-08-20 14:14:43] ⚠️ Row 1234: Unparsable date → 'peppeleppert'
[2025-08-20 14:14:43] ⚠️ Row 1235: Unparsable date → 'peppeleppert'
[2025-08-20 14:14:43] ⚠️ Row 1236: Unparsable date → 'peppeleppert'
[2025-08-20 14:14:43] ⚠️ Row 1237: Unparsable date → 'peppeleppert'
[2025-08-20 14:14:43] ⚠️ Row 1238: Unparsable date → 'peppeleppert'
[2025-08-20 14:14:43] ⚠️ Row 1239: Unparsable date → 'peppeleppert'
[2025-08-20 14:14:43] ⚠️ Row 1240: Unparsable date → 'peppeleppert'
[2025-08-20 14:14:43] ⚠️ Row 1241: Unparsable date → 'peppeleppert'
[2025-08-20 14:14:43] ⚠️ Row 1242: Unparsable date → 'peppeleppert'
[2025-08-20 14:14:43] ⚠️ Row 1243: Unparsable date → 'peppeleppert'
[2025-08-20 14:14:43] ⚠️ Row 1244: Unparsable date → 'peppeleppert'
[2025-08-20 14:14:43] ⚠️ Row 1245: Unparsable date → 'peppeleppert'
[2025-08-20 14:14:43] ⚠️ Row 1246: Unparsable date → 'peppeleppert'
[2025-08-20 14:14:43] ⚠️ Row 1247: Unparsable date → 'peppeleppert'
[2025-08-20 14:14:43] ⚠️ Row 1248: Unparsable date → 'peppeleppert'
[2025-08-20 14:14:43] ⚠️ Row 1249: Unparsable date → 'peppeleppert'
[2025-08-20 14:14:43] ⚠️ Row 1250: Unparsable date → 'peppeleppert'
[2025-08-20 14:14:43] ⚠️ Row 1251: Unparsable date → 'peppeleppert'
[2025-08-20 14:14:43] ⚠️ Row 1252: Unparsable date → 'peppeleppert'
[2025-08-20 14:14:43] ⚠️ Row 1253: Unparsable date → 'peppeleppert'
[2025-08-20 14:14:43] ⚠️ Row 1254: Unparsable date → 'peppeleppert'
[2025-08-20 14:14:43] ⚠️ Row 1255: Unparsable date → 'peppeleppert'
[2025-08-20 14:14:43] ⚠️ Row 1256: Unparsable date → 'peppeleppert'
[2025-08-20 14:14:43] ⚠️ Row 1257: Unparsable date → 'peppeleppert'
[2025-08-20 14:14:43] ⚠️ Row 1258: Unparsable date → 'peppeleppert'
[2025-08-20 14:14:43] ⚠️ Row 1259: Unparsable date → 'peppeleppert'
[2025-08-20 14:14:43] ⚠️ Row 1260: Unparsable date → 'peppeleppert'
[2025-08-20 14:14:43] ⚠️ Row 1261: Unparsable date → 'peppeleppert'
[2025-08-20 14:14:43] ⚠️ Row 1262: Unparsable date → 'peppeleppert'
[2025-08-20 14:14:43] ⚠️ Row 1263: Unparsable date → 'peppeleppert'
[2025-08-20 14:14:43] ⚠️ Row 1264: Unparsable date → 'peppeleppert'
[2025-08-20 14:14:43] ⚠️ Row 1265: Unparsable date → 'peppeleppert'
[2025-08-20 14:14:43] ⚠️ Row 1266: Unparsable date → 'peppeleppert'
[2025-08-20 14:14:43] ⚠️ Row 1267: Unparsable date → 'peppeleppert'
[2025-08-20 14:14:43] ⚠️ Row 1268: Unparsable date → 'peppeleppert'
[2025-08-20 14:14:43] ⚠️ Row 1269: Unparsable date → 'peppeleppert'
[2025-08-20 14:14:43] ⚠️ Row 1270: Unparsable date → 'peppeleppert'
[2025-08-20 14:14:43] ⚠️ Row 1271: Unparsable date → 'peppeleppert'
[2025-08-20 14:14:43] ⚠️ Row 1272: Unparsable date → 'peppeleppert'
[2025-08-20 14:14:43] ⚠️ Row 1273: Unparsable date → 'peppeleppert'
[2025-08-20 14:14:43] ⚠️ Row 1274: Unparsable date → 'peppeleppert'
[2025-08-20 14:14:43] ⚠️ Row 1275: Unparsable date → 'peppeleppert'
[2025-08-20 14:14:43] ⚠️ Row 1276: Unparsable date → 'peppeleppert'
[2025-08-20 14:14:43] ⚠️ Row 1277: Unparsable date → 'peppeleppert'
[2025-08-20 14:14:43] ⚠️ Row 1278: Unparsable date → 'peppeleppert'
[2025-08-20 14:14:43] ⚠️ Row 1279: Unparsable date → 'peppeleppert'
[2025-08-20 14:14:43] ⚠️ Row 1280: Unparsable date → 'peppeleppert'
[2025-08-20 14:14:43] ⚠️ Row 1281: Unparsable date → 'peppeleppert'
[2025-08-20 14:14:43] ⚠️ Row 1282: Unparsable date → 'peppeleppert'
[2025-08-20 14:14:43] ⚠️ Row 1283: Unparsable date → 'peppeleppert'
[2025-08-20 14:14:43] ⚠️ Row 1284: Unparsable date → 'peppeleppert'
[2025-08-20 14:14:43] ⚠️ Row 1285: Unparsable date → 'peppeleppert'
[2025-08-20 14:14:43] ⚠️ Row 1286: Unparsable date → 'peppeleppert'
[2025-08-20 14:14:43] ⚠️ Row 1287: Unparsable date → 'peppeleppert'
[2025-08-20 14:14:43] ⚠️ Row 1288: Unparsable date → 'peppeleppert'
[2025-08-20 14:14:43] ⚠️ Row 1289: Unparsable date → 'peppeleppert'
[2025-08-20 14:14:43] ⚠️ Row 1290: Unparsable date → 'peppeleppert'
[2025-08-20 14:14:43] ⚠️ Row 1291: Unparsable date → 'peppeleppert'
[2025-08-20 14:14:43] ⚠️ Row 1292: Unparsable date → 'peppeleppert'
[2025-08-20 14:14:43] ⚠️ Row 1293: Unparsable date → 'peppeleppert'
[2025-08-20 14:14:43] ⚠️ Row 1294: Unparsable date → 'peppeleppert'
[2025-08-20 14:14:43] ⚠️ Row 1295: Unparsable date → 'peppeleppert'
[2025-08-20 14:14:43] ⚠️ Row 1296: Unparsable date → 'peppeleppert'
[2025-08-20 14:14:43] ⚠️ Row 1297: Unparsable date → 'peppeleppert'
[2025-08-20 14:14:43] ⚠️ Row 1298: Unparsable date → 'peppeleppert'
[2025-08-20 14:14:43] ⚠️ Row 1299: Unparsable date → 'peppeleppert'
[2025-08-20 14:14:43] ⚠️ Row 1300: Unparsable date → 'peppeleppert'
[2025-08-20 14:14:43] ⚠️ Row 1301: Unparsable date → 'peppeleppert'
[2025-08-20 14:14:43] ⚠️ Row 1302: Unparsable date → 'peppeleppert'
[2025-08-20 14:14:43] ⚠️ Row 1303: Unparsable date → 'peppeleppert'
[2025-08-20 14:14:43] ⚠️ Row 1304: Unparsable date → 'peppeleppert'
[2025-08-20 14:14:43] ⚠️ Row 1305: Unparsable date → 'peppeleppert'
[2025-08-20 14:14:43] ⚠️ Row 1306: Unparsable date → 'peppeleppert'
[2025-08-20 14:14:43] ⚠️ Row 1307: Unparsable date → 'peppeleppert'
[2025-08-20 14:14:43] ⚠️ Row 1308: Unparsable date → 'peppeleppert'
[2025-08-20 14:14:43] ⚠️ Row 1309: Unparsable date → 'peppeleppert'
[2025-08-20 14:14:43] ⚠️ Row 1310: Unparsable date → 'peppeleppert'
[2025-08-20 14:14:43] ⚠️ Row 1311: Unparsable date → 'peppeleppert'
[2025-08-20 14:14:43] ⚠️ Row 1312: Unparsable date → 'peppeleppert'
[2025-08-20 14:14:43] ⚠️ Row 1313: Unparsable date → 'peppeleppert'
[2025-08-20 14:14:43] ⚠️ Row 1314: Unparsable date → 'peppeleppert'
[2025-08-20 14:14:43] ⚠️ Row 1315: Unparsable date → 'peppeleppert'
[2025-08-20 14:14:43] ⚠️ Row 1316: Unparsable date → 'peppeleppert'
[2025-08-20 14:14:43] ⚠️ Row 1317: Unparsable date → 'peppeleppert'
[2025-08-20 14:14:43] ⚠️ Row 1318: Unparsable date → 'peppeleppert'
[2025-08-20 14:14:43] ⚠️ Row 1319: Unparsable date → 'peppeleppert'
[2025-08-20 14:14:43] ⚠️ Row 1320: Unparsable date → 'peppeleppert'
[2025-08-20 14:14:43] ⚠️ Row 1321: Unparsable date → 'peppeleppert'
[2025-08-20 14:14:43] ⚠️ Row 1322: Unparsable date → 'peppeleppert'
[2025-08-20 14:14:43] ⚠️ Row 1323: Unparsable date → 'peppeleppert'
[2025-08-20 14:14:43] ⚠️ Row 1324: Unparsable date → 'peppeleppert'
[2025-08-20 14:14:43] ⚠️ Row 1325: Unparsable date → 'peppeleppert'
[2025-08-20 14:14:43] ⚠️ Row 1326: Unparsable date → 'peppeleppert'
[2025-08-20 14:14:43] ⚠️ Row 1327: Unparsable date → 'peppeleppert'
[2025-08-20 14:14:43] ⚠️ Row 1328: Unparsable date → 'peppeleppert'
[2025-08-20 14:14:43] ⚠️ Row 1329: Unparsable date → 'peppeleppert'
[2025-08-20 14:14:43] ⚠️ Row 1330: Unparsable date → 'peppeleppert'
[2025-08-20 14:14:43] ⚠️ Row 1331: Unparsable date → 'peppeleppert'
[2025-08-20 14:14:43] ⚠️ Row 1332: Unparsable date → 'peppeleppert'
[2025-08-20 14:14:43] ⚠️ Row 1333: Unparsable date → 'peppeleppert'
[2025-08-20 14:14:43] ⚠️ Row 1334: Unparsable date → 'peppeleppert'
[2025-08-20 14:14:43] ⚠️ Row 1335: Unparsable date → 'peppeleppert'
[2025-08-20 14:14:43] ⚠️ Row 1336: Unparsable date → 'peppeleppert'
[2025-08-20 14:14:43] ⚠️ Row 1337: Unparsable date → 'peppeleppert'
[2025-08-20 14:14:43] ⚠️ Row 1338: Unparsable date → 'peppeleppert'
[2025-08-20 14:14:43] ⚠️ Row 1339: Unparsable date → 'peppeleppert'
[2025-08-20 14:14:43] ⚠️ Row 1340: Unparsable date → 'peppeleppert'
[2025-08-20 14:14:43] ⚠️ Row 1341: Unparsable date → 'peppeleppert'
[2025-08-20 14:14:43] ⚠️ Row 1342: Unparsable date → 'peppeleppert'
[2025-08-20 14:14:43] ⚠️ Row 1343: Unparsable date → 'peppeleppert'
[2025-08-20 14:14:43] ⚠️ Row 1344: Unparsable date → 'peppeleppert'
[2025-08-20 14:14:43] ⚠️ Row 1345: Unparsable date → 'peppeleppert'
[2025-08-20 14:14:43] ⚠️ Row 1346: Unparsable date → 'peppeleppert'
[2025-08-20 14:14:43] ⚠️ Row 1347: Unparsable date → 'peppeleppert'
[2025-08-20 14:14:43] ⚠️ Row 1348: Unparsable date → 'peppeleppert'
[2025-08-20 14:14:43] ⚠️ Row 1349: Unparsable date → 'peppeleppert'
[2025-08-20 14:14:43] ⚠️ Row 1350: Unparsable date → 'peppeleppert'
[2025-08-20 14:14:43] ⚠️ Row 1351: Unparsable date → 'peppeleppert'
[2025-08-20 14:14:43] ⚠️ Row 1352: Unparsable date → 'peppeleppert'
[2025-08-20 14:14:43] ⚠️ Row 1353: Unparsable date → 'peppeleppert'
[2025-08-20 14:14:43] ⚠️ Row 1354: Unparsable date → 'peppeleppert'
[2025-08-20 14:14:43] ⚠️ Row 1355: Unparsable date → 'peppeleppert'
[2025-08-20 14:14:43] ⚠️ Row 1356: Unparsable date → 'peppeleppert'
[2025-08-20 14:14:43] ⚠️ Row 1357: Unparsable date → 'peppeleppert'
[2025-08-20 14:14:43] ⚠️ Row 1358: Unparsable date → 'peppeleppert'
[2025-08-20 14:14:43] ⚠️ Row 1359: Unparsable date → 'peppeleppert'
[2025-08-20 14:14:43] ⚠️ Row 1360: Unparsable date → 'peppeleppert'
[2025-08-20 14:14:43] ⚠️ Row 1361: Unparsable date → 'peppeleppert'
[2025-08-20 14:14:43] ⚠️ Row 1362: Unparsable date → 'peppeleppert'
[2025-08-20 14:14:43] ⚠️ Row 1363: Unparsable date → 'peppeleppert'
[2025-08-20 14:14:43] ⚠️ Row 1364: Unparsable date → 'peppeleppert'
[2025-08-20 14:14:43] ⚠️ Row 1365: Unparsable date → 'peppeleppert'
[2025-08-20 14:14:43] ⚠️ Row 1366: Unparsable date → 'peppeleppert'
[2025-08-20 14:14:43] ⚠️ Row 1367: Unparsable date → 'peppeleppert'
[2025-08-20 14:14:43] ⚠️ Row 1368: Unparsable date → 'peppeleppert'
[2025-08-20 14:14:43] ⚠️ Row 1369: Unparsable date → 'peppeleppert'
[2025-08-20 14:14:43] ⚠️ Row 1370: Unparsable date → 'peppeleppert'
[2025-08-20 14:14:43] ⚠️ Row 1371: Unparsable date → 'peppeleppert'
[2025-08-20 14:14:43] ⚠️ Row 1372: Unparsable date → 'peppeleppert'
[2025-08-20 14:14:43] ⚠️ Row 1373: Unparsable date → 'peppeleppert'
[2025-08-20 14:14:43] ⚠️ Row 1374: Unparsable date → 'peppeleppert'
[2025-08-20 14:14:43] ⚠️ Row 1375: Unparsable date → 'peppeleppert'
[2025-08-20 14:14:43] ⚠️ Row 1376: Unparsable date → 'peppeleppert'
[2025-08-20 14:14:43] ⚠️ Row 1377: Unparsable date → 'peppeleppert'
[2025-08-20 14:14:43] ⚠️ Row 1378: Unparsable date → 'peppeleppert'
[2025-08-20 14:14:43] ⚠️ Row 1379: Unparsable date → 'peppeleppert'
[2025-08-20 14:14:44] ⚠️ Row 1380: Unparsable date → 'peppeleppert'
[2025-08-20 14:14:44] ⚠️ Row 1381: Unparsable date → 'peppeleppert'
[2025-08-20 14:14:44] ⚠️ Row 1382: Unparsable date → 'peppeleppert'
[2025-08-20 14:14:44] ⚠️ Row 1383: Unparsable date → 'peppeleppert'
[2025-08-20 14:14:44] ⚠️ Row 1384: Unparsable date → 'peppeleppert'
[2025-08-20 14:14:44] ⚠️ Row 1385: Unparsable date → 'peppeleppert'
[2025-08-20 14:14:44] ⚠️ Row 1386: Unparsable date → 'peppeleppert'
[2025-08-20 14:14:44] ⚠️ Row 1387: Unparsable date → 'peppeleppert'
[2025-08-20 14:14:44] ⚠️ Row 1388: Unparsable date → 'peppeleppert'
[2025-08-20 14:14:44] ⚠️ Row 1389: Unparsable date → 'peppeleppert'
[2025-08-20 14:14:44] ⚠️ Row 1390: Unparsable date → 'peppeleppert'
[2025-08-20 14:14:44] ⚠️ Row 1391: Unparsable date → 'peppeleppert'
[2025-08-20 14:14:44] ⚠️ Row 1392: Unparsable date → 'peppeleppert'
[2025-08-20 14:14:44] ⚠️ Row 1393: Unparsable date → 'peppeleppert'
[2025-08-20 14:14:44] ⚠️ Row 1394: Unparsable date → 'peppeleppert'
[2025-08-20 14:14:44] ⚠️ Row 1395: Unparsable date → 'peppeleppert'
[2025-08-20 14:14:44] ⚠️ Row 1396: Unparsable date → 'peppeleppert'
[2025-08-20 14:14:44] ⚠️ Row 1397: Unparsable date → 'peppeleppert'
[2025-08-20 14:14:44] ⚠️ Row 1398: Unparsable date → 'peppeleppert'
[2025-08-20 14:14:44] ⚠️ Row 1399: Unparsable date → 'peppeleppert'
[2025-08-20 14:14:44] ⚠️ Row 1400: Unparsable date → 'peppeleppert'
[2025-08-20 14:14:44] ⚠️ Row 1401: Unparsable date → 'peppeleppert'
[2025-08-20 14:14:44] ⚠️ Row 1402: Unparsable date → 'peppeleppert'
[2025-08-20 14:14:44] ⚠️ Row 1403: Unparsable date → 'peppeleppert'
[2025-08-20 14:14:44] ⚠️ Row 1404: Unparsable date → 'peppeleppert'
[2025-08-20 14:14:44] ⚠️ Row 1405: Unparsable date → 'peppeleppert'
[2025-08-20 14:14:44] ⚠️ Row 1406: Unparsable date → 'peppeleppert'
[2025-08-20 14:14:44] ⚠️ Row 1407: Unparsable date → 'peppeleppert'
[2025-08-20 14:14:44] ⚠️ Row 1408: Unparsable date → 'peppeleppert'
[2025-08-20 14:14:44] ⚠️ Row 1409: Unparsable date → 'peppeleppert'
[2025-08-20 14:14:44] ⚠️ Row 1410: Unparsable date → 'peppeleppert'
[2025-08-20 14:14:44] ⚠️ Row 1411: Unparsable date → 'peppeleppert'
[2025-08-20 14:14:44] ⚠️ Row 1412: Unparsable date → 'peppeleppert'
[2025-08-20 14:14:44] ⚠️ Row 1413: Unparsable date → 'peppeleppert'
[2025-08-20 14:14:44] ⚠️ Row 1414: Unparsable date → 'peppeleppert'
[2025-08-20 14:14:44] ⚠️ Row 1415: Unparsable date → 'peppeleppert'
[2025-08-20 14:14:44] ⚠️ Row 1416: Unparsable date → 'peppeleppert'
[2025-08-20 14:14:44] ⚠️ Row 1417: Unparsable date → 'peppeleppert'
[2025-08-20 14:14:44] ⚠️ Row 1418: Unparsable date → 'peppeleppert'
[2025-08-20 14:14:44] ⚠️ Row 1419: Unparsable date → 'peppeleppert'
[2025-08-20 14:14:44] ⚠️ Row 1420: Unparsable date → 'peppeleppert'
[2025-08-20 14:14:44] ⚠️ Row 1421: Unparsable date → 'peppeleppert'
[2025-08-20 14:14:44] ⚠️ Row 1422: Unparsable date → 'peppeleppert'
[2025-08-20 14:14:44] ⚠️ Row 1423: Unparsable date → 'peppeleppert'
[2025-08-20 14:14:44] ⚠️ Row 1424: Unparsable date → 'peppeleppert'
[2025-08-20 14:14:44] ⚠️ Row 1425: Unparsable date → 'peppeleppert'
[2025-08-20 14:14:44] ⚠️ Row 1426: Unparsable date → 'peppeleppert'
[2025-08-20 14:14:44] ⚠️ Row 1427: Unparsable date → 'peppeleppert'
[2025-08-20 14:14:44] ⚠️ Row 1428: Unparsable date → 'peppeleppert'
[2025-08-20 14:14:44] ⚠️ Row 1429: Unparsable date → 'peppeleppert'
[2025-08-20 14:14:44] ⚠️ Row 1430: Unparsable date → 'peppeleppert'
[2025-08-20 14:14:44] ⚠️ Row 1431: Unparsable date → 'peppeleppert'
[2025-08-20 14:14:44] ⚠️ Row 1432: Unparsable date → 'peppeleppert'
[2025-08-20 14:14:44] ⚠️ Row 1433: Unparsable date → 'peppeleppert'
[2025-08-20 14:14:44] ⚠️ Row 1434: Unparsable date → 'peppeleppert'
[2025-08-20 14:14:44] ⚠️ Row 1435: Unparsable date → 'peppeleppert'
[2025-08-20 14:14:44] ⚠️ Row 1436: Unparsable date → 'peppeleppert'
[2025-08-20 14:14:44] ⚠️ Row 1437: Unparsable date → 'peppeleppert'
[2025-08-20 14:14:44] ⚠️ Row 1438: Unparsable date → 'peppeleppert'
[2025-08-20 14:14:44] ⚠️ Row 1439: Unparsable date → 'peppeleppert'
[2025-08-20 14:14:44] ⚠️ Row 1440: Unparsable date → 'peppeleppert'
[2025-08-20 14:14:44] ⚠️ Row 1441: Unparsable date → 'peppeleppert'
[2025-08-20 14:14:44] ⚠️ Row 1442: Unparsable date → 'peppeleppert'
[2025-08-20 14:14:44] ⚠️ Row 1443: Unparsable date → 'peppeleppert'
[2025-08-20 14:14:44] ⚠️ Row 1444: Unparsable date → 'peppeleppert'
[2025-08-20 14:14:44] ⚠️ Row 1445: Unparsable date → 'peppeleppert'
[2025-08-20 14:14:44] ⚠️ Row 1446: Unparsable date → 'peppeleppert'
[2025-08-20 14:14:44] ⚠️ Row 1447: Unparsable date → 'peppeleppert'
[2025-08-20 14:14:44] ⚠️ Row 1448: Unparsable date → 'peppeleppert'
[2025-08-20 14:14:44] ⚠️ Row 1449: Unparsable date → 'peppeleppert'
[2025-08-20 14:14:44] ⚠️ Row 1450: Unparsable date → 'peppeleppert'
[2025-08-20 14:14:44] ⚠️ Row 1451: Unparsable date → 'peppeleppert'
[2025-08-20 14:14:44] ⚠️ Row 1452: Unparsable date → 'peppeleppert'
[2025-08-20 14:14:44] ⚠️ Row 1453: Unparsable date → 'peppeleppert'
[2025-08-20 14:14:44] ⚠️ Row 1454: Unparsable date → 'peppeleppert'
[2025-08-20 14:14:44] ⚠️ Row 1455: Unparsable date → 'peppeleppert'
[2025-08-20 14:14:44] ⚠️ Row 1456: Unparsable date → 'peppeleppert'
[2025-08-20 14:14:44] ⚠️ Row 1457: Unparsable date → 'peppeleppert'
[2025-08-20 14:14:44] ⚠️ Row 1458: Unparsable date → 'peppeleppert'
[2025-08-20 14:14:44] ⚠️ Row 1459: Unparsable date → 'peppeleppert'
[2025-08-20 14:14:44] ⚠️ Row 1460: Unparsable date → 'peppeleppert'
[2025-08-20 14:14:44] ⚠️ Row 1461: Unparsable date → 'peppeleppert'
[2025-08-20 14:14:44] ⚠️ Row 1462: Unparsable date → 'peppeleppert'
[2025-08-20 14:14:44] ⚠️ Row 1463: Unparsable date → 'peppeleppert'
[2025-08-20 14:14:44] ⚠️ Row 1464: Unparsable date → 'peppeleppert'
[2025-08-20 14:14:44] ⚠️ Row 1465: Unparsable date → 'peppeleppert'
[2025-08-20 14:14:44] ⚠️ Row 1466: Unparsable date → 'peppeleppert'
[2025-08-20 14:14:44] ⚠️ Row 1467: Unparsable date → 'peppeleppert'
[2025-08-20 14:14:44] ⚠️ Row 1468: Unparsable date → 'peppeleppert'
[2025-08-20 14:14:44] ⚠️ Row 1469: Unparsable date → 'peppeleppert'
[2025-08-20 14:14:44] ⚠️ Row 1470: Unparsable date → 'peppeleppert'
[2025-08-20 14:14:44] ⚠️ Row 1471: Unparsable date → 'peppeleppert'
[2025-08-20 14:14:44] ⚠️ Row 1472: Unparsable date → 'peppeleppert'
[2025-08-20 14:14:44] ⚠️ Row 1473: Unparsable date → 'peppeleppert'
[2025-08-20 14:14:44] ⚠️ Row 1474: Unparsable date → 'peppeleppert'
[2025-08-20 14:14:44] ⚠️ Row 1475: Unparsable date → 'peppeleppert'
[2025-08-20 14:14:44] ⚠️ Row 1476: Unparsable date → 'peppeleppert'
[2025-08-20 14:14:44] ⚠️ Row 1477: Unparsable date → 'peppeleppert'
[2025-08-20 14:14:44] ⚠️ Row 1478: Unparsable date → 'peppeleppert'
[2025-08-20 14:14:44] ⚠️ Row 1479: Unparsable date → 'peppeleppert'
[2025-08-20 14:14:44] ⚠️ Row 1480: Unparsable date → 'peppeleppert'
[2025-08-20 14:14:44] ⚠️ Row 1481: Unparsable date → 'peppeleppert'
[2025-08-20 14:14:44] ⚠️ Row 1482: Unparsable date → 'peppeleppert'
[2025-08-20 14:14:44] ⚠️ Row 1483: Unparsable date → 'peppeleppert'
[2025-08-20 14:14:44] ⚠️ Row 1484: Unparsable date → 'peppeleppert'
[2025-08-20 14:14:44] ⚠️ Row 1485: Unparsable date → 'peppeleppert'
[2025-08-20 14:14:44] ⚠️ Row 1486: Unparsable date → 'peppeleppert'
[2025-08-20 14:14:44] ⚠️ Row 1487: Unparsable date → 'peppeleppert'
[2025-08-20 14:14:44] ⚠️ Row 1488: Unparsable date → 'peppeleppert'
[2025-08-20 14:14:44] ⚠️ Row 1489: Unparsable date → 'peppeleppert'
[2025-08-20 14:14:44] ⚠️ Row 1490: Unparsable date → 'peppeleppert'
[2025-08-20 14:14:44] ⚠️ Row 1491: Unparsable date → 'peppeleppert'
[2025-08-20 14:14:44] ⚠️ Row 1492: Unparsable date → 'peppeleppert'
[2025-08-20 14:14:44] ⚠️ Row 1493: Unparsable date → 'peppeleppert'
[2025-08-20 14:14:44] ⚠️ Row 1494: Unparsable date → 'peppeleppert'
[2025-08-20 14:14:44] ⚠️ Row 1495: Unparsable date → 'peppeleppert'
[2025-08-20 14:14:44] ⚠️ Row 1496: Unparsable date → 'peppeleppert'
[2025-08-20 14:14:44] ⚠️ Row 1497: Unparsable date → 'peppeleppert'
[2025-08-20 14:14:44] ⚠️ Row 1498: Unparsable date → 'peppeleppert'
[2025-08-20 14:14:44] ⚠️ Row 1499: Unparsable date → 'peppeleppert'
[2025-08-20 14:14:44] ⚠️ Row 1500: Unparsable date → 'peppeleppert'
[2025-08-20 14:14:44] ⚠️ Row 1501: Unparsable date → 'peppeleppert'
[2025-08-20 14:14:44] ⚠️ Row 1502: Unparsable date → 'peppeleppert'
[2025-08-20 14:14:44] ⚠️ Row 1503: Unparsable date → 'peppeleppert'
[2025-08-20 14:14:44] ⚠️ Row 1504: Unparsable date → 'peppeleppert'
[2025-08-20 14:14:44] ⚠️ Row 1505: Unparsable date → 'peppeleppert'
[2025-08-20 14:14:44] ⚠️ Row 1506: Unparsable date → 'peppeleppert'
[2025-08-20 14:14:44] ⚠️ Row 1507: Unparsable date → 'peppeleppert'
[2025-08-20 14:14:44] ⚠️ Row 1508: Unparsable date → 'peppeleppert'
[2025-08-20 14:14:44] ⚠️ Row 1509: Unparsable date → 'peppeleppert'
[2025-08-20 14:14:44] ⚠️ Row 1510: Unparsable date → 'peppeleppert'
[2025-08-20 14:14:44] ⚠️ Row 1511: Unparsable date → 'peppeleppert'
[2025-08-20 14:14:44] ⚠️ Row 1512: Unparsable date → 'peppeleppert'
[2025-08-20 14:14:44] ⚠️ Row 1513: Unparsable date → 'peppeleppert'
[2025-08-20 14:14:44] ⚠️ Row 1514: Unparsable date → 'peppeleppert'
[2025-08-20 14:14:44] ⚠️ Row 1515: Unparsable date → 'peppeleppert'
[2025-08-20 14:14:44] ⚠️ Row 1516: Unparsable date → 'peppeleppert'
[2025-08-20 14:14:44] ⚠️ Row 1517: Unparsable date → 'peppeleppert'
[2025-08-20 14:14:44] ⚠️ Row 1518: Unparsable date → 'peppeleppert'
[2025-08-20 14:14:44] ⚠️ Row 1519: Unparsable date → 'peppeleppert'
[2025-08-20 14:14:44] ⚠️ Row 1520: Unparsable date → 'peppeleppert'
[2025-08-20 14:14:44] ⚠️ Row 1521: Unparsable date → 'peppeleppert'
[2025-08-20 14:14:44] ⚠️ Row 1522: Unparsable date → 'peppeleppert'
[2025-08-20 14:14:44] ⚠️ Row 1523: Unparsable date → 'peppeleppert'
[2025-08-20 14:14:44] ⚠️ Row 1524: Unparsable date → 'peppeleppert'
[2025-08-20 14:14:44] ⚠️ Row 1525: Unparsable date → 'peppeleppert'
[2025-08-20 14:14:44] ⚠️ Row 1526: Unparsable date → 'peppeleppert'
[2025-08-20 14:14:44] ⚠️ Row 1527: Unparsable date → 'peppeleppert'
[2025-08-20 14:14:44] ⚠️ Row 1528: Unparsable date → 'peppeleppert'
[2025-08-20 14:14:44] ⚠️ Row 1529: Unparsable date → 'peppeleppert'
[2025-08-20 14:14:44] ⚠️ Row 1530: Unparsable date → 'peppeleppert'
[2025-08-20 14:14:44] ⚠️ Row 1531: Unparsable date → 'peppeleppert'
[2025-08-20 14:14:44] ⚠️ Row 1532: Unparsable date → 'peppeleppert'
[2025-08-20 14:14:44] ⚠️ Row 1533: Unparsable date → 'peppeleppert'
[2025-08-20 14:14:44] ⚠️ Row 1534: Unparsable date → 'peppeleppert'
[2025-08-20 14:14:44] ⚠️ Row 1535: Unparsable date → 'peppeleppert'
[2025-08-20 14:14:44] ⚠️ Row 1536: Unparsable date → 'peppeleppert'
[2025-08-20 14:14:44] ⚠️ Row 1537: Unparsable date → 'peppeleppert'
[2025-08-20 14:14:44] ⚠️ Row 1538: Unparsable date → 'peppeleppert'
[2025-08-20 14:14:44] ⚠️ Row 1539: Unparsable date → 'peppeleppert'
[2025-08-20 14:14:44] ⚠️ Row 1540: Unparsable date → 'peppeleppert'
[2025-08-20 14:14:44] ⚠️ Row 1541: Unparsable date → 'peppeleppert'
[2025-08-20 14:14:44] ⚠️ Row 1542: Unparsable date → 'peppeleppert'
[2025-08-20 14:14:44] ⚠️ Row 1543: Unparsable date → 'peppeleppert'
[2025-08-20 14:14:44] ⚠️ Row 1544: Unparsable date → 'peppeleppert'
[2025-08-20 14:14:44] ⚠️ Row 1545: Unparsable date → 'peppeleppert'
[2025-08-20 14:14:44] ⚠️ Row 1546: Unparsable date → 'peppeleppert'
[2025-08-20 14:14:44] ⚠️ Row 1547: Unparsable date → 'peppeleppert'
[2025-08-20 14:14:44] ⚠️ Row 1548: Unparsable date → 'peppeleppert'
[2025-08-20 14:14:44] ⚠️ Row 1549: Unparsable date → 'peppeleppert'
[2025-08-20 14:14:44] ⚠️ Row 1550: Unparsable date → 'peppeleppert'
[2025-08-20 14:14:44] ⚠️ Row 1551: Unparsable date → 'peppeleppert'
[2025-08-20 14:14:44] ⚠️ Row 1552: Unparsable date → 'peppeleppert'
[2025-08-20 14:14:44] ⚠️ Row 1553: Unparsable date → 'peppeleppert'
[2025-08-20 14:14:44] ⚠️ Row 1554: Unparsable date → 'peppeleppert'
[2025-08-20 14:14:44] ⚠️ Row 1555: Unparsable date → 'peppeleppert'
[2025-08-20 14:14:44] ⚠️ Row 1556: Unparsable date → 'peppeleppert'
[2025-08-20 14:14:44] ⚠️ Row 1557: Unparsable date → 'peppeleppert'
[2025-08-20 14:14:44] ⚠️ Row 1558: Unparsable date → 'peppeleppert'
[2025-08-20 14:14:44] ⚠️ Row 1559: Unparsable date → 'peppeleppert'
[2025-08-20 14:14:44] ⚠️ Row 1560: Unparsable date → 'peppeleppert'
[2025-08-20 14:14:44] ⚠️ Row 1561: Unparsable date → 'peppeleppert'
[2025-08-20 14:14:44] ⚠️ Row 1562: Unparsable date → 'peppeleppert'
[2025-08-20 14:14:44] ⚠️ Row 1563: Unparsable date → 'peppeleppert'
[2025-08-20 14:14:44] ⚠️ Row 1564: Unparsable date → 'peppeleppert'
[2025-08-20 14:14:44] ⚠️ Row 1565: Unparsable date → 'peppeleppert'
[2025-08-20 14:14:44] ⚠️ Row 1566: Unparsable date → 'peppeleppert'
[2025-08-20 14:14:44] ⚠️ Row 1567: Unparsable date → 'peppeleppert'
[2025-08-20 14:14:44] ⚠️ Row 1568: Unparsable date → 'peppeleppert'
[2025-08-20 14:14:44] ⚠️ Row 1569: Unparsable date → 'peppeleppert'
[2025-08-20 14:14:44] ⚠️ Row 1570: Unparsable date → 'peppeleppert'
[2025-08-20 14:14:44] ⚠️ Row 1571: Unparsable date → 'peppeleppert'
[2025-08-20 14:14:44] ⚠️ Row 1572: Unparsable date → 'peppeleppert'
[2025-08-20 14:14:44] ⚠️ Row 1573: Unparsable date → 'peppeleppert'
[2025-08-20 14:14:44] ⚠️ Row 1574: Unparsable date → 'peppeleppert'
[2025-08-20 14:14:44] ⚠️ Row 1575: Unparsable date → 'peppeleppert'
[2025-08-20 14:14:44] ⚠️ Row 1576: Unparsable date → 'peppeleppert'
[2025-08-20 14:14:44] ⚠️ Row 1577: Unparsable date → 'peppeleppert'
[2025-08-20 14:14:44] ⚠️ Row 1578: Unparsable date → 'peppeleppert'
[2025-08-20 14:14:44] ⚠️ Row 1579: Unparsable date → 'peppeleppert'
[2025-08-20 14:14:44] ⚠️ Row 1580: Unparsable date → 'peppeleppert'
[2025-08-20 14:14:44] ⚠️ Row 1581: Unparsable date → 'peppeleppert'
[2025-08-20 14:14:44] ⚠️ Row 1582: Unparsable date → 'peppeleppert'
[2025-08-20 14:14:44] ⚠️ Row 1583: Unparsable date → 'peppeleppert'
[2025-08-20 14:14:44] ⚠️ Row 1584: Unparsable date → 'peppeleppert'
[2025-08-20 14:14:44] ⚠️ Row 1585: Unparsable date → 'peppeleppert'
[2025-08-20 14:14:44] ⚠️ Row 1586: Unparsable date → 'peppeleppert'
[2025-08-20 14:14:44] ⚠️ Row 1587: Unparsable date → 'peppeleppert'
[2025-08-20 14:14:44] ⚠️ Row 1588: Unparsable date → 'peppeleppert'
[2025-08-20 14:14:44] ⚠️ Row 1589: Unparsable date → 'peppeleppert'
[2025-08-20 14:14:44] ⚠️ Row 1590: Unparsable date → 'peppeleppert'
[2025-08-20 14:14:44] ⚠️ Row 1591: Unparsable date → 'peppeleppert'
[2025-08-20 14:14:44] ⚠️ Row 1592: Unparsable date → 'peppeleppert'
[2025-08-20 14:14:44] ⚠️ Row 1593: Unparsable date → 'peppeleppert'
[2025-08-20 14:14:44] ⚠️ Row 1594: Unparsable date → 'peppeleppert'
[2025-08-20 14:14:44] ⚠️ Row 1595: Unparsable date → 'peppeleppert'
[2025-08-20 14:14:44] ⚠️ Row 1596: Unparsable date → 'peppeleppert'
[2025-08-20 14:14:44] ⚠️ Row 1597: Unparsable date → 'peppeleppert'
[2025-08-20 14:14:44] ⚠️ Row 1598: Unparsable date → 'peppeleppert'
[2025-08-20 14:14:44] ⚠️ Row 1599: Unparsable date → 'peppeleppert'
[2025-08-20 14:14:44] ⚠️ Row 1600: Unparsable date → 'peppeleppert'
[2025-08-20 14:14:44] ⚠️ Row 1601: Unparsable date → 'peppeleppert'
[2025-08-20 14:14:44] ⚠️ Row 1602: Unparsable date → 'peppeleppert'
[2025-08-20 14:14:44] ⚠️ Row 1603: Unparsable date → 'peppeleppert'
[2025-08-20 14:14:44] ⚠️ Row 1604: Unparsable date → 'peppeleppert'
[2025-08-20 14:14:44] ⚠️ Row 1605: Unparsable date → 'peppeleppert'
[2025-08-20 14:14:44] ⚠️ Row 1606: Unparsable date → 'peppeleppert'
[2025-08-20 14:14:44] ⚠️ Row 1607: Unparsable date → 'peppeleppert'
[2025-08-20 14:14:44] ⚠️ Row 1608: Unparsable date → 'peppeleppert'
[2025-08-20 14:14:44] ⚠️ Row 1609: Unparsable date → 'peppeleppert'
[2025-08-20 14:14:44] ⚠️ Row 1610: Unparsable date → 'peppeleppert'
[2025-08-20 14:14:44] ⚠️ Row 1611: Unparsable date → 'peppeleppert'
[2025-08-20 14:14:44] ⚠️ Row 1612: Unparsable date → 'peppeleppert'
[2025-08-20 14:14:44] ⚠️ Row 1613: Unparsable date → 'peppeleppert'
[2025-08-20 14:14:44] ⚠️ Row 1614: Unparsable date → 'peppeleppert'
[2025-08-20 14:14:44] ⚠️ Row 1615: Unparsable date → 'peppeleppert'
[2025-08-20 14:14:44] ⚠️ Row 1616: Unparsable date → 'peppeleppert'
[2025-08-20 14:14:44] ⚠️ Row 1617: Unparsable date → 'peppeleppert'
[2025-08-20 14:14:44] ⚠️ Row 1618: Unparsable date → 'peppeleppert'
[2025-08-20 14:14:44] ⚠️ Row 1619: Unparsable date → 'peppeleppert'
[2025-08-20 14:14:44] ⚠️ Row 1620: Unparsable date → 'peppeleppert'
[2025-08-20 14:14:44] ⚠️ Row 1621: Unparsable date → 'peppeleppert'
[2025-08-20 14:14:44] ⚠️ Row 1622: Unparsable date → 'peppeleppert'
[2025-08-20 14:14:44] ⚠️ Row 1623: Unparsable date → 'peppeleppert'
[2025-08-20 14:14:44] ⚠️ Row 1624: Unparsable date → 'peppeleppert'
[2025-08-20 14:14:44] ⚠️ Row 1625: Unparsable date → 'peppeleppert'
[2025-08-20 14:14:44] ⚠️ Row 1626: Unparsable date → 'peppeleppert'
[2025-08-20 14:14:44] ⚠️ Row 1627: Unparsable date → 'peppeleppert'
[2025-08-20 14:14:44] ⚠️ Row 1628: Unparsable date → 'peppeleppert'
[2025-08-20 14:14:44] ⚠️ Row 1629: Unparsable date → 'peppeleppert'
[2025-08-20 14:14:44] ⚠️ Row 1630: Unparsable date → 'peppeleppert'
[2025-08-20 14:14:44] ⚠️ Row 1631: Unparsable date → 'peppeleppert'
[2025-08-20 14:14:44] ⚠️ Row 1632: Unparsable date → 'peppeleppert'
[2025-08-20 14:14:44] ⚠️ Row 1633: Unparsable date → 'peppeleppert'
[2025-08-20 14:14:44] ⚠️ Row 1634: Unparsable date → 'peppeleppert'
[2025-08-20 14:14:44] ⚠️ Row 1635: Unparsable date → 'peppeleppert'
[2025-08-20 14:14:44] ⚠️ Row 1636: Unparsable date → 'peppeleppert'
[2025-08-20 14:14:44] ⚠️ Row 1637: Unparsable date → 'peppeleppert'
[2025-08-20 14:14:44] ⚠️ Row 1638: Unparsable date → 'peppeleppert'
[2025-08-20 14:14:44] ⚠️ Row 1639: Unparsable date → 'peppeleppert'
[2025-08-20 14:14:44] ⚠️ Row 1640: Unparsable date → 'peppeleppert'
[2025-08-20 14:14:44] ⚠️ Row 1641: Unparsable date → 'peppeleppert'
[2025-08-20 14:14:44] ⚠️ Row 1642: Unparsable date → 'peppeleppert'
[2025-08-20 14:14:44] ⚠️ Row 1643: Unparsable date → 'peppeleppert'
[2025-08-20 14:14:44] ⚠️ Row 1644: Unparsable date → 'peppeleppert'
[2025-08-20 14:14:44] ⚠️ Row 1645: Unparsable date → 'peppeleppert'
[2025-08-20 14:14:44] ⚠️ Row 1646: Unparsable date → 'peppeleppert'
[2025-08-20 14:14:44] ⚠️ Row 1647: Unparsable date → 'peppeleppert'
[2025-08-20 14:14:44] ⚠️ Row 1648: Unparsable date → 'peppeleppert'
[2025-08-20 14:14:44] ⚠️ Row 1649: Unparsable date → 'peppeleppert'
[2025-08-20 14:14:44] ⚠️ Row 1650: Unparsable date → 'peppeleppert'
[2025-08-20 14:14:44] ⚠️ Row 1651: Unparsable date → 'peppeleppert'
[2025-08-20 14:14:44] ⚠️ Row 1652: Unparsable date → 'peppeleppert'
[2025-08-20 14:14:44] ⚠️ Row 1653: Unparsable date → 'peppeleppert'
[2025-08-20 14:14:44] ⚠️ Row 1654: Unparsable date → 'peppeleppert'
[2025-08-20 14:14:44] ⚠️ Row 1655: Unparsable date → 'peppeleppert'
[2025-08-20 14:14:44] ⚠️ Row 1656: Unparsable date → 'peppeleppert'
[2025-08-20 14:14:44] ⚠️ Row 1657: Unparsable date → 'peppeleppert'
[2025-08-20 14:14:44] ⚠️ Row 1658: Unparsable date → 'peppeleppert'
[2025-08-20 14:14:44] ⚠️ Row 1659: Unparsable date → 'peppeleppert'
[2025-08-20 14:14:44] ⚠️ Row 1660: Unparsable date → 'peppeleppert'
[2025-08-20 14:14:44] ⚠️ Row 1661: Unparsable date → 'peppeleppert'
[2025-08-20 14:14:44] ⚠️ Row 1662: Unparsable date → 'peppeleppert'
[2025-08-20 14:14:44] ⚠️ Row 1663: Unparsable date → 'peppeleppert'
[2025-08-20 14:14:44] ⚠️ Row 1664: Unparsable date → 'peppeleppert'
[2025-08-20 14:14:44] ⚠️ Row 1665: Unparsable date → 'peppeleppert'
[2025-08-20 14:14:44] ⚠️ Row 1666: Unparsable date → 'peppeleppert'
[2025-08-20 14:14:44] ⚠️ Row 1667: Unparsable date → 'peppeleppert'
[2025-08-20 14:14:44] ⚠️ Row 1668: Unparsable date → 'peppeleppert'
[2025-08-20 14:14:44] ⚠️ Row 1669: Unparsable date → 'peppeleppert'
[2025-08-20 14:14:44] ⚠️ Row 1670: Unparsable date → 'peppeleppert'
[2025-08-20 14:14:44] ⚠️ Row 1671: Unparsable date → 'peppeleppert'
[2025-08-20 14:14:44] ⚠️ Row 1672: Unparsable date → 'peppeleppert'
[2025-08-20 14:14:44] ⚠️ Row 1673: Unparsable date → 'peppeleppert'
[2025-08-20 14:14:44] ⚠️ Row 1674: Unparsable date → 'peppeleppert'
[2025-08-20 14:14:44] ⚠️ Row 1675: Unparsable date → 'peppeleppert'
[2025-08-20 14:14:45] ⚠️ Row 1676: Unparsable date → 'peppeleppert'
[2025-08-20 14:14:45] ⚠️ Row 1677: Unparsable date → 'peppeleppert'
[2025-08-20 14:14:45] ⚠️ Row 1678: Unparsable date → 'peppeleppert'
[2025-08-20 14:14:45] ⚠️ Row 1679: Unparsable date → 'peppeleppert'
[2025-08-20 14:14:45] ⚠️ Row 1680: Unparsable date → 'peppeleppert'
[2025-08-20 14:14:45] ⚠️ Row 1681: Unparsable date → 'peppeleppert'
[2025-08-20 14:14:45] ⚠️ Row 1682: Unparsable date → 'peppeleppert'
[2025-08-20 14:14:45] ⚠️ Row 1683: Unparsable date → 'peppeleppert'
[2025-08-20 14:14:45] ⚠️ Row 1684: Unparsable date → 'peppeleppert'
[2025-08-20 14:14:45] ⚠️ Row 1685: Unparsable date → 'peppeleppert'
[2025-08-20 14:14:45] ⚠️ Row 1686: Unparsable date → 'peppeleppert'
[2025-08-20 14:14:45] ⚠️ Row 1687: Unparsable date → 'peppeleppert'
[2025-08-20 14:14:45] ⚠️ Row 1688: Unparsable date → 'peppeleppert'
[2025-08-20 14:14:45] ⚠️ Row 1689: Unparsable date → 'peppeleppert'
[2025-08-20 14:14:45] ⚠️ Row 1690: Unparsable date → 'peppeleppert'
[2025-08-20 14:14:45] ⚠️ Row 1691: Unparsable date → 'peppeleppert'
[2025-08-20 14:14:45] ⚠️ Row 1692: Unparsable date → 'peppeleppert'
[2025-08-20 14:14:45] ⚠️ Row 1693: Unparsable date → 'peppeleppert'
[2025-08-20 14:14:45] ⚠️ Row 1694: Unparsable date → 'peppeleppert'
[2025-08-20 14:14:45] ⚠️ Row 1695: Unparsable date → 'peppeleppert'
[2025-08-20 14:14:45] ⚠️ Row 1696: Unparsable date → 'peppeleppert'
[2025-08-20 14:14:45] ⚠️ Row 1697: Unparsable date → 'peppeleppert'
[2025-08-20 14:14:45] ⚠️ Row 1698: Unparsable date → 'peppeleppert'
[2025-08-20 14:14:45] ⚠️ Row 1699: Unparsable date → 'peppeleppert'
[2025-08-20 14:14:45] ⚠️ Row 1700: Unparsable date → 'peppeleppert'
[2025-08-20 14:14:45] ⚠️ Row 1701: Unparsable date → 'peppeleppert'
[2025-08-20 14:14:45] ⚠️ Row 1702: Unparsable date → 'peppeleppert'
[2025-08-20 14:14:45] ⚠️ Row 1703: Unparsable date → 'peppeleppert'
[2025-08-20 14:14:45] ⚠️ Row 1704: Unparsable date → 'peppeleppert'
[2025-08-20 14:14:45] ⚠️ Row 1705: Unparsable date → 'peppeleppert'
[2025-08-20 14:14:45] ⚠️ Row 1706: Unparsable date → 'peppeleppert'
[2025-08-20 14:14:45] ⚠️ Row 1707: Unparsable date → 'peppeleppert'
[2025-08-20 14:14:45] ⚠️ Row 1708: Unparsable date → 'peppeleppert'
[2025-08-20 14:14:45] ⚠️ Row 1709: Unparsable date → 'peppeleppert'
[2025-08-20 14:14:45] ⚠️ Row 1710: Unparsable date → 'peppeleppert'
[2025-08-20 14:14:45] ⚠️ Row 1711: Unparsable date → 'peppeleppert'
[2025-08-20 14:14:45] ⚠️ Row 1712: Unparsable date → 'peppeleppert'
[2025-08-20 14:14:45] ⚠️ Row 1713: Unparsable date → 'peppeleppert'
[2025-08-20 14:14:45] ⚠️ Row 1714: Unparsable date → 'peppeleppert'
[2025-08-20 14:14:45] ⚠️ Row 1715: Unparsable date → 'peppeleppert'
[2025-08-20 14:14:45] ⚠️ Row 1716: Unparsable date → 'peppeleppert'
[2025-08-20 14:14:45] ⚠️ Row 1717: Unparsable date → 'peppeleppert'
[2025-08-20 14:14:45] ⚠️ Row 1718: Unparsable date → 'peppeleppert'
[2025-08-20 14:14:45] ⚠️ Row 1719: Unparsable date → 'peppeleppert'
[2025-08-20 14:14:45] ⚠️ Row 1720: Unparsable date → 'peppeleppert'
[2025-08-20 14:14:45] ⚠️ Row 1721: Unparsable date → 'peppeleppert'
[2025-08-20 14:14:45] ⚠️ Row 1722: Unparsable date → 'peppeleppert'
[2025-08-20 14:14:45] ⚠️ Row 1723: Unparsable date → 'peppeleppert'
[2025-08-20 14:14:45] ⚠️ Row 1724: Unparsable date → 'peppeleppert'
[2025-08-20 14:14:45] ⚠️ Row 1725: Unparsable date → 'peppeleppert'
[2025-08-20 14:14:45] ⚠️ Row 1726: Unparsable date → 'peppeleppert'
[2025-08-20 14:14:45] ⚠️ Row 1727: Unparsable date → 'peppeleppert'
[2025-08-20 14:14:45] ⚠️ Row 1728: Unparsable date → 'peppeleppert'
[2025-08-20 14:14:45] ⚠️ Row 1729: Unparsable date → 'peppeleppert'
[2025-08-20 14:14:45] ⚠️ Row 1730: Unparsable date → 'peppeleppert'
[2025-08-20 14:14:45] ⚠️ Row 1731: Unparsable date → 'peppeleppert'
[2025-08-20 14:14:45] ⚠️ Row 1732: Unparsable date → 'peppeleppert'
[2025-08-20 14:14:45] ⚠️ Row 1733: Unparsable date → 'peppeleppert'
[2025-08-20 14:14:45] ⚠️ Row 1734: Unparsable date → 'peppeleppert'
[2025-08-20 14:14:45] ⚠️ Row 1735: Unparsable date → 'peppeleppert'
[2025-08-20 14:14:45] ⚠️ Row 1736: Unparsable date → 'peppeleppert'
[2025-08-20 14:14:45] ⚠️ Row 1737: Unparsable date → 'peppeleppert'
[2025-08-20 14:14:45] ⚠️ Row 1738: Unparsable date → 'peppeleppert'
[2025-08-20 14:14:45] ⚠️ Row 1739: Unparsable date → 'peppeleppert'
[2025-08-20 14:14:45] ⚠️ Row 1740: Unparsable date → 'peppeleppert'
[2025-08-20 14:14:45] ⚠️ Row 1741: Unparsable date → 'peppeleppert'
[2025-08-20 14:14:45] ⚠️ Row 1742: Unparsable date → 'peppeleppert'
[2025-08-20 14:14:45] ⚠️ Row 1743: Unparsable date → 'peppeleppert'
[2025-08-20 14:14:45] ⚠️ Row 1744: Unparsable date → 'peppeleppert'
[2025-08-20 14:14:45] ⚠️ Row 1745: Unparsable date → 'peppeleppert'
[2025-08-20 14:14:45] ⚠️ Row 1746: Unparsable date → 'peppeleppert'
[2025-08-20 14:14:45] ⚠️ Row 1747: Unparsable date → 'peppeleppert'
[2025-08-20 14:14:45] ⚠️ Row 1748: Unparsable date → 'peppeleppert'
[2025-08-20 14:14:45] ⚠️ Row 1749: Unparsable date → 'peppeleppert'
[2025-08-20 14:14:45] ⚠️ Row 1750: Unparsable date → 'peppeleppert'
[2025-08-20 14:14:45] ⚠️ Row 1751: Unparsable date → 'peppeleppert'
[2025-08-20 14:14:45] ⚠️ Row 1752: Unparsable date → 'peppeleppert'
[2025-08-20 14:14:45] ⚠️ Row 1753: Unparsable date → 'peppeleppert'
[2025-08-20 14:14:45] ⚠️ Row 1754: Unparsable date → 'peppeleppert'
[2025-08-20 14:14:45] ⚠️ Row 1755: Unparsable date → 'peppeleppert'
[2025-08-20 14:14:45] ⚠️ Row 1756: Unparsable date → 'peppeleppert'
[2025-08-20 14:14:45] ⚠️ Row 1757: Unparsable date → 'peppeleppert'
[2025-08-20 14:14:45] ⚠️ Row 1758: Unparsable date → 'peppeleppert'
[2025-08-20 14:14:45] ⚠️ Row 1759: Unparsable date → 'peppeleppert'
[2025-08-20 14:14:45] ⚠️ Row 1760: Unparsable date → 'peppeleppert'
[2025-08-20 14:14:45] ⚠️ Row 1761: Unparsable date → 'peppeleppert'
[2025-08-20 14:14:45] ⚠️ Row 1762: Unparsable date → 'peppeleppert'
[2025-08-20 14:14:45] ⚠️ Row 1763: Unparsable date → 'peppeleppert'
[2025-08-20 14:14:45] ⚠️ Row 1764: Unparsable date → 'peppeleppert'
[2025-08-20 14:14:45] ⚠️ Row 1765: Unparsable date → 'peppeleppert'
[2025-08-20 14:14:45] ⚠️ Row 1766: Unparsable date → 'peppeleppert'
[2025-08-20 14:14:45] ⚠️ Row 1767: Unparsable date → 'peppeleppert'
[2025-08-20 14:14:45] ⚠️ Row 1768: Unparsable date → 'peppeleppert'
[2025-08-20 14:14:45] ⚠️ Row 1769: Unparsable date → 'peppeleppert'
[2025-08-20 14:14:45] ⚠️ Row 1770: Unparsable date → 'peppeleppert'
[2025-08-20 14:14:45] ⚠️ Row 1771: Unparsable date → 'peppeleppert'
[2025-08-20 14:14:45] ⚠️ Row 1772: Unparsable date → 'peppeleppert'
[2025-08-20 14:14:45] ⚠️ Row 1773: Unparsable date → 'peppeleppert'
[2025-08-20 14:14:45] ⚠️ Row 1774: Unparsable date → 'peppeleppert'
[2025-08-20 14:14:45] ⚠️ Row 1775: Unparsable date → 'peppeleppert'
[2025-08-20 14:14:45] ⚠️ Row 1776: Unparsable date → 'peppeleppert'
[2025-08-20 14:14:45] ⚠️ Row 1777: Unparsable date → 'peppeleppert'
[2025-08-20 14:14:45] ⚠️ Row 1778: Unparsable date → 'peppeleppert'
[2025-08-20 14:14:45] ⚠️ Row 1779: Unparsable date → 'peppeleppert'
[2025-08-20 14:14:45] ⚠️ Row 1780: Unparsable date → 'peppeleppert'
[2025-08-20 14:14:45] ⚠️ Row 1781: Unparsable date → 'peppeleppert'
[2025-08-20 14:14:45] ⚠️ Row 1782: Unparsable date → 'peppeleppert'
[2025-08-20 14:14:45] ⚠️ Row 1783: Unparsable date → 'peppeleppert'
[2025-08-20 14:14:45] ⚠️ Row 1784: Unparsable date → 'peppeleppert'
[2025-08-20 14:14:45] ⚠️ Row 1785: Unparsable date → 'peppeleppert'
[2025-08-20 14:14:45] ⚠️ Row 1786: Unparsable date → 'peppeleppert'
[2025-08-20 14:14:45] ⚠️ Row 1787: Unparsable date → 'peppeleppert'
[2025-08-20 14:14:45] ⚠️ Row 1788: Unparsable date → 'peppeleppert'
[2025-08-20 14:14:45] ⚠️ Row 1789: Unparsable date → 'peppeleppert'
[2025-08-20 14:14:45] ⚠️ Row 1790: Unparsable date → 'peppeleppert'
[2025-08-20 14:14:45] ⚠️ Row 1791: Unparsable date → 'peppeleppert'
[2025-08-20 14:14:45] ⚠️ Row 1792: Unparsable date → 'peppeleppert'
[2025-08-20 14:14:45] ⚠️ Row 1793: Unparsable date → 'peppeleppert'
[2025-08-20 14:14:45] ⚠️ Row 1794: Unparsable date → 'peppeleppert'
[2025-08-20 14:14:45] ⚠️ Row 1795: Unparsable date → 'peppeleppert'
[2025-08-20 14:14:45] ⚠️ Row 1796: Unparsable date → 'peppeleppert'
[2025-08-20 14:14:45] ⚠️ Row 1797: Unparsable date → 'peppeleppert'
[2025-08-20 14:14:45] ⚠️ Row 1798: Unparsable date → 'peppeleppert'
[2025-08-20 14:14:45] ⚠️ Row 1799: Unparsable date → 'peppeleppert'
[2025-08-20 14:14:45] ⚠️ Row 1800: Unparsable date → 'peppeleppert'
[2025-08-20 14:14:45] ⚠️ Row 1801: Unparsable date → 'peppeleppert'
[2025-08-20 14:14:45] ⚠️ Row 1802: Unparsable date → 'peppeleppert'
[2025-08-20 14:14:45] ⚠️ Row 1803: Unparsable date → 'peppeleppert'
[2025-08-20 14:14:45] ⚠️ Row 1804: Unparsable date → 'peppeleppert'
[2025-08-20 14:14:45] ⚠️ Row 1805: Unparsable date → 'peppeleppert'
[2025-08-20 14:14:45] ⚠️ Row 1806: Unparsable date → 'peppeleppert'
[2025-08-20 14:14:45] ⚠️ Row 1807: Unparsable date → 'peppeleppert'
[2025-08-20 14:14:45] ⚠️ Row 1808: Unparsable date → 'peppeleppert'
[2025-08-20 14:14:45] ⚠️ Row 1809: Unparsable date → 'peppeleppert'
[2025-08-20 14:14:45] ⚠️ Row 1810: Unparsable date → 'peppeleppert'
[2025-08-20 14:14:45] ⚠️ Row 1811: Unparsable date → 'peppeleppert'
[2025-08-20 14:14:45] ⚠️ Row 1812: Unparsable date → 'peppeleppert'
[2025-08-20 14:14:45] ⚠️ Row 1813: Unparsable date → 'peppeleppert'
[2025-08-20 14:14:45] ⚠️ Row 1814: Unparsable date → 'peppeleppert'
[2025-08-20 14:14:45] ⚠️ Row 1815: Unparsable date → 'peppeleppert'
[2025-08-20 14:14:45] ⚠️ Row 1816: Unparsable date → 'peppeleppert'
[2025-08-20 14:14:45] ⚠️ Row 1817: Unparsable date → 'peppeleppert'
[2025-08-20 14:14:45] ⚠️ Row 1818: Unparsable date → 'peppeleppert'
[2025-08-20 14:14:45] ⚠️ Row 1819: Unparsable date → 'peppeleppert'
[2025-08-20 14:14:45] ⚠️ Row 1820: Unparsable date → 'peppeleppert'
[2025-08-20 14:14:45] ⚠️ Row 1821: Unparsable date → 'peppeleppert'
[2025-08-20 14:14:45] ⚠️ Row 1822: Unparsable date → 'peppeleppert'
[2025-08-20 14:14:45] ⚠️ Row 1823: Unparsable date → 'peppeleppert'
[2025-08-20 14:14:45] ⚠️ Row 1824: Unparsable date → 'peppeleppert'
[2025-08-20 14:14:45] ⚠️ Row 1825: Unparsable date → 'peppeleppert'
[2025-08-20 14:14:45] ⚠️ Row 1826: Unparsable date → 'peppeleppert'
[2025-08-20 14:14:45] ⚠️ Row 1827: Unparsable date → 'peppeleppert'
[2025-08-20 14:14:45] ⚠️ Row 1828: Unparsable date → 'peppeleppert'
[2025-08-20 14:14:45] ⚠️ Row 1829: Unparsable date → 'peppeleppert'
[2025-08-20 14:14:45] ⚠️ Row 1830: Unparsable date → 'peppeleppert'
[2025-08-20 14:14:45] ⚠️ Row 1831: Unparsable date → 'peppeleppert'
[2025-08-20 14:14:45] ⚠️ Row 1832: Unparsable date → 'peppeleppert'
[2025-08-20 14:14:45] ⚠️ Row 1833: Unparsable date → 'peppeleppert'
[2025-08-20 14:14:45] ⚠️ Row 1834: Unparsable date → 'peppeleppert'
[2025-08-20 14:14:45] ⚠️ Row 1835: Unparsable date → 'peppeleppert'
[2025-08-20 14:14:45] ⚠️ Row 1836: Unparsable date → 'peppeleppert'
[2025-08-20 14:14:45] ⚠️ Row 1837: Unparsable date → 'peppeleppert'
[2025-08-20 14:14:45] ⚠️ Row 1838: Unparsable date → 'peppeleppert'
[2025-08-20 14:14:45] ⚠️ Row 1839: Unparsable date → 'peppeleppert'
[2025-08-20 14:14:45] ⚠️ Row 1840: Unparsable date → 'peppeleppert'
[2025-08-20 14:14:45] ⚠️ Row 1841: Unparsable date → 'peppeleppert'
[2025-08-20 14:14:45] ⚠️ Row 1842: Unparsable date → 'peppeleppert'
[2025-08-20 14:14:45] ⚠️ Row 1843: Unparsable date → 'peppeleppert'
[2025-08-20 14:14:45] ⚠️ Row 1844: Unparsable date → 'peppeleppert'
[2025-08-20 14:14:45] ⚠️ Row 1845: Unparsable date → 'peppeleppert'
[2025-08-20 14:14:45] ⚠️ Row 1846: Unparsable date → 'peppeleppert'
[2025-08-20 14:14:45] ⚠️ Row 1847: Unparsable date → 'peppeleppert'
[2025-08-20 14:14:45] ⚠️ Row 1848: Unparsable date → 'peppeleppert'
[2025-08-20 14:14:45] ⚠️ Row 1849: Unparsable date → 'peppeleppert'
[2025-08-20 14:14:45] ⚠️ Row 1850: Unparsable date → 'peppeleppert'
[2025-08-20 14:14:45] ⚠️ Row 1851: Unparsable date → 'peppeleppert'
[2025-08-20 14:14:45] ⚠️ Row 1852: Unparsable date → 'peppeleppert'
[2025-08-20 14:14:45] ⚠️ Row 1853: Unparsable date → 'peppeleppert'
[2025-08-20 14:14:45] ⚠️ Row 1854: Unparsable date → 'peppeleppert'
[2025-08-20 14:14:45] ⚠️ Row 1855: Unparsable date → 'peppeleppert'
[2025-08-20 14:14:45] ⚠️ Row 1856: Unparsable date → 'peppeleppert'
[2025-08-20 14:14:45] ⚠️ Row 1857: Unparsable date → 'peppeleppert'
[2025-08-20 14:14:45] ⚠️ Row 1858: Unparsable date → 'peppeleppert'
[2025-08-20 14:14:45] ⚠️ Row 1859: Unparsable date → 'peppeleppert'
[2025-08-20 14:14:45] ⚠️ Row 1860: Unparsable date → 'peppeleppert'
[2025-08-20 14:14:45] ⚠️ Row 1861: Unparsable date → 'peppeleppert'
[2025-08-20 14:14:45] ⚠️ Row 1862: Unparsable date → 'peppeleppert'
[2025-08-20 14:14:45] ⚠️ Row 1863: Unparsable date → 'peppeleppert'
[2025-08-20 14:14:45] ⚠️ Row 1864: Unparsable date → 'peppeleppert'
[2025-08-20 14:14:45] ⚠️ Row 1865: Unparsable date → 'peppeleppert'
[2025-08-20 14:14:45] ⚠️ Row 1866: Unparsable date → 'peppeleppert'
[2025-08-20 14:14:45] ⚠️ Row 1867: Unparsable date → 'peppeleppert'
[2025-08-20 14:14:45] ⚠️ Row 1868: Unparsable date → 'peppeleppert'
[2025-08-20 14:14:45] ⚠️ Row 1869: Unparsable date → 'peppeleppert'
[2025-08-20 14:14:45] ⚠️ Row 1870: Unparsable date → 'peppeleppert'
[2025-08-20 14:14:45] ⚠️ Row 1871: Unparsable date → 'peppeleppert'
[2025-08-20 14:14:45] ⚠️ Row 1872: Unparsable date → 'peppeleppert'
[2025-08-20 14:14:45] ⚠️ Row 1873: Unparsable date → 'peppeleppert'
[2025-08-20 14:14:45] ⚠️ Row 1874: Unparsable date → 'peppeleppert'
[2025-08-20 14:14:45] ⚠️ Row 1875: Unparsable date → 'peppeleppert'
[2025-08-20 14:14:45] ⚠️ Row 1876: Unparsable date → 'peppeleppert'
[2025-08-20 14:14:45] ⚠️ Row 1877: Unparsable date → 'peppeleppert'
[2025-08-20 14:14:45] ⚠️ Row 1878: Unparsable date → 'peppeleppert'
[2025-08-20 14:14:45] ⚠️ Row 1879: Unparsable date → 'peppeleppert'
[2025-08-20 14:14:45] ⚠️ Row 1880: Unparsable date → 'peppeleppert'
[2025-08-20 14:14:45] ⚠️ Row 1881: Unparsable date → 'peppeleppert'
[2025-08-20 14:14:45] ⚠️ Row 1882: Unparsable date → 'peppeleppert'
[2025-08-20 14:14:45] ⚠️ Row 1883: Unparsable date → 'peppeleppert'
[2025-08-20 14:14:45] ⚠️ Row 1884: Unparsable date → 'peppeleppert'
[2025-08-20 14:14:45] ⚠️ Row 1885: Unparsable date → 'peppeleppert'
[2025-08-20 14:14:45] ⚠️ Row 1886: Unparsable date → 'peppeleppert'
[2025-08-20 14:14:45] ⚠️ Row 1887: Unparsable date → 'peppeleppert'
[2025-08-20 14:14:45] ⚠️ Row 1888: Unparsable date → 'peppeleppert'
[2025-08-20 14:14:45] ⚠️ Row 1889: Unparsable date → 'peppeleppert'
[2025-08-20 14:14:45] ⚠️ Row 1890: Unparsable date → 'peppeleppert'
[2025-08-20 14:14:45] ⚠️ Row 1891: Unparsable date → 'peppeleppert'
[2025-08-20 14:14:45] ⚠️ Row 1892: Unparsable date → 'peppeleppert'
[2025-08-20 14:14:45] ⚠️ Row 1893: Unparsable date → 'peppeleppert'
[2025-08-20 14:14:45] ⚠️ Row 1894: Unparsable date → 'peppeleppert'
[2025-08-20 14:14:45] ⚠️ Row 1895: Unparsable date → 'peppeleppert'
[2025-08-20 14:14:45] ⚠️ Row 1896: Unparsable date → 'peppeleppert'
[2025-08-20 14:14:45] ⚠️ Row 1897: Unparsable date → 'peppeleppert'
[2025-08-20 14:14:45] ⚠️ Row 1898: Unparsable date → 'peppeleppert'
[2025-08-20 14:14:45] ⚠️ Row 1899: Unparsable date → 'peppeleppert'
[2025-08-20 14:14:45] ⚠️ Row 1900: Unparsable date → 'peppeleppert'
[2025-08-20 14:14:45] ⚠️ Row 1901: Unparsable date → 'peppeleppert'
[2025-08-20 14:14:45] ⚠️ Row 1902: Unparsable date → 'peppeleppert'
[2025-08-20 14:14:45] ⚠️ Row 1903: Unparsable date → 'peppeleppert'
[2025-08-20 14:14:45] ⚠️ Row 1904: Unparsable date → 'peppeleppert'
[2025-08-20 14:14:45] ⚠️ Row 1905: Unparsable date → 'peppeleppert'
[2025-08-20 14:14:45] ⚠️ Row 1906: Unparsable date → 'peppeleppert'
[2025-08-20 14:14:45] ⚠️ Row 1907: Unparsable date → 'peppeleppert'
[2025-08-20 14:14:45] ⚠️ Row 1908: Unparsable date → 'peppeleppert'
[2025-08-20 14:14:45] ⚠️ Row 1909: Unparsable date → 'peppeleppert'
[2025-08-20 14:14:45] ⚠️ Row 1910: Unparsable date → 'peppeleppert'
[2025-08-20 14:14:45] ⚠️ Row 1911: Unparsable date → 'peppeleppert'
[2025-08-20 14:14:45] ⚠️ Row 1912: Unparsable date → 'peppeleppert'
[2025-08-20 14:14:45] ⚠️ Row 1913: Unparsable date → 'peppeleppert'
[2025-08-20 14:14:45] ⚠️ Row 1914: Unparsable date → 'peppeleppert'
[2025-08-20 14:14:45] ⚠️ Row 1915: Unparsable date → 'peppeleppert'
[2025-08-20 14:14:45] ⚠️ Row 1916: Unparsable date → 'peppeleppert'
[2025-08-20 14:14:45] ⚠️ Row 1917: Unparsable date → 'peppeleppert'
[2025-08-20 14:14:45] ⚠️ Row 1918: Unparsable date → 'peppeleppert'
[2025-08-20 14:14:45] ⚠️ Row 1919: Unparsable date → 'peppeleppert'
[2025-08-20 14:14:45] ⚠️ Row 1920: Unparsable date → 'peppeleppert'
[2025-08-20 14:14:45] ⚠️ Row 1921: Unparsable date → 'peppeleppert'
[2025-08-20 14:14:45] ⚠️ Row 1922: Unparsable date → 'peppeleppert'
[2025-08-20 14:14:45] ⚠️ Row 1923: Unparsable date → 'peppeleppert'
[2025-08-20 14:14:45] ⚠️ Row 1924: Unparsable date → 'peppeleppert'
[2025-08-20 14:14:45] ⚠️ Row 1925: Unparsable date → 'peppeleppert'
[2025-08-20 14:14:45] ⚠️ Row 1926: Unparsable date → 'peppeleppert'
[2025-08-20 14:14:45] ⚠️ Row 1927: Unparsable date → 'peppeleppert'
[2025-08-20 14:14:45] ⚠️ Row 1928: Unparsable date → 'peppeleppert'
[2025-08-20 14:14:45] ⚠️ Row 1929: Unparsable date → 'peppeleppert'
[2025-08-20 14:14:45] ⚠️ Row 1930: Unparsable date → 'peppeleppert'
[2025-08-20 14:14:45] ⚠️ Row 1931: Unparsable date → 'peppeleppert'
[2025-08-20 14:14:45] ⚠️ Row 1932: Unparsable date → 'peppeleppert'
[2025-08-20 14:14:45] ⚠️ Row 1933: Unparsable date → 'peppeleppert'
[2025-08-20 14:14:45] ⚠️ Row 1934: Unparsable date → 'peppeleppert'
[2025-08-20 14:14:45] ⚠️ Row 1935: Unparsable date → 'peppeleppert'
[2025-08-20 14:14:45] ⚠️ Row 1936: Unparsable date → 'peppeleppert'
[2025-08-20 14:14:45] ⚠️ Row 1937: Unparsable date → 'peppeleppert'
[2025-08-20 14:14:45] ⚠️ Row 1938: Unparsable date → 'peppeleppert'
[2025-08-20 14:14:45] ⚠️ Row 1939: Unparsable date → 'peppeleppert'
[2025-08-20 14:14:45] ⚠️ Row 1940: Unparsable date → 'peppeleppert'
[2025-08-20 14:14:45] ⚠️ Row 1941: Unparsable date → 'peppeleppert'
[2025-08-20 14:14:45] ⚠️ Row 1942: Unparsable date → 'peppeleppert'
[2025-08-20 14:14:45] ⚠️ Row 1943: Unparsable date → 'peppeleppert'
[2025-08-20 14:14:45] ⚠️ Row 1944: Unparsable date → 'peppeleppert'
[2025-08-20 14:14:45] ⚠️ Row 1945: Unparsable date → 'peppeleppert'
[2025-08-20 14:14:45] ⚠️ Row 1946: Unparsable date → 'peppeleppert'
[2025-08-20 14:14:45] ⚠️ Row 1947: Unparsable date → 'peppeleppert'
[2025-08-20 14:14:45] ⚠️ Row 1948: Unparsable date → 'peppeleppert'
[2025-08-20 14:14:45] ⚠️ Row 1949: Unparsable date → 'peppeleppert'
[2025-08-20 14:14:45] ⚠️ Row 1950: Unparsable date → 'peppeleppert'
[2025-08-20 14:14:45] ⚠️ Row 1951: Unparsable date → 'peppeleppert'
[2025-08-20 14:14:45] ⚠️ Row 1952: Unparsable date → 'peppeleppert'
[2025-08-20 14:14:45] ⚠️ Row 1953: Unparsable date → 'peppeleppert'
[2025-08-20 14:14:45] ⚠️ Row 1954: Unparsable date → 'peppeleppert'
[2025-08-20 14:14:45] ⚠️ Row 1955: Unparsable date → 'peppeleppert'
[2025-08-20 14:14:45] ⚠️ Row 1956: Unparsable date → 'peppeleppert'
[2025-08-20 14:14:45] ⚠️ Row 1957: Unparsable date → 'peppeleppert'
[2025-08-20 14:14:45] ⚠️ Row 1958: Unparsable date → 'peppeleppert'
[2025-08-20 14:14:45] ⚠️ Row 1959: Unparsable date → 'peppeleppert'
[2025-08-20 14:14:45] ⚠️ Row 1960: Unparsable date → 'peppeleppert'
[2025-08-20 14:14:45] ⚠️ Row 1961: Unparsable date → 'peppeleppert'
[2025-08-20 14:14:45] ⚠️ Row 1962: Unparsable date → 'peppeleppert'
[2025-08-20 14:14:45] ⚠️ Row 1963: Unparsable date → 'peppeleppert'
[2025-08-20 14:14:45] ⚠️ Row 1964: Unparsable date → 'peppeleppert'
[2025-08-20 14:14:45] ⚠️ Row 1965: Unparsable date → 'peppeleppert'
[2025-08-20 14:14:45] ⚠️ Row 1966: Unparsable date → 'peppeleppert'
[2025-08-20 14:14:45] ⚠️ Row 1967: Unparsable date → 'peppeleppert'
[2025-08-20 14:14:45] ⚠️ Row 1968: Unparsable date → 'peppeleppert'
[2025-08-20 14:14:45] ⚠️ Row 1969: Unparsable date → 'peppeleppert'
[2025-08-20 14:14:45] ⚠️ Row 1970: Unparsable date → 'peppeleppert'
[2025-08-20 14:14:45] ⚠️ Row 1971: Unparsable date → 'peppeleppert'
[2025-08-20 14:14:46] ⚠️ Row 1972: Unparsable date → 'peppeleppert'
[2025-08-20 14:14:46] ⚠️ Row 1973: Unparsable date → 'peppeleppert'
[2025-08-20 14:14:46] ⚠️ Row 1974: Unparsable date → 'peppeleppert'
[2025-08-20 14:14:46] ⚠️ Row 1975: Unparsable date → 'peppeleppert'
[2025-08-20 14:14:46] ⚠️ Row 1976: Unparsable date → 'peppeleppert'
[2025-08-20 14:14:46] ⚠️ Row 1977: Unparsable date → 'peppeleppert'
[2025-08-20 14:14:46] ⚠️ Row 1978: Unparsable date → 'peppeleppert'
[2025-08-20 14:14:46] ⚠️ Row 1979: Unparsable date → 'peppeleppert'
[2025-08-20 14:14:46] ⚠️ Row 1980: Unparsable date → 'peppeleppert'
[2025-08-20 14:14:46] ⚠️ Row 1981: Unparsable date → 'peppeleppert'
[2025-08-20 14:14:46] ⚠️ Row 1982: Unparsable date → 'peppeleppert'
[2025-08-20 14:14:46] ⚠️ Row 1983: Unparsable date → 'peppeleppert'
[2025-08-20 14:14:46] ⚠️ Row 1984: Unparsable date → 'peppeleppert'
[2025-08-20 14:14:46] ⚠️ Row 1985: Unparsable date → 'peppeleppert'
[2025-08-20 14:14:46] ⚠️ Row 1986: Unparsable date → 'peppeleppert'
[2025-08-20 14:14:46] ⚠️ Row 1987: Unparsable date → 'peppeleppert'
[2025-08-20 14:14:46] ⚠️ Row 1988: Unparsable date → 'peppeleppert'
[2025-08-20 14:14:46] ⚠️ Row 1989: Unparsable date → 'peppeleppert'
[2025-08-20 14:14:46] ⚠️ Row 1990: Unparsable date → 'peppeleppert'
[2025-08-20 14:14:46] ⚠️ Row 1991: Unparsable date → 'peppeleppert'
[2025-08-20 14:14:46] ⚠️ Row 1992: Unparsable date → 'peppeleppert'
[2025-08-20 14:14:46] ⚠️ Row 1993: Unparsable date → 'peppeleppert'
[2025-08-20 14:14:46] ⚠️ Row 1994: Unparsable date → 'peppeleppert'
[2025-08-20 14:14:46] ⚠️ Row 1995: Unparsable date → 'peppeleppert'
[2025-08-20 14:14:46] ⚠️ Row 1996: Unparsable date → 'peppeleppert'
[2025-08-20 14:14:46] ⚠️ Row 1997: Unparsable date → 'peppeleppert'
[2025-08-20 14:14:46] ⚠️ Row 1998: Unparsable date → 'peppeleppert'
[2025-08-20 14:14:46] ⚠️ Row 1999: Unparsable date → 'peppeleppert'
[2025-08-20 14:14:46] ⚠️ Row 2000: Unparsable date → 'peppeleppert'
[2025-08-20 14:14:46] ⚠️ Row 2001: Unparsable date → 'peppeleppert'
[2025-08-20 14:14:46] ⚠️ Row 2002: Unparsable date → 'peppeleppert'
[2025-08-20 14:14:46] ⚠️ Row 2003: Unparsable date → 'peppeleppert'
[2025-08-20 14:14:46] ⚠️ Row 2004: Unparsable date → 'peppeleppert'
[2025-08-20 14:14:46] ⚠️ Row 2005: Unparsable date → 'peppeleppert'
[2025-08-20 14:14:46] ⚠️ Row 2006: Unparsable date → 'peppeleppert'
[2025-08-20 14:14:46] ⚠️ Row 2007: Unparsable date → 'peppeleppert'
[2025-08-20 14:14:46] ⚠️ Row 2008: Unparsable date → 'peppeleppert'
[2025-08-20 14:14:46] ⚠️ Row 2009: Unparsable date → 'peppeleppert'
[2025-08-20 14:14:46] ⚠️ Row 2010: Unparsable date → 'peppeleppert'
[2025-08-20 14:14:46] ⚠️ Row 2011: Unparsable date → 'peppeleppert'
[2025-08-20 14:14:46] ⚠️ Row 2012: Unparsable date → 'peppeleppert'
[2025-08-20 14:14:46] ⚠️ Row 2013: Unparsable date → 'peppeleppert'
[2025-08-20 14:14:46] ⚠️ Row 2014: Unparsable date → 'peppeleppert'
[2025-08-20 14:14:46] ⚠️ Row 2015: Unparsable date → 'peppeleppert'
[2025-08-20 14:14:46] ⚠️ Row 2016: Unparsable date → 'peppeleppert'
[2025-08-20 14:14:46] ⚠️ Row 2017: Unparsable date → 'peppeleppert'
[2025-08-20 14:14:46] ⚠️ Row 2018: Unparsable date → 'peppeleppert'
[2025-08-20 14:14:46] ⚠️ Row 2019: Unparsable date → 'peppeleppert'
[2025-08-20 14:14:46] ⚠️ Row 2020: Unparsable date → 'peppeleppert'
[2025-08-20 14:14:46] ⚠️ Row 2021: Unparsable date → 'peppeleppert'
[2025-08-20 14:14:46] ⚠️ Row 2022: Unparsable date → 'peppeleppert'
[2025-08-20 14:14:46] ⚠️ Row 2023: Unparsable date → 'peppeleppert'
[2025-08-20 14:14:46] ⚠️ Row 2024: Unparsable date → 'peppeleppert'
[2025-08-20 14:14:46] ⚠️ Row 2025: Unparsable date → 'peppeleppert'
[2025-08-20 14:14:46] ⚠️ Row 2026: Unparsable date → 'peppeleppert'
[2025-08-20 14:14:46] ⚠️ Row 2027: Unparsable date → 'peppeleppert'
[2025-08-20 14:14:46] ⚠️ Row 2028: Unparsable date → 'peppeleppert'
[2025-08-20 14:14:46] ⚠️ Row 2029: Unparsable date → 'peppeleppert'
[2025-08-20 14:14:46] ⚠️ Row 2030: Unparsable date → 'peppeleppert'
[2025-08-20 14:14:46] ⚠️ Row 2031: Unparsable date → 'peppeleppert'
[2025-08-20 14:14:46] ⚠️ Row 2032: Unparsable date → 'peppeleppert'
[2025-08-20 14:14:46] ⚠️ Row 2033: Unparsable date → 'peppeleppert'
[2025-08-20 14:14:46] ⚠️ Row 2034: Unparsable date → 'peppeleppert'
[2025-08-20 14:14:46] ⚠️ Row 2035: Unparsable date → 'peppeleppert'
[2025-08-20 14:14:46] ⚠️ Row 2036: Unparsable date → 'peppeleppert'
[2025-08-20 14:14:46] ⚠️ Row 2037: Unparsable date → 'peppeleppert'
[2025-08-20 14:14:46] ⚠️ Row 2038: Unparsable date → 'peppeleppert'
[2025-08-20 14:14:46] ⚠️ Row 2039: Unparsable date → 'peppeleppert'
[2025-08-20 14:14:46] ⚠️ Row 2040: Unparsable date → 'peppeleppert'
[2025-08-20 14:14:46] ⚠️ Row 2041: Unparsable date → 'peppeleppert'
[2025-08-20 14:14:46] ⚠️ Row 2042: Unparsable date → 'peppeleppert'
[2025-08-20 14:14:46] ⚠️ Row 2043: Unparsable date → 'peppeleppert'
[2025-08-20 14:14:46] ⚠️ Row 2044: Unparsable date → 'peppeleppert'
[2025-08-20 14:14:46] ⚠️ Row 2045: Unparsable date → 'peppeleppert'
[2025-08-20 14:14:46] ⚠️ Row 2046: Unparsable date → 'peppeleppert'
[2025-08-20 14:14:46] ⚠️ Row 2047: Unparsable date → 'peppeleppert'
[2025-08-20 14:14:46] ⚠️ Row 2048: Unparsable date → 'peppeleppert'
[2025-08-20 14:14:46] ⚠️ Row 2049: Unparsable date → 'peppeleppert'
[2025-08-20 14:14:46] ⚠️ Row 2050: Unparsable date → 'peppeleppert'
[2025-08-20 14:14:46] ⚠️ Row 2051: Unparsable date → 'peppeleppert'
[2025-08-20 14:14:46] ⚠️ Row 2052: Unparsable date → 'peppeleppert'
[2025-08-20 14:14:46] ⚠️ Row 2053: Unparsable date → 'peppeleppert'
[2025-08-20 14:14:46] ⚠️ Row 2054: Unparsable date → 'peppeleppert'
[2025-08-20 14:14:46] ⚠️ Row 2055: Unparsable date → 'peppeleppert'
[2025-08-20 14:14:46] ⚠️ Row 2056: Unparsable date → 'peppeleppert'
[2025-08-20 14:14:46] ⚠️ Row 2057: Unparsable date → 'peppeleppert'
[2025-08-20 14:14:46] ⚠️ Row 2058: Unparsable date → 'peppeleppert'
[2025-08-20 14:14:46] ⚠️ Row 2059: Unparsable date → 'peppeleppert'
[2025-08-20 14:14:46] ⚠️ Row 2060: Unparsable date → 'peppeleppert'
[2025-08-20 14:14:46] ⚠️ Row 2061: Unparsable date → 'peppeleppert'
[2025-08-20 14:14:46] ⚠️ Row 2062: Unparsable date → 'peppeleppert'
[2025-08-20 14:14:46] ⚠️ Row 2063: Unparsable date → 'peppeleppert'
[2025-08-20 14:14:46] ⚠️ Row 2064: Unparsable date → 'peppeleppert'
[2025-08-20 14:14:46] ⚠️ Row 2065: Unparsable date → 'peppeleppert'
[2025-08-20 14:14:46] ⚠️ Row 2066: Unparsable date → 'peppeleppert'
[2025-08-20 14:14:46] ⚠️ Row 2067: Unparsable date → 'peppeleppert'
[2025-08-20 14:14:46] ⚠️ Row 2068: Unparsable date → 'peppeleppert'
[2025-08-20 14:14:46] ⚠️ Row 2069: Unparsable date → 'peppeleppert'
[2025-08-20 14:14:46] ⚠️ Row 2070: Unparsable date → 'peppeleppert'
[2025-08-20 14:14:46] ⚠️ Row 2071: Unparsable date → 'peppeleppert'
[2025-08-20 14:14:46] ⚠️ Row 2072: Unparsable date → 'peppeleppert'
[2025-08-20 14:14:46] ⚠️ Row 2073: Unparsable date → 'peppeleppert'
[2025-08-20 14:14:46] ⚠️ Row 2074: Unparsable date → 'peppeleppert'
[2025-08-20 14:14:46] ⚠️ Row 2075: Unparsable date → 'peppeleppert'
[2025-08-20 14:14:46] ⚠️ Row 2076: Unparsable date → 'peppeleppert'
[2025-08-20 14:14:46] ⚠️ Row 2077: Unparsable date → 'peppeleppert'
[2025-08-20 14:14:46] ⚠️ Row 2078: Unparsable date → 'peppeleppert'
[2025-08-20 14:14:46] ⚠️ Row 2079: Unparsable date → 'peppeleppert'
[2025-08-20 14:14:46] ⚠️ Row 2080: Unparsable date → 'peppeleppert'
[2025-08-20 14:14:46] ⚠️ Row 2081: Unparsable date → 'peppeleppert'
[2025-08-20 14:14:46] ⚠️ Row 2082: Unparsable date → 'peppeleppert'
[2025-08-20 14:14:46] ⚠️ Row 2083: Unparsable date → 'peppeleppert'
[2025-08-20 14:14:46] ⚠️ Row 2084: Unparsable date → 'peppeleppert'
[2025-08-20 14:14:46] ⚠️ Row 2085: Unparsable date → 'peppeleppert'
[2025-08-20 14:14:46] ⚠️ Row 2086: Unparsable date → 'peppeleppert'
[2025-08-20 14:14:46] ⚠️ Row 2087: Unparsable date → 'peppeleppert'
[2025-08-20 14:14:46] ⚠️ Row 2088: Unparsable date → 'peppeleppert'
[2025-08-20 14:14:46] ⚠️ Row 2089: Unparsable date → 'peppeleppert'
[2025-08-20 14:14:46] ⚠️ Row 2090: Unparsable date → 'peppeleppert'
[2025-08-20 14:14:46] ⚠️ Row 2091: Unparsable date → 'peppeleppert'
[2025-08-20 14:14:46] ⚠️ Row 2092: Unparsable date → 'peppeleppert'
[2025-08-20 14:14:46] ⚠️ Row 2093: Unparsable date → 'peppeleppert'
[2025-08-20 14:14:46] ⚠️ Row 2094: Unparsable date → 'peppeleppert'
[2025-08-20 14:14:46] ⚠️ Row 2095: Unparsable date → 'peppeleppert'
[2025-08-20 14:14:46] ⚠️ Row 2096: Unparsable date → 'peppeleppert'
[2025-08-20 14:14:46] ⚠️ Row 2097: Unparsable date → 'peppeleppert'
[2025-08-20 14:14:46] ⚠️ Row 2098: Unparsable date → 'peppeleppert'
[2025-08-20 14:14:46] ⚠️ Row 2099: Unparsable date → 'peppeleppert'
[2025-08-20 14:14:46] ⚠️ Row 2100: Unparsable date → 'peppeleppert'
[2025-08-20 14:14:46] ⚠️ Row 2101: Unparsable date → 'peppeleppert'
[2025-08-20 14:14:46] ⚠️ Row 2102: Unparsable date → 'peppeleppert'
[2025-08-20 14:14:46] ⚠️ Row 2103: Unparsable date → 'peppeleppert'
[2025-08-20 14:14:46] ⚠️ Row 2104: Unparsable date → 'peppeleppert'
[2025-08-20 14:14:46] ⚠️ Row 2105: Unparsable date → 'peppeleppert'
[2025-08-20 14:14:46] ⚠️ Row 2106: Unparsable date → 'peppeleppert'
[2025-08-20 14:14:46] ⚠️ Row 2107: Unparsable date → 'peppeleppert'
[2025-08-20 14:14:46] ⚠️ Row 2108: Unparsable date → 'peppeleppert'
[2025-08-20 14:14:46] ⚠️ Row 2109: Unparsable date → 'peppeleppert'
[2025-08-20 14:14:46] ⚠️ Row 2110: Unparsable date → 'peppeleppert'
[2025-08-20 14:14:46] ⚠️ Row 2111: Unparsable date → 'peppeleppert'
[2025-08-20 14:14:46] ⚠️ Row 2112: Unparsable date → 'peppeleppert'
[2025-08-20 14:14:46] ⚠️ Row 2113: Unparsable date → 'peppeleppert'
[2025-08-20 14:14:46] ⚠️ Row 2114: Unparsable date → 'peppeleppert'
[2025-08-20 14:14:46] ⚠️ Row 2115: Unparsable date → 'peppeleppert'
[2025-08-20 14:14:46] ⚠️ Row 2116: Unparsable date → 'peppeleppert'
[2025-08-20 14:14:46] ⚠️ Row 2117: Unparsable date → 'peppeleppert'
[2025-08-20 14:14:46] ⚠️ Row 2118: Unparsable date → 'peppeleppert'
[2025-08-20 14:14:46] ⚠️ Row 2119: Unparsable date → 'peppeleppert'
[2025-08-20 14:14:46] ⚠️ Row 2120: Unparsable date → 'peppeleppert'
[2025-08-20 14:14:46] ⚠️ Row 2121: Unparsable date → 'peppeleppert'
[2025-08-20 14:14:46] ⚠️ Row 2122: Unparsable date → 'peppeleppert'
[2025-08-20 14:14:46] ⚠️ Row 2123: Unparsable date → 'peppeleppert'
[2025-08-20 14:14:46] ⚠️ Row 2124: Unparsable date → 'peppeleppert'
[2025-08-20 14:14:46] ⚠️ Row 2125: Unparsable date → 'peppeleppert'
[2025-08-20 14:14:46] ⚠️ Row 2126: Unparsable date → 'peppeleppert'
[2025-08-20 14:14:46] ⚠️ Row 2127: Unparsable date → 'peppeleppert'
[2025-08-20 14:14:46] ⚠️ Row 2128: Unparsable date → 'peppeleppert'
[2025-08-20 14:14:46] ⚠️ Row 2129: Unparsable date → 'peppeleppert'
[2025-08-20 14:14:46] ⚠️ Row 2130: Unparsable date → 'peppeleppert'
[2025-08-20 14:14:46] ⚠️ Row 2131: Unparsable date → 'peppeleppert'
[2025-08-20 14:14:46] ⚠️ Row 2132: Unparsable date → 'peppeleppert'
[2025-08-20 14:14:46] ⚠️ Row 2133: Unparsable date → 'peppeleppert'
[2025-08-20 14:14:46] ⚠️ Row 2134: Unparsable date → 'peppeleppert'
[2025-08-20 14:14:46] ⚠️ Row 2135: Unparsable date → 'peppeleppert'
[2025-08-20 14:14:46] ⚠️ Row 2136: Unparsable date → 'peppeleppert'
[2025-08-20 14:14:46] ⚠️ Row 2137: Unparsable date → 'peppeleppert'
[2025-08-20 14:14:46] ⚠️ Row 2138: Unparsable date → 'peppeleppert'
[2025-08-20 14:14:46] ⚠️ Row 2139: Unparsable date → 'peppeleppert'
[2025-08-20 14:14:46] ⚠️ Row 2140: Unparsable date → 'peppeleppert'
[2025-08-20 14:14:46] ⚠️ Row 2141: Unparsable date → 'peppeleppert'
[2025-08-20 14:14:46] ⚠️ Row 2142: Unparsable date → 'peppeleppert'
[2025-08-20 14:14:46] ⚠️ Row 2143: Unparsable date → 'peppeleppert'
[2025-08-20 14:14:46] ⚠️ Row 2144: Unparsable date → 'peppeleppert'
[2025-08-20 14:14:46] ⚠️ Row 2145: Unparsable date → 'peppeleppert'
[2025-08-20 14:14:46] ⚠️ Row 2146: Unparsable date → 'peppeleppert'
[2025-08-20 14:14:46] ⚠️ Row 2147: Unparsable date → 'peppeleppert'
[2025-08-20 14:14:46] ⚠️ Row 2148: Unparsable date → 'peppeleppert'
[2025-08-20 14:14:46] ⚠️ Row 2149: Unparsable date → 'peppeleppert'
[2025-08-20 14:14:46] ⚠️ Row 2150: Unparsable date → 'peppeleppert'
[2025-08-20 14:14:46] ⚠️ Row 2151: Unparsable date → 'peppeleppert'
[2025-08-20 14:14:46] ⚠️ Row 2152: Unparsable date → 'peppeleppert'
[2025-08-20 14:14:46] ⚠️ Row 2153: Unparsable date → 'peppeleppert'
[2025-08-20 14:14:46] ⚠️ Row 2154: Unparsable date → 'peppeleppert'
[2025-08-20 14:14:46] ⚠️ Row 2155: Unparsable date → 'peppeleppert'
[2025-08-20 14:14:46] ⚠️ Row 2156: Unparsable date → 'peppeleppert'
[2025-08-20 14:14:46] ⚠️ Row 2157: Unparsable date → 'peppeleppert'
[2025-08-20 14:14:46] ⚠️ Row 2158: Unparsable date → 'peppeleppert'
[2025-08-20 14:14:46] ⚠️ Row 2159: Unparsable date → 'peppeleppert'
[2025-08-20 14:14:46] ⚠️ Row 2160: Unparsable date → 'peppeleppert'
[2025-08-20 14:14:46] ⚠️ Row 2161: Unparsable date → 'peppeleppert'
[2025-08-20 14:14:46] ⚠️ Row 2162: Unparsable date → 'peppeleppert'
[2025-08-20 14:14:46] ⚠️ Row 2163: Unparsable date → 'peppeleppert'
[2025-08-20 14:14:46] ⚠️ Row 2164: Unparsable date → 'peppeleppert'
[2025-08-20 14:14:46] ⚠️ Row 2165: Unparsable date → 'peppeleppert'
[2025-08-20 14:14:46] ⚠️ Row 2166: Unparsable date → 'peppeleppert'
[2025-08-20 14:14:46] ⚠️ Row 2167: Unparsable date → 'peppeleppert'
[2025-08-20 14:14:46] ⚠️ Row 2168: Unparsable date → 'peppeleppert'
[2025-08-20 14:14:46] ⚠️ Row 2169: Unparsable date → 'peppeleppert'
[2025-08-20 14:14:46] ⚠️ Row 2170: Unparsable date → 'peppeleppert'
[2025-08-20 14:14:46] ⚠️ Row 2171: Unparsable date → 'peppeleppert'
[2025-08-20 14:14:46] ⚠️ Row 2172: Unparsable date → 'peppeleppert'
[2025-08-20 14:14:46] ⚠️ Row 2173: Unparsable date → 'peppeleppert'
[2025-08-20 14:14:46] ⚠️ Row 2174: Unparsable date → 'peppeleppert'
[2025-08-20 14:14:46] ⚠️ Row 2175: Unparsable date → 'peppeleppert'
[2025-08-20 14:14:46] ⚠️ Row 2176: Unparsable date → 'peppeleppert'
[2025-08-20 14:14:46] ⚠️ Row 2177: Unparsable date → 'peppeleppert'
[2025-08-20 14:14:46] ⚠️ Row 2178: Unparsable date → 'peppeleppert'
[2025-08-20 14:14:46] ⚠️ Row 2179: Unparsable date → 'peppeleppert'
[2025-08-20 14:14:46] ⚠️ Row 2180: Unparsable date → 'peppeleppert'
[2025-08-20 14:14:46] ⚠️ Row 2181: Unparsable date → 'peppeleppert'
[2025-08-20 14:14:46] ⚠️ Row 2182: Unparsable date → 'peppeleppert'
[2025-08-20 14:14:46] ⚠️ Row 2183: Unparsable date → 'peppeleppert'
[2025-08-20 14:14:46] ⚠️ Row 2184: Unparsable date → 'peppeleppert'
[2025-08-20 14:14:46] ⚠️ Row 2185: Unparsable date → 'peppeleppert'
[2025-08-20 14:14:46] ⚠️ Row 2186: Unparsable date → 'peppeleppert'
[2025-08-20 14:14:46] ⚠️ Row 2187: Unparsable date → 'peppeleppert'
[2025-08-20 14:14:46] ⚠️ Row 2188: Unparsable date → 'peppeleppert'
[2025-08-20 14:14:46] ⚠️ Row 2189: Unparsable date → 'peppeleppert'
[2025-08-20 14:14:46] ⚠️ Row 2190: Unparsable date → 'peppeleppert'
[2025-08-20 14:14:46] ⚠️ Row 2191: Unparsable date → 'peppeleppert'
[2025-08-20 14:14:46] ⚠️ Row 2192: Unparsable date → 'peppeleppert'
[2025-08-20 14:14:46] ⚠️ Row 2193: Unparsable date → 'peppeleppert'
[2025-08-20 14:14:46] ⚠️ Row 2194: Unparsable date → 'peppeleppert'
[2025-08-20 14:14:46] ⚠️ Row 2195: Unparsable date → 'peppeleppert'
[2025-08-20 14:14:46] ⚠️ Row 2196: Unparsable date → 'peppeleppert'
[2025-08-20 14:14:46] ⚠️ Row 2197: Unparsable date → 'peppeleppert'
[2025-08-20 14:14:46] ⚠️ Row 2198: Unparsable date → 'peppeleppert'
[2025-08-20 14:14:46] ⚠️ Row 2199: Unparsable date → 'peppeleppert'
[2025-08-20 14:14:46] ⚠️ Row 2200: Unparsable date → 'peppeleppert'
[2025-08-20 14:14:46] ⚠️ Row 2201: Unparsable date → 'peppeleppert'
[2025-08-20 14:14:46] ⚠️ Row 2202: Unparsable date → 'peppeleppert'
[2025-08-20 14:14:46] ⚠️ Row 2203: Unparsable date → 'peppeleppert'
[2025-08-20 14:14:46] ⚠️ Row 2204: Unparsable date → 'peppeleppert'
[2025-08-20 14:14:46] ⚠️ Row 2205: Unparsable date → 'peppeleppert'
[2025-08-20 14:14:46] ⚠️ Row 2206: Unparsable date → 'peppeleppert'
[2025-08-20 14:14:46] ⚠️ Row 2207: Unparsable date → 'peppeleppert'
[2025-08-20 14:14:46] ⚠️ Row 2208: Unparsable date → 'peppeleppert'
[2025-08-20 14:14:46] ⚠️ Row 2209: Unparsable date → 'peppeleppert'
[2025-08-20 14:14:46] ⚠️ Row 2210: Unparsable date → 'peppeleppert'
[2025-08-20 14:14:46] ⚠️ Row 2211: Unparsable date → 'peppeleppert'
[2025-08-20 14:14:46] ⚠️ Row 2212: Unparsable date → 'peppeleppert'
[2025-08-20 14:14:46] ⚠️ Row 2213: Unparsable date → 'peppeleppert'
[2025-08-20 14:14:46] ⚠️ Row 2214: Unparsable date → 'peppeleppert'
[2025-08-20 14:14:46] ⚠️ Row 2215: Unparsable date → 'peppeleppert'
[2025-08-20 14:14:46] ⚠️ Row 2216: Unparsable date → 'peppeleppert'
[2025-08-20 14:14:46] ⚠️ Row 2217: Unparsable date → 'peppeleppert'
[2025-08-20 14:14:46] ⚠️ Row 2218: Unparsable date → 'peppeleppert'
[2025-08-20 14:14:46] ⚠️ Row 2219: Unparsable date → 'peppeleppert'
[2025-08-20 14:14:46] ⚠️ Row 2220: Unparsable date → 'peppeleppert'
[2025-08-20 14:14:46] ⚠️ Row 2221: Unparsable date → 'peppeleppert'
[2025-08-20 14:14:46] ⚠️ Row 2222: Unparsable date → 'peppeleppert'
[2025-08-20 14:14:46] ⚠️ Row 2223: Unparsable date → 'peppeleppert'
[2025-08-20 14:14:46] ⚠️ Row 2224: Unparsable date → 'peppeleppert'
[2025-08-20 14:14:46] ⚠️ Row 2225: Unparsable date → 'peppeleppert'
[2025-08-20 14:14:46] ⚠️ Row 2226: Unparsable date → 'peppeleppert'
[2025-08-20 14:14:46] ⚠️ Row 2227: Unparsable date → 'peppeleppert'
[2025-08-20 14:14:46] ⚠️ Row 2228: Unparsable date → 'peppeleppert'
[2025-08-20 14:14:46] ⚠️ Row 2229: Unparsable date → 'peppeleppert'
[2025-08-20 14:14:46] ⚠️ Row 2230: Unparsable date → 'peppeleppert'
[2025-08-20 14:14:46] ⚠️ Row 2231: Unparsable date → 'peppeleppert'
[2025-08-20 14:14:46] ⚠️ Row 2232: Unparsable date → 'peppeleppert'
[2025-08-20 14:14:46] ⚠️ Row 2233: Unparsable date → 'peppeleppert'
[2025-08-20 14:14:46] ⚠️ Row 2234: Unparsable date → 'peppeleppert'
[2025-08-20 14:14:46] ⚠️ Row 2235: Unparsable date → 'peppeleppert'
[2025-08-20 14:14:46] ⚠️ Row 2236: Unparsable date → 'peppeleppert'
[2025-08-20 14:14:46] ⚠️ Row 2237: Unparsable date → 'peppeleppert'
[2025-08-20 14:14:46] ⚠️ Row 2238: Unparsable date → 'peppeleppert'
[2025-08-20 14:14:46] ⚠️ Row 2239: Unparsable date → 'peppeleppert'
[2025-08-20 14:14:46] ⚠️ Row 2240: Unparsable date → 'peppeleppert'
[2025-08-20 14:14:46] ⚠️ Row 2241: Unparsable date → 'peppeleppert'
[2025-08-20 14:14:46] ⚠️ Row 2242: Unparsable date → 'peppeleppert'
[2025-08-20 14:14:46] ⚠️ Row 2243: Unparsable date → 'peppeleppert'
[2025-08-20 14:14:46] ⚠️ Row 2244: Unparsable date → 'peppeleppert'
[2025-08-20 14:14:46] ⚠️ Row 2245: Unparsable date → 'peppeleppert'
[2025-08-20 14:14:46] ⚠️ Row 2246: Unparsable date → 'peppeleppert'
[2025-08-20 14:14:46] ⚠️ Row 2247: Unparsable date → 'peppeleppert'
[2025-08-20 14:14:46] ⚠️ Row 2248: Unparsable date → 'peppeleppert'
[2025-08-20 14:14:46] ⚠️ Row 2249: Unparsable date → 'peppeleppert'
[2025-08-20 14:14:46] ⚠️ Row 2250: Unparsable date → 'peppeleppert'
[2025-08-20 14:14:46] ⚠️ Row 2251: Unparsable date → 'peppeleppert'
[2025-08-20 14:14:46] ⚠️ Row 2252: Unparsable date → 'peppeleppert'
[2025-08-20 14:14:46] ⚠️ Row 2253: Unparsable date → 'peppeleppert'
[2025-08-20 14:14:46] ⚠️ Row 2254: Unparsable date → 'peppeleppert'
[2025-08-20 14:14:46] ⚠️ Row 2255: Unparsable date → 'peppeleppert'
[2025-08-20 14:14:46] ⚠️ Row 2256: Unparsable date → 'peppeleppert'
[2025-08-20 14:14:46] ⚠️ Row 2257: Unparsable date → 'peppeleppert'
[2025-08-20 14:14:46] ⚠️ Row 2258: Unparsable date → 'peppeleppert'
[2025-08-20 14:14:46] ⚠️ Row 2259: Unparsable date → 'peppeleppert'
[2025-08-20 14:14:46] ⚠️ Row 2260: Unparsable date → 'peppeleppert'
[2025-08-20 14:14:46] ⚠️ Row 2261: Unparsable date → 'peppeleppert'
[2025-08-20 14:14:46] ⚠️ Row 2262: Unparsable date → 'peppeleppert'
[2025-08-20 14:14:46] ⚠️ Row 2263: Unparsable date → 'peppeleppert'
[2025-08-20 14:14:46] ⚠️ Row 2264: Unparsable date → 'peppeleppert'
[2025-08-20 14:14:46] ⚠️ Row 2265: Unparsable date → 'peppeleppert'
[2025-08-20 14:14:46] ⚠️ Row 2266: Unparsable date → 'peppeleppert'
[2025-08-20 14:14:46] ⚠️ Row 2267: Unparsable date → 'peppeleppert'
[2025-08-20 14:14:46] ⚠️ Row 2268: Unparsable date → 'peppeleppert'
[2025-08-20 14:14:46] ⚠️ Row 2269: Unparsable date → 'peppeleppert'
[2025-08-20 14:14:46] ⚠️ Row 2270: Unparsable date → 'peppeleppert'
[2025-08-20 14:14:46] ⚠️ Row 2271: Unparsable date → 'peppeleppert'
[2025-08-20 14:14:47] ⚠️ Row 2272: Unparsable date → 'peppeleppert'
[2025-08-20 14:14:47] ⚠️ Row 2273: Unparsable date → 'peppeleppert'
[2025-08-20 14:14:47] ⚠️ Row 2274: Unparsable date → 'peppeleppert'
[2025-08-20 14:14:47] ⚠️ Row 2275: Unparsable date → 'peppeleppert'
[2025-08-20 14:14:47] ⚠️ Row 2276: Unparsable date → 'peppeleppert'
[2025-08-20 14:14:47] ⚠️ Row 2277: Unparsable date → 'peppeleppert'
[2025-08-20 14:14:47] ⚠️ Row 2278: Unparsable date → 'peppeleppert'
[2025-08-20 14:14:47] ⚠️ Row 2279: Unparsable date → 'peppeleppert'
[2025-08-20 14:14:47] ⚠️ Row 2280: Unparsable date → 'peppeleppert'
[2025-08-20 14:14:47] ⚠️ Row 2281: Unparsable date → 'peppeleppert'
[2025-08-20 14:14:47] ⚠️ Row 2282: Unparsable date → 'peppeleppert'
[2025-08-20 14:14:47] ⚠️ Row 2283: Unparsable date → 'peppeleppert'
[2025-08-20 14:14:47] ⚠️ Row 2284: Unparsable date → 'peppeleppert'
[2025-08-20 14:14:47] ⚠️ Row 2285: Unparsable date → 'peppeleppert'
[2025-08-20 14:14:47] ⚠️ Row 2286: Unparsable date → 'peppeleppert'
[2025-08-20 14:14:47] ⚠️ Row 2287: Unparsable date → 'peppeleppert'
[2025-08-20 14:14:47] ⚠️ Row 2288: Unparsable date → 'peppeleppert'
[2025-08-20 14:14:47] ⚠️ Row 2289: Unparsable date → 'peppeleppert'
[2025-08-20 14:14:47] ⚠️ Row 2290: Unparsable date → 'peppeleppert'
[2025-08-20 14:14:47] ⚠️ Row 2291: Unparsable date → 'peppeleppert'
[2025-08-20 14:14:47] ⚠️ Row 2292: Unparsable date → 'peppeleppert'
[2025-08-20 14:14:47] ⚠️ Row 2293: Unparsable date → 'peppeleppert'
[2025-08-20 14:14:47] ⚠️ Row 2294: Unparsable date → 'peppeleppert'
[2025-08-20 14:14:47] ⚠️ Row 2295: Unparsable date → 'peppeleppert'
[2025-08-20 14:14:47] ⚠️ Row 2296: Unparsable date → 'peppeleppert'
[2025-08-20 14:14:47] ⚠️ Row 2297: Unparsable date → 'peppeleppert'
[2025-08-20 14:14:47] ⚠️ Row 2298: Unparsable date → 'peppeleppert'
[2025-08-20 14:14:47] ⚠️ Row 2299: Unparsable date → 'peppeleppert'
[2025-08-20 14:14:47] ⚠️ Row 2300: Unparsable date → 'peppeleppert'
[2025-08-20 14:14:47] ⚠️ Row 2301: Unparsable date → 'peppeleppert'
[2025-08-20 14:14:47] ⚠️ Row 2302: Unparsable date → 'peppeleppert'
[2025-08-20 14:14:47] ⚠️ Row 2303: Unparsable date → 'peppeleppert'
[2025-08-20 14:14:47] ⚠️ Row 2304: Unparsable date → 'peppeleppert'
[2025-08-20 14:14:47] ⚠️ Row 2305: Unparsable date → 'peppeleppert'
[2025-08-20 14:14:47] ⚠️ Row 2306: Unparsable date → 'peppeleppert'
[2025-08-20 14:14:47] ⚠️ Row 2307: Unparsable date → 'peppeleppert'
[2025-08-20 14:14:47] ⚠️ Row 2308: Unparsable date → 'peppeleppert'
[2025-08-20 14:14:47] ⚠️ Row 2309: Unparsable date → 'peppeleppert'
[2025-08-20 14:14:47] ⚠️ Row 2310: Unparsable date → 'peppeleppert'
[2025-08-20 14:14:47] ⚠️ Row 2311: Unparsable date → 'peppeleppert'
[2025-08-20 14:14:47] ⚠️ Row 2312: Unparsable date → 'peppeleppert'
[2025-08-20 14:14:47] ⚠️ Row 2313: Unparsable date → 'peppeleppert'
[2025-08-20 14:14:47] ⚠️ Row 2314: Unparsable date → 'peppeleppert'
[2025-08-20 14:14:47] ⚠️ Row 2315: Unparsable date → 'peppeleppert'
[2025-08-20 14:14:47] ⚠️ Row 2316: Unparsable date → 'peppeleppert'
[2025-08-20 14:14:47] ⚠️ Row 2317: Unparsable date → 'peppeleppert'
[2025-08-20 14:14:47] ⚠️ Row 2318: Unparsable date → 'peppeleppert'
[2025-08-20 14:14:47] ⚠️ Row 2319: Unparsable date → 'peppeleppert'
[2025-08-20 14:14:47] ⚠️ Row 2320: Unparsable date → 'peppeleppert'
[2025-08-20 14:14:47] ⚠️ Row 2321: Unparsable date → 'peppeleppert'
[2025-08-20 14:14:47] ⚠️ Row 2322: Unparsable date → 'peppeleppert'
[2025-08-20 14:14:47] ⚠️ Row 2323: Unparsable date → 'peppeleppert'
[2025-08-20 14:14:47] ⚠️ Row 2324: Unparsable date → 'peppeleppert'
[2025-08-20 14:14:47] ⚠️ Row 2325: Unparsable date → 'peppeleppert'
[2025-08-20 14:14:47] ⚠️ Row 2326: Unparsable date → 'peppeleppert'
[2025-08-20 14:14:47] ⚠️ Row 2327: Unparsable date → 'peppeleppert'
[2025-08-20 14:14:47] ⚠️ Row 2328: Unparsable date → 'peppeleppert'
[2025-08-20 14:14:47] ⚠️ Row 2329: Unparsable date → 'peppeleppert'
[2025-08-20 14:14:47] ⚠️ Row 2330: Unparsable date → 'peppeleppert'
[2025-08-20 14:14:47] ⚠️ Row 2331: Unparsable date → 'peppeleppert'
[2025-08-20 14:14:47] ⚠️ Row 2332: Unparsable date → 'peppeleppert'
[2025-08-20 14:14:47] ⚠️ Row 2333: Unparsable date → 'peppeleppert'
[2025-08-20 14:14:47] ⚠️ Row 2334: Unparsable date → 'peppeleppert'
[2025-08-20 14:14:47] ⚠️ Row 2335: Unparsable date → 'peppeleppert'
[2025-08-20 14:14:47] ⚠️ Row 2336: Unparsable date → 'peppeleppert'
[2025-08-20 14:14:47] ⚠️ Row 2337: Unparsable date → 'peppeleppert'
[2025-08-20 14:14:47] ⚠️ Row 2338: Unparsable date → 'peppeleppert'
[2025-08-20 14:14:47] ⚠️ Row 2339: Unparsable date → 'peppeleppert'
[2025-08-20 14:14:47] ⚠️ Row 2340: Unparsable date → 'peppeleppert'
[2025-08-20 14:14:47] ⚠️ Row 2341: Unparsable date → 'peppeleppert'
[2025-08-20 14:14:47] ⚠️ Row 2342: Unparsable date → 'peppeleppert'
[2025-08-20 14:14:47] ⚠️ Row 2343: Unparsable date → 'peppeleppert'
[2025-08-20 14:14:47] ⚠️ Row 2344: Unparsable date → 'peppeleppert'
[2025-08-20 14:14:47] ⚠️ Row 2345: Unparsable date → 'peppeleppert'
[2025-08-20 14:14:47] ⚠️ Row 2346: Unparsable date → 'peppeleppert'
[2025-08-20 14:14:47] ⚠️ Row 2347: Unparsable date → 'peppeleppert'
[2025-08-20 14:14:47] ⚠️ Row 2348: Unparsable date → 'peppeleppert'
[2025-08-20 14:14:47] ⚠️ Row 2349: Unparsable date → 'peppeleppert'
[2025-08-20 14:14:47] ⚠️ Row 2350: Unparsable date → 'peppeleppert'
[2025-08-20 14:14:47] ⚠️ Row 2351: Unparsable date → 'peppeleppert'
[2025-08-20 14:14:47] ⚠️ Row 2352: Unparsable date → 'peppeleppert'
[2025-08-20 14:14:47] ⚠️ Row 2353: Unparsable date → 'peppeleppert'
[2025-08-20 14:14:47] ⚠️ Row 2354: Unparsable date → 'peppeleppert'
[2025-08-20 14:14:47] ⚠️ Row 2355: Unparsable date → 'peppeleppert'
[2025-08-20 14:14:47] ⚠️ Row 2356: Unparsable date → 'peppeleppert'
[2025-08-20 14:14:47] ⚠️ Row 2357: Unparsable date → 'peppeleppert'
[2025-08-20 14:14:47] ⚠️ Row 2358: Unparsable date → 'peppeleppert'
[2025-08-20 14:14:47] ⚠️ Row 2359: Unparsable date → 'peppeleppert'
[2025-08-20 14:14:47] ⚠️ Row 2360: Unparsable date → 'peppeleppert'
[2025-08-20 14:14:47] ⚠️ Row 2361: Unparsable date → 'peppeleppert'
[2025-08-20 14:14:47] ⚠️ Row 2362: Unparsable date → 'peppeleppert'
[2025-08-20 14:14:47] ⚠️ Row 2363: Unparsable date → 'peppeleppert'
[2025-08-20 14:14:47] ⚠️ Row 2364: Unparsable date → 'peppeleppert'
[2025-08-20 14:14:47] ⚠️ Row 2365: Unparsable date → 'peppeleppert'
[2025-08-20 14:14:47] ⚠️ Row 2366: Unparsable date → 'peppeleppert'
[2025-08-20 14:14:47] ⚠️ Row 2367: Unparsable date → 'peppeleppert'
[2025-08-20 14:14:47] ⚠️ Row 2368: Unparsable date → 'peppeleppert'
[2025-08-20 14:14:47] ⚠️ Row 2369: Unparsable date → 'peppeleppert'
[2025-08-20 14:14:47] ⚠️ Row 2370: Unparsable date → 'peppeleppert'
[2025-08-20 14:14:47] ⚠️ Row 2371: Unparsable date → 'peppeleppert'
[2025-08-20 14:14:47] ⚠️ Row 2372: Unparsable date → 'peppeleppert'
[2025-08-20 14:14:47] ⚠️ Row 2373: Unparsable date → 'peppeleppert'
[2025-08-20 14:14:47] ⚠️ Row 2374: Unparsable date → 'peppeleppert'
[2025-08-20 14:14:47] ⚠️ Row 2375: Unparsable date → 'peppeleppert'
[2025-08-20 14:14:47] ⚠️ Row 2376: Unparsable date → 'peppeleppert'
[2025-08-20 14:14:47] ⚠️ Row 2377: Unparsable date → 'peppeleppert'
[2025-08-20 14:14:47] ⚠️ Row 2378: Unparsable date → 'peppeleppert'
[2025-08-20 14:14:47] ⚠️ Row 2379: Unparsable date → 'peppeleppert'
[2025-08-20 14:14:47] ⚠️ Row 2380: Unparsable date → 'peppeleppert'
[2025-08-20 14:14:47] ⚠️ Row 2381: Unparsable date → 'peppeleppert'
[2025-08-20 14:14:47] ⚠️ Row 2382: Unparsable date → 'peppeleppert'
[2025-08-20 14:14:47] ⚠️ Row 2383: Unparsable date → 'peppeleppert'
[2025-08-20 14:14:47] ⚠️ Row 2384: Unparsable date → 'peppeleppert'
[2025-08-20 14:14:47] ⚠️ Row 2385: Unparsable date → 'peppeleppert'
[2025-08-20 14:14:47] ⚠️ Row 2386: Unparsable date → 'peppeleppert'
[2025-08-20 14:14:47] ⚠️ Row 2387: Unparsable date → 'peppeleppert'
[2025-08-20 14:14:47] ⚠️ Row 2388: Unparsable date → 'peppeleppert'
[2025-08-20 14:14:47] ⚠️ Row 2389: Unparsable date → 'peppeleppert'
[2025-08-20 14:14:47] ⚠️ Row 2390: Unparsable date → 'peppeleppert'
[2025-08-20 14:14:47] ⚠️ Row 2391: Unparsable date → 'peppeleppert'
[2025-08-20 14:14:47] ⚠️ Row 2392: Unparsable date → 'peppeleppert'
[2025-08-20 14:14:47] ⚠️ Row 2393: Unparsable date → 'peppeleppert'
[2025-08-20 14:14:47] ⚠️ Row 2394: Unparsable date → 'peppeleppert'
[2025-08-20 14:14:47] ⚠️ Row 2395: Unparsable date → 'peppeleppert'
[2025-08-20 14:14:47] ⚠️ Row 2396: Unparsable date → 'peppeleppert'
[2025-08-20 14:14:47] ⚠️ Row 2397: Unparsable date → 'peppeleppert'
[2025-08-20 14:14:47] ⚠️ Row 2398: Unparsable date → 'peppeleppert'
[2025-08-20 14:14:47] ⚠️ Row 2399: Unparsable date → 'peppeleppert'
[2025-08-20 14:14:47] ⚠️ Row 2400: Unparsable date → 'peppeleppert'
[2025-08-20 14:14:47] ⚠️ Row 2401: Unparsable date → 'peppeleppert'
[2025-08-20 14:14:47] ⚠️ Row 2402: Unparsable date → 'peppeleppert'
[2025-08-20 14:14:47] ⚠️ Row 2403: Unparsable date → 'peppeleppert'
[2025-08-20 14:14:47] ⚠️ Row 2404: Unparsable date → 'peppeleppert'
[2025-08-20 14:14:47] ⚠️ Row 2405: Unparsable date → 'peppeleppert'
[2025-08-20 14:14:47] ⚠️ Row 2406: Unparsable date → 'peppeleppert'
[2025-08-20 14:14:47] ⚠️ Row 2407: Unparsable date → 'peppeleppert'
[2025-08-20 14:14:47] ⚠️ Row 2408: Unparsable date → 'peppeleppert'
[2025-08-20 14:14:47] ⚠️ Row 2409: Unparsable date → 'peppeleppert'
[2025-08-20 14:14:47] ⚠️ Row 2410: Unparsable date → 'peppeleppert'
[2025-08-20 14:14:47] ⚠️ Row 2411: Unparsable date → 'peppeleppert'
[2025-08-20 14:14:47] ⚠️ Row 2412: Unparsable date → 'peppeleppert'
[2025-08-20 14:14:47] ⚠️ Row 2413: Unparsable date → 'peppeleppert'
[2025-08-20 14:14:47] ⚠️ Row 2414: Unparsable date → 'peppeleppert'
[2025-08-20 14:14:47] ⚠️ Row 2415: Unparsable date → 'peppeleppert'
[2025-08-20 14:14:47] ⚠️ Row 2416: Unparsable date → 'peppeleppert'
[2025-08-20 14:14:47] ⚠️ Row 2417: Unparsable date → 'peppeleppert'
[2025-08-20 14:14:47] ⚠️ Row 2418: Unparsable date → 'peppeleppert'
[2025-08-20 14:14:47] ⚠️ Row 2419: Unparsable date → 'peppeleppert'
[2025-08-20 14:14:47] ⚠️ Row 2420: Unparsable date → 'peppeleppert'
[2025-08-20 14:14:47] ⚠️ Row 2421: Unparsable date → 'peppeleppert'
[2025-08-20 14:14:47] ⚠️ Row 2422: Unparsable date → 'peppeleppert'
[2025-08-20 14:14:47] ⚠️ Row 2423: Unparsable date → 'peppeleppert'
[2025-08-20 14:14:47] ⚠️ Row 2424: Unparsable date → 'peppeleppert'
[2025-08-20 14:14:47] ⚠️ Row 2425: Unparsable date → 'peppeleppert'
[2025-08-20 14:14:47] ⚠️ Row 2426: Unparsable date → 'peppeleppert'
[2025-08-20 14:14:47] ⚠️ Row 2427: Unparsable date → 'peppeleppert'
[2025-08-20 14:14:47] ⚠️ Row 2428: Unparsable date → 'peppeleppert'
[2025-08-20 14:14:47] ⚠️ Row 2429: Unparsable date → 'peppeleppert'
[2025-08-20 14:14:47] ⚠️ Row 2430: Unparsable date → 'peppeleppert'
[2025-08-20 14:14:47] ⚠️ Row 2431: Unparsable date → 'peppeleppert'
[2025-08-20 14:14:47] ⚠️ Row 2432: Unparsable date → 'peppeleppert'
[2025-08-20 14:14:47] ⚠️ Row 2433: Unparsable date → 'peppeleppert'
[2025-08-20 14:14:47] ⚠️ Row 2434: Unparsable date → 'peppeleppert'
[2025-08-20 14:14:47] ⚠️ Row 2435: Unparsable date → 'peppeleppert'
[2025-08-20 14:14:47] ⚠️ Row 2436: Unparsable date → 'peppeleppert'
[2025-08-20 14:14:47] ⚠️ Row 2437: Unparsable date → 'peppeleppert'
[2025-08-20 14:14:47] ⚠️ Row 2438: Unparsable date → 'peppeleppert'
[2025-08-20 14:14:47] ⚠️ Row 2439: Unparsable date → 'peppeleppert'
[2025-08-20 14:14:47] ⚠️ Row 2440: Unparsable date → 'peppeleppert'
[2025-08-20 14:14:47] ⚠️ Row 2441: Unparsable date → 'peppeleppert'
[2025-08-20 14:14:47] ⚠️ Row 2442: Unparsable date → 'peppeleppert'
[2025-08-20 14:14:47] ⚠️ Row 2443: Unparsable date → 'peppeleppert'
[2025-08-20 14:14:47] ⚠️ Row 2444: Unparsable date → 'peppeleppert'
[2025-08-20 14:14:47] ⚠️ Row 2445: Unparsable date → 'peppeleppert'
[2025-08-20 14:14:47] ⚠️ Row 2446: Unparsable date → 'peppeleppert'
[2025-08-20 14:14:47] ⚠️ Row 2447: Unparsable date → 'peppeleppert'
[2025-08-20 14:14:47] ⚠️ Row 2448: Unparsable date → 'peppeleppert'
[2025-08-20 14:14:47] ⚠️ Row 2449: Unparsable date → 'peppeleppert'
[2025-08-20 14:14:47] ⚠️ Row 2450: Unparsable date → 'peppeleppert'
[2025-08-20 14:14:47] ⚠️ Row 2451: Unparsable date → 'peppeleppert'
[2025-08-20 14:14:47] ⚠️ Row 2452: Unparsable date → 'peppeleppert'
[2025-08-20 14:14:47] ⚠️ Row 2453: Unparsable date → 'peppeleppert'
[2025-08-20 14:14:47] ⚠️ Row 2454: Unparsable date → 'peppeleppert'
[2025-08-20 14:14:47] ⚠️ Row 2455: Unparsable date → 'peppeleppert'
[2025-08-20 14:14:47] ⚠️ Row 2456: Unparsable date → 'peppeleppert'
[2025-08-20 14:14:47] ⚠️ Row 2457: Unparsable date → 'peppeleppert'
[2025-08-20 14:14:47] ⚠️ Row 2458: Unparsable date → 'peppeleppert'
[2025-08-20 14:14:47] ⚠️ Row 2459: Unparsable date → 'peppeleppert'
[2025-08-20 14:14:47] ⚠️ Row 2460: Unparsable date → 'peppeleppert'
[2025-08-20 14:14:47] ⚠️ Row 2461: Unparsable date → 'peppeleppert'
[2025-08-20 14:14:47] ⚠️ Row 2462: Unparsable date → 'peppeleppert'
[2025-08-20 14:14:47] ⚠️ Row 2463: Unparsable date → 'peppeleppert'
[2025-08-20 14:14:47] ⚠️ Row 2464: Unparsable date → 'peppeleppert'
[2025-08-20 14:14:47] ⚠️ Row 2465: Unparsable date → 'peppeleppert'
[2025-08-20 14:14:47] ⚠️ Row 2466: Unparsable date → 'peppeleppert'
[2025-08-20 14:14:47] ⚠️ Row 2467: Unparsable date → 'peppeleppert'
[2025-08-20 14:14:47] ⚠️ Row 2468: Unparsable date → 'peppeleppert'
[2025-08-20 14:14:47] ⚠️ Row 2469: Unparsable date → 'peppeleppert'
[2025-08-20 14:14:47] ⚠️ Row 2470: Unparsable date → 'peppeleppert'
[2025-08-20 14:14:47] ⚠️ Row 2471: Unparsable date → 'peppeleppert'
[2025-08-20 14:14:47] ⚠️ Row 2472: Unparsable date → 'peppeleppert'
[2025-08-20 14:14:47] ⚠️ Row 2473: Unparsable date → 'peppeleppert'
[2025-08-20 14:14:47] ⚠️ Row 2474: Unparsable date → 'peppeleppert'
[2025-08-20 14:14:47] ⚠️ Row 2475: Unparsable date → 'peppeleppert'
[2025-08-20 14:14:47] ⚠️ Row 2476: Unparsable date → 'peppeleppert'
[2025-08-20 14:14:47] ⚠️ Row 2477: Unparsable date → 'peppeleppert'
[2025-08-20 14:14:47] ⚠️ Row 2478: Unparsable date → 'peppeleppert'
[2025-08-20 14:14:47] ⚠️ Row 2479: Unparsable date → 'peppeleppert'
[2025-08-20 14:14:47] ⚠️ Row 2480: Unparsable date → 'peppeleppert'
[2025-08-20 14:14:47] ⚠️ Row 2481: Unparsable date → 'peppeleppert'
[2025-08-20 14:14:47] ⚠️ Row 2482: Unparsable date → 'peppeleppert'
[2025-08-20 14:14:47] ⚠️ Row 2483: Unparsable date → 'peppeleppert'
[2025-08-20 14:14:47] ⚠️ Row 2484: Unparsable date → 'peppeleppert'
[2025-08-20 14:14:47] ⚠️ Row 2485: Unparsable date → 'peppeleppert'
[2025-08-20 14:14:47] ⚠️ Row 2486: Unparsable date → 'peppeleppert'
[2025-08-20 14:14:47] ⚠️ Row 2487: Unparsable date → 'peppeleppert'
[2025-08-20 14:14:47] ⚠️ Row 2488: Unparsable date → 'peppeleppert'
[2025-08-20 14:14:47] ⚠️ Row 2489: Unparsable date → 'peppeleppert'
[2025-08-20 14:14:47] ⚠️ Row 2490: Unparsable date → 'peppeleppert'
[2025-08-20 14:14:47] ⚠️ Row 2491: Unparsable date → 'peppeleppert'
[2025-08-20 14:14:47] ⚠️ Row 2492: Unparsable date → 'peppeleppert'
[2025-08-20 14:14:47] ⚠️ Row 2493: Unparsable date → 'peppeleppert'
[2025-08-20 14:14:47] ⚠️ Row 2494: Unparsable date → 'peppeleppert'
[2025-08-20 14:14:47] ⚠️ Row 2495: Unparsable date → 'peppeleppert'
[2025-08-20 14:14:47] ⚠️ Row 2496: Unparsable date → 'peppeleppert'
[2025-08-20 14:14:47] ⚠️ Row 2497: Unparsable date → 'peppeleppert'
[2025-08-20 14:14:47] ⚠️ Row 2498: Unparsable date → 'peppeleppert'
[2025-08-20 14:14:47] ⚠️ Row 2499: Unparsable date → 'peppeleppert'
[2025-08-20 14:14:47] ⚠️ Row 2500: Unparsable date → 'peppeleppert'
[2025-08-20 14:14:47] ⚠️ Row 2501: Unparsable date → 'peppeleppert'
[2025-08-20 14:14:47] ⚠️ Row 2502: Unparsable date → 'peppeleppert'
[2025-08-20 14:14:47] ⚠️ Row 2503: Unparsable date → 'peppeleppert'
[2025-08-20 14:14:47] ⚠️ Row 2504: Unparsable date → 'peppeleppert'
[2025-08-20 14:14:47] ⚠️ Row 2505: Unparsable date → 'peppeleppert'
[2025-08-20 14:14:47] ⚠️ Row 2506: Unparsable date → 'peppeleppert'
[2025-08-20 14:14:47] ⚠️ Row 2507: Unparsable date → 'peppeleppert'
[2025-08-20 14:14:47] ⚠️ Row 2508: Unparsable date → 'peppeleppert'
[2025-08-20 14:14:47] ⚠️ Row 2509: Unparsable date → 'peppeleppert'
[2025-08-20 14:14:47] ⚠️ Row 2510: Unparsable date → 'peppeleppert'
[2025-08-20 14:14:47] ⚠️ Row 2511: Unparsable date → 'peppeleppert'
[2025-08-20 14:14:47] ⚠️ Row 2512: Unparsable date → 'peppeleppert'
[2025-08-20 14:14:47] ⚠️ Row 2513: Unparsable date → 'peppeleppert'
[2025-08-20 14:14:47] ⚠️ Row 2514: Unparsable date → 'peppeleppert'
[2025-08-20 14:14:47] ⚠️ Row 2515: Unparsable date → 'peppeleppert'
[2025-08-20 14:14:47] ⚠️ Row 2516: Unparsable date → 'peppeleppert'
[2025-08-20 14:14:47] ⚠️ Row 2517: Unparsable date → 'peppeleppert'
[2025-08-20 14:14:47] ⚠️ Row 2518: Unparsable date → 'peppeleppert'
[2025-08-20 14:14:47] ⚠️ Row 2519: Unparsable date → 'peppeleppert'
[2025-08-20 14:14:47] ⚠️ Row 2520: Unparsable date → 'peppeleppert'
[2025-08-20 14:14:47] ⚠️ Row 2521: Unparsable date → 'peppeleppert'
[2025-08-20 14:14:47] ⚠️ Row 2522: Unparsable date → 'peppeleppert'
[2025-08-20 14:14:47] ⚠️ Row 2523: Unparsable date → 'peppeleppert'
[2025-08-20 14:14:47] ⚠️ Row 2524: Unparsable date → 'peppeleppert'
[2025-08-20 14:14:47] ⚠️ Row 2525: Unparsable date → 'peppeleppert'
[2025-08-20 14:14:47] ⚠️ Row 2526: Unparsable date → 'peppeleppert'
[2025-08-20 14:14:47] ⚠️ Row 2527: Unparsable date → 'peppeleppert'
[2025-08-20 14:14:47] ⚠️ Row 2528: Unparsable date → 'peppeleppert'
[2025-08-20 14:14:47] ⚠️ Row 2529: Unparsable date → 'peppeleppert'
[2025-08-20 14:14:47] ⚠️ Row 2530: Unparsable date → 'peppeleppert'
[2025-08-20 14:14:47] ⚠️ Row 2531: Unparsable date → 'peppeleppert'
[2025-08-20 14:14:47] ⚠️ Row 2532: Unparsable date → 'peppeleppert'
[2025-08-20 14:14:47] ⚠️ Row 2533: Unparsable date → 'peppeleppert'
[2025-08-20 14:14:47] ⚠️ Row 2534: Unparsable date → 'peppeleppert'
[2025-08-20 14:14:47] ⚠️ Row 2535: Unparsable date → 'peppeleppert'
[2025-08-20 14:14:47] ⚠️ Row 2536: Unparsable date → 'peppeleppert'
[2025-08-20 14:14:47] ⚠️ Row 2537: Unparsable date → 'peppeleppert'
[2025-08-20 14:14:47] ⚠️ Row 2538: Unparsable date → 'peppeleppert'
[2025-08-20 14:14:47] ⚠️ Row 2539: Unparsable date → 'peppeleppert'
[2025-08-20 14:14:47] ⚠️ Row 2540: Unparsable date → 'peppeleppert'
[2025-08-20 14:14:47] ⚠️ Row 2541: Unparsable date → 'peppeleppert'
[2025-08-20 14:14:47] ⚠️ Row 2542: Unparsable date → 'peppeleppert'
[2025-08-20 14:14:47] ⚠️ Row 2543: Unparsable date → 'peppeleppert'
[2025-08-20 14:14:47] ⚠️ Row 2544: Unparsable date → 'peppeleppert'
[2025-08-20 14:14:47] ⚠️ Row 2545: Unparsable date → 'peppeleppert'
[2025-08-20 14:14:47] ⚠️ Row 2546: Unparsable date → 'peppeleppert'
[2025-08-20 14:14:47] ⚠️ Row 2547: Unparsable date → 'peppeleppert'
[2025-08-20 14:14:47] ⚠️ Row 2548: Unparsable date → 'peppeleppert'
[2025-08-20 14:14:47] ⚠️ Row 2549: Unparsable date → 'peppeleppert'
[2025-08-20 14:14:47] ⚠️ Row 2550: Unparsable date → 'peppeleppert'
[2025-08-20 14:14:48] ⚠️ Row 2551: Unparsable date → 'peppeleppert'
[2025-08-20 14:14:48] ⚠️ Row 2552: Unparsable date → 'peppeleppert'
[2025-08-20 14:14:48] ⚠️ Row 2553: Unparsable date → 'peppeleppert'
[2025-08-20 14:14:48] ⚠️ Row 2554: Unparsable date → 'peppeleppert'
[2025-08-20 14:14:48] ⚠️ Row 2555: Unparsable date → 'peppeleppert'
[2025-08-20 14:14:48] ⚠️ Row 2556: Unparsable date → 'peppeleppert'
[2025-08-20 14:14:48] ⚠️ Row 2557: Unparsable date → 'peppeleppert'
[2025-08-20 14:14:48] ⚠️ Row 2558: Unparsable date → 'peppeleppert'
[2025-08-20 14:14:48] ⚠️ Row 2559: Unparsable date → 'peppeleppert'
[2025-08-20 14:14:48] ⚠️ Row 2560: Unparsable date → 'peppeleppert'
[2025-08-20 14:14:48] ⚠️ Row 2561: Unparsable date → 'peppeleppert'
[2025-08-20 14:14:48] ⚠️ Row 2562: Unparsable date → 'peppeleppert'
[2025-08-20 14:14:48] ⚠️ Row 2563: Unparsable date → 'peppeleppert'
[2025-08-20 14:14:48] ⚠️ Row 2564: Unparsable date → 'peppeleppert'
[2025-08-20 14:14:48] ⚠️ Row 2565: Unparsable date → 'peppeleppert'
[2025-08-20 14:14:48] ⚠️ Row 2566: Unparsable date → 'peppeleppert'
[2025-08-20 14:14:48] ⚠️ Row 2567: Unparsable date → 'peppeleppert'
[2025-08-20 14:14:48] ⚠️ Row 2568: Unparsable date → 'peppeleppert'
[2025-08-20 14:14:48] ⚠️ Row 2569: Unparsable date → 'peppeleppert'
[2025-08-20 14:14:48] ⚠️ Row 2570: Unparsable date → 'peppeleppert'
[2025-08-20 14:14:48] ⚠️ Row 2571: Unparsable date → 'peppeleppert'
[2025-08-20 14:14:48] ⚠️ Row 2572: Unparsable date → 'peppeleppert'
[2025-08-20 14:14:48] ⚠️ Row 2573: Unparsable date → 'peppeleppert'
[2025-08-20 14:14:48] ⚠️ Row 2574: Unparsable date → 'peppeleppert'
[2025-08-20 14:14:48] ⚠️ Row 2575: Unparsable date → 'peppeleppert'
[2025-08-20 14:14:48] ⚠️ Row 2576: Unparsable date → 'peppeleppert'
[2025-08-20 14:14:48] ⚠️ Row 2577: Unparsable date → 'peppeleppert'
[2025-08-20 14:14:48] ⚠️ Row 2578: Unparsable date → 'peppeleppert'
[2025-08-20 14:14:48] ⚠️ Row 2579: Unparsable date → 'peppeleppert'
[2025-08-20 14:14:48] ⚠️ Row 2580: Unparsable date → 'peppeleppert'
[2025-08-20 14:14:48] ⚠️ Row 2581: Unparsable date → 'peppeleppert'
[2025-08-20 14:14:48] ⚠️ Row 2582: Unparsable date → 'peppeleppert'
[2025-08-20 14:14:48] ⚠️ Row 2583: Unparsable date → 'peppeleppert'
[2025-08-20 14:14:48] ⚠️ Row 2584: Unparsable date → 'peppeleppert'
[2025-08-20 14:14:48] ⚠️ Row 2585: Unparsable date → 'peppeleppert'
[2025-08-20 14:14:48] ⚠️ Row 2586: Unparsable date → 'peppeleppert'
[2025-08-20 14:14:48] ⚠️ Row 2587: Unparsable date → 'peppeleppert'
[2025-08-20 14:14:48] ⚠️ Row 2588: Unparsable date → 'peppeleppert'
[2025-08-20 14:14:48] ⚠️ Row 2589: Unparsable date → 'peppeleppert'
[2025-08-20 14:14:48] ⚠️ Row 2590: Unparsable date → 'peppeleppert'
[2025-08-20 14:14:48] ⚠️ Row 2591: Unparsable date → 'peppeleppert'
[2025-08-20 14:14:48] ⚠️ Row 2592: Unparsable date → 'peppeleppert'
[2025-08-20 14:14:48] ⚠️ Row 2593: Unparsable date → 'peppeleppert'
[2025-08-20 14:14:48] ⚠️ Row 2594: Unparsable date → 'peppeleppert'
[2025-08-20 14:14:48] ⚠️ Row 2595: Unparsable date → 'peppeleppert'
[2025-08-20 14:14:48] ⚠️ Row 2596: Unparsable date → 'peppeleppert'
[2025-08-20 14:14:48] ⚠️ Row 2597: Unparsable date → 'peppeleppert'
[2025-08-20 14:14:48] ⚠️ Row 2598: Unparsable date → 'peppeleppert'
[2025-08-20 14:14:48] ⚠️ Row 2599: Unparsable date → 'peppeleppert'
[2025-08-20 14:14:48] ⚠️ Row 2600: Unparsable date → 'peppeleppert'
[2025-08-20 14:14:48] ⚠️ Row 2601: Unparsable date → 'peppeleppert'
[2025-08-20 14:14:48] ⚠️ Row 2602: Unparsable date → 'peppeleppert'
[2025-08-20 14:14:48] ⚠️ Row 2603: Unparsable date → 'peppeleppert'
[2025-08-20 14:14:48] ⚠️ Row 2604: Unparsable date → 'peppeleppert'
[2025-08-20 14:14:48] ⚠️ Row 2605: Unparsable date → 'peppeleppert'
[2025-08-20 14:14:48] ⚠️ Row 2606: Unparsable date → 'peppeleppert'
[2025-08-20 14:14:48] ⚠️ Row 2607: Unparsable date → 'peppeleppert'
[2025-08-20 14:14:48] ⚠️ Row 2608: Unparsable date → 'peppeleppert'
[2025-08-20 14:14:48] ⚠️ Row 2609: Unparsable date → 'peppeleppert'
[2025-08-20 14:14:48] ⚠️ Row 2610: Unparsable date → 'peppeleppert'
[2025-08-20 14:14:48] ⚠️ Row 2611: Unparsable date → 'peppeleppert'
[2025-08-20 14:14:48] ⚠️ Row 2612: Unparsable date → 'peppeleppert'
[2025-08-20 14:14:48] ⚠️ Row 2613: Unparsable date → 'peppeleppert'
[2025-08-20 14:14:48] ⚠️ Row 2614: Unparsable date → 'peppeleppert'
[2025-08-20 14:14:48] ⚠️ Row 2615: Unparsable date → 'peppeleppert'
[2025-08-20 14:14:48] ⚠️ Row 2616: Unparsable date → 'peppeleppert'
[2025-08-20 14:14:48] ⚠️ Row 2617: Unparsable date → 'peppeleppert'
[2025-08-20 14:14:48] ⚠️ Row 2618: Unparsable date → 'peppeleppert'
[2025-08-20 14:14:48] ⚠️ Row 2619: Unparsable date → 'peppeleppert'
[2025-08-20 14:14:48] ⚠️ Row 2620: Unparsable date → 'peppeleppert'
[2025-08-20 14:14:48] ⚠️ Row 2621: Unparsable date → 'peppeleppert'
[2025-08-20 14:14:48] ⚠️ Row 2622: Unparsable date → 'peppeleppert'
[2025-08-20 14:14:48] ⚠️ Row 2623: Unparsable date → 'peppeleppert'
[2025-08-20 14:14:48] ⚠️ Row 2624: Unparsable date → 'peppeleppert'
[2025-08-20 14:14:48] ⚠️ Row 2625: Unparsable date → 'peppeleppert'
[2025-08-20 14:14:48] ⚠️ Row 2626: Unparsable date → 'peppeleppert'
[2025-08-20 14:14:48] ⚠️ Row 2627: Unparsable date → 'peppeleppert'
[2025-08-20 14:14:48] ⚠️ Row 2628: Unparsable date → 'peppeleppert'
[2025-08-20 14:14:48] ⚠️ Row 2629: Unparsable date → 'peppeleppert'
[2025-08-20 14:14:48] ⚠️ Row 2630: Unparsable date → 'peppeleppert'
[2025-08-20 14:14:48] ⚠️ Row 2631: Unparsable date → 'peppeleppert'
[2025-08-20 14:14:48] ⚠️ Row 2632: Unparsable date → 'peppeleppert'
[2025-08-20 14:14:48] ⚠️ Row 2633: Unparsable date → 'peppeleppert'
[2025-08-20 14:14:48] ⚠️ Row 2634: Unparsable date → 'peppeleppert'
[2025-08-20 14:14:48] ⚠️ Row 2635: Unparsable date → 'peppeleppert'
[2025-08-20 14:14:48] ⚠️ Row 2636: Unparsable date → 'peppeleppert'
[2025-08-20 14:14:48] ⚠️ Row 2637: Unparsable date → 'peppeleppert'
[2025-08-20 14:14:48] ⚠️ Row 2638: Unparsable date → 'peppeleppert'
[2025-08-20 14:14:48] ⚠️ Row 2639: Unparsable date → 'peppeleppert'
[2025-08-20 14:14:48] ⚠️ Row 2640: Unparsable date → 'peppeleppert'
[2025-08-20 14:14:48] ⚠️ Row 2641: Unparsable date → 'peppeleppert'
[2025-08-20 14:14:48] ⚠️ Row 2642: Unparsable date → 'peppeleppert'
[2025-08-20 14:14:48] ⚠️ Row 2643: Unparsable date → 'peppeleppert'
[2025-08-20 14:14:48] ⚠️ Row 2644: Unparsable date → 'peppeleppert'
[2025-08-20 14:14:48] ⚠️ Row 2645: Unparsable date → 'peppeleppert'
[2025-08-20 14:14:48] ⚠️ Row 2646: Unparsable date → 'peppeleppert'
[2025-08-20 14:14:48] ⚠️ Row 2647: Unparsable date → 'peppeleppert'
[2025-08-20 14:14:48] ⚠️ Row 2648: Unparsable date → 'peppeleppert'
[2025-08-20 14:14:48] ⚠️ Row 2649: Unparsable date → 'peppeleppert'
[2025-08-20 14:14:48] ⚠️ Row 2650: Unparsable date → 'peppeleppert'
[2025-08-20 14:14:48] ⚠️ Row 2651: Unparsable date → 'peppeleppert'
[2025-08-20 14:14:48] ⚠️ Row 2652: Unparsable date → 'peppeleppert'
[2025-08-20 14:14:48] ⚠️ Row 2653: Unparsable date → 'peppeleppert'
[2025-08-20 14:14:48] ⚠️ Row 2654: Unparsable date → 'peppeleppert'
[2025-08-20 14:14:48] ⚠️ Row 2655: Unparsable date → 'peppeleppert'
[2025-08-20 14:14:48] ⚠️ Row 2656: Unparsable date → 'peppeleppert'
[2025-08-20 14:14:48] ⚠️ Row 2657: Unparsable date → 'peppeleppert'
[2025-08-20 14:14:48] ⚠️ Row 2658: Unparsable date → 'peppeleppert'
[2025-08-20 14:14:48] ⚠️ Row 2659: Unparsable date → 'peppeleppert'
[2025-08-20 14:14:48] ⚠️ Row 2660: Unparsable date → 'peppeleppert'
[2025-08-20 14:14:48] ⚠️ Row 2661: Unparsable date → 'peppeleppert'
[2025-08-20 14:14:48] ⚠️ Row 2662: Unparsable date → 'peppeleppert'
[2025-08-20 14:14:48] ⚠️ Row 2663: Unparsable date → 'peppeleppert'
[2025-08-20 14:14:48] ⚠️ Row 2664: Unparsable date → 'peppeleppert'
[2025-08-20 14:14:48] ⚠️ Row 2665: Unparsable date → 'peppeleppert'
[2025-08-20 14:14:48] ⚠️ Row 2666: Unparsable date → 'peppeleppert'
[2025-08-20 14:14:48] ⚠️ Row 2667: Unparsable date → 'peppeleppert'
[2025-08-20 14:14:48] ⚠️ Row 2668: Unparsable date → 'peppeleppert'
[2025-08-20 14:14:48] ⚠️ Row 2669: Unparsable date → 'peppeleppert'
[2025-08-20 14:14:48] ⚠️ Row 2670: Unparsable date → 'peppeleppert'
[2025-08-20 14:14:48] ⚠️ Row 2671: Unparsable date → 'peppeleppert'
[2025-08-20 14:14:48] ⚠️ Row 2672: Unparsable date → 'peppeleppert'
[2025-08-20 14:14:48] ⚠️ Row 2673: Unparsable date → 'peppeleppert'
[2025-08-20 14:14:48] ⚠️ Row 2674: Unparsable date → 'peppeleppert'
[2025-08-20 14:14:48] ⚠️ Row 2675: Unparsable date → 'peppeleppert'
[2025-08-20 14:14:48] ⚠️ Row 2676: Unparsable date → 'peppeleppert'
[2025-08-20 14:14:48] ⚠️ Row 2677: Unparsable date → 'peppeleppert'
[2025-08-20 14:14:48] ⚠️ Row 2678: Unparsable date → 'peppeleppert'
[2025-08-20 14:14:48] ⚠️ Row 2679: Unparsable date → 'peppeleppert'
[2025-08-20 14:14:48] ⚠️ Row 2680: Unparsable date → 'peppeleppert'
[2025-08-20 14:14:48] ⚠️ Row 2681: Unparsable date → 'peppeleppert'
[2025-08-20 14:14:48] ⚠️ Row 2682: Unparsable date → 'peppeleppert'
[2025-08-20 14:14:48] ⚠️ Row 2683: Unparsable date → 'peppeleppert'
[2025-08-20 14:14:48] ⚠️ Row 2684: Unparsable date → 'peppeleppert'
[2025-08-20 14:14:48] ⚠️ Row 2685: Unparsable date → 'peppeleppert'
[2025-08-20 14:14:48] ⚠️ Row 2686: Unparsable date → 'peppeleppert'
[2025-08-20 14:14:48] ⚠️ Row 2687: Unparsable date → 'peppeleppert'
[2025-08-20 14:14:48] ⚠️ Row 2688: Unparsable date → 'peppeleppert'
[2025-08-20 14:14:48] ⚠️ Row 2689: Unparsable date → 'peppeleppert'
[2025-08-20 14:14:48] ⚠️ Row 2690: Unparsable date → 'peppeleppert'
[2025-08-20 14:14:48] ⚠️ Row 2691: Unparsable date → 'peppeleppert'
[2025-08-20 14:14:48] ⚠️ Row 2692: Unparsable date → 'peppeleppert'
[2025-08-20 14:14:48] ⚠️ Row 2693: Unparsable date → 'peppeleppert'
[2025-08-20 14:14:48] ⚠️ Row 2694: Unparsable date → 'peppeleppert'
[2025-08-20 14:14:48] ⚠️ Row 2695: Unparsable date → 'peppeleppert'
[2025-08-20 14:14:48] ⚠️ Row 2696: Unparsable date → 'peppeleppert'
[2025-08-20 14:14:48] ⚠️ Row 2697: Unparsable date → 'peppeleppert'
[2025-08-20 14:14:48] ⚠️ Row 2698: Unparsable date → 'peppeleppert'
[2025-08-20 14:14:48] ⚠️ Row 2699: Unparsable date → 'peppeleppert'
[2025-08-20 14:14:48] ⚠️ Row 2700: Unparsable date → 'peppeleppert'
[2025-08-20 14:14:48] ⚠️ Row 2701: Unparsable date → 'peppeleppert'
[2025-08-20 14:14:48] ⚠️ Row 2702: Unparsable date → 'peppeleppert'
[2025-08-20 14:14:48] ⚠️ Row 2703: Unparsable date → 'peppeleppert'
[2025-08-20 14:14:48] ⚠️ Row 2704: Unparsable date → 'peppeleppert'
[2025-08-20 14:14:48] ⚠️ Row 2705: Unparsable date → 'peppeleppert'
[2025-08-20 14:14:48] ⚠️ Row 2706: Unparsable date → 'peppeleppert'
[2025-08-20 14:14:48] ⚠️ Row 2707: Unparsable date → 'peppeleppert'
[2025-08-20 14:14:48] ⚠️ Row 2708: Unparsable date → 'peppeleppert'
[2025-08-20 14:14:48] ⚠️ Row 2709: Unparsable date → 'peppeleppert'
[2025-08-20 14:14:48] ⚠️ Row 2710: Unparsable date → 'peppeleppert'
[2025-08-20 14:14:48] ⚠️ Row 2711: Unparsable date → 'peppeleppert'
[2025-08-20 14:14:48] ⚠️ Row 2712: Unparsable date → 'peppeleppert'
[2025-08-20 14:14:48] ⚠️ Row 2713: Unparsable date → 'peppeleppert'
[2025-08-20 14:14:48] ⚠️ Row 2714: Unparsable date → 'peppeleppert'
[2025-08-20 14:14:48] ⚠️ Row 2715: Unparsable date → 'peppeleppert'
[2025-08-20 14:14:48] ⚠️ Row 2716: Unparsable date → 'peppeleppert'
[2025-08-20 14:14:48] ⚠️ Row 2717: Unparsable date → 'peppeleppert'
[2025-08-20 14:14:48] ⚠️ Row 2718: Unparsable date → 'peppeleppert'
[2025-08-20 14:14:48] ⚠️ Row 2719: Unparsable date → 'peppeleppert'
[2025-08-20 14:14:48] ⚠️ Row 2720: Unparsable date → 'peppeleppert'
[2025-08-20 14:14:48] ⚠️ Row 2721: Unparsable date → 'peppeleppert'
[2025-08-20 14:14:48] ⚠️ Row 2722: Unparsable date → 'peppeleppert'
[2025-08-20 14:14:48] ⚠️ Row 2723: Unparsable date → 'peppeleppert'
[2025-08-20 14:14:48] ⚠️ Row 2724: Unparsable date → 'peppeleppert'
[2025-08-20 14:14:48] ⚠️ Row 2725: Unparsable date → 'peppeleppert'
[2025-08-20 14:14:48] ⚠️ Row 2726: Unparsable date → 'peppeleppert'
[2025-08-20 14:14:48] ⚠️ Row 2727: Unparsable date → 'peppeleppert'
[2025-08-20 14:14:48] ⚠️ Row 2728: Unparsable date → 'peppeleppert'
[2025-08-20 14:14:48] ⚠️ Row 2729: Unparsable date → 'peppeleppert'
[2025-08-20 14:14:48] ⚠️ Row 2730: Unparsable date → 'peppeleppert'
[2025-08-20 14:14:48] ⚠️ Row 2731: Unparsable date → 'peppeleppert'
[2025-08-20 14:14:48] ⚠️ Row 2732: Unparsable date → 'peppeleppert'
[2025-08-20 14:14:48] ⚠️ Row 2733: Unparsable date → 'peppeleppert'
[2025-08-20 14:14:48] ⚠️ Row 2734: Unparsable date → 'peppeleppert'
[2025-08-20 14:14:48] ⚠️ Row 2735: Unparsable date → 'peppeleppert'
[2025-08-20 14:14:48] ⚠️ Row 2736: Unparsable date → 'peppeleppert'
[2025-08-20 14:14:48] ⚠️ Row 2737: Unparsable date → 'peppeleppert'
[2025-08-20 14:14:48] ⚠️ Row 2738: Unparsable date → 'peppeleppert'
[2025-08-20 14:14:48] ⚠️ Row 2739: Unparsable date → 'peppeleppert'
[2025-08-20 14:14:48] ⚠️ Row 2740: Unparsable date → 'peppeleppert'
[2025-08-20 14:14:48] ⚠️ Row 2741: Unparsable date → 'peppeleppert'
[2025-08-20 14:14:48] ⚠️ Row 2742: Unparsable date → 'peppeleppert'
[2025-08-20 14:14:48] ⚠️ Row 2743: Unparsable date → 'peppeleppert'
[2025-08-20 14:14:48] ⚠️ Row 2744: Unparsable date → 'peppeleppert'
[2025-08-20 14:14:48] ⚠️ Row 2745: Unparsable date → 'peppeleppert'
[2025-08-20 14:14:48] ⚠️ Row 2746: Unparsable date → 'peppeleppert'
[2025-08-20 14:14:48] ⚠️ Row 2747: Unparsable date → 'peppeleppert'
[2025-08-20 14:14:48] ⚠️ Row 2748: Unparsable date → 'peppeleppert'
[2025-08-20 14:14:48] ⚠️ Row 2749: Unparsable date → 'peppeleppert'
[2025-08-20 14:14:48] ⚠️ Row 2750: Unparsable date → 'peppeleppert'
[2025-08-20 14:14:48] ⚠️ Row 2751: Unparsable date → 'peppeleppert'
[2025-08-20 14:14:48] ⚠️ Row 2752: Unparsable date → 'peppeleppert'
[2025-08-20 14:14:48] ⚠️ Row 2753: Unparsable date → 'peppeleppert'
[2025-08-20 14:14:48] ⚠️ Row 2754: Unparsable date → 'peppeleppert'
[2025-08-20 14:14:48] ⚠️ Row 2755: Unparsable date → 'peppeleppert'
[2025-08-20 14:14:48] ⚠️ Row 2756: Unparsable date → 'peppeleppert'
[2025-08-20 14:14:48] ⚠️ Row 2757: Unparsable date → 'peppeleppert'
[2025-08-20 14:14:48] ⚠️ Row 2758: Unparsable date → 'peppeleppert'
[2025-08-20 14:14:48] ⚠️ Row 2759: Unparsable date → 'peppeleppert'
[2025-08-20 14:14:48] ⚠️ Row 2760: Unparsable date → 'peppeleppert'
[2025-08-20 14:14:48] ⚠️ Row 2761: Unparsable date → 'peppeleppert'
[2025-08-20 14:14:48] ⚠️ Row 2762: Unparsable date → 'peppeleppert'
[2025-08-20 14:14:48] ⚠️ Row 2763: Unparsable date → 'peppeleppert'
[2025-08-20 14:14:48] ⚠️ Row 2764: Unparsable date → 'peppeleppert'
[2025-08-20 14:14:48] ⚠️ Row 2765: Unparsable date → 'peppeleppert'
[2025-08-20 14:14:48] ⚠️ Row 2766: Unparsable date → 'peppeleppert'
[2025-08-20 14:14:48] ⚠️ Row 2767: Unparsable date → 'peppeleppert'
[2025-08-20 14:14:48] ⚠️ Row 2768: Unparsable date → 'peppeleppert'
[2025-08-20 14:14:48] ⚠️ Row 2769: Unparsable date → 'peppeleppert'
[2025-08-20 14:14:48] ⚠️ Row 2770: Unparsable date → 'peppeleppert'
[2025-08-20 14:14:48] ⚠️ Row 2771: Unparsable date → 'peppeleppert'
[2025-08-20 14:14:48] ⚠️ Row 2772: Unparsable date → 'peppeleppert'
[2025-08-20 14:14:48] ⚠️ Row 2773: Unparsable date → 'peppeleppert'
[2025-08-20 14:14:48] ⚠️ Row 2774: Unparsable date → 'peppeleppert'
[2025-08-20 14:14:48] ⚠️ Row 2775: Unparsable date → 'peppeleppert'
[2025-08-20 14:14:48] ⚠️ Row 2776: Unparsable date → 'peppeleppert'
[2025-08-20 14:14:48] ⚠️ Row 2777: Unparsable date → 'peppeleppert'
[2025-08-20 14:14:48] ⚠️ Row 2778: Unparsable date → 'peppeleppert'
[2025-08-20 14:14:48] ⚠️ Row 2779: Unparsable date → 'peppeleppert'
[2025-08-20 14:14:48] ⚠️ Row 2780: Unparsable date → 'peppeleppert'
[2025-08-20 14:14:48] ⚠️ Row 2781: Unparsable date → 'peppeleppert'
[2025-08-20 14:14:48] ⚠️ Row 2782: Unparsable date → 'peppeleppert'
[2025-08-20 14:14:48] ⚠️ Row 2783: Unparsable date → 'peppeleppert'
[2025-08-20 14:14:48] ⚠️ Row 2784: Unparsable date → 'peppeleppert'
[2025-08-20 14:14:48] ⚠️ Row 2785: Unparsable date → 'peppeleppert'
[2025-08-20 14:14:48] ⚠️ Row 2786: Unparsable date → 'peppeleppert'
[2025-08-20 14:14:48] ⚠️ Row 2787: Unparsable date → 'peppeleppert'
[2025-08-20 14:14:48] ⚠️ Row 2788: Unparsable date → 'peppeleppert'
[2025-08-20 14:14:48] ⚠️ Row 2789: Unparsable date → 'peppeleppert'
[2025-08-20 14:14:48] ⚠️ Row 2790: Unparsable date → 'peppeleppert'
[2025-08-20 14:14:48] ⚠️ Row 2791: Unparsable date → 'peppeleppert'
[2025-08-20 14:14:48] ⚠️ Row 2792: Unparsable date → 'peppeleppert'
[2025-08-20 14:14:48] ⚠️ Row 2793: Unparsable date → 'peppeleppert'
[2025-08-20 14:14:48] ⚠️ Row 2794: Unparsable date → 'peppeleppert'
[2025-08-20 14:14:48] ⚠️ Row 2795: Unparsable date → 'peppeleppert'
[2025-08-20 14:14:48] ⚠️ Row 2796: Unparsable date → 'peppeleppert'
[2025-08-20 14:14:48] ⚠️ Row 2797: Unparsable date → 'peppeleppert'
[2025-08-20 14:14:48] ⚠️ Row 2798: Unparsable date → 'peppeleppert'
[2025-08-20 14:14:48] ⚠️ Row 2799: Unparsable date → 'peppeleppert'
[2025-08-20 14:14:48] ⚠️ Row 2800: Unparsable date → 'peppeleppert'
[2025-08-20 14:14:48] ⚠️ Row 2801: Unparsable date → 'peppeleppert'
[2025-08-20 14:14:48] ⚠️ Row 2802: Unparsable date → 'peppeleppert'
[2025-08-20 14:14:48] ⚠️ Row 2803: Unparsable date → 'peppeleppert'
[2025-08-20 14:14:48] ⚠️ Row 2804: Unparsable date → 'peppeleppert'
[2025-08-20 14:14:48] ⚠️ Row 2805: Unparsable date → 'peppeleppert'
[2025-08-20 14:14:48] ⚠️ Row 2806: Unparsable date → 'peppeleppert'
[2025-08-20 14:14:48] ⚠️ Row 2807: Unparsable date → 'peppeleppert'
[2025-08-20 14:14:48] ⚠️ Row 2808: Unparsable date → 'peppeleppert'
[2025-08-20 14:14:48] ⚠️ Row 2809: Unparsable date → 'peppeleppert'
[2025-08-20 14:14:48] ⚠️ Row 2810: Unparsable date → 'peppeleppert'
[2025-08-20 14:14:48] ⚠️ Row 2811: Unparsable date → 'peppeleppert'
[2025-08-20 14:14:48] ⚠️ Row 2812: Unparsable date → 'peppeleppert'
[2025-08-20 14:14:48] ⚠️ Row 2813: Unparsable date → 'peppeleppert'
[2025-08-20 14:14:48] ⚠️ Row 2814: Unparsable date → 'peppeleppert'
[2025-08-20 14:14:48] ⚠️ Row 2815: Unparsable date → 'peppeleppert'
[2025-08-20 14:14:48] ⚠️ Row 2816: Unparsable date → 'peppeleppert'
[2025-08-20 14:14:48] ⚠️ Row 2817: Unparsable date → 'peppeleppert'
[2025-08-20 14:14:48] ⚠️ Row 2818: Unparsable date → 'peppeleppert'
[2025-08-20 14:14:48] ⚠️ Row 2819: Unparsable date → 'peppeleppert'
[2025-08-20 14:14:48] ⚠️ Row 2820: Unparsable date → 'peppeleppert'
[2025-08-20 14:14:48] ⚠️ Row 2821: Unparsable date → 'peppeleppert'
[2025-08-20 14:14:48] ⚠️ Row 2822: Unparsable date → 'peppeleppert'
[2025-08-20 14:14:48] ⚠️ Row 2823: Unparsable date → 'peppeleppert'
[2025-08-20 14:14:48] ⚠️ Row 2824: Unparsable date → 'peppeleppert'
[2025-08-20 14:14:48] ⚠️ Row 2825: Unparsable date → 'peppeleppert'
[2025-08-20 14:14:48] ⚠️ Row 2826: Unparsable date → 'peppeleppert'
[2025-08-20 14:14:48] ⚠️ Row 2827: Unparsable date → 'peppeleppert'
[2025-08-20 14:14:48] ⚠️ Row 2828: Unparsable date → 'peppeleppert'
[2025-08-20 14:14:49] ⚠️ Row 2829: Unparsable date → 'peppeleppert'
[2025-08-20 14:14:49] ⚠️ Row 2830: Unparsable date → 'peppeleppert'
[2025-08-20 14:14:49] ⚠️ Row 2831: Unparsable date → 'peppeleppert'
[2025-08-20 14:14:49] ⚠️ Row 2832: Unparsable date → 'peppeleppert'
[2025-08-20 14:14:49] ⚠️ Row 2833: Unparsable date → 'peppeleppert'
[2025-08-20 14:14:49] ⚠️ Row 2834: Unparsable date → 'peppeleppert'
[2025-08-20 14:14:49] ⚠️ Row 2835: Unparsable date → 'peppeleppert'
[2025-08-20 14:14:49] ⚠️ Row 2836: Unparsable date → 'peppeleppert'
[2025-08-20 14:14:49] ⚠️ Row 2837: Unparsable date → 'peppeleppert'
[2025-08-20 14:14:49] ⚠️ Row 2838: Unparsable date → 'peppeleppert'
[2025-08-20 14:14:49] ⚠️ Row 2839: Unparsable date → 'peppeleppert'
[2025-08-20 14:14:49] ⚠️ Row 2840: Unparsable date → 'peppeleppert'
[2025-08-20 14:14:49] ⚠️ Row 2841: Unparsable date → 'peppeleppert'
[2025-08-20 14:14:49] ⚠️ Row 2842: Unparsable date → 'peppeleppert'
[2025-08-20 14:14:49] ⚠️ Row 2843: Unparsable date → 'peppeleppert'
[2025-08-20 14:14:49] ⚠️ Row 2844: Unparsable date → 'peppeleppert'
[2025-08-20 14:14:49] ⚠️ Row 2845: Unparsable date → 'peppeleppert'
[2025-08-20 14:14:49] ⚠️ Row 2846: Unparsable date → 'peppeleppert'
[2025-08-20 14:14:49] ⚠️ Row 2847: Unparsable date → 'peppeleppert'
[2025-08-20 14:14:49] ⚠️ Row 2848: Unparsable date → 'peppeleppert'
[2025-08-20 14:14:49] ⚠️ Row 2849: Unparsable date → 'peppeleppert'
[2025-08-20 14:14:49] ⚠️ Row 2850: Unparsable date → 'peppeleppert'
[2025-08-20 14:14:49] ⚠️ Row 2851: Unparsable date → 'peppeleppert'
[2025-08-20 14:14:49] ⚠️ Row 2852: Unparsable date → 'peppeleppert'
[2025-08-20 14:14:49] ⚠️ Row 2853: Unparsable date → 'peppeleppert'
[2025-08-20 14:14:49] ⚠️ Row 2854: Unparsable date → 'peppeleppert'
[2025-08-20 14:14:49] ⚠️ Row 2855: Unparsable date → 'peppeleppert'
[2025-08-20 14:14:49] ⚠️ Row 2856: Unparsable date → 'peppeleppert'
[2025-08-20 14:14:49] ⚠️ Row 2857: Unparsable date → 'peppeleppert'
[2025-08-20 14:14:49] ⚠️ Row 2858: Unparsable date → 'peppeleppert'
[2025-08-20 14:14:49] ⚠️ Row 2859: Unparsable date → 'peppeleppert'
[2025-08-20 14:14:49] ⚠️ Row 2860: Unparsable date → 'peppeleppert'
[2025-08-20 14:14:49] ⚠️ Row 2861: Unparsable date → 'peppeleppert'
[2025-08-20 14:14:49] ⚠️ Row 2862: Unparsable date → 'peppeleppert'
[2025-08-20 14:14:49] ⚠️ Row 2863: Unparsable date → 'peppeleppert'
[2025-08-20 14:14:49] ⚠️ Row 2864: Unparsable date → 'peppeleppert'
[2025-08-20 14:14:49] ⚠️ Row 2865: Unparsable date → 'peppeleppert'
[2025-08-20 14:14:49] ⚠️ Row 2866: Unparsable date → 'peppeleppert'
[2025-08-20 14:14:49] ⚠️ Row 2867: Unparsable date → 'peppeleppert'
[2025-08-20 14:14:49] ⚠️ Row 2868: Unparsable date → 'peppeleppert'
[2025-08-20 14:14:49] ⚠️ Row 2869: Unparsable date → 'peppeleppert'
[2025-08-20 14:14:49] ⚠️ Row 2870: Unparsable date → 'peppeleppert'
[2025-08-20 14:14:49] ⚠️ Row 2871: Unparsable date → 'peppeleppert'
[2025-08-20 14:14:49] ⚠️ Row 2872: Unparsable date → 'peppeleppert'
[2025-08-20 14:14:49] ⚠️ Row 2873: Unparsable date → 'peppeleppert'
[2025-08-20 14:14:49] ⚠️ Row 2874: Unparsable date → 'peppeleppert'
[2025-08-20 14:14:49] ⚠️ Row 2875: Unparsable date → 'peppeleppert'
[2025-08-20 14:14:49] ⚠️ Row 2876: Unparsable date → 'peppeleppert'
[2025-08-20 14:14:49] ⚠️ Row 2877: Unparsable date → 'peppeleppert'
[2025-08-20 14:14:49] ⚠️ Row 2878: Unparsable date → 'peppeleppert'
[2025-08-20 14:14:49] ⚠️ Row 2879: Unparsable date → 'peppeleppert'
[2025-08-20 14:14:49] ⚠️ Row 2880: Unparsable date → 'peppeleppert'
[2025-08-20 14:14:49] ⚠️ Row 2881: Unparsable date → 'peppeleppert'
[2025-08-20 14:14:49] ⚠️ Row 2882: Unparsable date → 'peppeleppert'
[2025-08-20 14:14:49] ⚠️ Row 2883: Unparsable date → 'peppeleppert'
[2025-08-20 14:14:49] ⚠️ Row 2884: Unparsable date → 'peppeleppert'
[2025-08-20 14:14:49] ⚠️ Row 2885: Unparsable date → 'peppeleppert'
[2025-08-20 14:14:49] ⚠️ Row 2886: Unparsable date → 'peppeleppert'
[2025-08-20 14:14:49] ⚠️ Row 2887: Unparsable date → 'peppeleppert'
[2025-08-20 14:14:49] ⚠️ Row 2888: Unparsable date → 'peppeleppert'
[2025-08-20 14:14:49] ⚠️ Row 2889: Unparsable date → 'peppeleppert'
[2025-08-20 14:14:49] ⚠️ Row 2890: Unparsable date → 'peppeleppert'
[2025-08-20 14:14:49] ⚠️ Row 2891: Unparsable date → 'peppeleppert'
[2025-08-20 14:14:49] ⚠️ Row 2892: Unparsable date → 'peppeleppert'
[2025-08-20 14:14:49] ⚠️ Row 2893: Unparsable date → 'peppeleppert'
[2025-08-20 14:14:49] ⚠️ Row 2894: Unparsable date → 'peppeleppert'
[2025-08-20 14:14:49] ⚠️ Row 2895: Unparsable date → 'peppeleppert'
[2025-08-20 14:14:49] ⚠️ Row 2896: Unparsable date → 'peppeleppert'
[2025-08-20 14:14:49] ⚠️ Row 2897: Unparsable date → 'peppeleppert'
[2025-08-20 14:14:49] ⚠️ Row 2898: Unparsable date → 'peppeleppert'
[2025-08-20 14:14:49] ⚠️ Row 2899: Unparsable date → 'peppeleppert'
[2025-08-20 14:14:49] ⚠️ Row 2900: Unparsable date → 'peppeleppert'
[2025-08-20 14:14:49] ⚠️ Row 2901: Unparsable date → 'peppeleppert'
[2025-08-20 14:14:49] ⚠️ Row 2902: Unparsable date → 'peppeleppert'
[2025-08-20 14:14:49] ⚠️ Row 2903: Unparsable date → 'peppeleppert'
[2025-08-20 14:14:49] ⚠️ Row 2904: Unparsable date → 'peppeleppert'
[2025-08-20 14:14:49] ⚠️ Row 2905: Unparsable date → 'peppeleppert'
[2025-08-20 14:14:49] ⚠️ Row 2906: Unparsable date → 'peppeleppert'
[2025-08-20 14:14:49] ⚠️ Row 2907: Unparsable date → 'peppeleppert'
[2025-08-20 14:14:49] ⚠️ Row 2908: Unparsable date → 'peppeleppert'
[2025-08-20 14:14:49] ⚠️ Row 2909: Unparsable date → 'peppeleppert'
[2025-08-20 14:14:49] ⚠️ Row 2910: Unparsable date → 'peppeleppert'
[2025-08-20 14:14:49] ⚠️ Row 2911: Unparsable date → 'peppeleppert'
[2025-08-20 14:14:49] ⚠️ Row 2912: Unparsable date → 'peppeleppert'
[2025-08-20 14:14:49] ⚠️ Row 2913: Unparsable date → 'peppeleppert'
[2025-08-20 14:14:49] ⚠️ Row 2914: Unparsable date → 'peppeleppert'
[2025-08-20 14:14:49] ⚠️ Row 2915: Unparsable date → 'peppeleppert'
[2025-08-20 14:14:49] ⚠️ Row 2916: Unparsable date → 'peppeleppert'
[2025-08-20 14:14:49] ⚠️ Row 2917: Unparsable date → 'peppeleppert'
[2025-08-20 14:14:49] ⚠️ Row 2918: Unparsable date → 'peppeleppert'
[2025-08-20 14:14:49] ⚠️ Row 2919: Unparsable date → 'peppeleppert'
[2025-08-20 14:14:49] ⚠️ Row 2920: Unparsable date → 'peppeleppert'
[2025-08-20 14:14:49] ⚠️ Row 2921: Unparsable date → 'peppeleppert'
[2025-08-20 14:14:49] ⚠️ Row 2922: Unparsable date → 'peppeleppert'
[2025-08-20 14:14:49] ⚠️ Row 2923: Unparsable date → 'peppeleppert'
[2025-08-20 14:14:49] ⚠️ Row 2924: Unparsable date → 'peppeleppert'
[2025-08-20 14:14:49] ⚠️ Row 2925: Unparsable date → 'peppeleppert'
[2025-08-20 14:14:49] ⚠️ Row 2926: Unparsable date → 'peppeleppert'
[2025-08-20 14:14:49] ⚠️ Row 2927: Unparsable date → 'peppeleppert'
[2025-08-20 14:14:49] ⚠️ Row 2928: Unparsable date → 'peppeleppert'
[2025-08-20 14:14:49] ⚠️ Row 2929: Unparsable date → 'peppeleppert'
[2025-08-20 14:14:49] ⚠️ Row 2930: Unparsable date → 'peppeleppert'
[2025-08-20 14:14:49] ⚠️ Row 2931: Unparsable date → 'peppeleppert'
[2025-08-20 14:14:49] ⚠️ Row 2932: Unparsable date → 'peppeleppert'
[2025-08-20 14:14:49] ⚠️ Row 2933: Unparsable date → 'peppeleppert'
[2025-08-20 14:14:49] ⚠️ Row 2934: Unparsable date → 'peppeleppert'
[2025-08-20 14:14:49] ⚠️ Row 2935: Unparsable date → 'peppeleppert'
[2025-08-20 14:14:49] ⚠️ Row 2936: Unparsable date → 'peppeleppert'
[2025-08-20 14:14:49] ⚠️ Row 2937: Unparsable date → 'peppeleppert'
[2025-08-20 14:14:49] ⚠️ Row 2938: Unparsable date → 'peppeleppert'
[2025-08-20 14:14:49] ⚠️ Row 2939: Unparsable date → 'peppeleppert'
[2025-08-20 14:14:49] ⚠️ Row 2940: Unparsable date → 'peppeleppert'
[2025-08-20 14:14:49] ⚠️ Row 2941: Unparsable date → 'peppeleppert'
[2025-08-20 14:14:49] ⚠️ Row 2942: Unparsable date → 'peppeleppert'
[2025-08-20 14:14:49] ⚠️ Row 2943: Unparsable date → 'peppeleppert'
[2025-08-20 14:14:49] ⚠️ Row 2944: Unparsable date → 'peppeleppert'
[2025-08-20 14:14:49] ⚠️ Row 2945: Unparsable date → 'peppeleppert'
[2025-08-20 14:14:49] ⚠️ Row 2946: Unparsable date → 'peppeleppert'
[2025-08-20 14:14:49] ⚠️ Row 2947: Unparsable date → 'peppeleppert'
[2025-08-20 14:14:49] ⚠️ Row 2948: Unparsable date → 'peppeleppert'
[2025-08-20 14:14:49] ⚠️ Row 2949: Unparsable date → 'peppeleppert'
[2025-08-20 14:14:49] ⚠️ Row 2950: Unparsable date → 'peppeleppert'
[2025-08-20 14:14:49] ⚠️ Row 2951: Unparsable date → 'peppeleppert'
[2025-08-20 14:14:49] ⚠️ Row 2952: Unparsable date → 'peppeleppert'
[2025-08-20 14:14:49] ⚠️ Row 2953: Unparsable date → 'peppeleppert'
[2025-08-20 14:14:49] ⚠️ Row 2954: Unparsable date → 'peppeleppert'
[2025-08-20 14:14:49] ⚠️ Row 2955: Unparsable date → 'peppeleppert'
[2025-08-20 14:14:49] ⚠️ Row 2956: Unparsable date → 'peppeleppert'
[2025-08-20 14:14:49] ⚠️ Row 2957: Unparsable date → 'peppeleppert'
[2025-08-20 14:14:49] ⚠️ Row 2958: Unparsable date → 'peppeleppert'
[2025-08-20 14:14:49] ⚠️ Row 2959: Unparsable date → 'peppeleppert'
[2025-08-20 14:14:49] ⚠️ Row 2960: Unparsable date → 'peppeleppert'
[2025-08-20 14:14:49] ⚠️ Row 2961: Unparsable date → 'peppeleppert'
[2025-08-20 14:14:49] ⚠️ Row 2962: Unparsable date → 'peppeleppert'
[2025-08-20 14:14:49] ⚠️ Row 2963: Unparsable date → 'peppeleppert'
[2025-08-20 14:14:49] ⚠️ Row 2964: Unparsable date → 'peppeleppert'
[2025-08-20 14:14:49] ⚠️ Row 2965: Unparsable date → 'peppeleppert'
[2025-08-20 14:14:49] ⚠️ Row 2966: Unparsable date → 'peppeleppert'
[2025-08-20 14:14:49] ⚠️ Row 2967: Unparsable date → 'peppeleppert'
[2025-08-20 14:14:49] ⚠️ Row 2968: Unparsable date → 'peppeleppert'
[2025-08-20 14:14:49] ⚠️ Row 2969: Unparsable date → 'peppeleppert'
[2025-08-20 14:14:49] ⚠️ Row 2970: Unparsable date → 'peppeleppert'
[2025-08-20 14:14:49] ⚠️ Row 2971: Unparsable date → 'peppeleppert'
[2025-08-20 14:14:49] ⚠️ Row 2972: Unparsable date → 'peppeleppert'
[2025-08-20 14:14:49] ⚠️ Row 2973: Unparsable date → 'peppeleppert'
[2025-08-20 14:14:49] ⚠️ Row 2974: Unparsable date → 'peppeleppert'
[2025-08-20 14:14:49] ⚠️ Row 2975: Unparsable date → 'peppeleppert'
[2025-08-20 14:14:49] ⚠️ Row 2976: Unparsable date → 'peppeleppert'
[2025-08-20 14:14:49] ⚠️ Row 2977: Unparsable date → 'peppeleppert'
[2025-08-20 14:14:49] ⚠️ Row 2978: Unparsable date → 'peppeleppert'
[2025-08-20 14:14:49] ⚠️ Row 2979: Unparsable date → 'peppeleppert'
[2025-08-20 14:14:49] ⚠️ Row 2980: Unparsable date → 'peppeleppert'
[2025-08-20 14:14:49] ⚠️ Row 2981: Unparsable date → 'peppeleppert'
[2025-08-20 14:14:49] ⚠️ Row 2982: Unparsable date → 'peppeleppert'
[2025-08-20 14:14:49] ⚠️ Row 2983: Unparsable date → 'peppeleppert'
[2025-08-20 14:14:49] ⚠️ Row 2984: Unparsable date → 'peppeleppert'
[2025-08-20 14:14:49] ⚠️ Row 2985: Unparsable date → 'peppeleppert'
[2025-08-20 14:14:49] ⚠️ Row 2986: Unparsable date → 'peppeleppert'
[2025-08-20 14:14:49] ⚠️ Row 2987: Unparsable date → 'peppeleppert'
[2025-08-20 14:14:49] ⚠️ Row 2988: Unparsable date → 'peppeleppert'
[2025-08-20 14:14:49] ⚠️ Row 2989: Unparsable date → 'peppeleppert'
[2025-08-20 14:14:49] ⚠️ Row 2990: Unparsable date → 'peppeleppert'
[2025-08-20 14:14:49] ⚠️ Row 2991: Unparsable date → 'peppeleppert'
[2025-08-20 14:14:49] ⚠️ Row 2992: Unparsable date → 'peppeleppert'
[2025-08-20 14:14:49] ⚠️ Row 2993: Unparsable date → 'peppeleppert'
[2025-08-20 14:14:49] ⚠️ Row 2994: Unparsable date → 'peppeleppert'
[2025-08-20 14:14:49] ⚠️ Row 2995: Unparsable date → 'peppeleppert'
[2025-08-20 14:14:49] ⚠️ Row 2996: Unparsable date → 'peppeleppert'
[2025-08-20 14:14:49] ⚠️ Row 2997: Unparsable date → 'peppeleppert'
[2025-08-20 14:14:49] ⚠️ Row 2998: Unparsable date → 'peppeleppert'
[2025-08-20 14:14:49] ⚠️ Row 2999: Unparsable date → 'peppeleppert'
[2025-08-20 14:14:49] ⚠️ Row 3000: Unparsable date → 'peppeleppert'
[2025-08-20 14:14:49] ⚠️ Row 3001: Unparsable date → 'peppeleppert'
[2025-08-20 14:14:49] ⚠️ Row 3002: Unparsable date → 'peppeleppert'
[2025-08-20 14:14:49] ⚠️ Row 3003: Unparsable date → 'peppeleppert'
[2025-08-20 14:14:49] ⚠️ Row 3004: Unparsable date → 'peppeleppert'
[2025-08-20 14:14:49] ⚠️ Row 3005: Unparsable date → 'peppeleppert'
[2025-08-20 14:14:49] ⚠️ Row 3006: Unparsable date → 'peppeleppert'
[2025-08-20 14:14:49] ⚠️ Row 3007: Unparsable date → 'peppeleppert'
[2025-08-20 14:14:49] ⚠️ Row 3008: Unparsable date → 'peppeleppert'
[2025-08-20 14:14:49] ⚠️ Row 3009: Unparsable date → 'peppeleppert'
[2025-08-20 14:14:49] ⚠️ Row 3010: Unparsable date → 'peppeleppert'
[2025-08-20 14:14:49] ⚠️ Row 3011: Unparsable date → 'peppeleppert'
[2025-08-20 14:14:49] ⚠️ Row 3012: Unparsable date → 'peppeleppert'
[2025-08-20 14:14:49] ⚠️ Row 3013: Unparsable date → 'peppeleppert'
[2025-08-20 14:14:49] ⚠️ Row 3014: Unparsable date → 'peppeleppert'
[2025-08-20 14:14:49] ⚠️ Row 3015: Unparsable date → 'peppeleppert'
[2025-08-20 14:14:49] ⚠️ Row 3016: Unparsable date → 'peppeleppert'
[2025-08-20 14:14:49] ⚠️ Row 3017: Unparsable date → 'peppeleppert'
[2025-08-20 14:14:49] ⚠️ Row 3018: Unparsable date → 'peppeleppert'
[2025-08-20 14:14:49] ⚠️ Row 3019: Unparsable date → 'peppeleppert'
[2025-08-20 14:14:49] ⚠️ Row 3020: Unparsable date → 'peppeleppert'
[2025-08-20 14:14:49] ⚠️ Row 3021: Unparsable date → 'peppeleppert'
[2025-08-20 14:14:49] ⚠️ Row 3022: Unparsable date → 'peppeleppert'
[2025-08-20 14:14:49] ⚠️ Row 3023: Unparsable date → 'peppeleppert'
[2025-08-20 14:14:49] ⚠️ Row 3024: Unparsable date → 'peppeleppert'
[2025-08-20 14:14:49] ⚠️ Row 3025: Unparsable date → 'peppeleppert'
[2025-08-20 14:14:49] ⚠️ Row 3026: Unparsable date → 'peppeleppert'
[2025-08-20 14:14:49] ⚠️ Row 3027: Unparsable date → 'peppeleppert'
[2025-08-20 14:14:49] ⚠️ Row 3028: Unparsable date → 'peppeleppert'
[2025-08-20 14:14:49] ⚠️ Row 3029: Unparsable date → 'peppeleppert'
[2025-08-20 14:14:49] ⚠️ Row 3030: Unparsable date → 'peppeleppert'
[2025-08-20 14:14:49] ⚠️ Row 3031: Unparsable date → 'peppeleppert'
[2025-08-20 14:14:49] ⚠️ Row 3032: Unparsable date → 'peppeleppert'
[2025-08-20 14:14:49] ⚠️ Row 3033: Unparsable date → 'peppeleppert'
[2025-08-20 14:14:49] ⚠️ Row 3034: Unparsable date → 'peppeleppert'
[2025-08-20 14:14:49] ⚠️ Row 3035: Unparsable date → 'peppeleppert'
[2025-08-20 14:14:49] ⚠️ Row 3036: Unparsable date → 'peppeleppert'
[2025-08-20 14:14:49] ⚠️ Row 3037: Unparsable date → 'peppeleppert'
[2025-08-20 14:14:49] ⚠️ Row 3038: Unparsable date → 'peppeleppert'
[2025-08-20 14:14:49] ⚠️ Row 3039: Unparsable date → 'peppeleppert'
[2025-08-20 14:14:49] ⚠️ Row 3040: Unparsable date → 'peppeleppert'
[2025-08-20 14:14:49] ⚠️ Row 3041: Unparsable date → 'peppeleppert'
[2025-08-20 14:14:49] ⚠️ Row 3042: Unparsable date → 'peppeleppert'
[2025-08-20 14:14:49] ⚠️ Row 3043: Unparsable date → 'peppeleppert'
[2025-08-20 14:14:49] ⚠️ Row 3044: Unparsable date → 'peppeleppert'
[2025-08-20 14:14:49] ⚠️ Row 3045: Unparsable date → 'peppeleppert'
[2025-08-20 14:14:49] ⚠️ Row 3046: Unparsable date → 'peppeleppert'
[2025-08-20 14:14:49] ⚠️ Row 3047: Unparsable date → 'peppeleppert'
[2025-08-20 14:14:49] ⚠️ Row 3048: Unparsable date → 'peppeleppert'
[2025-08-20 14:14:49] ⚠️ Row 3049: Unparsable date → 'peppeleppert'
[2025-08-20 14:14:49] ⚠️ Row 3050: Unparsable date → 'peppeleppert'
[2025-08-20 14:14:49] ⚠️ Row 3051: Unparsable date → 'peppeleppert'
[2025-08-20 14:14:49] ⚠️ Row 3052: Unparsable date → 'peppeleppert'
[2025-08-20 14:14:49] ⚠️ Row 3053: Unparsable date → 'peppeleppert'
[2025-08-20 14:14:49] ⚠️ Row 3054: Unparsable date → 'peppeleppert'
[2025-08-20 14:14:49] ⚠️ Row 3055: Unparsable date → 'peppeleppert'
[2025-08-20 14:14:49] ⚠️ Row 3056: Unparsable date → 'peppeleppert'
[2025-08-20 14:14:49] ⚠️ Row 3057: Unparsable date → 'peppeleppert'
[2025-08-20 14:14:49] ⚠️ Row 3058: Unparsable date → 'peppeleppert'
[2025-08-20 14:14:49] ⚠️ Row 3059: Unparsable date → 'peppeleppert'
[2025-08-20 14:14:49] ⚠️ Row 3060: Unparsable date → 'peppeleppert'
[2025-08-20 14:14:49] ⚠️ Row 3061: Unparsable date → 'peppeleppert'
[2025-08-20 14:14:49] ⚠️ Row 3062: Unparsable date → 'peppeleppert'
[2025-08-20 14:14:49] ⚠️ Row 3063: Unparsable date → 'peppeleppert'
[2025-08-20 14:14:49] ⚠️ Row 3064: Unparsable date → 'peppeleppert'
[2025-08-20 14:14:49] ⚠️ Row 3065: Unparsable date → 'peppeleppert'
[2025-08-20 14:14:49] ⚠️ Row 3066: Unparsable date → 'peppeleppert'
[2025-08-20 14:14:49] ⚠️ Row 3067: Unparsable date → 'peppeleppert'
[2025-08-20 14:14:49] ⚠️ Row 3068: Unparsable date → 'peppeleppert'
[2025-08-20 14:14:49] ⚠️ Row 3069: Unparsable date → 'peppeleppert'
[2025-08-20 14:14:49] ⚠️ Row 3070: Unparsable date → 'peppeleppert'
[2025-08-20 14:14:49] ⚠️ Row 3071: Unparsable date → 'peppeleppert'
[2025-08-20 14:14:49] ⚠️ Row 3072: Unparsable date → 'peppeleppert'
[2025-08-20 14:14:49] ⚠️ Row 3073: Unparsable date → 'peppeleppert'
[2025-08-20 14:14:49] ⚠️ Row 3074: Unparsable date → 'peppeleppert'
[2025-08-20 14:14:49] ⚠️ Row 3075: Unparsable date → 'peppeleppert'
[2025-08-20 14:14:49] ⚠️ Row 3076: Unparsable date → 'peppeleppert'
[2025-08-20 14:14:49] ⚠️ Row 3077: Unparsable date → 'peppeleppert'
[2025-08-20 14:14:49] ⚠️ Row 3078: Unparsable date → 'peppeleppert'
[2025-08-20 14:14:49] ⚠️ Row 3079: Unparsable date → 'peppeleppert'
[2025-08-20 14:14:49] ⚠️ Row 3080: Unparsable date → 'peppeleppert'
[2025-08-20 14:14:49] ⚠️ Row 3081: Unparsable date → 'peppeleppert'
[2025-08-20 14:14:49] ⚠️ Row 3082: Unparsable date → 'peppeleppert'
[2025-08-20 14:14:49] ⚠️ Row 3083: Unparsable date → 'peppeleppert'
[2025-08-20 14:14:49] ⚠️ Row 3084: Unparsable date → 'peppeleppert'
[2025-08-20 14:14:49] ⚠️ Row 3085: Unparsable date → 'peppeleppert'
[2025-08-20 14:14:49] ⚠️ Row 3086: Unparsable date → 'peppeleppert'
[2025-08-20 14:14:49] ⚠️ Row 3087: Unparsable date → 'peppeleppert'
[2025-08-20 14:14:49] ⚠️ Row 3088: Unparsable date → 'peppeleppert'
[2025-08-20 14:14:49] ⚠️ Row 3089: Unparsable date → 'peppeleppert'
[2025-08-20 14:14:49] ⚠️ Row 3090: Unparsable date → 'peppeleppert'
[2025-08-20 14:14:49] ⚠️ Row 3091: Unparsable date → 'peppeleppert'
[2025-08-20 14:14:49] ⚠️ Row 3092: Unparsable date → 'peppeleppert'
[2025-08-20 14:14:49] ⚠️ Row 3093: Unparsable date → 'peppeleppert'
[2025-08-20 14:14:49] ⚠️ Row 3094: Unparsable date → 'peppeleppert'
[2025-08-20 14:14:49] ⚠️ Row 3095: Unparsable date → 'peppeleppert'
[2025-08-20 14:14:49] ⚠️ Row 3096: Unparsable date → 'peppeleppert'
[2025-08-20 14:14:49] ⚠️ Row 3097: Unparsable date → 'peppeleppert'
[2025-08-20 14:14:50] ⚠️ Row 3098: Unparsable date → 'peppeleppert'
[2025-08-20 14:14:50] ⚠️ Row 3099: Unparsable date → 'peppeleppert'
[2025-08-20 14:14:50] ⚠️ Row 3100: Unparsable date → 'peppeleppert'
[2025-08-20 14:14:50] ⚠️ Row 3101: Unparsable date → 'peppeleppert'
[2025-08-20 14:14:50] ⚠️ Row 3102: Unparsable date → 'peppeleppert'
[2025-08-20 14:14:50] ⚠️ Row 3103: Unparsable date → 'peppeleppert'
[2025-08-20 14:14:50] ⚠️ Row 3104: Unparsable date → 'peppeleppert'
[2025-08-20 14:14:50] ⚠️ Row 3105: Unparsable date → 'peppeleppert'
[2025-08-20 14:14:50] ⚠️ Row 3106: Unparsable date → 'peppeleppert'
[2025-08-20 14:14:50] ⚠️ Row 3107: Unparsable date → 'peppeleppert'
[2025-08-20 14:14:50] ⚠️ Row 3108: Unparsable date → 'peppeleppert'
[2025-08-20 14:14:50] ⚠️ Row 3109: Unparsable date → 'peppeleppert'
[2025-08-20 14:14:50] ⚠️ Row 3110: Unparsable date → 'peppeleppert'
[2025-08-20 14:14:50] ⚠️ Row 3111: Unparsable date → 'peppeleppert'
[2025-08-20 14:14:50] ⚠️ Row 3112: Unparsable date → 'peppeleppert'
[2025-08-20 14:14:50] ⚠️ Row 3113: Unparsable date → 'peppeleppert'
[2025-08-20 14:14:50] ⚠️ Row 3114: Unparsable date → 'peppeleppert'
[2025-08-20 14:14:50] ⚠️ Row 3115: Unparsable date → 'peppeleppert'
[2025-08-20 14:14:50] ⚠️ Row 3116: Unparsable date → 'peppeleppert'
[2025-08-20 14:14:50] ⚠️ Row 3117: Unparsable date → 'peppeleppert'
[2025-08-20 14:14:50] ⚠️ Row 3118: Unparsable date → 'peppeleppert'
[2025-08-20 14:14:50] ⚠️ Row 3119: Unparsable date → 'peppeleppert'
[2025-08-20 14:14:50] ⚠️ Row 3120: Unparsable date → 'peppeleppert'
[2025-08-20 14:14:50] ⚠️ Row 3121: Unparsable date → 'peppeleppert'
[2025-08-20 14:14:50] ⚠️ Row 3122: Unparsable date → 'peppeleppert'
[2025-08-20 14:14:50] ⚠️ Row 3123: Unparsable date → 'peppeleppert'
[2025-08-20 14:14:50] ⚠️ Row 3124: Unparsable date → 'peppeleppert'
[2025-08-20 14:14:50] ⚠️ Row 3125: Unparsable date → 'peppeleppert'
[2025-08-20 14:14:50] ⚠️ Row 3126: Unparsable date → 'peppeleppert'
[2025-08-20 14:14:50] ⚠️ Row 3127: Unparsable date → 'peppeleppert'
[2025-08-20 14:14:50] ⚠️ Row 3128: Unparsable date → 'peppeleppert'
[2025-08-20 14:14:50] ⚠️ Row 3129: Unparsable date → 'peppeleppert'
[2025-08-20 14:14:50] ⚠️ Row 3130: Unparsable date → 'peppeleppert'
[2025-08-20 14:14:50] ⚠️ Row 3131: Unparsable date → 'peppeleppert'
[2025-08-20 14:14:50] ⚠️ Row 3132: Unparsable date → 'peppeleppert'
[2025-08-20 14:14:50] ⚠️ Row 3133: Unparsable date → 'peppeleppert'
[2025-08-20 14:14:50] ⚠️ Row 3134: Unparsable date → 'peppeleppert'
[2025-08-20 14:14:50] ⚠️ Row 3135: Unparsable date → 'peppeleppert'
[2025-08-20 14:14:50] ⚠️ Row 3136: Unparsable date → 'peppeleppert'
[2025-08-20 14:14:50] ⚠️ Row 3137: Unparsable date → 'peppeleppert'
[2025-08-20 14:14:50] ⚠️ Row 3138: Unparsable date → 'peppeleppert'
[2025-08-20 14:14:50] ⚠️ Row 3139: Unparsable date → 'peppeleppert'
[2025-08-20 14:14:50] ⚠️ Row 3140: Unparsable date → 'peppeleppert'
[2025-08-20 14:14:50] ⚠️ Row 3141: Unparsable date → 'peppeleppert'
[2025-08-20 14:14:50] ⚠️ Row 3142: Unparsable date → 'peppeleppert'
[2025-08-20 14:14:50] ⚠️ Row 3143: Unparsable date → 'peppeleppert'
[2025-08-20 14:14:50] ⚠️ Row 3144: Unparsable date → 'peppeleppert'
[2025-08-20 14:14:50] ⚠️ Row 3145: Unparsable date → 'peppeleppert'
[2025-08-20 14:14:50] ⚠️ Row 3146: Unparsable date → 'peppeleppert'
[2025-08-20 14:14:50] ⚠️ Row 3147: Unparsable date → 'peppeleppert'
[2025-08-20 14:14:50] ⚠️ Row 3148: Unparsable date → 'peppeleppert'
[2025-08-20 14:14:50] ⚠️ Row 3149: Unparsable date → 'peppeleppert'
[2025-08-20 14:14:50] ⚠️ Row 3150: Unparsable date → 'peppeleppert'
[2025-08-20 14:14:50] ⚠️ Row 3151: Unparsable date → 'peppeleppert'
[2025-08-20 14:14:50] ⚠️ Row 3152: Unparsable date → 'peppeleppert'
[2025-08-20 14:14:50] ⚠️ Row 3153: Unparsable date → 'peppeleppert'
[2025-08-20 14:14:50] ⚠️ Row 3154: Unparsable date → 'peppeleppert'
[2025-08-20 14:14:50] ⚠️ Row 3155: Unparsable date → 'peppeleppert'
[2025-08-20 14:14:50] ⚠️ Row 3156: Unparsable date → 'peppeleppert'
[2025-08-20 14:14:50] ⚠️ Row 3157: Unparsable date → 'peppeleppert'
[2025-08-20 14:14:50] ⚠️ Row 3158: Unparsable date → 'peppeleppert'
[2025-08-20 14:14:50] ⚠️ Row 3159: Unparsable date → 'peppeleppert'
[2025-08-20 14:14:50] ⚠️ Row 3160: Unparsable date → 'peppeleppert'
[2025-08-20 14:14:50] ⚠️ Row 3161: Unparsable date → 'peppeleppert'
[2025-08-20 14:14:50] ⚠️ Row 3162: Unparsable date → 'peppeleppert'
[2025-08-20 14:14:50] ⚠️ Row 3163: Unparsable date → 'peppeleppert'
[2025-08-20 14:14:50] ⚠️ Row 3164: Unparsable date → 'peppeleppert'
[2025-08-20 14:14:50] ⚠️ Row 3165: Unparsable date → 'peppeleppert'
[2025-08-20 14:14:50] ⚠️ Row 3166: Unparsable date → 'peppeleppert'
[2025-08-20 14:14:50] ⚠️ Row 3167: Unparsable date → 'peppeleppert'
[2025-08-20 14:14:50] ⚠️ Row 3168: Unparsable date → 'peppeleppert'
[2025-08-20 14:14:50] ⚠️ Row 3169: Unparsable date → 'peppeleppert'
[2025-08-20 14:14:50] ⚠️ Row 3170: Unparsable date → 'peppeleppert'
[2025-08-20 14:14:50] ⚠️ Row 3171: Unparsable date → 'peppeleppert'
[2025-08-20 14:14:50] ⚠️ Row 3172: Unparsable date → 'peppeleppert'
[2025-08-20 14:14:50] ⚠️ Row 3173: Unparsable date → 'peppeleppert'
[2025-08-20 14:14:50] ⚠️ Row 3174: Unparsable date → 'peppeleppert'
[2025-08-20 14:14:50] ⚠️ Row 3175: Unparsable date → 'peppeleppert'
[2025-08-20 14:14:50] ⚠️ Row 3176: Unparsable date → 'peppeleppert'
[2025-08-20 14:14:50] ⚠️ Row 3177: Unparsable date → 'peppeleppert'
[2025-08-20 14:14:50] ⚠️ Row 3178: Unparsable date → 'peppeleppert'
[2025-08-20 14:14:50] ⚠️ Row 3179: Unparsable date → 'peppeleppert'
[2025-08-20 14:14:50] ⚠️ Row 3180: Unparsable date → 'peppeleppert'
[2025-08-20 14:14:50] ⚠️ Row 3181: Unparsable date → 'peppeleppert'
[2025-08-20 14:14:50] ⚠️ Row 3182: Unparsable date → 'peppeleppert'
[2025-08-20 14:14:50] ⚠️ Row 3183: Unparsable date → 'peppeleppert'
[2025-08-20 14:14:50] ⚠️ Row 3184: Unparsable date → 'peppeleppert'
[2025-08-20 14:14:50] ⚠️ Row 3185: Unparsable date → 'peppeleppert'
[2025-08-20 14:14:50] ⚠️ Row 3186: Unparsable date → 'peppeleppert'
[2025-08-20 14:14:50] ⚠️ Row 3187: Unparsable date → 'peppeleppert'
[2025-08-20 14:14:50] ⚠️ Row 3188: Unparsable date → 'peppeleppert'
[2025-08-20 14:14:50] ⚠️ Row 3189: Unparsable date → 'peppeleppert'
[2025-08-20 14:14:50] ⚠️ Row 3190: Unparsable date → 'peppeleppert'
[2025-08-20 14:14:50] ⚠️ Row 3191: Unparsable date → 'peppeleppert'
[2025-08-20 14:14:50] ⚠️ Row 3192: Unparsable date → 'peppeleppert'
[2025-08-20 14:14:50] ⚠️ Row 3193: Unparsable date → 'peppeleppert'
[2025-08-20 14:14:50] ⚠️ Row 3194: Unparsable date → 'peppeleppert'
[2025-08-20 14:14:50] ⚠️ Row 3195: Unparsable date → 'peppeleppert'
[2025-08-20 14:14:50] ⚠️ Row 3196: Unparsable date → 'peppeleppert'
[2025-08-20 14:14:50] ⚠️ Row 3197: Unparsable date → 'peppeleppert'
[2025-08-20 14:14:50] ⚠️ Row 3198: Unparsable date → 'peppeleppert'
[2025-08-20 14:14:50] ⚠️ Row 3199: Unparsable date → 'peppeleppert'
[2025-08-20 14:14:50] ⚠️ Row 3200: Unparsable date → 'peppeleppert'
[2025-08-20 14:14:50] ⚠️ Row 3201: Unparsable date → 'peppeleppert'
[2025-08-20 14:14:50] ⚠️ Row 3202: Unparsable date → 'peppeleppert'
[2025-08-20 14:14:50] ⚠️ Row 3203: Unparsable date → 'peppeleppert'
[2025-08-20 14:14:50] ⚠️ Row 3204: Unparsable date → 'peppeleppert'
[2025-08-20 14:14:50] ⚠️ Row 3205: Unparsable date → 'peppeleppert'
[2025-08-20 14:14:50] ⚠️ Row 3206: Unparsable date → 'peppeleppert'
[2025-08-20 14:14:50] ⚠️ Row 3207: Unparsable date → 'peppeleppert'
[2025-08-20 14:14:50] ⚠️ Row 3208: Unparsable date → 'peppeleppert'
[2025-08-20 14:14:50] ⚠️ Row 3209: Unparsable date → 'peppeleppert'
[2025-08-20 14:14:50] ⚠️ Row 3210: Unparsable date → 'peppeleppert'
[2025-08-20 14:14:50] ⚠️ Row 3211: Unparsable date → 'peppeleppert'
[2025-08-20 14:14:50] ⚠️ Row 3212: Unparsable date → 'peppeleppert'
[2025-08-20 14:14:50] ⚠️ Row 3213: Unparsable date → 'peppeleppert'
[2025-08-20 14:14:50] ⚠️ Row 3214: Unparsable date → 'peppeleppert'
[2025-08-20 14:14:50] ⚠️ Row 3215: Unparsable date → 'peppeleppert'
[2025-08-20 14:14:50] ⚠️ Row 3216: Unparsable date → 'peppeleppert'
[2025-08-20 14:14:50] ⚠️ Row 3217: Unparsable date → 'peppeleppert'
[2025-08-20 14:14:50] ⚠️ Row 3218: Unparsable date → 'peppeleppert'
[2025-08-20 14:14:50] ⚠️ Row 3219: Unparsable date → 'peppeleppert'
[2025-08-20 14:14:50] ⚠️ Row 3220: Unparsable date → 'peppeleppert'
[2025-08-20 14:14:50] ⚠️ Row 3221: Unparsable date → 'peppeleppert'
[2025-08-20 14:14:50] ⚠️ Row 3222: Unparsable date → 'peppeleppert'
[2025-08-20 14:14:50] ⚠️ Row 3223: Unparsable date → 'peppeleppert'
[2025-08-20 14:14:50] ⚠️ Row 3224: Unparsable date → 'peppeleppert'
[2025-08-20 14:14:50] ⚠️ Row 3225: Unparsable date → 'peppeleppert'
[2025-08-20 14:14:50] ⚠️ Row 3226: Unparsable date → 'peppeleppert'
[2025-08-20 14:14:50] ⚠️ Row 3227: Unparsable date → 'peppeleppert'
[2025-08-20 14:14:50] ⚠️ Row 3228: Unparsable date → 'peppeleppert'
[2025-08-20 14:14:50] ⚠️ Row 3229: Unparsable date → 'peppeleppert'
[2025-08-20 14:14:50] ⚠️ Row 3230: Unparsable date → 'peppeleppert'
[2025-08-20 14:14:50] ⚠️ Row 3231: Unparsable date → 'peppeleppert'
[2025-08-20 14:14:50] ⚠️ Row 3232: Unparsable date → 'peppeleppert'
[2025-08-20 14:14:50] ⚠️ Row 3233: Unparsable date → 'peppeleppert'
[2025-08-20 14:14:50] ⚠️ Row 3234: Unparsable date → 'peppeleppert'
[2025-08-20 14:14:50] ⚠️ Row 3235: Unparsable date → 'peppeleppert'
[2025-08-20 14:14:50] ⚠️ Row 3236: Unparsable date → 'peppeleppert'
[2025-08-20 14:14:50] ⚠️ Row 3237: Unparsable date → 'peppeleppert'
[2025-08-20 14:14:50] ⚠️ Row 3238: Unparsable date → 'peppeleppert'
[2025-08-20 14:14:50] ⚠️ Row 3239: Unparsable date → 'peppeleppert'
[2025-08-20 14:14:50] ⚠️ Row 3240: Unparsable date → 'peppeleppert'
[2025-08-20 14:14:50] ⚠️ Row 3241: Unparsable date → 'peppeleppert'
[2025-08-20 14:14:50] ⚠️ Row 3242: Unparsable date → 'peppeleppert'
[2025-08-20 14:14:50] ⚠️ Row 3243: Unparsable date → 'peppeleppert'
[2025-08-20 14:14:50] ⚠️ Row 3244: Unparsable date → 'peppeleppert'
[2025-08-20 14:14:50] ⚠️ Row 3245: Unparsable date → 'peppeleppert'
[2025-08-20 14:14:50] ⚠️ Row 3246: Unparsable date → 'peppeleppert'
[2025-08-20 14:14:50] ⚠️ Row 3247: Unparsable date → 'peppeleppert'
[2025-08-20 14:14:50] ⚠️ Row 3248: Unparsable date → 'peppeleppert'
[2025-08-20 14:14:50] ⚠️ Row 3249: Unparsable date → 'peppeleppert'
[2025-08-20 14:14:50] ⚠️ Row 3250: Unparsable date → 'peppeleppert'
[2025-08-20 14:14:50] ⚠️ Row 3251: Unparsable date → 'peppeleppert'
[2025-08-20 14:14:50] ⚠️ Row 3252: Unparsable date → 'peppeleppert'
[2025-08-20 14:14:50] ⚠️ Row 3253: Unparsable date → 'peppeleppert'
[2025-08-20 14:14:50] ⚠️ Row 3254: Unparsable date → 'peppeleppert'
[2025-08-20 14:14:50] ⚠️ Row 3255: Unparsable date → 'peppeleppert'
[2025-08-20 14:14:50] ⚠️ Row 3256: Unparsable date → 'peppeleppert'
[2025-08-20 14:14:50] ⚠️ Row 3257: Unparsable date → 'peppeleppert'
[2025-08-20 14:14:50] ⚠️ Row 3258: Unparsable date → 'peppeleppert'
[2025-08-20 14:14:50] ⚠️ Row 3259: Unparsable date → 'peppeleppert'
[2025-08-20 14:14:50] ⚠️ Row 3260: Unparsable date → 'peppeleppert'
[2025-08-20 14:14:50] ⚠️ Row 3261: Unparsable date → 'peppeleppert'
[2025-08-20 14:14:50] ⚠️ Row 3262: Unparsable date → 'peppeleppert'
[2025-08-20 14:14:50] ⚠️ Row 3263: Unparsable date → 'peppeleppert'
[2025-08-20 14:14:50] ⚠️ Row 3264: Unparsable date → 'peppeleppert'
[2025-08-20 14:14:50] ⚠️ Row 3265: Unparsable date → 'peppeleppert'
[2025-08-20 14:14:50] ⚠️ Row 3266: Unparsable date → 'peppeleppert'
[2025-08-20 14:14:50] ⚠️ Row 3267: Unparsable date → 'peppeleppert'
[2025-08-20 14:14:50] ⚠️ Row 3268: Unparsable date → 'peppeleppert'
[2025-08-20 14:14:50] ⚠️ Row 3269: Unparsable date → 'peppeleppert'
[2025-08-20 14:14:50] ⚠️ Row 3270: Unparsable date → 'peppeleppert'
[2025-08-20 14:14:50] ⚠️ Row 3271: Unparsable date → 'peppeleppert'
[2025-08-20 14:14:50] ⚠️ Row 3272: Unparsable date → 'peppeleppert'
[2025-08-20 14:14:50] ⚠️ Row 3273: Unparsable date → 'peppeleppert'
[2025-08-20 14:14:50] ⚠️ Row 3274: Unparsable date → 'peppeleppert'
[2025-08-20 14:14:50] ⚠️ Row 3275: Unparsable date → 'peppeleppert'
[2025-08-20 14:14:50] ⚠️ Row 3276: Unparsable date → 'peppeleppert'
[2025-08-20 14:14:50] ⚠️ Row 3277: Unparsable date → 'peppeleppert'
[2025-08-20 14:14:50] ⚠️ Row 3278: Unparsable date → 'peppeleppert'
[2025-08-20 14:14:50] ⚠️ Row 3279: Unparsable date → 'peppeleppert'
[2025-08-20 14:14:50] ⚠️ Row 3280: Unparsable date → 'peppeleppert'
[2025-08-20 14:14:50] ⚠️ Row 3281: Unparsable date → 'peppeleppert'
[2025-08-20 14:14:50] ⚠️ Row 3282: Unparsable date → 'peppeleppert'
[2025-08-20 14:14:50] ⚠️ Row 3283: Unparsable date → 'peppeleppert'
[2025-08-20 14:14:50] ⚠️ Row 3284: Unparsable date → 'peppeleppert'
[2025-08-20 14:14:50] ⚠️ Row 3285: Unparsable date → 'peppeleppert'
[2025-08-20 14:14:50] ⚠️ Row 3286: Unparsable date → 'peppeleppert'
[2025-08-20 14:14:50] ⚠️ Row 3287: Unparsable date → 'peppeleppert'
[2025-08-20 14:14:50] ⚠️ Row 3288: Unparsable date → 'peppeleppert'
[2025-08-20 14:14:50] ⚠️ Row 3289: Unparsable date → 'peppeleppert'
[2025-08-20 14:14:50] ⚠️ Row 3290: Unparsable date → 'peppeleppert'
[2025-08-20 14:14:50] ⚠️ Row 3291: Unparsable date → 'peppeleppert'
[2025-08-20 14:14:50] ⚠️ Row 3292: Unparsable date → 'peppeleppert'
[2025-08-20 14:14:50] ⚠️ Row 3293: Unparsable date → 'peppeleppert'
[2025-08-20 14:14:50] ⚠️ Row 3294: Unparsable date → 'peppeleppert'
[2025-08-20 14:14:50] ⚠️ Row 3295: Unparsable date → 'peppeleppert'
[2025-08-20 14:14:50] ⚠️ Row 3296: Unparsable date → 'peppeleppert'
[2025-08-20 14:14:50] ⚠️ Row 3297: Unparsable date → 'peppeleppert'
[2025-08-20 14:14:50] ⚠️ Row 3298: Unparsable date → 'peppeleppert'
[2025-08-20 14:14:50] ⚠️ Row 3299: Unparsable date → 'peppeleppert'
[2025-08-20 14:14:50] ⚠️ Row 3300: Unparsable date → 'peppeleppert'
[2025-08-20 14:14:50] ⚠️ Row 3301: Unparsable date → 'peppeleppert'
[2025-08-20 14:14:50] ⚠️ Row 3302: Unparsable date → 'peppeleppert'
[2025-08-20 14:14:50] ⚠️ Row 3303: Unparsable date → 'peppeleppert'
[2025-08-20 14:14:50] ⚠️ Row 3304: Unparsable date → 'peppeleppert'
[2025-08-20 14:14:50] ⚠️ Row 3305: Unparsable date → 'peppeleppert'
[2025-08-20 14:14:50] ⚠️ Row 3306: Unparsable date → 'peppeleppert'
[2025-08-20 14:14:50] ⚠️ Row 3307: Unparsable date → 'peppeleppert'
[2025-08-20 14:14:50] ⚠️ Row 3308: Unparsable date → 'peppeleppert'
[2025-08-20 14:14:50] ⚠️ Row 3309: Unparsable date → 'peppeleppert'
[2025-08-20 14:14:50] ⚠️ Row 3310: Unparsable date → 'peppeleppert'
[2025-08-20 14:14:50] ⚠️ Row 3311: Unparsable date → 'peppeleppert'
[2025-08-20 14:14:50] ⚠️ Row 3312: Unparsable date → 'peppeleppert'
[2025-08-20 14:14:50] ⚠️ Row 3313: Unparsable date → 'peppeleppert'
[2025-08-20 14:14:50] ⚠️ Row 3314: Unparsable date → 'peppeleppert'
[2025-08-20 14:14:50] ⚠️ Row 3315: Unparsable date → 'peppeleppert'
[2025-08-20 14:14:50] ⚠️ Row 3316: Unparsable date → 'peppeleppert'
[2025-08-20 14:14:50] ⚠️ Row 3317: Unparsable date → 'peppeleppert'
[2025-08-20 14:14:50] ⚠️ Row 3318: Unparsable date → 'peppeleppert'
[2025-08-20 14:14:50] ⚠️ Row 3319: Unparsable date → 'peppeleppert'
[2025-08-20 14:14:50] ⚠️ Row 3320: Unparsable date → 'peppeleppert'
[2025-08-20 14:14:50] ⚠️ Row 3321: Unparsable date → 'peppeleppert'
[2025-08-20 14:14:50] ⚠️ Row 3322: Unparsable date → 'peppeleppert'
[2025-08-20 14:14:50] ⚠️ Row 3323: Unparsable date → 'peppeleppert'
[2025-08-20 14:14:50] ⚠️ Row 3324: Unparsable date → 'peppeleppert'
[2025-08-20 14:14:50] ⚠️ Row 3325: Unparsable date → 'peppeleppert'
[2025-08-20 14:14:50] ⚠️ Row 3326: Unparsable date → 'peppeleppert'
[2025-08-20 14:14:50] ⚠️ Row 3327: Unparsable date → 'peppeleppert'
[2025-08-20 14:14:50] ⚠️ Row 3328: Unparsable date → 'peppeleppert'
[2025-08-20 14:14:50] ⚠️ Row 3329: Unparsable date → 'peppeleppert'
[2025-08-20 14:14:50] ⚠️ Row 3330: Unparsable date → 'peppeleppert'
[2025-08-20 14:14:50] ⚠️ Row 3331: Unparsable date → 'peppeleppert'
[2025-08-20 14:14:50] ⚠️ Row 3332: Unparsable date → 'peppeleppert'
[2025-08-20 14:14:50] ⚠️ Row 3333: Unparsable date → 'peppeleppert'
[2025-08-20 14:14:50] ⚠️ Row 3334: Unparsable date → 'peppeleppert'
[2025-08-20 14:14:50] ⚠️ Row 3335: Unparsable date → 'peppeleppert'
[2025-08-20 14:14:50] ⚠️ Row 3336: Unparsable date → 'peppeleppert'
[2025-08-20 14:14:50] ⚠️ Row 3337: Unparsable date → 'peppeleppert'
[2025-08-20 14:14:50] ⚠️ Row 3338: Unparsable date → 'peppeleppert'
[2025-08-20 14:14:50] ⚠️ Row 3339: Unparsable date → 'peppeleppert'
[2025-08-20 14:14:50] ⚠️ Row 3340: Unparsable date → 'peppeleppert'
[2025-08-20 14:14:50] ⚠️ Row 3341: Unparsable date → 'peppeleppert'
[2025-08-20 14:14:50] ⚠️ Row 3342: Unparsable date → 'peppeleppert'
[2025-08-20 14:14:50] ⚠️ Row 3343: Unparsable date → 'peppeleppert'
[2025-08-20 14:14:50] ⚠️ Row 3344: Unparsable date → 'peppeleppert'
[2025-08-20 14:14:50] ⚠️ Row 3345: Unparsable date → 'peppeleppert'
[2025-08-20 14:14:50] ⚠️ Row 3346: Unparsable date → 'peppeleppert'
[2025-08-20 14:14:50] ⚠️ Row 3347: Unparsable date → 'peppeleppert'
[2025-08-20 14:14:50] ⚠️ Row 3348: Unparsable date → 'peppeleppert'
[2025-08-20 14:14:50] ⚠️ Row 3349: Unparsable date → 'peppeleppert'
[2025-08-20 14:14:50] ⚠️ Row 3350: Unparsable date → 'peppeleppert'
[2025-08-20 14:14:50] ⚠️ Row 3351: Unparsable date → 'peppeleppert'
[2025-08-20 14:14:50] ⚠️ Row 3352: Unparsable date → 'peppeleppert'
[2025-08-20 14:14:50] ⚠️ Row 3353: Unparsable date → 'peppeleppert'
[2025-08-20 14:14:50] ⚠️ Row 3354: Unparsable date → 'peppeleppert'
[2025-08-20 14:14:50] ⚠️ Row 3355: Unparsable date → 'peppeleppert'
[2025-08-20 14:14:50] ⚠️ Row 3356: Unparsable date → 'peppeleppert'
[2025-08-20 14:14:50] ⚠️ Row 3357: Unparsable date → 'peppeleppert'
[2025-08-20 14:14:50] ⚠️ Row 3358: Unparsable date → 'peppeleppert'
[2025-08-20 14:14:50] ⚠️ Row 3359: Unparsable date → 'peppeleppert'
[2025-08-20 14:14:50] ⚠️ Row 3360: Unparsable date → 'peppeleppert'
[2025-08-20 14:14:50] ⚠️ Row 3361: Unparsable date → 'peppeleppert'
[2025-08-20 14:14:50] ⚠️ Row 3362: Unparsable date → 'peppeleppert'
[2025-08-20 14:14:50] ⚠️ Row 3363: Unparsable date → 'peppeleppert'
[2025-08-20 14:14:50] ⚠️ Row 3364: Unparsable date → 'peppeleppert'
[2025-08-20 14:14:50] ⚠️ Row 3365: Unparsable date → 'peppeleppert'
[2025-08-20 14:14:50] ⚠️ Row 3366: Unparsable date → 'peppeleppert'
[2025-08-20 14:14:50] ⚠️ Row 3367: Unparsable date → 'peppeleppert'
[2025-08-20 14:14:50] ⚠️ Row 3368: Unparsable date → 'peppeleppert'
[2025-08-20 14:14:50] ⚠️ Row 3369: Unparsable date → 'peppeleppert'
[2025-08-20 14:14:50] ⚠️ Row 3370: Unparsable date → 'peppeleppert'
[2025-08-20 14:14:50] ⚠️ Row 3371: Unparsable date → 'peppeleppert'
[2025-08-20 14:14:50] ⚠️ Row 3372: Unparsable date → 'peppeleppert'
[2025-08-20 14:14:50] ⚠️ Row 3373: Unparsable date → 'peppeleppert'
[2025-08-20 14:14:50] ⚠️ Row 3374: Unparsable date → 'peppeleppert'
[2025-08-20 14:14:50] ⚠️ Row 3375: Unparsable date → 'peppeleppert'
[2025-08-20 14:14:50] ⚠️ Row 3376: Unparsable date → 'peppeleppert'
[2025-08-20 14:14:50] ⚠️ Row 3377: Unparsable date → 'peppeleppert'
[2025-08-20 14:14:50] ⚠️ Row 3378: Unparsable date → 'peppeleppert'
[2025-08-20 14:14:50] ⚠️ Row 3379: Unparsable date → 'peppeleppert'
[2025-08-20 14:14:50] ⚠️ Row 3380: Unparsable date → 'peppeleppert'
[2025-08-20 14:14:50] ⚠️ Row 3381: Unparsable date → 'peppeleppert'
[2025-08-20 14:14:50] ⚠️ Row 3382: Unparsable date → 'peppeleppert'
[2025-08-20 14:14:50] ⚠️ Row 3383: Unparsable date → 'peppeleppert'
[2025-08-20 14:14:50] ⚠️ Row 3384: Unparsable date → 'peppeleppert'
[2025-08-20 14:14:50] ⚠️ Row 3385: Unparsable date → 'peppeleppert'
[2025-08-20 14:14:50] ⚠️ Row 3386: Unparsable date → 'peppeleppert'
[2025-08-20 14:14:50] ⚠️ Row 3387: Unparsable date → 'peppeleppert'
[2025-08-20 14:14:50] ⚠️ Row 3388: Unparsable date → 'peppeleppert'
[2025-08-20 14:14:50] ⚠️ Row 3389: Unparsable date → 'peppeleppert'
[2025-08-20 14:14:50] ⚠️ Row 3390: Unparsable date → 'peppeleppert'
[2025-08-20 14:14:50] ⚠️ Row 3391: Unparsable date → 'peppeleppert'
[2025-08-20 14:14:50] ⚠️ Row 3392: Unparsable date → 'peppeleppert'
[2025-08-20 14:14:50] ⚠️ Row 3393: Unparsable date → 'peppeleppert'
[2025-08-20 14:14:51] ⚠️ Row 3394: Unparsable date → 'peppeleppert'
[2025-08-20 14:14:51] ⚠️ Row 3395: Unparsable date → 'peppeleppert'
[2025-08-20 14:14:51] ⚠️ Row 3396: Unparsable date → 'peppeleppert'
[2025-08-20 14:14:51] ⚠️ Row 3397: Unparsable date → 'peppeleppert'
[2025-08-20 14:14:51] ⚠️ Row 3398: Unparsable date → 'peppeleppert'
[2025-08-20 14:14:51] ⚠️ Row 3399: Unparsable date → 'peppeleppert'
[2025-08-20 14:14:51] ⚠️ Row 3400: Unparsable date → 'peppeleppert'
[2025-08-20 14:14:51] ⚠️ Row 3401: Unparsable date → 'peppeleppert'
[2025-08-20 14:14:51] ⚠️ Row 3402: Unparsable date → 'peppeleppert'
[2025-08-20 14:14:51] ⚠️ Row 3403: Unparsable date → 'peppeleppert'
[2025-08-20 14:14:51] ⚠️ Row 3404: Unparsable date → 'peppeleppert'
[2025-08-20 14:14:51] ⚠️ Row 3405: Unparsable date → 'peppeleppert'
[2025-08-20 14:14:51] ⚠️ Row 3406: Unparsable date → 'peppeleppert'
[2025-08-20 14:14:51] ⚠️ Row 3407: Unparsable date → 'peppeleppert'
[2025-08-20 14:14:51] ⚠️ Row 3408: Unparsable date → 'peppeleppert'
[2025-08-20 14:14:51] ⚠️ Row 3409: Unparsable date → 'peppeleppert'
[2025-08-20 14:14:51] ⚠️ Row 3410: Unparsable date → 'peppeleppert'
[2025-08-20 14:14:51] ⚠️ Row 3411: Unparsable date → 'peppeleppert'
[2025-08-20 14:14:51] ⚠️ Row 3412: Unparsable date → 'peppeleppert'
[2025-08-20 14:14:51] ⚠️ Row 3413: Unparsable date → 'peppeleppert'
[2025-08-20 14:14:51] ⚠️ Row 3414: Unparsable date → 'peppeleppert'
[2025-08-20 14:14:51] ⚠️ Row 3415: Unparsable date → 'peppeleppert'
[2025-08-20 14:14:51] ⚠️ Row 3416: Unparsable date → 'peppeleppert'
[2025-08-20 14:14:51] ⚠️ Row 3417: Unparsable date → 'peppeleppert'
[2025-08-20 14:14:51] ⚠️ Row 3418: Unparsable date → 'peppeleppert'
[2025-08-20 14:14:51] ⚠️ Row 3419: Unparsable date → 'peppeleppert'
[2025-08-20 14:14:51] ⚠️ Row 3420: Unparsable date → 'peppeleppert'
[2025-08-20 14:14:51] ⚠️ Row 3421: Unparsable date → 'peppeleppert'
[2025-08-20 14:14:51] ⚠️ Row 3422: Unparsable date → 'peppeleppert'
[2025-08-20 14:14:51] ⚠️ Row 3423: Unparsable date → 'peppeleppert'
[2025-08-20 14:14:51] ⚠️ Row 3424: Unparsable date → 'peppeleppert'
[2025-08-20 14:14:51] ⚠️ Row 3425: Unparsable date → 'peppeleppert'
[2025-08-20 14:14:51] ⚠️ Row 3426: Unparsable date → 'peppeleppert'
[2025-08-20 14:14:51] ⚠️ Row 3427: Unparsable date → 'peppeleppert'
[2025-08-20 14:14:51] ⚠️ Row 3428: Unparsable date → 'peppeleppert'
[2025-08-20 14:14:51] ⚠️ Row 3429: Unparsable date → 'peppeleppert'
[2025-08-20 14:14:51] ⚠️ Row 3430: Unparsable date → 'peppeleppert'
[2025-08-20 14:14:51] ⚠️ Row 3431: Unparsable date → 'peppeleppert'
[2025-08-20 14:14:51] ⚠️ Row 3432: Unparsable date → 'peppeleppert'
[2025-08-20 14:14:51] ⚠️ Row 3433: Unparsable date → 'peppeleppert'
[2025-08-20 14:14:51] ⚠️ Row 3434: Unparsable date → 'peppeleppert'
[2025-08-20 14:14:51] ⚠️ Row 3435: Unparsable date → 'peppeleppert'
[2025-08-20 14:14:51] ⚠️ Row 3436: Unparsable date → 'peppeleppert'
[2025-08-20 14:14:51] ⚠️ Row 3437: Unparsable date → 'peppeleppert'
[2025-08-20 14:14:51] ⚠️ Row 3438: Unparsable date → 'peppeleppert'
[2025-08-20 14:14:51] ⚠️ Row 3439: Unparsable date → 'peppeleppert'
[2025-08-20 14:14:51] ⚠️ Row 3440: Unparsable date → 'peppeleppert'
[2025-08-20 14:14:51] ⚠️ Row 3441: Unparsable date → 'peppeleppert'
[2025-08-20 14:14:51] ⚠️ Row 3442: Unparsable date → 'peppeleppert'
[2025-08-20 14:14:51] ⚠️ Row 3443: Unparsable date → 'peppeleppert'
[2025-08-20 14:14:51] ⚠️ Row 3444: Unparsable date → 'peppeleppert'
[2025-08-20 14:14:51] ⚠️ Row 3445: Unparsable date → 'peppeleppert'
[2025-08-20 14:14:51] ⚠️ Row 3446: Unparsable date → 'peppeleppert'
[2025-08-20 14:14:51] ⚠️ Row 3447: Unparsable date → 'peppeleppert'
[2025-08-20 14:14:51] ⚠️ Row 3448: Unparsable date → 'peppeleppert'
[2025-08-20 14:14:51] ⚠️ Row 3449: Unparsable date → 'peppeleppert'
[2025-08-20 14:14:51] ⚠️ Row 3450: Unparsable date → 'peppeleppert'
[2025-08-20 14:14:51] ⚠️ Row 3451: Unparsable date → 'peppeleppert'
[2025-08-20 14:14:51] ⚠️ Row 3452: Unparsable date → 'peppeleppert'
[2025-08-20 14:14:51] ⚠️ Row 3453: Unparsable date → 'peppeleppert'
[2025-08-20 14:14:51] ⚠️ Row 3454: Unparsable date → 'peppeleppert'
[2025-08-20 14:14:51] ⚠️ Row 3455: Unparsable date → 'peppeleppert'
[2025-08-20 14:14:51] ⚠️ Row 3456: Unparsable date → 'peppeleppert'
[2025-08-20 14:14:51] ⚠️ Row 3457: Unparsable date → 'peppeleppert'
[2025-08-20 14:14:51] ⚠️ Row 3458: Unparsable date → 'peppeleppert'
[2025-08-20 14:14:51] ⚠️ Row 3459: Unparsable date → 'peppeleppert'
[2025-08-20 14:14:51] ⚠️ Row 3460: Unparsable date → 'peppeleppert'
[2025-08-20 14:14:51] ⚠️ Row 3461: Unparsable date → 'peppeleppert'
[2025-08-20 14:14:51] ⚠️ Row 3462: Unparsable date → 'peppeleppert'
[2025-08-20 14:14:51] ⚠️ Row 3463: Unparsable date → 'peppeleppert'
[2025-08-20 14:14:51] ⚠️ Row 3464: Unparsable date → 'peppeleppert'
[2025-08-20 14:14:51] ⚠️ Row 3465: Unparsable date → 'peppeleppert'
[2025-08-20 14:14:51] ⚠️ Row 3466: Unparsable date → 'peppeleppert'
[2025-08-20 14:14:51] ⚠️ Row 3467: Unparsable date → 'peppeleppert'
[2025-08-20 14:14:51] ⚠️ Row 3468: Unparsable date → 'peppeleppert'
[2025-08-20 14:14:51] ⚠️ Row 3469: Unparsable date → 'peppeleppert'
[2025-08-20 14:14:51] ⚠️ Row 3470: Unparsable date → 'peppeleppert'
[2025-08-20 14:14:51] ⚠️ Row 3471: Unparsable date → 'peppeleppert'
[2025-08-20 14:14:51] ⚠️ Row 3472: Unparsable date → 'peppeleppert'
[2025-08-20 14:14:51] ⚠️ Row 3473: Unparsable date → 'peppeleppert'
[2025-08-20 14:14:51] ⚠️ Row 3474: Unparsable date → 'peppeleppert'
[2025-08-20 14:14:51] ⚠️ Row 3475: Unparsable date → 'peppeleppert'
[2025-08-20 14:14:51] ⚠️ Row 3476: Unparsable date → 'peppeleppert'
[2025-08-20 14:14:51] ⚠️ Row 3477: Unparsable date → 'peppeleppert'
[2025-08-20 14:14:51] ⚠️ Row 3478: Unparsable date → 'peppeleppert'
[2025-08-20 14:14:51] ⚠️ Row 3479: Unparsable date → 'peppeleppert'
[2025-08-20 14:14:51] ⚠️ Row 3480: Unparsable date → 'peppeleppert'
[2025-08-20 14:14:51] ⚠️ Row 3481: Unparsable date → 'peppeleppert'
[2025-08-20 14:14:51] ⚠️ Row 3482: Unparsable date → 'peppeleppert'
[2025-08-20 14:14:51] ⚠️ Row 3483: Unparsable date → 'peppeleppert'
[2025-08-20 14:14:51] ⚠️ Row 3484: Unparsable date → 'peppeleppert'
[2025-08-20 14:14:51] ⚠️ Row 3485: Unparsable date → 'peppeleppert'
[2025-08-20 14:14:51] ⚠️ Row 3486: Unparsable date → 'peppeleppert'
[2025-08-20 14:14:51] ⚠️ Row 3487: Unparsable date → 'peppeleppert'
[2025-08-20 14:14:51] ⚠️ Row 3488: Unparsable date → 'peppeleppert'
[2025-08-20 14:14:51] ⚠️ Row 3489: Unparsable date → 'peppeleppert'
[2025-08-20 14:14:51] ⚠️ Row 3490: Unparsable date → 'peppeleppert'
[2025-08-20 14:14:51] ⚠️ Row 3491: Unparsable date → 'peppeleppert'
[2025-08-20 14:14:51] ⚠️ Row 3492: Unparsable date → 'peppeleppert'
[2025-08-20 14:14:51] ⚠️ Row 3493: Unparsable date → 'peppeleppert'
[2025-08-20 14:14:51] ⚠️ Row 3494: Unparsable date → 'peppeleppert'
[2025-08-20 14:14:51] ⚠️ Row 3495: Unparsable date → 'peppeleppert'
[2025-08-20 14:14:51] ⚠️ Row 3496: Unparsable date → 'peppeleppert'
[2025-08-20 14:14:51] ⚠️ Row 3497: Unparsable date → 'peppeleppert'
[2025-08-20 14:14:51] ⚠️ Row 3498: Unparsable date → 'peppeleppert'
[2025-08-20 14:14:51] ⚠️ Row 3499: Unparsable date → 'peppeleppert'
[2025-08-20 14:14:51] ⚠️ Row 3500: Unparsable date → 'peppeleppert'
[2025-08-20 14:14:51] ⚠️ Row 3501: Unparsable date → 'peppeleppert'
[2025-08-20 14:14:51] ⚠️ Row 3502: Unparsable date → 'peppeleppert'
[2025-08-20 14:14:51] ⚠️ Row 3503: Unparsable date → 'peppeleppert'
[2025-08-20 14:14:51] ⚠️ Row 3504: Unparsable date → 'peppeleppert'
[2025-08-20 14:14:51] ⚠️ Row 3505: Unparsable date → 'peppeleppert'
[2025-08-20 14:14:51] ⚠️ Row 3506: Unparsable date → 'peppeleppert'
[2025-08-20 14:14:51] ⚠️ Row 3507: Unparsable date → 'peppeleppert'
[2025-08-20 14:14:51] ⚠️ Row 3508: Unparsable date → 'peppeleppert'
[2025-08-20 14:14:51] ⚠️ Row 3509: Unparsable date → 'peppeleppert'
[2025-08-20 14:14:51] ⚠️ Row 3510: Unparsable date → 'peppeleppert'
[2025-08-20 14:14:51] ⚠️ Row 3511: Unparsable date → 'peppeleppert'
[2025-08-20 14:14:51] ⚠️ Row 3512: Unparsable date → 'peppeleppert'
[2025-08-20 14:14:51] ⚠️ Row 3513: Unparsable date → 'peppeleppert'
[2025-08-20 14:14:51] ⚠️ Row 3514: Unparsable date → 'peppeleppert'
[2025-08-20 14:14:51] ⚠️ Row 3515: Unparsable date → 'peppeleppert'
[2025-08-20 14:14:51] ⚠️ Row 3516: Unparsable date → 'peppeleppert'
[2025-08-20 14:14:51] ⚠️ Row 3517: Unparsable date → 'peppeleppert'
[2025-08-20 14:14:51] ⚠️ Row 3518: Unparsable date → 'peppeleppert'
[2025-08-20 14:14:51] ⚠️ Row 3519: Unparsable date → 'peppeleppert'
[2025-08-20 14:14:51] ⚠️ Row 3520: Unparsable date → 'peppeleppert'
[2025-08-20 14:14:51] ⚠️ Row 3521: Unparsable date → 'peppeleppert'
[2025-08-20 14:14:51] ⚠️ Row 3522: Unparsable date → 'peppeleppert'
[2025-08-20 14:14:51] ⚠️ Row 3523: Unparsable date → 'peppeleppert'
[2025-08-20 14:14:51] ⚠️ Row 3524: Unparsable date → 'peppeleppert'
[2025-08-20 14:14:51] ⚠️ Row 3525: Unparsable date → 'peppeleppert'
[2025-08-20 14:14:51] ⚠️ Row 3526: Unparsable date → 'peppeleppert'
[2025-08-20 14:14:51] ⚠️ Row 3527: Unparsable date → 'peppeleppert'
[2025-08-20 14:14:51] ⚠️ Row 3528: Unparsable date → 'peppeleppert'
[2025-08-20 14:14:51] ⚠️ Row 3529: Unparsable date → 'peppeleppert'
[2025-08-20 14:14:51] ⚠️ Row 3530: Unparsable date → 'peppeleppert'
[2025-08-20 14:14:51] ⚠️ Row 3531: Unparsable date → 'peppeleppert'
[2025-08-20 14:14:51] ⚠️ Row 3532: Unparsable date → 'peppeleppert'
[2025-08-20 14:14:51] ⚠️ Row 3533: Unparsable date → 'peppeleppert'
[2025-08-20 14:14:51] ⚠️ Row 3534: Unparsable date → 'peppeleppert'
[2025-08-20 14:14:51] ⚠️ Row 3535: Unparsable date → 'peppeleppert'
[2025-08-20 14:14:51] ⚠️ Row 3536: Unparsable date → 'peppeleppert'
[2025-08-20 14:14:51] ⚠️ Row 3537: Unparsable date → 'peppeleppert'
[2025-08-20 14:14:51] ⚠️ Row 3538: Unparsable date → 'peppeleppert'
[2025-08-20 14:14:51] ⚠️ Row 3539: Unparsable date → 'peppeleppert'
[2025-08-20 14:14:51] ⚠️ Row 3540: Unparsable date → 'peppeleppert'
[2025-08-20 14:14:51] ⚠️ Row 3541: Unparsable date → 'peppeleppert'
[2025-08-20 14:14:51] ⚠️ Row 3542: Unparsable date → 'peppeleppert'
[2025-08-20 14:14:51] ⚠️ Row 3543: Unparsable date → 'peppeleppert'
[2025-08-20 14:14:51] ⚠️ Row 3544: Unparsable date → 'peppeleppert'
[2025-08-20 14:14:51] ⚠️ Row 3545: Unparsable date → 'peppeleppert'
[2025-08-20 14:14:51] ⚠️ Row 3546: Unparsable date → 'peppeleppert'
[2025-08-20 14:14:51] ⚠️ Row 3547: Unparsable date → 'peppeleppert'
[2025-08-20 14:14:51] ⚠️ Row 3548: Unparsable date → 'peppeleppert'
[2025-08-20 14:14:51] ⚠️ Row 3549: Unparsable date → 'peppeleppert'
[2025-08-20 14:14:51] ⚠️ Row 3550: Unparsable date → 'peppeleppert'
[2025-08-20 14:14:51] ⚠️ Row 3551: Unparsable date → 'peppeleppert'
[2025-08-20 14:14:51] ⚠️ Row 3552: Unparsable date → 'peppeleppert'
[2025-08-20 14:14:51] ⚠️ Row 3553: Unparsable date → 'peppeleppert'
[2025-08-20 14:14:51] ⚠️ Row 3554: Unparsable date → 'peppeleppert'
[2025-08-20 14:14:51] ⚠️ Row 3555: Unparsable date → 'peppeleppert'
[2025-08-20 14:14:51] ⚠️ Row 3556: Unparsable date → 'peppeleppert'
[2025-08-20 14:14:51] ⚠️ Row 3557: Unparsable date → 'peppeleppert'
[2025-08-20 14:14:51] ⚠️ Row 3558: Unparsable date → 'peppeleppert'
[2025-08-20 14:14:51] ⚠️ Row 3559: Unparsable date → 'peppeleppert'
[2025-08-20 14:14:51] ⚠️ Row 3560: Unparsable date → 'peppeleppert'
[2025-08-20 14:14:51] ⚠️ Row 3561: Unparsable date → 'peppeleppert'
[2025-08-20 14:14:51] ⚠️ Row 3562: Unparsable date → 'peppeleppert'
[2025-08-20 14:14:51] ⚠️ Row 3563: Unparsable date → 'peppeleppert'
[2025-08-20 14:14:51] ⚠️ Row 3564: Unparsable date → 'peppeleppert'
[2025-08-20 14:14:51] ⚠️ Row 3565: Unparsable date → 'peppeleppert'
[2025-08-20 14:14:51] ⚠️ Row 3566: Unparsable date → 'peppeleppert'
[2025-08-20 14:14:51] ⚠️ Row 3567: Unparsable date → 'peppeleppert'
[2025-08-20 14:14:51] ⚠️ Row 3568: Unparsable date → 'peppeleppert'
[2025-08-20 14:14:51] ⚠️ Row 3569: Unparsable date → 'peppeleppert'
[2025-08-20 14:14:51] ⚠️ Row 3570: Unparsable date → 'peppeleppert'
[2025-08-20 14:14:51] ⚠️ Row 3571: Unparsable date → 'peppeleppert'
[2025-08-20 14:14:51] ⚠️ Row 3572: Unparsable date → 'peppeleppert'
[2025-08-20 14:14:51] ⚠️ Row 3573: Unparsable date → 'peppeleppert'
[2025-08-20 14:14:51] ⚠️ Row 3574: Unparsable date → 'peppeleppert'
[2025-08-20 14:14:51] ⚠️ Row 3575: Unparsable date → 'peppeleppert'
[2025-08-20 14:14:51] ⚠️ Row 3576: Unparsable date → 'peppeleppert'
[2025-08-20 14:14:51] ⚠️ Row 3577: Unparsable date → 'peppeleppert'
[2025-08-20 14:14:51] ⚠️ Row 3578: Unparsable date → 'peppeleppert'
[2025-08-20 14:14:51] ⚠️ Row 3579: Unparsable date → 'peppeleppert'
[2025-08-20 14:14:51] ⚠️ Row 3580: Unparsable date → 'peppeleppert'
[2025-08-20 14:14:51] ⚠️ Row 3581: Unparsable date → 'peppeleppert'
[2025-08-20 14:14:51] ⚠️ Row 3582: Unparsable date → 'peppeleppert'
[2025-08-20 14:14:51] ⚠️ Row 3583: Unparsable date → 'peppeleppert'
[2025-08-20 14:14:51] ⚠️ Row 3584: Unparsable date → 'peppeleppert'
[2025-08-20 14:14:51] ⚠️ Row 3585: Unparsable date → 'peppeleppert'
[2025-08-20 14:14:51] ⚠️ Row 3586: Unparsable date → 'peppeleppert'
[2025-08-20 14:14:51] ⚠️ Row 3587: Unparsable date → 'peppeleppert'
[2025-08-20 14:14:51] ⚠️ Row 3588: Unparsable date → 'peppeleppert'
[2025-08-20 14:14:51] ⚠️ Row 3589: Unparsable date → 'peppeleppert'
[2025-08-20 14:14:51] ⚠️ Row 3590: Unparsable date → 'peppeleppert'
[2025-08-20 14:14:51] ⚠️ Row 3591: Unparsable date → 'peppeleppert'
[2025-08-20 14:14:51] ⚠️ Row 3592: Unparsable date → 'peppeleppert'
[2025-08-20 14:14:51] ⚠️ Row 3593: Unparsable date → 'peppeleppert'
[2025-08-20 14:14:51] ⚠️ Row 3594: Unparsable date → 'peppeleppert'
[2025-08-20 14:14:51] ⚠️ Row 3595: Unparsable date → 'peppeleppert'
[2025-08-20 14:14:51] ⚠️ Row 3596: Unparsable date → 'peppeleppert'
[2025-08-20 14:14:51] ⚠️ Row 3597: Unparsable date → 'peppeleppert'
[2025-08-20 14:14:51] ⚠️ Row 3598: Unparsable date → 'peppeleppert'
[2025-08-20 14:14:51] ⚠️ Row 3599: Unparsable date → 'peppeleppert'
[2025-08-20 14:14:51] ⚠️ Row 3600: Unparsable date → 'peppeleppert'
[2025-08-20 14:14:51] ⚠️ Row 3601: Unparsable date → 'peppeleppert'
[2025-08-20 14:14:51] ⚠️ Row 3602: Unparsable date → 'peppeleppert'
[2025-08-20 14:14:51] ⚠️ Row 3603: Unparsable date → 'peppeleppert'
[2025-08-20 14:14:51] ⚠️ Row 3604: Unparsable date → 'peppeleppert'
[2025-08-20 14:14:51] ⚠️ Row 3605: Unparsable date → 'peppeleppert'
[2025-08-20 14:14:51] ⚠️ Row 3606: Unparsable date → 'peppeleppert'
[2025-08-20 14:14:51] ⚠️ Row 3607: Unparsable date → 'peppeleppert'
[2025-08-20 14:14:51] ⚠️ Row 3608: Unparsable date → 'peppeleppert'
[2025-08-20 14:14:51] ⚠️ Row 3609: Unparsable date → 'peppeleppert'
[2025-08-20 14:14:51] ⚠️ Row 3610: Unparsable date → 'peppeleppert'
[2025-08-20 14:14:51] ⚠️ Row 3611: Unparsable date → 'peppeleppert'
[2025-08-20 14:14:51] ⚠️ Row 3612: Unparsable date → 'peppeleppert'
[2025-08-20 14:14:51] ⚠️ Row 3613: Unparsable date → 'peppeleppert'
[2025-08-20 14:14:51] ⚠️ Row 3614: Unparsable date → 'peppeleppert'
[2025-08-20 14:14:51] ⚠️ Row 3615: Unparsable date → 'peppeleppert'
[2025-08-20 14:14:51] ⚠️ Row 3616: Unparsable date → 'peppeleppert'
[2025-08-20 14:14:51] ⚠️ Row 3617: Unparsable date → 'peppeleppert'
[2025-08-20 14:14:51] ⚠️ Row 3618: Unparsable date → 'peppeleppert'
[2025-08-20 14:14:51] ⚠️ Row 3619: Unparsable date → 'peppeleppert'
[2025-08-20 14:14:51] ⚠️ Row 3620: Unparsable date → 'peppeleppert'
[2025-08-20 14:14:51] ⚠️ Row 3621: Unparsable date → 'peppeleppert'
[2025-08-20 14:14:51] ⚠️ Row 3622: Unparsable date → 'peppeleppert'
[2025-08-20 14:14:51] ⚠️ Row 3623: Unparsable date → 'peppeleppert'
[2025-08-20 14:14:51] ⚠️ Row 3624: Unparsable date → 'peppeleppert'
[2025-08-20 14:14:51] ⚠️ Row 3625: Unparsable date → 'peppeleppert'
[2025-08-20 14:14:51] ⚠️ Row 3626: Unparsable date → 'peppeleppert'
[2025-08-20 14:14:51] ⚠️ Row 3627: Unparsable date → 'peppeleppert'
[2025-08-20 14:14:51] ⚠️ Row 3628: Unparsable date → 'peppeleppert'
[2025-08-20 14:14:51] ⚠️ Row 3629: Unparsable date → 'peppeleppert'
[2025-08-20 14:14:51] ⚠️ Row 3630: Unparsable date → 'peppeleppert'
[2025-08-20 14:14:51] ⚠️ Row 3631: Unparsable date → 'peppeleppert'
[2025-08-20 14:14:51] ⚠️ Row 3632: Unparsable date → 'peppeleppert'
[2025-08-20 14:14:51] ⚠️ Row 3633: Unparsable date → 'peppeleppert'
[2025-08-20 14:14:51] ⚠️ Row 3634: Unparsable date → 'peppeleppert'
[2025-08-20 14:14:51] ⚠️ Row 3635: Unparsable date → 'peppeleppert'
[2025-08-20 14:14:51] ⚠️ Row 3636: Unparsable date → 'peppeleppert'
[2025-08-20 14:14:51] ⚠️ Row 3637: Unparsable date → 'peppeleppert'
[2025-08-20 14:14:51] ⚠️ Row 3638: Unparsable date → 'peppeleppert'
[2025-08-20 14:14:51] ⚠️ Row 3639: Unparsable date → 'peppeleppert'
[2025-08-20 14:14:51] ⚠️ Row 3640: Unparsable date → 'peppeleppert'
[2025-08-20 14:14:51] ⚠️ Row 3641: Unparsable date → 'peppeleppert'
[2025-08-20 14:14:51] ⚠️ Row 3642: Unparsable date → 'peppeleppert'
[2025-08-20 14:14:51] ⚠️ Row 3643: Unparsable date → 'peppeleppert'
[2025-08-20 14:14:51] ⚠️ Row 3644: Unparsable date → 'peppeleppert'
[2025-08-20 14:14:51] ⚠️ Row 3645: Unparsable date → 'peppeleppert'
[2025-08-20 14:14:51] ⚠️ Row 3646: Unparsable date → 'peppeleppert'
[2025-08-20 14:14:51] ⚠️ Row 3647: Unparsable date → 'peppeleppert'
[2025-08-20 14:14:51] ⚠️ Row 3648: Unparsable date → 'peppeleppert'
[2025-08-20 14:14:51] ⚠️ Row 3649: Unparsable date → 'peppeleppert'
[2025-08-20 14:14:51] ⚠️ Row 3650: Unparsable date → 'peppeleppert'
[2025-08-20 14:14:51] ⚠️ Row 3651: Unparsable date → 'peppeleppert'
[2025-08-20 14:14:51] ⚠️ Row 3652: Unparsable date → 'peppeleppert'
[2025-08-20 14:14:51] ⚠️ Row 3653: Unparsable date → 'peppeleppert'
[2025-08-20 14:14:51] ⚠️ Row 3654: Unparsable date → 'peppeleppert'
[2025-08-20 14:14:51] ⚠️ Row 3655: Unparsable date → 'peppeleppert'
[2025-08-20 14:14:51] ⚠️ Row 3656: Unparsable date → 'peppeleppert'
[2025-08-20 14:14:51] ⚠️ Row 3657: Unparsable date → 'peppeleppert'
[2025-08-20 14:14:51] ⚠️ Row 3658: Unparsable date → 'peppeleppert'
[2025-08-20 14:14:51] ⚠️ Row 3659: Unparsable date → 'peppeleppert'
[2025-08-20 14:14:51] ⚠️ Row 3660: Unparsable date → 'peppeleppert'
[2025-08-20 14:14:51] ⚠️ Row 3661: Unparsable date → 'peppeleppert'
[2025-08-20 14:14:51] ⚠️ Row 3662: Unparsable date → 'peppeleppert'
[2025-08-20 14:14:51] ⚠️ Row 3663: Unparsable date → 'peppeleppert'
[2025-08-20 14:14:51] ⚠️ Row 3664: Unparsable date → 'peppeleppert'
[2025-08-20 14:14:51] ⚠️ Row 3665: Unparsable date → 'peppeleppert'
[2025-08-20 14:14:51] ⚠️ Row 3666: Unparsable date → 'peppeleppert'
[2025-08-20 14:14:51] ⚠️ Row 3667: Unparsable date → 'peppeleppert'
[2025-08-20 14:14:51] ⚠️ Row 3668: Unparsable date → 'peppeleppert'
[2025-08-20 14:14:51] ⚠️ Row 3669: Unparsable date → 'peppeleppert'
[2025-08-20 14:14:51] ⚠️ Row 3670: Unparsable date → 'peppeleppert'
[2025-08-20 14:14:51] ⚠️ Row 3671: Unparsable date → 'peppeleppert'
[2025-08-20 14:14:51] ⚠️ Row 3672: Unparsable date → 'peppeleppert'
[2025-08-20 14:14:51] ⚠️ Row 3673: Unparsable date → 'peppeleppert'
[2025-08-20 14:14:52] ⚠️ Row 3674: Unparsable date → 'peppeleppert'
[2025-08-20 14:14:52] ⚠️ Row 3675: Unparsable date → 'peppeleppert'
[2025-08-20 14:14:52] ⚠️ Row 3676: Unparsable date → 'peppeleppert'
[2025-08-20 14:14:52] ⚠️ Row 3677: Unparsable date → 'peppeleppert'
[2025-08-20 14:14:52] ⚠️ Row 3678: Unparsable date → 'peppeleppert'
[2025-08-20 14:14:52] ⚠️ Row 3679: Unparsable date → 'peppeleppert'
[2025-08-20 14:14:52] ⚠️ Row 3680: Unparsable date → 'peppeleppert'
[2025-08-20 14:14:52] ⚠️ Row 3681: Unparsable date → 'peppeleppert'
[2025-08-20 14:14:52] ⚠️ Row 3682: Unparsable date → 'peppeleppert'
[2025-08-20 14:14:52] ⚠️ Row 3683: Unparsable date → 'peppeleppert'
[2025-08-20 14:14:52] ⚠️ Row 3684: Unparsable date → 'peppeleppert'
[2025-08-20 14:14:52] ⚠️ Row 3685: Unparsable date → 'peppeleppert'
[2025-08-20 14:14:52] ⚠️ Row 3686: Unparsable date → 'peppeleppert'
[2025-08-20 14:14:52] ⚠️ Row 3687: Unparsable date → 'peppeleppert'
[2025-08-20 14:14:52] ⚠️ Row 3688: Unparsable date → 'peppeleppert'
[2025-08-20 14:14:52] ⚠️ Row 3689: Unparsable date → 'peppeleppert'
[2025-08-20 14:14:52] ⚠️ Row 3690: Unparsable date → 'peppeleppert'
[2025-08-20 14:14:52] ⚠️ Row 3691: Unparsable date → 'peppeleppert'
[2025-08-20 14:14:52] ⚠️ Row 3692: Unparsable date → 'peppeleppert'
[2025-08-20 14:14:52] ⚠️ Row 3693: Unparsable date → 'peppeleppert'
[2025-08-20 14:14:52] ⚠️ Row 3694: Unparsable date → 'peppeleppert'
[2025-08-20 14:14:52] ⚠️ Row 3695: Unparsable date → 'peppeleppert'
[2025-08-20 14:14:52] ⚠️ Row 3696: Unparsable date → 'peppeleppert'
[2025-08-20 14:14:52] ⚠️ Row 3697: Unparsable date → 'peppeleppert'
[2025-08-20 14:14:52] ⚠️ Row 3698: Unparsable date → 'peppeleppert'
[2025-08-20 14:14:52] ⚠️ Row 3699: Unparsable date → 'peppeleppert'
[2025-08-20 14:14:52] ⚠️ Row 3700: Unparsable date → 'peppeleppert'
[2025-08-20 14:14:52] ⚠️ Row 3701: Unparsable date → 'peppeleppert'
[2025-08-20 14:14:52] ⚠️ Row 3702: Unparsable date → 'peppeleppert'
[2025-08-20 14:14:52] ⚠️ Row 3703: Unparsable date → 'peppeleppert'
[2025-08-20 14:14:52] ⚠️ Row 3704: Unparsable date → 'peppeleppert'
[2025-08-20 14:14:52] ⚠️ Row 3705: Unparsable date → 'peppeleppert'
[2025-08-20 14:14:52] ⚠️ Row 3706: Unparsable date → 'peppeleppert'
[2025-08-20 14:14:52] ⚠️ Row 3707: Unparsable date → 'peppeleppert'
[2025-08-20 14:14:52] ⚠️ Row 3708: Unparsable date → 'peppeleppert'
[2025-08-20 14:14:52] ⚠️ Row 3709: Unparsable date → 'peppeleppert'
[2025-08-20 14:14:52] ⚠️ Row 3710: Unparsable date → 'peppeleppert'
[2025-08-20 14:14:52] ⚠️ Row 3711: Unparsable date → 'peppeleppert'
[2025-08-20 14:14:52] ⚠️ Row 3712: Unparsable date → 'peppeleppert'
[2025-08-20 14:14:52] ⚠️ Row 3713: Unparsable date → 'peppeleppert'
[2025-08-20 14:14:52] ⚠️ Row 3714: Unparsable date → 'peppeleppert'
[2025-08-20 14:14:52] ⚠️ Row 3715: Unparsable date → 'peppeleppert'
[2025-08-20 14:14:52] ⚠️ Row 3716: Unparsable date → 'peppeleppert'
[2025-08-20 14:14:52] ⚠️ Row 3717: Unparsable date → 'peppeleppert'
[2025-08-20 14:14:52] ⚠️ Row 3718: Unparsable date → 'peppeleppert'
[2025-08-20 14:14:52] ⚠️ Row 3719: Unparsable date → 'peppeleppert'
[2025-08-20 14:14:52] ⚠️ Row 3720: Unparsable date → 'peppeleppert'
[2025-08-20 14:14:52] ⚠️ Row 3721: Unparsable date → 'peppeleppert'
[2025-08-20 14:14:52] ⚠️ Row 3722: Unparsable date → 'peppeleppert'
[2025-08-20 14:14:52] ⚠️ Row 3723: Unparsable date → 'peppeleppert'
[2025-08-20 14:14:52] ⚠️ Row 3724: Unparsable date → 'peppeleppert'
[2025-08-20 14:14:52] ⚠️ Row 3725: Unparsable date → 'peppeleppert'
[2025-08-20 14:14:52] ⚠️ Row 3726: Unparsable date → 'peppeleppert'
[2025-08-20 14:14:52] ⚠️ Row 3727: Unparsable date → 'peppeleppert'
[2025-08-20 14:14:52] ⚠️ Row 3728: Unparsable date → 'peppeleppert'
[2025-08-20 14:14:52] ⚠️ Row 3729: Unparsable date → 'peppeleppert'
[2025-08-20 14:14:52] ⚠️ Row 3730: Unparsable date → 'peppeleppert'
[2025-08-20 14:14:52] ⚠️ Row 3731: Unparsable date → 'peppeleppert'
[2025-08-20 14:14:52] ⚠️ Row 3732: Unparsable date → 'peppeleppert'
[2025-08-20 14:14:52] ⚠️ Row 3733: Unparsable date → 'peppeleppert'
[2025-08-20 14:14:52] ⚠️ Row 3734: Unparsable date → 'peppeleppert'
[2025-08-20 14:14:52] ⚠️ Row 3735: Unparsable date → 'peppeleppert'
[2025-08-20 14:14:52] ⚠️ Row 3736: Unparsable date → 'peppeleppert'
[2025-08-20 14:14:52] ⚠️ Row 3737: Unparsable date → 'peppeleppert'
[2025-08-20 14:14:52] ⚠️ Row 3738: Unparsable date → 'peppeleppert'
[2025-08-20 14:14:52] ⚠️ Row 3739: Unparsable date → 'peppeleppert'
[2025-08-20 14:14:52] ⚠️ Row 3740: Unparsable date → 'peppeleppert'
[2025-08-20 14:14:52] ⚠️ Row 3741: Unparsable date → 'peppeleppert'
[2025-08-20 14:14:52] ⚠️ Row 3742: Unparsable date → 'peppeleppert'
[2025-08-20 14:14:52] ⚠️ Row 3743: Unparsable date → 'peppeleppert'
[2025-08-20 14:14:52] ⚠️ Row 3744: Unparsable date → 'peppeleppert'
[2025-08-20 14:14:52] ⚠️ Row 3745: Unparsable date → 'peppeleppert'
[2025-08-20 14:14:52] ⚠️ Row 3746: Unparsable date → 'peppeleppert'
[2025-08-20 14:14:52] ⚠️ Row 3747: Unparsable date → 'peppeleppert'
[2025-08-20 14:14:52] ⚠️ Row 3748: Unparsable date → 'peppeleppert'
[2025-08-20 14:14:52] ⚠️ Row 3749: Unparsable date → 'peppeleppert'
[2025-08-20 14:14:52] ⚠️ Row 3750: Unparsable date → 'peppeleppert'
[2025-08-20 14:14:52] ⚠️ Row 3751: Unparsable date → 'peppeleppert'
[2025-08-20 14:14:52] ⚠️ Row 3752: Unparsable date → 'peppeleppert'
[2025-08-20 14:14:52] ⚠️ Row 3753: Unparsable date → 'peppeleppert'
[2025-08-20 14:14:52] ⚠️ Row 3754: Unparsable date → 'peppeleppert'
[2025-08-20 14:14:52] ⚠️ Row 3755: Unparsable date → 'peppeleppert'
[2025-08-20 14:14:52] ⚠️ Row 3756: Unparsable date → 'peppeleppert'
[2025-08-20 14:14:52] ⚠️ Row 3757: Unparsable date → 'peppeleppert'
[2025-08-20 14:14:52] ⚠️ Row 3758: Unparsable date → 'peppeleppert'
[2025-08-20 14:14:52] ⚠️ Row 3759: Unparsable date → 'peppeleppert'
[2025-08-20 14:14:52] ⚠️ Row 3760: Unparsable date → 'peppeleppert'
[2025-08-20 14:14:52] ⚠️ Row 3761: Unparsable date → 'peppeleppert'
[2025-08-20 14:14:52] ⚠️ Row 3762: Unparsable date → 'peppeleppert'
[2025-08-20 14:14:52] ⚠️ Row 3763: Unparsable date → 'peppeleppert'
[2025-08-20 14:14:52] ⚠️ Row 3764: Unparsable date → 'peppeleppert'
[2025-08-20 14:14:52] ⚠️ Row 3765: Unparsable date → 'peppeleppert'
[2025-08-20 14:14:52] ⚠️ Row 3766: Unparsable date → 'peppeleppert'
[2025-08-20 14:14:52] ⚠️ Row 3767: Unparsable date → 'peppeleppert'
[2025-08-20 14:14:52] ⚠️ Row 3768: Unparsable date → 'peppeleppert'
[2025-08-20 14:14:52] ⚠️ Row 3769: Unparsable date → 'peppeleppert'
[2025-08-20 14:14:52] ⚠️ Row 3770: Unparsable date → 'peppeleppert'
[2025-08-20 14:14:52] ⚠️ Row 3771: Unparsable date → 'peppeleppert'
[2025-08-20 14:14:52] ⚠️ Row 3772: Unparsable date → 'peppeleppert'
[2025-08-20 14:14:52] ⚠️ Row 3773: Unparsable date → 'peppeleppert'
[2025-08-20 14:14:52] ⚠️ Row 3774: Unparsable date → 'peppeleppert'
[2025-08-20 14:14:52] ⚠️ Row 3775: Unparsable date → 'peppeleppert'
[2025-08-20 14:14:52] ⚠️ Row 3776: Unparsable date → 'peppeleppert'
[2025-08-20 14:14:52] ⚠️ Row 3777: Unparsable date → 'peppeleppert'
[2025-08-20 14:14:52] ⚠️ Row 3778: Unparsable date → 'peppeleppert'
[2025-08-20 14:14:52] ⚠️ Row 3779: Unparsable date → 'peppeleppert'
[2025-08-20 14:14:52] ⚠️ Row 3780: Unparsable date → 'peppeleppert'
[2025-08-20 14:14:52] ⚠️ Row 3781: Unparsable date → 'peppeleppert'
[2025-08-20 14:14:52] ⚠️ Row 3782: Unparsable date → 'peppeleppert'
[2025-08-20 14:14:52] ⚠️ Row 3783: Unparsable date → 'peppeleppert'
[2025-08-20 14:14:52] ⚠️ Row 3784: Unparsable date → 'peppeleppert'
[2025-08-20 14:14:52] ⚠️ Row 3785: Unparsable date → 'peppeleppert'
[2025-08-20 14:14:52] ⚠️ Row 3786: Unparsable date → 'peppeleppert'
[2025-08-20 14:14:52] ⚠️ Row 3787: Unparsable date → 'peppeleppert'
[2025-08-20 14:14:52] ⚠️ Row 3788: Unparsable date → 'peppeleppert'
[2025-08-20 14:14:52] ⚠️ Row 3789: Unparsable date → 'peppeleppert'
[2025-08-20 14:14:52] ⚠️ Row 3790: Unparsable date → 'peppeleppert'
[2025-08-20 14:14:52] ⚠️ Row 3791: Unparsable date → 'peppeleppert'
[2025-08-20 14:14:52] ⚠️ Row 3792: Unparsable date → 'peppeleppert'
[2025-08-20 14:14:52] ⚠️ Row 3793: Unparsable date → 'peppeleppert'
[2025-08-20 14:14:52] ⚠️ Row 3794: Unparsable date → 'peppeleppert'
[2025-08-20 14:14:52] ⚠️ Row 3795: Unparsable date → 'peppeleppert'
[2025-08-20 14:14:52] ⚠️ Row 3796: Unparsable date → 'peppeleppert'
[2025-08-20 14:14:52] ⚠️ Row 3797: Unparsable date → 'peppeleppert'
[2025-08-20 14:14:52] ⚠️ Row 3798: Unparsable date → 'peppeleppert'
[2025-08-20 14:14:52] ⚠️ Row 3799: Unparsable date → 'peppeleppert'
[2025-08-20 14:14:52] ⚠️ Row 3800: Unparsable date → 'peppeleppert'
[2025-08-20 14:14:52] ⚠️ Row 3801: Unparsable date → 'peppeleppert'
[2025-08-20 14:14:52] ⚠️ Row 3802: Unparsable date → 'peppeleppert'
[2025-08-20 14:14:52] ⚠️ Row 3803: Unparsable date → 'peppeleppert'
[2025-08-20 14:14:52] ⚠️ Row 3804: Unparsable date → 'peppeleppert'
[2025-08-20 14:14:52] ⚠️ Row 3805: Unparsable date → 'peppeleppert'
[2025-08-20 14:14:52] ⚠️ Row 3806: Unparsable date → 'peppeleppert'
[2025-08-20 14:14:52] ⚠️ Row 3807: Unparsable date → 'peppeleppert'
[2025-08-20 14:14:52] ⚠️ Row 3808: Unparsable date → 'peppeleppert'
[2025-08-20 14:14:52] ⚠️ Row 3809: Unparsable date → 'peppeleppert'
[2025-08-20 14:14:52] ⚠️ Row 3810: Unparsable date → 'peppeleppert'
[2025-08-20 14:14:52] ⚠️ Row 3811: Unparsable date → 'peppeleppert'
[2025-08-20 14:14:52] ⚠️ Row 3812: Unparsable date → 'peppeleppert'
[2025-08-20 14:14:52] ⚠️ Row 3813: Unparsable date → 'peppeleppert'
[2025-08-20 14:14:52] ⚠️ Row 3814: Unparsable date → 'peppeleppert'
[2025-08-20 14:14:52] ⚠️ Row 3815: Unparsable date → 'peppeleppert'
[2025-08-20 14:14:52] ⚠️ Row 3816: Unparsable date → 'peppeleppert'
[2025-08-20 14:14:52] ⚠️ Row 3817: Unparsable date → 'peppeleppert'
[2025-08-20 14:14:52] ⚠️ Row 3818: Unparsable date → 'peppeleppert'
[2025-08-20 14:14:52] ⚠️ Row 3819: Unparsable date → 'peppeleppert'
[2025-08-20 14:14:52] ⚠️ Row 3820: Unparsable date → 'peppeleppert'
[2025-08-20 14:14:52] ⚠️ Row 3821: Unparsable date → 'peppeleppert'
[2025-08-20 14:14:52] ⚠️ Row 3822: Unparsable date → 'peppeleppert'
[2025-08-20 14:14:52] ⚠️ Row 3823: Unparsable date → 'peppeleppert'
[2025-08-20 14:14:52] ⚠️ Row 3824: Unparsable date → 'peppeleppert'
[2025-08-20 14:14:52] ⚠️ Row 3825: Unparsable date → 'peppeleppert'
[2025-08-20 14:14:52] ⚠️ Row 3826: Unparsable date → 'peppeleppert'
[2025-08-20 14:14:52] ⚠️ Row 3827: Unparsable date → 'peppeleppert'
[2025-08-20 14:14:52] ⚠️ Row 3828: Unparsable date → 'peppeleppert'
[2025-08-20 14:14:52] ⚠️ Row 3829: Unparsable date → 'peppeleppert'
[2025-08-20 14:14:52] ⚠️ Row 3830: Unparsable date → 'peppeleppert'
[2025-08-20 14:14:52] ⚠️ Row 3831: Unparsable date → 'peppeleppert'
[2025-08-20 14:14:52] ⚠️ Row 3832: Unparsable date → 'peppeleppert'
[2025-08-20 14:14:52] ⚠️ Row 3833: Unparsable date → 'peppeleppert'
[2025-08-20 14:14:52] ⚠️ Row 3834: Unparsable date → 'peppeleppert'
[2025-08-20 14:14:52] ⚠️ Row 3835: Unparsable date → 'peppeleppert'
[2025-08-20 14:14:52] ⚠️ Row 3836: Unparsable date → 'peppeleppert'
[2025-08-20 14:14:52] ⚠️ Row 3837: Unparsable date → 'peppeleppert'
[2025-08-20 14:14:52] ⚠️ Row 3838: Unparsable date → 'peppeleppert'
[2025-08-20 14:14:52] ⚠️ Row 3839: Unparsable date → 'peppeleppert'
[2025-08-20 14:14:52] ⚠️ Row 3840: Unparsable date → 'peppeleppert'
[2025-08-20 14:14:52] ⚠️ Row 3841: Unparsable date → 'peppeleppert'
[2025-08-20 14:14:52] ⚠️ Row 3842: Unparsable date → 'peppeleppert'
[2025-08-20 14:14:52] ⚠️ Row 3843: Unparsable date → 'peppeleppert'
[2025-08-20 14:14:52] ⚠️ Row 3844: Unparsable date → 'peppeleppert'
[2025-08-20 14:14:52] ⚠️ Row 3845: Unparsable date → 'peppeleppert'
[2025-08-20 14:14:52] ⚠️ Row 3846: Unparsable date → 'peppeleppert'
[2025-08-20 14:14:52] ⚠️ Row 3847: Unparsable date → 'peppeleppert'
[2025-08-20 14:14:52] ⚠️ Row 3848: Unparsable date → 'peppeleppert'
[2025-08-20 14:14:52] ⚠️ Row 3849: Unparsable date → 'peppeleppert'
[2025-08-20 14:14:52] ⚠️ Row 3850: Unparsable date → 'peppeleppert'
[2025-08-20 14:14:52] ⚠️ Row 3851: Unparsable date → 'peppeleppert'
[2025-08-20 14:14:52] ⚠️ Row 3852: Unparsable date → 'peppeleppert'
[2025-08-20 14:14:52] ⚠️ Row 3853: Unparsable date → 'peppeleppert'
[2025-08-20 14:14:52] ⚠️ Row 3854: Unparsable date → 'peppeleppert'
[2025-08-20 14:14:52] ⚠️ Row 3855: Unparsable date → 'peppeleppert'
[2025-08-20 14:14:52] ⚠️ Row 3856: Unparsable date → 'peppeleppert'
[2025-08-20 14:14:52] ⚠️ Row 3857: Unparsable date → 'peppeleppert'
[2025-08-20 14:14:52] ⚠️ Row 3858: Unparsable date → 'peppeleppert'
[2025-08-20 14:14:52] ⚠️ Row 3859: Unparsable date → 'peppeleppert'
[2025-08-20 14:14:52] ⚠️ Row 3860: Unparsable date → 'peppeleppert'
[2025-08-20 14:14:52] ⚠️ Row 3861: Unparsable date → 'peppeleppert'
[2025-08-20 14:14:52] ⚠️ Row 3862: Unparsable date → 'peppeleppert'
[2025-08-20 14:14:52] ⚠️ Row 3863: Unparsable date → 'peppeleppert'
[2025-08-20 14:14:52] ⚠️ Row 3864: Unparsable date → 'peppeleppert'
[2025-08-20 14:14:52] ⚠️ Row 3865: Unparsable date → 'peppeleppert'
[2025-08-20 14:14:52] ⚠️ Row 3866: Unparsable date → 'peppeleppert'
[2025-08-20 14:14:52] ⚠️ Row 3867: Unparsable date → 'peppeleppert'
[2025-08-20 14:14:52] ⚠️ Row 3868: Unparsable date → 'peppeleppert'
[2025-08-20 14:14:52] ⚠️ Row 3869: Unparsable date → 'peppeleppert'
[2025-08-20 14:14:52] ⚠️ Row 3870: Unparsable date → 'peppeleppert'
[2025-08-20 14:14:52] ⚠️ Row 3871: Unparsable date → 'peppeleppert'
[2025-08-20 14:14:52] ⚠️ Row 3872: Unparsable date → 'peppeleppert'
[2025-08-20 14:14:52] ⚠️ Row 3873: Unparsable date → 'peppeleppert'
[2025-08-20 14:14:52] ⚠️ Row 3874: Unparsable date → 'peppeleppert'
[2025-08-20 14:14:52] ⚠️ Row 3875: Unparsable date → 'peppeleppert'
[2025-08-20 14:14:52] ⚠️ Row 3876: Unparsable date → 'peppeleppert'
[2025-08-20 14:14:52] ⚠️ Row 3877: Unparsable date → 'peppeleppert'
[2025-08-20 14:14:52] ⚠️ Row 3878: Unparsable date → 'peppeleppert'
[2025-08-20 14:14:52] ⚠️ Row 3879: Unparsable date → 'peppeleppert'
[2025-08-20 14:14:52] ⚠️ Row 3880: Unparsable date → 'peppeleppert'
[2025-08-20 14:14:52] ⚠️ Row 3881: Unparsable date → 'peppeleppert'
[2025-08-20 14:14:52] ⚠️ Row 3882: Unparsable date → 'peppeleppert'
[2025-08-20 14:14:52] ⚠️ Row 3883: Unparsable date → 'peppeleppert'
[2025-08-20 14:14:52] ⚠️ Row 3884: Unparsable date → 'peppeleppert'
[2025-08-20 14:14:52] ⚠️ Row 3885: Unparsable date → 'peppeleppert'
[2025-08-20 14:14:52] ⚠️ Row 3886: Unparsable date → 'peppeleppert'
[2025-08-20 14:14:52] ⚠️ Row 3887: Unparsable date → 'peppeleppert'
[2025-08-20 14:14:52] ⚠️ Row 3888: Unparsable date → 'peppeleppert'
[2025-08-20 14:14:52] ⚠️ Row 3889: Unparsable date → 'peppeleppert'
[2025-08-20 14:14:52] ⚠️ Row 3890: Unparsable date → 'peppeleppert'
[2025-08-20 14:14:52] ⚠️ Row 3891: Unparsable date → 'peppeleppert'
[2025-08-20 14:14:52] ⚠️ Row 3892: Unparsable date → 'peppeleppert'
[2025-08-20 14:14:52] ⚠️ Row 3893: Unparsable date → 'peppeleppert'
[2025-08-20 14:14:52] ⚠️ Row 3894: Unparsable date → 'peppeleppert'
[2025-08-20 14:14:52] ⚠️ Row 3895: Unparsable date → 'peppeleppert'
[2025-08-20 14:14:52] ⚠️ Row 3896: Unparsable date → 'peppeleppert'
[2025-08-20 14:14:52] ⚠️ Row 3897: Unparsable date → 'peppeleppert'
[2025-08-20 14:14:52] ⚠️ Row 3898: Unparsable date → 'peppeleppert'
[2025-08-20 14:14:52] ⚠️ Row 3899: Unparsable date → 'peppeleppert'
[2025-08-20 14:14:52] ⚠️ Row 3900: Unparsable date → 'peppeleppert'
[2025-08-20 14:14:52] ⚠️ Row 3901: Unparsable date → 'peppeleppert'
[2025-08-20 14:14:52] ⚠️ Row 3902: Unparsable date → 'peppeleppert'
[2025-08-20 14:14:52] ⚠️ Row 3903: Unparsable date → 'peppeleppert'
[2025-08-20 14:14:52] ⚠️ Row 3904: Unparsable date → 'peppeleppert'
[2025-08-20 14:14:52] ⚠️ Row 3905: Unparsable date → 'peppeleppert'
[2025-08-20 14:14:52] ⚠️ Row 3906: Unparsable date → 'peppeleppert'
[2025-08-20 14:14:52] ⚠️ Row 3907: Unparsable date → 'peppeleppert'
[2025-08-20 14:14:52] ⚠️ Row 3908: Unparsable date → 'peppeleppert'
[2025-08-20 14:14:52] ⚠️ Row 3909: Unparsable date → 'peppeleppert'
[2025-08-20 14:14:52] ⚠️ Row 3910: Unparsable date → 'peppeleppert'
[2025-08-20 14:14:52] ⚠️ Row 3911: Unparsable date → 'peppeleppert'
[2025-08-20 14:14:52] ⚠️ Row 3912: Unparsable date → 'peppeleppert'
[2025-08-20 14:14:52] ⚠️ Row 3913: Unparsable date → 'peppeleppert'
[2025-08-20 14:14:52] ⚠️ Row 3914: Unparsable date → 'peppeleppert'
[2025-08-20 14:14:52] ⚠️ Row 3915: Unparsable date → 'peppeleppert'
[2025-08-20 14:14:52] ⚠️ Row 3916: Unparsable date → 'peppeleppert'
[2025-08-20 14:14:52] ⚠️ Row 3917: Unparsable date → 'peppeleppert'
[2025-08-20 14:14:52] ⚠️ Row 3918: Unparsable date → 'peppeleppert'
[2025-08-20 14:14:52] ⚠️ Row 3919: Unparsable date → 'peppeleppert'
[2025-08-20 14:14:52] ⚠️ Row 3920: Unparsable date → 'peppeleppert'
[2025-08-20 14:14:52] ⚠️ Row 3921: Unparsable date → 'peppeleppert'
[2025-08-20 14:14:52] ⚠️ Row 3922: Unparsable date → 'peppeleppert'
[2025-08-20 14:14:52] ⚠️ Row 3923: Unparsable date → 'peppeleppert'
[2025-08-20 14:14:52] ⚠️ Row 3924: Unparsable date → 'peppeleppert'
[2025-08-20 14:14:52] ⚠️ Row 3925: Unparsable date → 'peppeleppert'
[2025-08-20 14:14:52] ⚠️ Row 3926: Unparsable date → 'peppeleppert'
[2025-08-20 14:14:52] ⚠️ Row 3927: Unparsable date → 'peppeleppert'
[2025-08-20 14:14:52] ⚠️ Row 3928: Unparsable date → 'peppeleppert'
[2025-08-20 14:14:52] ⚠️ Row 3929: Unparsable date → 'peppeleppert'
[2025-08-20 14:14:52] ⚠️ Row 3930: Unparsable date → 'peppeleppert'
[2025-08-20 14:14:52] ⚠️ Row 3931: Unparsable date → 'peppeleppert'
[2025-08-20 14:14:52] ⚠️ Row 3932: Unparsable date → 'peppeleppert'
[2025-08-20 14:14:52] ⚠️ Row 3933: Unparsable date → 'peppeleppert'
[2025-08-20 14:14:52] ⚠️ Row 3934: Unparsable date → 'peppeleppert'
[2025-08-20 14:14:52] ⚠️ Row 3935: Unparsable date → 'peppeleppert'
[2025-08-20 14:14:52] ⚠️ Row 3936: Unparsable date → 'peppeleppert'
[2025-08-20 14:14:52] ⚠️ Row 3937: Unparsable date → 'peppeleppert'
[2025-08-20 14:14:52] ⚠️ Row 3938: Unparsable date → 'peppeleppert'
[2025-08-20 14:14:52] ⚠️ Row 3939: Unparsable date → 'peppeleppert'
[2025-08-20 14:14:52] ⚠️ Row 3940: Unparsable date → 'peppeleppert'
[2025-08-20 14:14:52] ⚠️ Row 3941: Unparsable date → 'peppeleppert'
[2025-08-20 14:14:52] ⚠️ Row 3942: Unparsable date → 'peppeleppert'
[2025-08-20 14:14:52] ⚠️ Row 3943: Unparsable date → 'peppeleppert'
[2025-08-20 14:14:52] ⚠️ Row 3944: Unparsable date → 'peppeleppert'
[2025-08-20 14:14:52] ⚠️ Row 3945: Unparsable date → 'peppeleppert'
[2025-08-20 14:14:52] ⚠️ Row 3946: Unparsable date → 'peppeleppert'
[2025-08-20 14:14:52] ⚠️ Row 3947: Unparsable date → 'peppeleppert'
[2025-08-20 14:14:52] ⚠️ Row 3948: Unparsable date → 'peppeleppert'
[2025-08-20 14:14:52] ⚠️ Row 3949: Unparsable date → 'peppeleppert'
[2025-08-20 14:14:52] ⚠️ Row 3950: Unparsable date → 'peppeleppert'
[2025-08-20 14:14:52] ⚠️ Row 3951: Unparsable date → 'peppeleppert'
[2025-08-20 14:14:52] ⚠️ Row 3952: Unparsable date → 'peppeleppert'
[2025-08-20 14:14:52] ⚠️ Row 3953: Unparsable date → 'peppeleppert'
[2025-08-20 14:14:52] ⚠️ Row 3954: Unparsable date → 'peppeleppert'
[2025-08-20 14:14:52] ⚠️ Row 3955: Unparsable date → 'peppeleppert'
[2025-08-20 14:14:52] ⚠️ Row 3956: Unparsable date → 'peppeleppert'
[2025-08-20 14:14:52] ⚠️ Row 3957: Unparsable date → 'peppeleppert'
[2025-08-20 14:14:52] ⚠️ Row 3958: Unparsable date → 'peppeleppert'
[2025-08-20 14:14:52] ⚠️ Row 3959: Unparsable date → 'peppeleppert'
[2025-08-20 14:14:52] ⚠️ Row 3960: Unparsable date → 'peppeleppert'
[2025-08-20 14:14:52] ⚠️ Row 3961: Unparsable date → 'peppeleppert'
[2025-08-20 14:14:52] ⚠️ Row 3962: Unparsable date → 'peppeleppert'
[2025-08-20 14:14:52] ⚠️ Row 3963: Unparsable date → 'peppeleppert'
[2025-08-20 14:14:52] ⚠️ Row 3964: Unparsable date → 'peppeleppert'
[2025-08-20 14:14:52] ⚠️ Row 3965: Unparsable date → 'peppeleppert'
[2025-08-20 14:14:52] ⚠️ Row 3966: Unparsable date → 'peppeleppert'
[2025-08-20 14:14:52] ⚠️ Row 3967: Unparsable date → 'peppeleppert'
[2025-08-20 14:14:52] ⚠️ Row 3968: Unparsable date → 'peppeleppert'
[2025-08-20 14:14:52] ⚠️ Row 3969: Unparsable date → 'peppeleppert'
[2025-08-20 14:14:52] ⚠️ Row 3970: Unparsable date → 'peppeleppert'
[2025-08-20 14:14:52] ⚠️ Row 3971: Unparsable date → 'peppeleppert'
[2025-08-20 14:14:52] ⚠️ Row 3972: Unparsable date → 'peppeleppert'
[2025-08-20 14:14:52] ⚠️ Row 3973: Unparsable date → 'peppeleppert'
[2025-08-20 14:14:52] ⚠️ Row 3974: Unparsable date → 'peppeleppert'
[2025-08-20 14:14:52] ⚠️ Row 3975: Unparsable date → 'peppeleppert'
[2025-08-20 14:14:52] ⚠️ Row 3976: Unparsable date → 'peppeleppert'
[2025-08-20 14:14:53] ⚠️ Row 3977: Unparsable date → 'peppeleppert'
[2025-08-20 14:14:53] ⚠️ Row 3978: Unparsable date → 'peppeleppert'
[2025-08-20 14:14:53] ⚠️ Row 3979: Unparsable date → 'peppeleppert'
[2025-08-20 14:14:53] ⚠️ Row 3980: Unparsable date → 'peppeleppert'
[2025-08-20 14:14:53] ⚠️ Row 3981: Unparsable date → 'peppeleppert'
[2025-08-20 14:14:53] ⚠️ Row 3982: Unparsable date → 'peppeleppert'
[2025-08-20 14:14:53] ⚠️ Row 3983: Unparsable date → 'peppeleppert'
[2025-08-20 14:14:53] ⚠️ Row 3984: Unparsable date → 'peppeleppert'
[2025-08-20 14:14:53] ⚠️ Row 3985: Unparsable date → 'peppeleppert'
[2025-08-20 14:14:53] ⚠️ Row 3986: Unparsable date → 'peppeleppert'
[2025-08-20 14:14:53] ⚠️ Row 3987: Unparsable date → 'peppeleppert'
[2025-08-20 14:14:53] ⚠️ Row 3988: Unparsable date → 'peppeleppert'
[2025-08-20 14:14:53] ⚠️ Row 3989: Unparsable date → 'peppeleppert'
[2025-08-20 14:14:53] ⚠️ Row 3990: Unparsable date → 'peppeleppert'
[2025-08-20 14:14:53] ⚠️ Row 3991: Unparsable date → 'peppeleppert'
[2025-08-20 14:14:53] ⚠️ Row 3992: Unparsable date → 'peppeleppert'
[2025-08-20 14:14:53] ⚠️ Row 3993: Unparsable date → 'peppeleppert'
[2025-08-20 14:14:53] ⚠️ Row 3994: Unparsable date → 'peppeleppert'
[2025-08-20 14:14:53] ⚠️ Row 3995: Unparsable date → 'peppeleppert'
[2025-08-20 14:14:53] ⚠️ Row 3996: Unparsable date → 'peppeleppert'
[2025-08-20 14:14:53] ⚠️ Row 3997: Unparsable date → 'peppeleppert'
[2025-08-20 14:14:53] ⚠️ Row 3998: Unparsable date → 'peppeleppert'
[2025-08-20 14:14:53] ⚠️ Row 3999: Unparsable date → 'peppeleppert'
[2025-08-20 14:14:53] ⚠️ Row 4000: Unparsable date → 'peppeleppert'
[2025-08-20 14:14:53] ⚠️ Row 4001: Unparsable date → 'peppeleppert'
[2025-08-20 14:14:53] ⚠️ Row 4002: Unparsable date → 'peppeleppert'
[2025-08-20 14:14:53] ⚠️ Row 4003: Unparsable date → 'peppeleppert'
[2025-08-20 14:14:53] ⚠️ Row 4004: Unparsable date → 'peppeleppert'
[2025-08-20 14:14:53] ⚠️ Row 4005: Unparsable date → 'peppeleppert'
[2025-08-20 14:14:53] ⚠️ Row 4006: Unparsable date → 'peppeleppert'
[2025-08-20 14:14:53] ⚠️ Row 4007: Unparsable date → 'peppeleppert'
[2025-08-20 14:14:53] ⚠️ Row 4008: Unparsable date → 'peppeleppert'
[2025-08-20 14:14:53] ⚠️ Row 4009: Unparsable date → 'peppeleppert'
[2025-08-20 14:14:53] ⚠️ Row 4010: Unparsable date → 'peppeleppert'
[2025-08-20 14:14:53] ⚠️ Row 4011: Unparsable date → 'peppeleppert'
[2025-08-20 14:14:53] ⚠️ Row 4012: Unparsable date → 'peppeleppert'
[2025-08-20 14:14:53] ⚠️ Row 4013: Unparsable date → 'peppeleppert'
[2025-08-20 14:14:53] ⚠️ Row 4014: Unparsable date → 'peppeleppert'
[2025-08-20 14:14:53] ⚠️ Row 4015: Unparsable date → 'peppeleppert'
[2025-08-20 14:14:53] ⚠️ Row 4016: Unparsable date → 'peppeleppert'
[2025-08-20 14:14:53] ⚠️ Row 4017: Unparsable date → 'peppeleppert'
[2025-08-20 14:14:53] ⚠️ Row 4018: Unparsable date → 'peppeleppert'
[2025-08-20 14:14:53] ⚠️ Row 4019: Unparsable date → 'peppeleppert'
[2025-08-20 14:14:53] ⚠️ Row 4020: Unparsable date → 'peppeleppert'
[2025-08-20 14:14:53] ⚠️ Row 4021: Unparsable date → 'peppeleppert'
[2025-08-20 14:14:53] ⚠️ Row 4022: Unparsable date → 'peppeleppert'
[2025-08-20 14:14:53] ⚠️ Row 4023: Unparsable date → 'peppeleppert'
[2025-08-20 14:14:53] ⚠️ Row 4024: Unparsable date → 'peppeleppert'
[2025-08-20 14:14:53] ⚠️ Row 4025: Unparsable date → 'peppeleppert'
[2025-08-20 14:14:53] ⚠️ Row 4026: Unparsable date → 'peppeleppert'
[2025-08-20 14:14:53] ⚠️ Row 4027: Unparsable date → 'peppeleppert'
[2025-08-20 14:14:53] ⚠️ Row 4028: Unparsable date → 'peppeleppert'
[2025-08-20 14:14:53] ⚠️ Row 4029: Unparsable date → 'peppeleppert'
[2025-08-20 14:14:53] ⚠️ Row 4030: Unparsable date → 'peppeleppert'
[2025-08-20 14:14:53] ⚠️ Row 4031: Unparsable date → 'peppeleppert'
[2025-08-20 14:14:53] ⚠️ Row 4032: Unparsable date → 'peppeleppert'
[2025-08-20 14:14:53] ⚠️ Row 4033: Unparsable date → 'peppeleppert'
[2025-08-20 14:14:53] ⚠️ Row 4034: Unparsable date → 'peppeleppert'
[2025-08-20 14:14:53] ⚠️ Row 4035: Unparsable date → 'peppeleppert'
[2025-08-20 14:14:53] ⚠️ Row 4036: Unparsable date → 'peppeleppert'
[2025-08-20 14:14:53] ⚠️ Row 4037: Unparsable date → 'peppeleppert'
[2025-08-20 14:14:53] ⚠️ Row 4038: Unparsable date → 'peppeleppert'
[2025-08-20 14:14:53] ⚠️ Row 4039: Unparsable date → 'peppeleppert'
[2025-08-20 14:14:53] ⚠️ Row 4040: Unparsable date → 'peppeleppert'
[2025-08-20 14:14:53] ⚠️ Row 4041: Unparsable date → 'peppeleppert'
[2025-08-20 14:14:53] ⚠️ Row 4042: Unparsable date → 'peppeleppert'
[2025-08-20 14:14:53] ⚠️ Row 4043: Unparsable date → 'peppeleppert'
[2025-08-20 14:14:53] ⚠️ Row 4044: Unparsable date → 'peppeleppert'
[2025-08-20 14:14:53] ⚠️ Row 4045: Unparsable date → 'peppeleppert'
[2025-08-20 14:14:53] ⚠️ Row 4046: Unparsable date → 'peppeleppert'
[2025-08-20 14:14:53] ⚠️ Row 4047: Unparsable date → 'peppeleppert'
[2025-08-20 14:14:53] ⚠️ Row 4048: Unparsable date → 'peppeleppert'
[2025-08-20 14:14:53] ⚠️ Row 4049: Unparsable date → 'peppeleppert'
[2025-08-20 14:14:53] ⚠️ Row 4050: Unparsable date → 'peppeleppert'
[2025-08-20 14:14:53] ⚠️ Row 4051: Unparsable date → 'peppeleppert'
[2025-08-20 14:14:53] ⚠️ Row 4052: Unparsable date → 'peppeleppert'
[2025-08-20 14:14:53] ⚠️ Row 4053: Unparsable date → 'peppeleppert'
[2025-08-20 14:14:53] ⚠️ Row 4054: Unparsable date → 'peppeleppert'
[2025-08-20 14:14:53] ⚠️ Row 4055: Unparsable date → 'peppeleppert'
[2025-08-20 14:14:53] ⚠️ Row 4056: Unparsable date → 'peppeleppert'
[2025-08-20 14:14:53] ⚠️ Row 4057: Unparsable date → 'peppeleppert'
[2025-08-20 14:14:53] ⚠️ Row 4058: Unparsable date → 'peppeleppert'
[2025-08-20 14:14:53] ⚠️ Row 4059: Unparsable date → 'peppeleppert'
[2025-08-20 14:14:53] ⚠️ Row 4060: Unparsable date → 'peppeleppert'
[2025-08-20 14:14:53] ⚠️ Row 4061: Unparsable date → 'peppeleppert'
[2025-08-20 14:14:53] ⚠️ Row 4062: Unparsable date → 'peppeleppert'
[2025-08-20 14:14:53] ⚠️ Row 4063: Unparsable date → 'peppeleppert'
[2025-08-20 14:14:53] ⚠️ Row 4064: Unparsable date → 'peppeleppert'
[2025-08-20 14:14:53] ⚠️ Row 4065: Unparsable date → 'peppeleppert'
[2025-08-20 14:14:53] ⚠️ Row 4066: Unparsable date → 'peppeleppert'
[2025-08-20 14:14:53] ⚠️ Row 4067: Unparsable date → 'peppeleppert'
[2025-08-20 14:14:53] ⚠️ Row 4068: Unparsable date → 'peppeleppert'
[2025-08-20 14:14:53] ⚠️ Row 4069: Unparsable date → 'peppeleppert'
[2025-08-20 14:14:53] ⚠️ Row 4070: Unparsable date → 'peppeleppert'
[2025-08-20 14:14:53] ⚠️ Row 4071: Unparsable date → 'peppeleppert'
[2025-08-20 14:14:53] ⚠️ Row 4072: Unparsable date → 'peppeleppert'
[2025-08-20 14:14:53] ⚠️ Row 4073: Unparsable date → 'peppeleppert'
[2025-08-20 14:14:53] ⚠️ Row 4074: Unparsable date → 'peppeleppert'
[2025-08-20 14:14:53] ⚠️ Row 4075: Unparsable date → 'peppeleppert'
[2025-08-20 14:14:53] ⚠️ Row 4076: Unparsable date → 'peppeleppert'
[2025-08-20 14:14:53] ⚠️ Row 4077: Unparsable date → 'peppeleppert'
[2025-08-20 14:14:53] ⚠️ Row 4078: Unparsable date → 'peppeleppert'
[2025-08-20 14:14:53] ⚠️ Row 4079: Unparsable date → 'peppeleppert'
[2025-08-20 14:14:53] ⚠️ Row 4080: Unparsable date → 'peppeleppert'
[2025-08-20 14:14:53] ⚠️ Row 4081: Unparsable date → 'peppeleppert'
[2025-08-20 14:14:53] ⚠️ Row 4082: Unparsable date → 'peppeleppert'
[2025-08-20 14:14:53] ⚠️ Row 4083: Unparsable date → 'peppeleppert'
[2025-08-20 14:14:53] ⚠️ Row 4084: Unparsable date → 'peppeleppert'
[2025-08-20 14:14:53] ⚠️ Row 4085: Unparsable date → 'peppeleppert'
[2025-08-20 14:14:53] ⚠️ Row 4086: Unparsable date → 'peppeleppert'
[2025-08-20 14:14:53] ⚠️ Row 4087: Unparsable date → 'peppeleppert'
[2025-08-20 14:14:53] ⚠️ Row 4088: Unparsable date → 'peppeleppert'
[2025-08-20 14:14:53] ⚠️ Row 4089: Unparsable date → 'peppeleppert'
[2025-08-20 14:14:53] ⚠️ Row 4090: Unparsable date → 'peppeleppert'
[2025-08-20 14:14:53] ⚠️ Row 4091: Unparsable date → 'peppeleppert'
[2025-08-20 14:14:53] ⚠️ Row 4092: Unparsable date → 'peppeleppert'
[2025-08-20 14:14:53] ⚠️ Row 4093: Unparsable date → 'peppeleppert'
[2025-08-20 14:14:53] ⚠️ Row 4094: Unparsable date → 'peppeleppert'
[2025-08-20 14:14:53] ⚠️ Row 4095: Unparsable date → 'peppeleppert'
[2025-08-20 14:14:53] ⚠️ Row 4096: Unparsable date → 'peppeleppert'
[2025-08-20 14:14:53] ⚠️ Row 4097: Unparsable date → 'peppeleppert'
[2025-08-20 14:14:53] ⚠️ Row 4098: Unparsable date → 'peppeleppert'
[2025-08-20 14:14:53] ⚠️ Row 4099: Unparsable date → 'peppeleppert'
[2025-08-20 14:14:53] ⚠️ Row 4100: Unparsable date → 'peppeleppert'
[2025-08-20 14:14:53] ⚠️ Row 4101: Unparsable date → 'peppeleppert'
[2025-08-20 14:14:53] ⚠️ Row 4102: Unparsable date → 'peppeleppert'
[2025-08-20 14:14:53] ⚠️ Row 4103: Unparsable date → 'peppeleppert'
[2025-08-20 14:14:53] ⚠️ Row 4104: Unparsable date → 'peppeleppert'
[2025-08-20 14:14:53] ⚠️ Row 4105: Unparsable date → 'peppeleppert'
[2025-08-20 14:14:53] ⚠️ Row 4106: Unparsable date → 'peppeleppert'
[2025-08-20 14:14:53] ⚠️ Row 4107: Unparsable date → 'peppeleppert'
[2025-08-20 14:14:53] ⚠️ Row 4108: Unparsable date → 'peppeleppert'
[2025-08-20 14:14:53] ⚠️ Row 4109: Unparsable date → 'peppeleppert'
[2025-08-20 14:14:53] ⚠️ Row 4110: Unparsable date → 'peppeleppert'
[2025-08-20 14:14:53] ⚠️ Row 4111: Unparsable date → 'peppeleppert'
[2025-08-20 14:14:53] ⚠️ Row 4112: Unparsable date → 'peppeleppert'
[2025-08-20 14:14:53] ⚠️ Row 4113: Unparsable date → 'peppeleppert'
[2025-08-20 14:14:53] ⚠️ Row 4114: Unparsable date → 'peppeleppert'
[2025-08-20 14:14:53] ⚠️ Row 4115: Unparsable date → 'peppeleppert'
[2025-08-20 14:14:53] ⚠️ Row 4116: Unparsable date → 'peppeleppert'
[2025-08-20 14:14:53] ⚠️ Row 4117: Unparsable date → 'peppeleppert'
[2025-08-20 14:14:53] ⚠️ Row 4118: Unparsable date → 'peppeleppert'
[2025-08-20 14:14:53] ⚠️ Row 4119: Unparsable date → 'peppeleppert'
[2025-08-20 14:14:53] ⚠️ Row 4120: Unparsable date → 'peppeleppert'
[2025-08-20 14:14:53] ⚠️ Row 4121: Unparsable date → 'peppeleppert'
[2025-08-20 14:14:53] ⚠️ Row 4122: Unparsable date → 'peppeleppert'
[2025-08-20 14:14:53] ⚠️ Row 4123: Unparsable date → 'peppeleppert'
[2025-08-20 14:14:53] ⚠️ Row 4124: Unparsable date → 'peppeleppert'
[2025-08-20 14:14:53] ⚠️ Row 4125: Unparsable date → 'peppeleppert'
[2025-08-20 14:14:53] ⚠️ Row 4126: Unparsable date → 'peppeleppert'
[2025-08-20 14:14:53] ⚠️ Row 4127: Unparsable date → 'peppeleppert'
[2025-08-20 14:14:53] ⚠️ Row 4128: Unparsable date → 'peppeleppert'
[2025-08-20 14:14:53] ⚠️ Row 4129: Unparsable date → 'peppeleppert'
[2025-08-20 14:14:53] ⚠️ Row 4130: Unparsable date → 'peppeleppert'
[2025-08-20 14:14:53] ⚠️ Row 4131: Unparsable date → 'peppeleppert'
[2025-08-20 14:14:53] ⚠️ Row 4132: Unparsable date → 'peppeleppert'
[2025-08-20 14:14:53] ⚠️ Row 4133: Unparsable date → 'peppeleppert'
[2025-08-20 14:14:53] ⚠️ Row 4134: Unparsable date → 'peppeleppert'
[2025-08-20 14:14:53] ⚠️ Row 4135: Unparsable date → 'peppeleppert'
[2025-08-20 14:14:53] ⚠️ Row 4136: Unparsable date → 'peppeleppert'
[2025-08-20 14:14:53] ⚠️ Row 4137: Unparsable date → 'peppeleppert'
[2025-08-20 14:14:53] ⚠️ Row 4138: Unparsable date → 'peppeleppert'
[2025-08-20 14:14:53] ⚠️ Row 4139: Unparsable date → 'peppeleppert'
[2025-08-20 14:14:53] ⚠️ Row 4140: Unparsable date → 'peppeleppert'
[2025-08-20 14:14:53] ⚠️ Row 4141: Unparsable date → 'peppeleppert'
[2025-08-20 14:14:53] ⚠️ Row 4142: Unparsable date → 'peppeleppert'
[2025-08-20 14:14:53] ⚠️ Row 4143: Unparsable date → 'peppeleppert'
[2025-08-20 14:14:53] ⚠️ Row 4144: Unparsable date → 'peppeleppert'
[2025-08-20 14:14:53] ⚠️ Row 4145: Unparsable date → 'peppeleppert'
[2025-08-20 14:14:53] ⚠️ Row 4146: Unparsable date → 'peppeleppert'
[2025-08-20 14:14:53] ⚠️ Row 4147: Unparsable date → 'peppeleppert'
[2025-08-20 14:14:53] ⚠️ Row 4148: Unparsable date → 'peppeleppert'
[2025-08-20 14:14:53] ⚠️ Row 4149: Unparsable date → 'peppeleppert'
[2025-08-20 14:14:53] ⚠️ Row 4150: Unparsable date → 'peppeleppert'
[2025-08-20 14:14:53] ⚠️ Row 4151: Unparsable date → 'peppeleppert'
[2025-08-20 14:14:53] ⚠️ Row 4152: Unparsable date → 'peppeleppert'
[2025-08-20 14:14:53] ⚠️ Row 4153: Unparsable date → 'peppeleppert'
[2025-08-20 14:14:53] ⚠️ Row 4154: Unparsable date → 'peppeleppert'
[2025-08-20 14:14:53] ⚠️ Row 4155: Unparsable date → 'peppeleppert'
[2025-08-20 14:14:53] ⚠️ Row 4156: Unparsable date → 'peppeleppert'
[2025-08-20 14:14:53] ⚠️ Row 4157: Unparsable date → 'peppeleppert'
[2025-08-20 14:14:53] ⚠️ Row 4158: Unparsable date → 'peppeleppert'
[2025-08-20 14:14:53] ⚠️ Row 4159: Unparsable date → 'peppeleppert'
[2025-08-20 14:14:53] ⚠️ Row 4160: Unparsable date → 'peppeleppert'
[2025-08-20 14:14:53] ⚠️ Row 4161: Unparsable date → 'peppeleppert'
[2025-08-20 14:14:53] ⚠️ Row 4162: Unparsable date → 'peppeleppert'
[2025-08-20 14:14:53] ⚠️ Row 4163: Unparsable date → 'peppeleppert'
[2025-08-20 14:14:53] ⚠️ Row 4164: Unparsable date → 'peppeleppert'
[2025-08-20 14:14:53] ⚠️ Row 4165: Unparsable date → 'peppeleppert'
[2025-08-20 14:14:53] ⚠️ Row 4166: Unparsable date → 'peppeleppert'
[2025-08-20 14:14:53] ⚠️ Row 4167: Unparsable date → 'peppeleppert'
[2025-08-20 14:14:53] ⚠️ Row 4168: Unparsable date → 'peppeleppert'
[2025-08-20 14:14:53] ⚠️ Row 4169: Unparsable date → 'peppeleppert'
[2025-08-20 14:14:53] ⚠️ Row 4170: Unparsable date → 'peppeleppert'
[2025-08-20 14:14:53] ⚠️ Row 4171: Unparsable date → 'peppeleppert'
[2025-08-20 14:14:53] ⚠️ Row 4172: Unparsable date → 'peppeleppert'
[2025-08-20 14:14:53] ⚠️ Row 4173: Unparsable date → 'peppeleppert'
[2025-08-20 14:14:53] ⚠️ Row 4174: Unparsable date → 'peppeleppert'
[2025-08-20 14:14:53] ⚠️ Row 4175: Unparsable date → 'peppeleppert'
[2025-08-20 14:14:53] ⚠️ Row 4176: Unparsable date → 'peppeleppert'
[2025-08-20 14:14:53] ⚠️ Row 4177: Unparsable date → 'peppeleppert'
[2025-08-20 14:14:53] ⚠️ Row 4178: Unparsable date → 'peppeleppert'
[2025-08-20 14:14:53] ⚠️ Row 4179: Unparsable date → 'peppeleppert'
[2025-08-20 14:14:53] ⚠️ Row 4180: Unparsable date → 'peppeleppert'
[2025-08-20 14:14:53] ⚠️ Row 4181: Unparsable date → 'peppeleppert'
[2025-08-20 14:14:53] ⚠️ Row 4182: Unparsable date → 'peppeleppert'
[2025-08-20 14:14:53] ⚠️ Row 4183: Unparsable date → 'peppeleppert'
[2025-08-20 14:14:53] ⚠️ Row 4184: Unparsable date → 'peppeleppert'
[2025-08-20 14:14:53] ⚠️ Row 4185: Unparsable date → 'peppeleppert'
[2025-08-20 14:14:53] ⚠️ Row 4186: Unparsable date → 'peppeleppert'
[2025-08-20 14:14:53] ⚠️ Row 4187: Unparsable date → 'peppeleppert'
[2025-08-20 14:14:53] ⚠️ Row 4188: Unparsable date → 'peppeleppert'
[2025-08-20 14:14:53] ⚠️ Row 4189: Unparsable date → 'peppeleppert'
[2025-08-20 14:14:53] ⚠️ Row 4190: Unparsable date → 'peppeleppert'
[2025-08-20 14:14:53] ⚠️ Row 4191: Unparsable date → 'peppeleppert'
[2025-08-20 14:14:53] ⚠️ Row 4192: Unparsable date → 'peppeleppert'
[2025-08-20 14:14:53] ⚠️ Row 4193: Unparsable date → 'peppeleppert'
[2025-08-20 14:14:53] ⚠️ Row 4194: Unparsable date → 'peppeleppert'
[2025-08-20 14:14:53] ⚠️ Row 4195: Unparsable date → 'peppeleppert'
[2025-08-20 14:14:53] ⚠️ Row 4196: Unparsable date → 'peppeleppert'
[2025-08-20 14:14:53] ⚠️ Row 4197: Unparsable date → 'peppeleppert'
[2025-08-20 14:14:53] ⚠️ Row 4198: Unparsable date → 'peppeleppert'
[2025-08-20 14:14:53] ⚠️ Row 4199: Unparsable date → 'peppeleppert'
[2025-08-20 14:14:53] ⚠️ Row 4200: Unparsable date → 'peppeleppert'
[2025-08-20 14:14:53] ⚠️ Row 4201: Unparsable date → 'peppeleppert'
[2025-08-20 14:14:53] ⚠️ Row 4202: Unparsable date → 'peppeleppert'
[2025-08-20 14:14:53] ⚠️ Row 4203: Unparsable date → 'peppeleppert'
[2025-08-20 14:14:53] ⚠️ Row 4204: Unparsable date → 'peppeleppert'
[2025-08-20 14:14:53] ⚠️ Row 4205: Unparsable date → 'peppeleppert'
[2025-08-20 14:14:53] ⚠️ Row 4206: Unparsable date → 'peppeleppert'
[2025-08-20 14:14:53] ⚠️ Row 4207: Unparsable date → 'peppeleppert'
[2025-08-20 14:14:53] ⚠️ Row 4208: Unparsable date → 'peppeleppert'
[2025-08-20 14:14:53] ⚠️ Row 4209: Unparsable date → 'peppeleppert'
[2025-08-20 14:14:53] ⚠️ Row 4210: Unparsable date → 'peppeleppert'
[2025-08-20 14:14:53] ⚠️ Row 4211: Unparsable date → 'peppeleppert'
[2025-08-20 14:14:53] ⚠️ Row 4212: Unparsable date → 'peppeleppert'
[2025-08-20 14:14:53] ⚠️ Row 4213: Unparsable date → 'peppeleppert'
[2025-08-20 14:14:53] ⚠️ Row 4214: Unparsable date → 'peppeleppert'
[2025-08-20 14:14:53] ⚠️ Row 4215: Unparsable date → 'peppeleppert'
[2025-08-20 14:14:53] ⚠️ Row 4216: Unparsable date → 'peppeleppert'
[2025-08-20 14:14:53] ⚠️ Row 4217: Unparsable date → 'peppeleppert'
[2025-08-20 14:14:53] ⚠️ Row 4218: Unparsable date → 'peppeleppert'
[2025-08-20 14:14:53] ⚠️ Row 4219: Unparsable date → 'peppeleppert'
[2025-08-20 14:14:53] ⚠️ Row 4220: Unparsable date → 'peppeleppert'
[2025-08-20 14:14:53] ⚠️ Row 4221: Unparsable date → 'peppeleppert'
[2025-08-20 14:14:53] ⚠️ Row 4222: Unparsable date → 'peppeleppert'
[2025-08-20 14:14:53] ⚠️ Row 4223: Unparsable date → 'peppeleppert'
[2025-08-20 14:14:53] ⚠️ Row 4224: Unparsable date → 'peppeleppert'
[2025-08-20 14:14:53] ⚠️ Row 4225: Unparsable date → 'peppeleppert'
[2025-08-20 14:14:53] ⚠️ Row 4226: Unparsable date → 'peppeleppert'
[2025-08-20 14:14:53] ⚠️ Row 4227: Unparsable date → 'peppeleppert'
[2025-08-20 14:14:53] ⚠️ Row 4228: Unparsable date → 'peppeleppert'
[2025-08-20 14:14:53] ⚠️ Row 4229: Unparsable date → 'peppeleppert'
[2025-08-20 14:14:53] ⚠️ Row 4230: Unparsable date → 'peppeleppert'
[2025-08-20 14:14:53] ⚠️ Row 4231: Unparsable date → 'peppeleppert'
[2025-08-20 14:14:53] ⚠️ Row 4232: Unparsable date → 'peppeleppert'
[2025-08-20 14:14:53] ⚠️ Row 4233: Unparsable date → 'peppeleppert'
[2025-08-20 14:14:53] ⚠️ Row 4234: Unparsable date → 'peppeleppert'
[2025-08-20 14:14:53] ⚠️ Row 4235: Unparsable date → 'peppeleppert'
[2025-08-20 14:14:53] ⚠️ Row 4236: Unparsable date → 'peppeleppert'
[2025-08-20 14:14:53] ⚠️ Row 4237: Unparsable date → 'peppeleppert'
[2025-08-20 14:14:53] ⚠️ Row 4238: Unparsable date → 'peppeleppert'
[2025-08-20 14:14:53] ⚠️ Row 4239: Unparsable date → 'peppeleppert'
[2025-08-20 14:14:53] ⚠️ Row 4240: Unparsable date → 'peppeleppert'
[2025-08-20 14:14:53] ⚠️ Row 4241: Unparsable date → 'peppeleppert'
[2025-08-20 14:14:53] ⚠️ Row 4242: Unparsable date → 'peppeleppert'
[2025-08-20 14:14:53] ⚠️ Row 4243: Unparsable date → 'peppeleppert'
[2025-08-20 14:14:53] ⚠️ Row 4244: Unparsable date → 'peppeleppert'
[2025-08-20 14:14:53] ⚠️ Row 4245: Unparsable date → 'peppeleppert'
[2025-08-20 14:14:53] ⚠️ Row 4246: Unparsable date → 'peppeleppert'
[2025-08-20 14:14:53] ⚠️ Row 4247: Unparsable date → 'peppeleppert'
[2025-08-20 14:14:53] ⚠️ Row 4248: Unparsable date → 'peppeleppert'
[2025-08-20 14:14:53] ⚠️ Row 4249: Unparsable date → 'peppeleppert'
[2025-08-20 14:14:53] ⚠️ Row 4250: Unparsable date → 'peppeleppert'
[2025-08-20 14:14:53] ⚠️ Row 4251: Unparsable date → 'peppeleppert'
[2025-08-20 14:14:53] ⚠️ Row 4252: Unparsable date → 'peppeleppert'
[2025-08-20 14:14:53] ⚠️ Row 4253: Unparsable date → 'peppeleppert'
[2025-08-20 14:14:53] ⚠️ Row 4254: Unparsable date → 'peppeleppert'
[2025-08-20 14:14:53] ⚠️ Row 4255: Unparsable date → 'peppeleppert'
[2025-08-20 14:14:53] ⚠️ Row 4256: Unparsable date → 'peppeleppert'
[2025-08-20 14:14:53] ⚠️ Row 4257: Unparsable date → 'peppeleppert'
[2025-08-20 14:14:53] ⚠️ Row 4258: Unparsable date → 'peppeleppert'
[2025-08-20 14:14:53] ⚠️ Row 4259: Unparsable date → 'peppeleppert'
[2025-08-20 14:14:53] ⚠️ Row 4260: Unparsable date → 'peppeleppert'
[2025-08-20 14:14:53] ⚠️ Row 4261: Unparsable date → 'peppeleppert'
[2025-08-20 14:14:53] ⚠️ Row 4262: Unparsable date → 'peppeleppert'
[2025-08-20 14:14:53] ⚠️ Row 4263: Unparsable date → 'peppeleppert'
[2025-08-20 14:14:53] ⚠️ Row 4264: Unparsable date → 'peppeleppert'
[2025-08-20 14:14:53] ⚠️ Row 4265: Unparsable date → 'peppeleppert'
[2025-08-20 14:14:53] ⚠️ Row 4266: Unparsable date → 'peppeleppert'
[2025-08-20 14:14:53] ⚠️ Row 4267: Unparsable date → 'peppeleppert'
[2025-08-20 14:14:53] ⚠️ Row 4268: Unparsable date → 'peppeleppert'
[2025-08-20 14:14:53] ⚠️ Row 4269: Unparsable date → 'peppeleppert'
[2025-08-20 14:14:53] ⚠️ Row 4270: Unparsable date → 'peppeleppert'
[2025-08-20 14:14:53] ⚠️ Row 4271: Unparsable date → 'peppeleppert'
[2025-08-20 14:14:53] ⚠️ Row 4272: Unparsable date → 'peppeleppert'
[2025-08-20 14:14:53] ⚠️ Row 4273: Unparsable date → 'peppeleppert'
[2025-08-20 14:14:53] ⚠️ Row 4274: Unparsable date → 'peppeleppert'
[2025-08-20 14:14:53] ⚠️ Row 4275: Unparsable date → 'peppeleppert'
[2025-08-20 14:14:53] ⚠️ Row 4276: Unparsable date → 'peppeleppert'
[2025-08-20 14:14:53] ⚠️ Row 4277: Unparsable date → 'peppeleppert'
[2025-08-20 14:14:53] ⚠️ Row 4278: Unparsable date → 'peppeleppert'
[2025-08-20 14:14:54] ⚠️ Row 4279: Unparsable date → 'peppeleppert'
[2025-08-20 14:14:54] ⚠️ Row 4280: Unparsable date → 'peppeleppert'
[2025-08-20 14:14:54] ⚠️ Row 4281: Unparsable date → 'peppeleppert'
[2025-08-20 14:14:54] ⚠️ Row 4282: Unparsable date → 'peppeleppert'
[2025-08-20 14:14:54] ⚠️ Row 4283: Unparsable date → 'peppeleppert'
[2025-08-20 14:14:54] ⚠️ Row 4284: Unparsable date → 'peppeleppert'
[2025-08-20 14:14:54] ⚠️ Row 4285: Unparsable date → 'peppeleppert'
[2025-08-20 14:14:54] ⚠️ Row 4286: Unparsable date → 'peppeleppert'
[2025-08-20 14:14:54] ⚠️ Row 4287: Unparsable date → 'peppeleppert'
[2025-08-20 14:14:54] ⚠️ Row 4288: Unparsable date → 'peppeleppert'
[2025-08-20 14:14:54] ⚠️ Row 4289: Unparsable date → 'peppeleppert'
[2025-08-20 14:14:54] ⚠️ Row 4290: Unparsable date → 'peppeleppert'
[2025-08-20 14:14:54] ⚠️ Row 4291: Unparsable date → 'peppeleppert'
[2025-08-20 14:14:54] ⚠️ Row 4292: Unparsable date → 'peppeleppert'
[2025-08-20 14:14:54] ⚠️ Row 4293: Unparsable date → 'peppeleppert'
[2025-08-20 14:14:54] ⚠️ Row 4294: Unparsable date → 'peppeleppert'
[2025-08-20 14:14:54] ⚠️ Row 4295: Unparsable date → 'peppeleppert'
[2025-08-20 14:14:54] ⚠️ Row 4296: Unparsable date → 'peppeleppert'
[2025-08-20 14:14:54] ⚠️ Row 4297: Unparsable date → 'peppeleppert'
[2025-08-20 14:14:54] ⚠️ Row 4298: Unparsable date → 'peppeleppert'
[2025-08-20 14:14:54] ⚠️ Row 4299: Unparsable date → 'peppeleppert'
[2025-08-20 14:14:54] ⚠️ Row 4300: Unparsable date → 'peppeleppert'
[2025-08-20 14:14:54] ⚠️ Row 4301: Unparsable date → 'peppeleppert'
[2025-08-20 14:14:54] ⚠️ Row 4302: Unparsable date → 'peppeleppert'
[2025-08-20 14:14:54] ⚠️ Row 4303: Unparsable date → 'peppeleppert'
[2025-08-20 14:14:54] ⚠️ Row 4304: Unparsable date → 'peppeleppert'
[2025-08-20 14:14:54] ⚠️ Row 4305: Unparsable date → 'peppeleppert'
[2025-08-20 14:14:54] ⚠️ Row 4306: Unparsable date → 'peppeleppert'
[2025-08-20 14:14:54] ⚠️ Row 4307: Unparsable date → 'peppeleppert'
[2025-08-20 14:14:54] ⚠️ Row 4308: Unparsable date → 'peppeleppert'
[2025-08-20 14:14:54] ⚠️ Row 4309: Unparsable date → 'peppeleppert'
[2025-08-20 14:14:54] ⚠️ Row 4310: Unparsable date → 'peppeleppert'
[2025-08-20 14:14:54] ⚠️ Row 4311: Unparsable date → 'peppeleppert'
[2025-08-20 14:14:54] ⚠️ Row 4312: Unparsable date → 'peppeleppert'
[2025-08-20 14:14:54] ⚠️ Row 4313: Unparsable date → 'peppeleppert'
[2025-08-20 14:14:54] ⚠️ Row 4314: Unparsable date → 'peppeleppert'
[2025-08-20 14:14:54] ⚠️ Row 4315: Unparsable date → 'peppeleppert'
[2025-08-20 14:14:54] ⚠️ Row 4316: Unparsable date → 'peppeleppert'
[2025-08-20 14:14:54] ⚠️ Row 4317: Unparsable date → 'peppeleppert'
[2025-08-20 14:14:54] ⚠️ Row 4318: Unparsable date → 'peppeleppert'
[2025-08-20 14:14:54] ⚠️ Row 4319: Unparsable date → 'peppeleppert'
[2025-08-20 14:14:54] ⚠️ Row 4320: Unparsable date → 'peppeleppert'
[2025-08-20 14:14:54] ⚠️ Row 4321: Unparsable date → 'peppeleppert'
[2025-08-20 14:14:54] ⚠️ Row 4322: Unparsable date → 'peppeleppert'
[2025-08-20 14:14:54] ⚠️ Row 4323: Unparsable date → 'peppeleppert'
[2025-08-20 14:14:54] ⚠️ Row 4324: Unparsable date → 'peppeleppert'
[2025-08-20 14:14:54] ⚠️ Row 4325: Unparsable date → 'peppeleppert'
[2025-08-20 14:14:54] ⚠️ Row 4326: Unparsable date → 'peppeleppert'
[2025-08-20 14:14:54] ⚠️ Row 4327: Unparsable date → 'peppeleppert'
[2025-08-20 14:14:54] ⚠️ Row 4328: Unparsable date → 'peppeleppert'
[2025-08-20 14:14:54] ⚠️ Row 4329: Unparsable date → 'peppeleppert'
[2025-08-20 14:14:54] ⚠️ Row 4330: Unparsable date → 'peppeleppert'
[2025-08-20 14:14:54] ⚠️ Row 4331: Unparsable date → 'peppeleppert'
[2025-08-20 14:14:54] ⚠️ Row 4332: Unparsable date → 'peppeleppert'
[2025-08-20 14:14:54] ⚠️ Row 4333: Unparsable date → 'peppeleppert'
[2025-08-20 14:14:54] ⚠️ Row 4334: Unparsable date → 'peppeleppert'
[2025-08-20 14:14:54] ⚠️ Row 4335: Unparsable date → 'peppeleppert'
[2025-08-20 14:14:54] ⚠️ Row 4336: Unparsable date → 'peppeleppert'
[2025-08-20 14:14:54] ⚠️ Row 4337: Unparsable date → 'peppeleppert'
[2025-08-20 14:14:54] ⚠️ Row 4338: Unparsable date → 'peppeleppert'
[2025-08-20 14:14:54] ⚠️ Row 4339: Unparsable date → 'peppeleppert'
[2025-08-20 14:14:54] ⚠️ Row 4340: Unparsable date → 'peppeleppert'
[2025-08-20 14:14:54] ⚠️ Row 4341: Unparsable date → 'peppeleppert'
[2025-08-20 14:14:54] ⚠️ Row 4342: Unparsable date → 'peppeleppert'
[2025-08-20 14:14:54] ⚠️ Row 4343: Unparsable date → 'peppeleppert'
[2025-08-20 14:14:54] ⚠️ Row 4344: Unparsable date → 'peppeleppert'
[2025-08-20 14:14:54] ⚠️ Row 4345: Unparsable date → 'peppeleppert'
[2025-08-20 14:14:54] ⚠️ Row 4346: Unparsable date → 'peppeleppert'
[2025-08-20 14:14:54] ⚠️ Row 4347: Unparsable date → 'peppeleppert'
[2025-08-20 14:14:54] ⚠️ Row 4348: Unparsable date → 'peppeleppert'
[2025-08-20 14:14:54] ⚠️ Row 4349: Unparsable date → 'peppeleppert'
[2025-08-20 14:14:54] ⚠️ Row 4350: Unparsable date → 'peppeleppert'
[2025-08-20 14:14:54] ⚠️ Row 4351: Unparsable date → 'peppeleppert'
[2025-08-20 14:14:54] ⚠️ Row 4352: Unparsable date → 'peppeleppert'
[2025-08-20 14:14:54] ⚠️ Row 4353: Unparsable date → 'peppeleppert'
[2025-08-20 14:14:54] ⚠️ Row 4354: Unparsable date → 'peppeleppert'
[2025-08-20 14:14:54] ⚠️ Row 4355: Unparsable date → 'peppeleppert'
[2025-08-20 14:14:54] ⚠️ Row 4356: Unparsable date → 'peppeleppert'
[2025-08-20 14:14:54] ⚠️ Row 4357: Unparsable date → 'peppeleppert'
[2025-08-20 14:14:54] ⚠️ Row 4358: Unparsable date → 'peppeleppert'
[2025-08-20 14:14:54] ⚠️ Row 4359: Unparsable date → 'peppeleppert'
[2025-08-20 14:14:54] ⚠️ Row 4360: Unparsable date → 'peppeleppert'
[2025-08-20 14:14:54] ⚠️ Row 4361: Unparsable date → 'peppeleppert'
[2025-08-20 14:14:54] ⚠️ Row 4362: Unparsable date → 'peppeleppert'
[2025-08-20 14:14:54] ⚠️ Row 4363: Unparsable date → 'peppeleppert'
[2025-08-20 14:14:54] ⚠️ Row 4364: Unparsable date → 'peppeleppert'
[2025-08-20 14:14:54] ⚠️ Row 4365: Unparsable date → 'peppeleppert'
[2025-08-20 14:14:54] ⚠️ Row 4366: Unparsable date → 'peppeleppert'
[2025-08-20 14:14:54] ⚠️ Row 4367: Unparsable date → 'peppeleppert'
[2025-08-20 14:14:54] ⚠️ Row 4368: Unparsable date → 'peppeleppert'
[2025-08-20 14:14:54] ⚠️ Row 4369: Unparsable date → 'peppeleppert'
[2025-08-20 14:14:54] ⚠️ Row 4370: Unparsable date → 'peppeleppert'
[2025-08-20 14:14:54] ⚠️ Row 4371: Unparsable date → 'peppeleppert'
[2025-08-20 14:14:54] ⚠️ Row 4372: Unparsable date → 'peppeleppert'
[2025-08-20 14:14:54] ⚠️ Row 4373: Unparsable date → 'peppeleppert'
[2025-08-20 14:14:54] ⚠️ Row 4374: Unparsable date → 'peppeleppert'
[2025-08-20 14:14:54] ⚠️ Row 4375: Unparsable date → 'peppeleppert'
[2025-08-20 14:14:54] ⚠️ Row 4376: Unparsable date → 'peppeleppert'
[2025-08-20 14:14:54] ⚠️ Row 4377: Unparsable date → 'peppeleppert'
[2025-08-20 14:14:54] ⚠️ Row 4378: Unparsable date → 'peppeleppert'
[2025-08-20 14:14:54] ⚠️ Row 4379: Unparsable date → 'peppeleppert'
[2025-08-20 14:14:54] ⚠️ Row 4380: Unparsable date → 'peppeleppert'
[2025-08-20 14:14:54] ⚠️ Row 4381: Unparsable date → 'peppeleppert'
[2025-08-20 14:14:54] ⚠️ Row 4382: Unparsable date → 'peppeleppert'
[2025-08-20 14:14:54] ⚠️ Row 4383: Unparsable date → 'peppeleppert'
[2025-08-20 14:14:54] ⚠️ Row 4384: Unparsable date → 'peppeleppert'
[2025-08-20 14:14:54] ⚠️ Row 4385: Unparsable date → 'peppeleppert'
[2025-08-20 14:14:54] ⚠️ Row 4386: Unparsable date → 'peppeleppert'
[2025-08-20 14:14:54] ⚠️ Row 4387: Unparsable date → 'peppeleppert'
[2025-08-20 14:14:54] ⚠️ Row 4388: Unparsable date → 'peppeleppert'
[2025-08-20 14:14:54] ⚠️ Row 4389: Unparsable date → 'peppeleppert'
[2025-08-20 14:14:54] ⚠️ Row 4390: Unparsable date → 'peppeleppert'
[2025-08-20 14:14:54] ⚠️ Row 4391: Unparsable date → 'peppeleppert'
[2025-08-20 14:14:54] ⚠️ Row 4392: Unparsable date → 'peppeleppert'
[2025-08-20 14:14:54] ⚠️ Row 4393: Unparsable date → 'peppeleppert'
[2025-08-20 14:14:54] ⚠️ Row 4394: Unparsable date → 'peppeleppert'
[2025-08-20 14:14:54] ⚠️ Row 4395: Unparsable date → 'peppeleppert'
[2025-08-20 14:14:54] ⚠️ Row 4396: Unparsable date → 'peppeleppert'
[2025-08-20 14:14:54] ⚠️ Row 4397: Unparsable date → 'peppeleppert'
[2025-08-20 14:14:54] ⚠️ Row 4398: Unparsable date → 'peppeleppert'
[2025-08-20 14:14:54] ⚠️ Row 4399: Unparsable date → 'peppeleppert'
[2025-08-20 14:14:54] ⚠️ Row 4400: Unparsable date → 'peppeleppert'
[2025-08-20 14:14:54] ⚠️ Row 4401: Unparsable date → 'peppeleppert'
[2025-08-20 14:14:54] ⚠️ Row 4402: Unparsable date → 'peppeleppert'
[2025-08-20 14:14:54] ⚠️ Row 4403: Unparsable date → 'peppeleppert'
[2025-08-20 14:14:54] ⚠️ Row 4404: Unparsable date → 'peppeleppert'
[2025-08-20 14:14:54] ⚠️ Row 4405: Unparsable date → 'peppeleppert'
[2025-08-20 14:14:54] ⚠️ Row 4406: Unparsable date → 'peppeleppert'
[2025-08-20 14:14:54] ⚠️ Row 4407: Unparsable date → 'peppeleppert'
[2025-08-20 14:14:54] ⚠️ Row 4408: Unparsable date → 'peppeleppert'
[2025-08-20 14:14:54] ⚠️ Row 4409: Unparsable date → 'peppeleppert'
[2025-08-20 14:14:54] ⚠️ Row 4410: Unparsable date → 'peppeleppert'
[2025-08-20 14:14:54] ⚠️ Row 4411: Unparsable date → 'peppeleppert'
[2025-08-20 14:14:54] ⚠️ Row 4412: Unparsable date → 'peppeleppert'
[2025-08-20 14:14:54] ⚠️ Row 4413: Unparsable date → 'peppeleppert'
[2025-08-20 14:14:54] ⚠️ Row 4414: Unparsable date → 'peppeleppert'
[2025-08-20 14:14:54] ⚠️ Row 4415: Unparsable date → 'peppeleppert'
[2025-08-20 14:14:54] ⚠️ Row 4416: Unparsable date → 'peppeleppert'
[2025-08-20 14:14:54] ⚠️ Row 4417: Unparsable date → 'peppeleppert'
[2025-08-20 14:14:54] ⚠️ Row 4418: Unparsable date → 'peppeleppert'
[2025-08-20 14:14:54] ⚠️ Row 4419: Unparsable date → 'peppeleppert'
[2025-08-20 14:14:54] ⚠️ Row 4420: Unparsable date → 'peppeleppert'
[2025-08-20 14:14:54] ⚠️ Row 4421: Unparsable date → 'peppeleppert'
[2025-08-20 14:14:54] ⚠️ Row 4422: Unparsable date → 'peppeleppert'
[2025-08-20 14:14:54] ⚠️ Row 4423: Unparsable date → 'peppeleppert'
[2025-08-20 14:14:54] ⚠️ Row 4424: Unparsable date → 'peppeleppert'
[2025-08-20 14:14:54] ⚠️ Row 4425: Unparsable date → 'peppeleppert'
[2025-08-20 14:14:54] ⚠️ Row 4426: Unparsable date → 'peppeleppert'
[2025-08-20 14:14:54] ⚠️ Row 4427: Unparsable date → 'peppeleppert'
[2025-08-20 14:14:54] ⚠️ Row 4428: Unparsable date → 'peppeleppert'
[2025-08-20 14:14:54] ⚠️ Row 4429: Unparsable date → 'peppeleppert'
[2025-08-20 14:14:54] ⚠️ Row 4430: Unparsable date → 'peppeleppert'
[2025-08-20 14:14:54] ⚠️ Row 4431: Unparsable date → 'peppeleppert'
[2025-08-20 14:14:54] ⚠️ Row 4432: Unparsable date → 'peppeleppert'
[2025-08-20 14:14:54] ⚠️ Row 4433: Unparsable date → 'peppeleppert'
[2025-08-20 14:14:54] ⚠️ Row 4434: Unparsable date → 'peppeleppert'
[2025-08-20 14:14:54] ⚠️ Row 4435: Unparsable date → 'peppeleppert'
[2025-08-20 14:14:54] ⚠️ Row 4436: Unparsable date → 'peppeleppert'
[2025-08-20 14:14:54] ⚠️ Row 4437: Unparsable date → 'peppeleppert'
[2025-08-20 14:14:54] ⚠️ Row 4438: Unparsable date → 'peppeleppert'
[2025-08-20 14:14:54] ⚠️ Row 4439: Unparsable date → 'peppeleppert'
[2025-08-20 14:14:54] ⚠️ Row 4440: Unparsable date → 'peppeleppert'
[2025-08-20 14:14:54] ⚠️ Row 4441: Unparsable date → 'peppeleppert'
[2025-08-20 14:14:54] ⚠️ Row 4442: Unparsable date → 'peppeleppert'
[2025-08-20 14:14:54] ⚠️ Row 4443: Unparsable date → 'peppeleppert'
[2025-08-20 14:14:54] ⚠️ Row 4444: Unparsable date → 'peppeleppert'
[2025-08-20 14:14:54] ⚠️ Row 4445: Unparsable date → 'peppeleppert'
[2025-08-20 14:14:54] ⚠️ Row 4446: Unparsable date → 'peppeleppert'
[2025-08-20 14:14:54] ⚠️ Row 4447: Unparsable date → 'peppeleppert'
[2025-08-20 14:14:54] ⚠️ Row 4448: Unparsable date → 'peppeleppert'
[2025-08-20 14:14:54] ⚠️ Row 4449: Unparsable date → 'peppeleppert'
[2025-08-20 14:14:54] ⚠️ Row 4450: Unparsable date → 'peppeleppert'
[2025-08-20 14:14:54] ⚠️ Row 4451: Unparsable date → 'peppeleppert'
[2025-08-20 14:14:54] ⚠️ Row 4452: Unparsable date → 'peppeleppert'
[2025-08-20 14:14:54] ⚠️ Row 4453: Unparsable date → 'peppeleppert'
[2025-08-20 14:14:54] ⚠️ Row 4454: Unparsable date → 'peppeleppert'
[2025-08-20 14:14:54] ⚠️ Row 4455: Unparsable date → 'peppeleppert'
[2025-08-20 14:14:54] ⚠️ Row 4456: Unparsable date → 'peppeleppert'
[2025-08-20 14:14:54] ⚠️ Row 4457: Unparsable date → 'peppeleppert'
[2025-08-20 14:14:54] ⚠️ Row 4458: Unparsable date → 'peppeleppert'
[2025-08-20 14:14:54] ⚠️ Row 4459: Unparsable date → 'peppeleppert'
[2025-08-20 14:14:54] ⚠️ Row 4460: Unparsable date → 'peppeleppert'
[2025-08-20 14:14:54] ⚠️ Row 4461: Unparsable date → 'peppeleppert'
[2025-08-20 14:14:54] ⚠️ Row 4462: Unparsable date → 'peppeleppert'
[2025-08-20 14:14:54] ⚠️ Row 4463: Unparsable date → 'peppeleppert'
[2025-08-20 14:14:54] ⚠️ Row 4464: Unparsable date → 'peppeleppert'
[2025-08-20 14:14:54] ⚠️ Row 4465: Unparsable date → 'peppeleppert'
[2025-08-20 14:14:54] ⚠️ Row 4466: Unparsable date → 'peppeleppert'
[2025-08-20 14:14:54] ⚠️ Row 4467: Unparsable date → 'peppeleppert'
[2025-08-20 14:14:54] ⚠️ Row 4468: Unparsable date → 'peppeleppert'
[2025-08-20 14:14:54] ⚠️ Row 4469: Unparsable date → 'peppeleppert'
[2025-08-20 14:14:54] ⚠️ Row 4470: Unparsable date → 'peppeleppert'
[2025-08-20 14:14:54] ⚠️ Row 4471: Unparsable date → 'peppeleppert'
[2025-08-20 14:14:54] ⚠️ Row 4472: Unparsable date → 'peppeleppert'
[2025-08-20 14:14:54] ⚠️ Row 4473: Unparsable date → 'peppeleppert'
[2025-08-20 14:14:54] ⚠️ Row 4474: Unparsable date → 'peppeleppert'
[2025-08-20 14:14:54] ⚠️ Row 4475: Unparsable date → 'peppeleppert'
[2025-08-20 14:14:54] ⚠️ Row 4476: Unparsable date → 'peppeleppert'
[2025-08-20 14:14:54] ⚠️ Row 4477: Unparsable date → 'peppeleppert'
[2025-08-20 14:14:54] ⚠️ Row 4478: Unparsable date → 'peppeleppert'
[2025-08-20 14:14:54] ⚠️ Row 4479: Unparsable date → 'peppeleppert'
[2025-08-20 14:14:54] ⚠️ Row 4480: Unparsable date → 'peppeleppert'
[2025-08-20 14:14:54] ⚠️ Row 4481: Unparsable date → 'peppeleppert'
[2025-08-20 14:14:54] ⚠️ Row 4482: Unparsable date → 'peppeleppert'
[2025-08-20 14:14:54] ⚠️ Row 4483: Unparsable date → 'peppeleppert'
[2025-08-20 14:14:54] ⚠️ Row 4484: Unparsable date → 'peppeleppert'
[2025-08-20 14:14:54] ⚠️ Row 4485: Unparsable date → 'peppeleppert'
[2025-08-20 14:14:54] ⚠️ Row 4486: Unparsable date → 'peppeleppert'
[2025-08-20 14:14:54] ⚠️ Row 4487: Unparsable date → 'peppeleppert'
[2025-08-20 14:14:54] ⚠️ Row 4488: Unparsable date → 'peppeleppert'
[2025-08-20 14:14:54] ⚠️ Row 4489: Unparsable date → 'peppeleppert'
[2025-08-20 14:14:54] ⚠️ Row 4490: Unparsable date → 'peppeleppert'
[2025-08-20 14:14:54] ⚠️ Row 4491: Unparsable date → 'peppeleppert'
[2025-08-20 14:14:54] ⚠️ Row 4492: Unparsable date → 'peppeleppert'
[2025-08-20 14:14:54] ⚠️ Row 4493: Unparsable date → 'peppeleppert'
[2025-08-20 14:14:54] ⚠️ Row 4494: Unparsable date → 'peppeleppert'
[2025-08-20 14:14:54] ⚠️ Row 4495: Unparsable date → 'peppeleppert'
[2025-08-20 14:14:54] ⚠️ Row 4496: Unparsable date → 'peppeleppert'
[2025-08-20 14:14:54] ⚠️ Row 4497: Unparsable date → 'peppeleppert'
[2025-08-20 14:14:54] ⚠️ Row 4498: Unparsable date → 'peppeleppert'
[2025-08-20 14:14:54] ⚠️ Row 4499: Unparsable date → 'peppeleppert'
[2025-08-20 14:14:54] ⚠️ Row 4500: Unparsable date → 'peppeleppert'
[2025-08-20 14:14:54] ⚠️ Row 4501: Unparsable date → 'peppeleppert'
[2025-08-20 14:14:54] ⚠️ Row 4502: Unparsable date → 'peppeleppert'
[2025-08-20 14:14:54] ⚠️ Row 4503: Unparsable date → 'peppeleppert'
[2025-08-20 14:14:54] ⚠️ Row 4504: Unparsable date → 'peppeleppert'
[2025-08-20 14:14:54] ⚠️ Row 4505: Unparsable date → 'peppeleppert'
[2025-08-20 14:14:54] ⚠️ Row 4506: Unparsable date → 'peppeleppert'
[2025-08-20 14:14:54] ⚠️ Row 4507: Unparsable date → 'peppeleppert'
[2025-08-20 14:14:54] ⚠️ Row 4508: Unparsable date → 'peppeleppert'
[2025-08-20 14:14:54] ⚠️ Row 4509: Unparsable date → 'peppeleppert'
[2025-08-20 14:14:54] ⚠️ Row 4510: Unparsable date → 'peppeleppert'
[2025-08-20 14:14:54] ⚠️ Row 4511: Unparsable date → 'peppeleppert'
[2025-08-20 14:14:54] ⚠️ Row 4512: Unparsable date → 'peppeleppert'
[2025-08-20 14:14:54] ⚠️ Row 4513: Unparsable date → 'peppeleppert'
[2025-08-20 14:14:54] ⚠️ Row 4514: Unparsable date → 'peppeleppert'
[2025-08-20 14:14:54] ⚠️ Row 4515: Unparsable date → 'peppeleppert'
[2025-08-20 14:14:54] ⚠️ Row 4516: Unparsable date → 'peppeleppert'
[2025-08-20 14:14:54] ⚠️ Row 4517: Unparsable date → 'peppeleppert'
[2025-08-20 14:14:54] ⚠️ Row 4518: Unparsable date → 'peppeleppert'
[2025-08-20 14:14:54] ⚠️ Row 4519: Unparsable date → 'peppeleppert'
[2025-08-20 14:14:54] ⚠️ Row 4520: Unparsable date → 'peppeleppert'
[2025-08-20 14:14:54] ⚠️ Row 4521: Unparsable date → 'peppeleppert'
[2025-08-20 14:14:54] ⚠️ Row 4522: Unparsable date → 'peppeleppert'
[2025-08-20 14:14:54] ⚠️ Row 4523: Unparsable date → 'peppeleppert'
[2025-08-20 14:14:54] ⚠️ Row 4524: Unparsable date → 'peppeleppert'
[2025-08-20 14:14:54] ⚠️ Row 4525: Unparsable date → 'peppeleppert'
[2025-08-20 14:14:54] ⚠️ Row 4526: Unparsable date → 'peppeleppert'
[2025-08-20 14:14:54] ⚠️ Row 4527: Unparsable date → 'peppeleppert'
[2025-08-20 14:14:54] ⚠️ Row 4528: Unparsable date → 'peppeleppert'
[2025-08-20 14:14:54] ⚠️ Row 4529: Unparsable date → 'peppeleppert'
[2025-08-20 14:14:54] ⚠️ Row 4530: Unparsable date → 'peppeleppert'
[2025-08-20 14:14:54] ⚠️ Row 4531: Unparsable date → 'peppeleppert'
[2025-08-20 14:14:54] ⚠️ Row 4532: Unparsable date → 'peppeleppert'
[2025-08-20 14:14:54] ⚠️ Row 4533: Unparsable date → 'peppeleppert'
[2025-08-20 14:14:54] ⚠️ Row 4534: Unparsable date → 'peppeleppert'
[2025-08-20 14:14:54] ⚠️ Row 4535: Unparsable date → 'peppeleppert'
[2025-08-20 14:14:54] ⚠️ Row 4536: Unparsable date → 'peppeleppert'
[2025-08-20 14:14:54] ⚠️ Row 4537: Unparsable date → 'peppeleppert'
[2025-08-20 14:14:54] ⚠️ Row 4538: Unparsable date → 'peppeleppert'
[2025-08-20 14:14:54] ⚠️ Row 4539: Unparsable date → 'peppeleppert'
[2025-08-20 14:14:54] ⚠️ Row 4540: Unparsable date → 'peppeleppert'
[2025-08-20 14:14:54] ⚠️ Row 4541: Unparsable date → 'peppeleppert'
[2025-08-20 14:14:54] ⚠️ Row 4542: Unparsable date → 'peppeleppert'
[2025-08-20 14:14:54] ⚠️ Row 4543: Unparsable date → 'peppeleppert'
[2025-08-20 14:14:54] ⚠️ Row 4544: Unparsable date → 'peppeleppert'
[2025-08-20 14:14:54] ⚠️ Row 4545: Unparsable date → 'peppeleppert'
[2025-08-20 14:14:54] ⚠️ Row 4546: Unparsable date → 'peppeleppert'
[2025-08-20 14:14:54] ⚠️ Row 4547: Unparsable date → 'peppeleppert'
[2025-08-20 14:14:54] ⚠️ Row 4548: Unparsable date → 'peppeleppert'
[2025-08-20 14:14:54] ⚠️ Row 4549: Unparsable date → 'peppeleppert'
[2025-08-20 14:14:54] ⚠️ Row 4550: Unparsable date → 'peppeleppert'
[2025-08-20 14:14:54] ⚠️ Row 4551: Unparsable date → 'peppeleppert'
[2025-08-20 14:14:54] ⚠️ Row 4552: Unparsable date → 'peppeleppert'
[2025-08-20 14:14:54] ⚠️ Row 4553: Unparsable date → 'peppeleppert'
[2025-08-20 14:14:54] ⚠️ Row 4554: Unparsable date → 'peppeleppert'
[2025-08-20 14:14:54] ⚠️ Row 4555: Unparsable date → 'peppeleppert'
[2025-08-20 14:14:54] ⚠️ Row 4556: Unparsable date → 'peppeleppert'
[2025-08-20 14:14:54] ⚠️ Row 4557: Unparsable date → 'peppeleppert'
[2025-08-20 14:14:54] ⚠️ Row 4558: Unparsable date → 'peppeleppert'
[2025-08-20 14:14:54] ⚠️ Row 4559: Unparsable date → 'peppeleppert'
[2025-08-20 14:14:54] ⚠️ Row 4560: Unparsable date → 'peppeleppert'
[2025-08-20 14:14:54] ⚠️ Row 4561: Unparsable date → 'peppeleppert'
[2025-08-20 14:14:54] ⚠️ Row 4562: Unparsable date → 'peppeleppert'
[2025-08-20 14:14:54] ⚠️ Row 4563: Unparsable date → 'peppeleppert'
[2025-08-20 14:14:54] ⚠️ Row 4564: Unparsable date → 'peppeleppert'
[2025-08-20 14:14:54] ⚠️ Row 4565: Unparsable date → 'peppeleppert'
[2025-08-20 14:14:54] ⚠️ Row 4566: Unparsable date → 'peppeleppert'
[2025-08-20 14:14:54] ⚠️ Row 4567: Unparsable date → 'peppeleppert'
[2025-08-20 14:14:54] ⚠️ Row 4568: Unparsable date → 'peppeleppert'
[2025-08-20 14:14:54] ⚠️ Row 4569: Unparsable date → 'peppeleppert'
[2025-08-20 14:14:54] ⚠️ Row 4570: Unparsable date → 'peppeleppert'
[2025-08-20 14:14:54] ⚠️ Row 4571: Unparsable date → 'peppeleppert'
[2025-08-20 14:14:54] ⚠️ Row 4572: Unparsable date → 'peppeleppert'
[2025-08-20 14:14:54] ⚠️ Row 4573: Unparsable date → 'peppeleppert'
[2025-08-20 14:14:54] ⚠️ Row 4574: Unparsable date → 'peppeleppert'
[2025-08-20 14:14:54] ⚠️ Row 4575: Unparsable date → 'peppeleppert'
[2025-08-20 14:14:54] ⚠️ Row 4576: Unparsable date → 'peppeleppert'
[2025-08-20 14:14:54] ⚠️ Row 4577: Unparsable date → 'peppeleppert'
[2025-08-20 14:14:54] ⚠️ Row 4578: Unparsable date → 'peppeleppert'
[2025-08-20 14:14:54] ⚠️ Row 4579: Unparsable date → 'peppeleppert'
[2025-08-20 14:14:55] ⚠️ Row 4580: Unparsable date → 'peppeleppert'
[2025-08-20 14:14:55] ⚠️ Row 4581: Unparsable date → 'peppeleppert'
[2025-08-20 14:14:55] ⚠️ Row 4582: Unparsable date → 'peppeleppert'
[2025-08-20 14:14:55] ⚠️ Row 4583: Unparsable date → 'peppeleppert'
[2025-08-20 14:14:55] ⚠️ Row 4584: Unparsable date → 'peppeleppert'
[2025-08-20 14:14:55] ⚠️ Row 4585: Unparsable date → 'peppeleppert'
[2025-08-20 14:14:55] ⚠️ Row 4586: Unparsable date → 'peppeleppert'
[2025-08-20 14:14:55] ⚠️ Row 4587: Unparsable date → 'peppeleppert'
[2025-08-20 14:14:55] ⚠️ Row 4588: Unparsable date → 'peppeleppert'
[2025-08-20 14:14:55] ⚠️ Row 4589: Unparsable date → 'peppeleppert'
[2025-08-20 14:14:55] ⚠️ Row 4590: Unparsable date → 'peppeleppert'
[2025-08-20 14:14:55] ⚠️ Row 4591: Unparsable date → 'peppeleppert'
[2025-08-20 14:14:55] ⚠️ Row 4592: Unparsable date → 'peppeleppert'
[2025-08-20 14:14:55] ⚠️ Row 4593: Unparsable date → 'peppeleppert'
[2025-08-20 14:14:55] ⚠️ Row 4594: Unparsable date → 'peppeleppert'
[2025-08-20 14:14:55] ⚠️ Row 4595: Unparsable date → 'peppeleppert'
[2025-08-20 14:14:55] ⚠️ Row 4596: Unparsable date → 'peppeleppert'
[2025-08-20 14:14:55] ⚠️ Row 4597: Unparsable date → 'peppeleppert'
[2025-08-20 14:14:55] ⚠️ Row 4598: Unparsable date → 'peppeleppert'
[2025-08-20 14:14:55] ⚠️ Row 4599: Unparsable date → 'peppeleppert'
[2025-08-20 14:14:55] ⚠️ Row 4600: Unparsable date → 'peppeleppert'
[2025-08-20 14:14:55] ⚠️ Row 4601: Unparsable date → 'peppeleppert'
[2025-08-20 14:14:55] ⚠️ Row 4602: Unparsable date → 'peppeleppert'
[2025-08-20 14:14:55] ⚠️ Row 4603: Unparsable date → 'peppeleppert'
[2025-08-20 14:14:55] ⚠️ Row 4604: Unparsable date → 'peppeleppert'
[2025-08-20 14:14:55] ⚠️ Row 4605: Unparsable date → 'peppeleppert'
[2025-08-20 14:14:55] ⚠️ Row 4606: Unparsable date → 'peppeleppert'
[2025-08-20 14:14:55] ⚠️ Row 4607: Unparsable date → 'peppeleppert'
[2025-08-20 14:14:55] ⚠️ Row 4608: Unparsable date → 'peppeleppert'
[2025-08-20 14:14:55] ⚠️ Row 4609: Unparsable date → 'peppeleppert'
[2025-08-20 14:14:55] ⚠️ Row 4610: Unparsable date → 'peppeleppert'
[2025-08-20 14:14:55] ⚠️ Row 4611: Unparsable date → 'peppeleppert'
[2025-08-20 14:14:55] ⚠️ Row 4612: Unparsable date → 'peppeleppert'
[2025-08-20 14:14:55] ⚠️ Row 4613: Unparsable date → 'peppeleppert'
[2025-08-20 14:14:55] ⚠️ Row 4614: Unparsable date → 'peppeleppert'
[2025-08-20 14:14:55] ⚠️ Row 4615: Unparsable date → 'peppeleppert'
[2025-08-20 14:14:55] ⚠️ Row 4616: Unparsable date → 'peppeleppert'
[2025-08-20 14:14:55] ⚠️ Row 4617: Unparsable date → 'peppeleppert'
[2025-08-20 14:14:55] ⚠️ Row 4618: Unparsable date → 'peppeleppert'
[2025-08-20 14:14:55] ⚠️ Row 4619: Unparsable date → 'peppeleppert'
[2025-08-20 14:14:55] ⚠️ Row 4620: Unparsable date → 'peppeleppert'
[2025-08-20 14:14:55] ⚠️ Row 4621: Unparsable date → 'peppeleppert'
[2025-08-20 14:14:55] ⚠️ Row 4622: Unparsable date → 'peppeleppert'
[2025-08-20 14:14:55] ⚠️ Row 4623: Unparsable date → 'peppeleppert'
[2025-08-20 14:14:55] ⚠️ Row 4624: Unparsable date → 'peppeleppert'
[2025-08-20 14:14:55] ⚠️ Row 4625: Unparsable date → 'peppeleppert'
[2025-08-20 14:14:55] ⚠️ Row 4626: Unparsable date → 'peppeleppert'
[2025-08-20 14:14:55] ⚠️ Row 4627: Unparsable date → 'peppeleppert'
[2025-08-20 14:14:55] ⚠️ Row 4628: Unparsable date → 'peppeleppert'
[2025-08-20 14:14:55] ⚠️ Row 4629: Unparsable date → 'peppeleppert'
[2025-08-20 14:14:55] ⚠️ Row 4630: Unparsable date → 'peppeleppert'
[2025-08-20 14:14:55] ⚠️ Row 4631: Unparsable date → 'peppeleppert'
[2025-08-20 14:14:55] ⚠️ Row 4632: Unparsable date → 'peppeleppert'
[2025-08-20 14:14:55] ⚠️ Row 4633: Unparsable date → 'peppeleppert'
[2025-08-20 14:14:55] ⚠️ Row 4634: Unparsable date → 'peppeleppert'
[2025-08-20 14:14:55] ⚠️ Row 4635: Unparsable date → 'peppeleppert'
[2025-08-20 14:14:55] ⚠️ Row 4636: Unparsable date → 'peppeleppert'
[2025-08-20 14:14:55] ⚠️ Row 4637: Unparsable date → 'peppeleppert'
[2025-08-20 14:14:55] ⚠️ Row 4638: Unparsable date → 'peppeleppert'
[2025-08-20 14:14:55] ⚠️ Row 4639: Unparsable date → 'peppeleppert'
[2025-08-20 14:14:55] ⚠️ Row 4640: Unparsable date → 'peppeleppert'
[2025-08-20 14:14:55] ⚠️ Row 4641: Unparsable date → 'peppeleppert'
[2025-08-20 14:14:55] ⚠️ Row 4642: Unparsable date → 'peppeleppert'
[2025-08-20 14:14:55] ⚠️ Row 4643: Unparsable date → 'peppeleppert'
[2025-08-20 14:14:55] ⚠️ Row 4644: Unparsable date → 'peppeleppert'
[2025-08-20 14:14:55] ⚠️ Row 4645: Unparsable date → 'peppeleppert'
[2025-08-20 14:14:55] ⚠️ Row 4646: Unparsable date → 'peppeleppert'
[2025-08-20 14:14:55] ⚠️ Row 4647: Unparsable date → 'peppeleppert'
[2025-08-20 14:14:55] ⚠️ Row 4648: Unparsable date → 'peppeleppert'
[2025-08-20 14:14:55] ⚠️ Row 4649: Unparsable date → 'peppeleppert'
[2025-08-20 14:14:55] ⚠️ Row 4650: Unparsable date → 'peppeleppert'
[2025-08-20 14:14:55] ⚠️ Row 4651: Unparsable date → 'peppeleppert'
[2025-08-20 14:14:55] ⚠️ Row 4652: Unparsable date → 'peppeleppert'
[2025-08-20 14:14:55] ⚠️ Row 4653: Unparsable date → 'peppeleppert'
[2025-08-20 14:14:55] ⚠️ Row 4654: Unparsable date → 'peppeleppert'
[2025-08-20 14:14:55] ⚠️ Row 4655: Unparsable date → 'peppeleppert'
[2025-08-20 14:14:55] ⚠️ Row 4656: Unparsable date → 'peppeleppert'
[2025-08-20 14:14:55] ⚠️ Row 4657: Unparsable date → 'peppeleppert'
[2025-08-20 14:14:55] ⚠️ Row 4658: Unparsable date → 'peppeleppert'
[2025-08-20 14:14:55] ⚠️ Row 4659: Unparsable date → 'peppeleppert'
[2025-08-20 14:14:55] ⚠️ Row 4660: Unparsable date → 'peppeleppert'
[2025-08-20 14:14:55] ⚠️ Row 4661: Unparsable date → 'peppeleppert'
[2025-08-20 14:14:55] ⚠️ Row 4662: Unparsable date → 'peppeleppert'
[2025-08-20 14:14:55] ⚠️ Row 4663: Unparsable date → 'peppeleppert'
[2025-08-20 14:14:55] ⚠️ Row 4664: Unparsable date → 'peppeleppert'
[2025-08-20 14:14:55] ⚠️ Row 4665: Unparsable date → 'peppeleppert'
[2025-08-20 14:14:55] ⚠️ Row 4666: Unparsable date → 'peppeleppert'
[2025-08-20 14:14:55] ⚠️ Row 4667: Unparsable date → 'peppeleppert'
[2025-08-20 14:14:55] ⚠️ Row 4668: Unparsable date → 'peppeleppert'
[2025-08-20 14:14:55] ⚠️ Row 4669: Unparsable date → 'peppeleppert'
[2025-08-20 14:14:55] ⚠️ Row 4670: Unparsable date → 'peppeleppert'
[2025-08-20 14:14:55] ⚠️ Row 4671: Unparsable date → 'peppeleppert'
[2025-08-20 14:14:55] ⚠️ Row 4672: Unparsable date → 'peppeleppert'
[2025-08-20 14:14:58] ⚠️ Row 4673: Unparsable date → 'peppeleppert'
[2025-08-20 14:14:58] ⚠️ Row 4674: Unparsable date → 'peppeleppert'
[2025-08-20 14:14:58] ⚠️ Row 4675: Unparsable date → 'peppeleppert'
[2025-08-20 14:14:58] ⚠️ Row 4676: Unparsable date → 'peppeleppert'
[2025-08-20 14:14:58] ⚠️ Row 4677: Unparsable date → 'peppeleppert'
[2025-08-20 14:14:58] ⚠️ Row 4678: Unparsable date → 'peppeleppert'
[2025-08-20 14:14:58] ⚠️ Row 4679: Unparsable date → 'peppeleppert'
[2025-08-20 14:14:58] ⚠️ Row 4680: Unparsable date → 'peppeleppert'
[2025-08-20 14:14:58] ⚠️ Row 4681: Unparsable date → 'peppeleppert'
[2025-08-20 14:14:58] ⚠️ Row 4682: Unparsable date → 'peppeleppert'
[2025-08-20 14:14:58] ⚠️ Row 4683: Unparsable date → 'peppeleppert'
[2025-08-20 14:14:58] ⚠️ Row 4684: Unparsable date → 'peppeleppert'
[2025-08-20 14:14:58] ⚠️ Row 4685: Unparsable date → 'peppeleppert'
[2025-08-20 14:14:58] ⚠️ Row 4686: Unparsable date → 'peppeleppert'
[2025-08-20 14:14:58] ⚠️ Row 4687: Unparsable date → 'peppeleppert'
[2025-08-20 14:14:58] ⚠️ Row 4688: Unparsable date → 'peppeleppert'
[2025-08-20 14:14:58] ⚠️ Row 4689: Unparsable date → 'peppeleppert'
[2025-08-20 14:14:58] ⚠️ Row 4690: Unparsable date → 'peppeleppert'
[2025-08-20 14:14:58] ⚠️ Row 4691: Unparsable date → 'peppeleppert'
[2025-08-20 14:14:58] ⚠️ Row 4692: Unparsable date → 'peppeleppert'
[2025-08-20 14:14:58] ⚠️ Row 4693: Unparsable date → 'peppeleppert'
[2025-08-20 14:14:58] ⚠️ Row 4694: Unparsable date → 'peppeleppert'
[2025-08-20 14:14:58] ⚠️ Row 4695: Unparsable date → 'peppeleppert'
[2025-08-20 14:14:58] ⚠️ Row 4696: Unparsable date → 'peppeleppert'
[2025-08-20 14:14:58] ⚠️ Row 4697: Unparsable date → 'peppeleppert'
[2025-08-20 14:14:58] ⚠️ Row 4698: Unparsable date → 'peppeleppert'
[2025-08-20 14:14:58] ⚠️ Row 4699: Unparsable date → 'peppeleppert'
[2025-08-20 14:14:58] ⚠️ Row 4700: Unparsable date → 'peppeleppert'
[2025-08-20 14:14:58] ⚠️ Row 4701: Unparsable date → 'peppeleppert'
[2025-08-20 14:14:58] ⚠️ Row 4702: Unparsable date → 'peppeleppert'
[2025-08-20 14:14:58] ⚠️ Row 4703: Unparsable date → 'peppeleppert'
[2025-08-20 14:14:58] ⚠️ Row 4704: Unparsable date → 'peppeleppert'
[2025-08-20 14:14:59] ⚠️ Row 4705: Unparsable date → 'peppeleppert'
[2025-08-20 14:14:59] ⚠️ Row 4706: Unparsable date → 'peppeleppert'
[2025-08-20 14:14:59] ⚠️ Row 4707: Unparsable date → 'peppeleppert'
[2025-08-20 14:14:59] ⚠️ Row 4708: Unparsable date → 'peppeleppert'
[2025-08-20 14:14:59] ⚠️ Row 4709: Unparsable date → 'peppeleppert'
[2025-08-20 14:14:59] ⚠️ Row 4710: Unparsable date → 'peppeleppert'
[2025-08-20 14:14:59] ⚠️ Row 4711: Unparsable date → 'peppeleppert'
[2025-08-20 14:14:59] ⚠️ Row 4712: Unparsable date → 'peppeleppert'
[2025-08-20 14:14:59] ⚠️ Row 4713: Unparsable date → 'peppeleppert'
[2025-08-20 14:14:59] ⚠️ Row 4714: Unparsable date → 'peppeleppert'
[2025-08-20 14:14:59] ⚠️ Row 4715: Unparsable date → 'peppeleppert'
[2025-08-20 14:14:59] ⚠️ Row 4716: Unparsable date → 'peppeleppert'
[2025-08-20 14:14:59] ⚠️ Row 4717: Unparsable date → 'peppeleppert'
[2025-08-20 14:14:59] ⚠️ Row 4718: Unparsable date → 'peppeleppert'
[2025-08-20 14:14:59] ⚠️ Row 4719: Unparsable date → 'peppeleppert'
[2025-08-20 14:14:59] ⚠️ Row 4720: Unparsable date → 'peppeleppert'
[2025-08-20 14:14:59] ⚠️ Row 4721: Unparsable date → 'peppeleppert'
[2025-08-20 14:14:59] ⚠️ Row 4722: Unparsable date → 'peppeleppert'
[2025-08-20 14:14:59] ⚠️ Row 4723: Unparsable date → 'peppeleppert'
[2025-08-20 14:14:59] ⚠️ Row 4724: Unparsable date → 'peppeleppert'
[2025-08-20 14:14:59] ⚠️ Row 4725: Unparsable date → 'peppeleppert'
[2025-08-20 14:14:59] ⚠️ Row 4726: Unparsable date → 'peppeleppert'
[2025-08-20 14:14:59] ⚠️ Row 4727: Unparsable date → 'peppeleppert'
[2025-08-20 14:14:59] ⚠️ Row 4728: Unparsable date → 'peppeleppert'
[2025-08-20 14:14:59] ⚠️ Row 4729: Unparsable date → 'peppeleppert'
[2025-08-20 14:14:59] ⚠️ Row 4730: Unparsable date → 'peppeleppert'
[2025-08-20 14:14:59] ⚠️ Row 4731: Unparsable date → 'peppeleppert'
[2025-08-20 14:14:59] ⚠️ Row 4732: Unparsable date → 'peppeleppert'
[2025-08-20 14:14:59] ⚠️ Row 4733: Unparsable date → 'peppeleppert'
[2025-08-20 14:14:59] ⚠️ Row 4734: Unparsable date → 'peppeleppert'
[2025-08-20 14:14:59] ⚠️ Row 4735: Unparsable date → 'peppeleppert'
[2025-08-20 14:14:59] ⚠️ Row 4736: Unparsable date → 'peppeleppert'
[2025-08-20 14:14:59] ⚠️ Row 4737: Unparsable date → 'peppeleppert'
[2025-08-20 14:14:59] ⚠️ Row 4738: Unparsable date → 'peppeleppert'
[2025-08-20 14:14:59] ⚠️ Row 4739: Unparsable date → 'peppeleppert'
[2025-08-20 14:14:59] ⚠️ Row 4740: Unparsable date → 'peppeleppert'
[2025-08-20 14:14:59] ⚠️ Row 4741: Unparsable date → 'peppeleppert'
[2025-08-20 14:14:59] ⚠️ Row 4742: Unparsable date → 'peppeleppert'
[2025-08-20 14:14:59] ⚠️ Row 4743: Unparsable date → 'peppeleppert'
[2025-08-20 14:14:59] ⚠️ Row 4744: Unparsable date → 'peppeleppert'
[2025-08-20 14:14:59] ⚠️ Row 4745: Unparsable date → 'peppeleppert'
[2025-08-20 14:14:59] ⚠️ Row 4746: Unparsable date → 'peppeleppert'
[2025-08-20 14:14:59] ⚠️ Row 4747: Unparsable date → 'peppeleppert'
[2025-08-20 14:14:59] ⚠️ Row 4748: Unparsable date → 'peppeleppert'
[2025-08-20 14:14:59] ⚠️ Row 4749: Unparsable date → 'peppeleppert'
[2025-08-20 14:14:59] ⚠️ Row 4750: Unparsable date → 'peppeleppert'
[2025-08-20 14:14:59] ⚠️ Row 4751: Unparsable date → 'peppeleppert'
[2025-08-20 14:14:59] ⚠️ Row 4752: Unparsable date → 'peppeleppert'
[2025-08-20 14:14:59] ⚠️ Row 4753: Unparsable date → 'peppeleppert'
[2025-08-20 14:14:59] ⚠️ Row 4754: Unparsable date → 'peppeleppert'
[2025-08-20 14:14:59] ⚠️ Row 4755: Unparsable date → 'peppeleppert'
[2025-08-20 14:14:59] ⚠️ Row 4756: Unparsable date → 'peppeleppert'
[2025-08-20 14:14:59] ⚠️ Row 4757: Unparsable date → 'peppeleppert'
[2025-08-20 14:14:59] ⚠️ Row 4758: Unparsable date → 'peppeleppert'
[2025-08-20 14:14:59] ⚠️ Row 4759: Unparsable date → 'peppeleppert'
[2025-08-20 14:14:59] ⚠️ Row 4760: Unparsable date → 'peppeleppert'
[2025-08-20 14:14:59] ⚠️ Row 4761: Unparsable date → 'peppeleppert'
[2025-08-20 14:14:59] ⚠️ Row 4762: Unparsable date → 'peppeleppert'
[2025-08-20 14:14:59] ⚠️ Row 4763: Unparsable date → 'peppeleppert'
[2025-08-20 14:14:59] ⚠️ Row 4764: Unparsable date → 'peppeleppert'
[2025-08-20 14:14:59] ⚠️ Row 4765: Unparsable date → 'peppeleppert'
[2025-08-20 14:14:59] ⚠️ Row 4766: Unparsable date → 'peppeleppert'
[2025-08-20 14:14:59] ⚠️ Row 4767: Unparsable date → 'peppeleppert'
[2025-08-20 14:14:59] ⚠️ Row 4768: Unparsable date → 'peppeleppert'
[2025-08-20 14:14:59] ⚠️ Row 4769: Unparsable date → 'peppeleppert'
[2025-08-20 14:14:59] ⚠️ Row 4770: Unparsable date → 'peppeleppert'
[2025-08-20 14:14:59] ⚠️ Row 4771: Unparsable date → 'peppeleppert'
[2025-08-20 14:14:59] ⚠️ Row 4772: Unparsable date → 'peppeleppert'
[2025-08-20 14:14:59] ⚠️ Row 4773: Unparsable date → 'peppeleppert'
[2025-08-20 14:14:59] ⚠️ Row 4774: Unparsable date → 'peppeleppert'
[2025-08-20 14:14:59] ⚠️ Row 4775: Unparsable date → 'peppeleppert'
[2025-08-20 14:14:59] ⚠️ Row 4776: Unparsable date → 'peppeleppert'
[2025-08-20 14:14:59] ⚠️ Row 4777: Unparsable date → 'peppeleppert'
[2025-08-20 14:14:59] ⚠️ Row 4778: Unparsable date → 'peppeleppert'
[2025-08-20 14:14:59] ⚠️ Row 4779: Unparsable date → 'peppeleppert'
[2025-08-20 14:14:59] ⚠️ Row 4780: Unparsable date → 'peppeleppert'
[2025-08-20 14:14:59] ⚠️ Row 4781: Unparsable date → 'peppeleppert'
[2025-08-20 14:14:59] ⚠️ Row 4782: Unparsable date → 'peppeleppert'
[2025-08-20 14:14:59] ⚠️ Row 4783: Unparsable date → 'peppeleppert'
[2025-08-20 14:14:59] ⚠️ Row 4784: Unparsable date → 'peppeleppert'
[2025-08-20 14:14:59] ⚠️ Row 4785: Unparsable date → 'peppeleppert'
[2025-08-20 14:14:59] ⚠️ Row 4786: Unparsable date → 'peppeleppert'
[2025-08-20 14:14:59] ⚠️ Row 4787: Unparsable date → 'peppeleppert'
[2025-08-20 14:14:59] ⚠️ Row 4788: Unparsable date → 'peppeleppert'
[2025-08-20 14:14:59] ⚠️ Row 4789: Unparsable date → 'peppeleppert'
[2025-08-20 14:14:59] ⚠️ Row 4790: Unparsable date → 'peppeleppert'
[2025-08-20 14:14:59] ⚠️ Row 4791: Unparsable date → 'peppeleppert'
[2025-08-20 14:14:59] ⚠️ Row 4792: Unparsable date → 'peppeleppert'
[2025-08-20 14:14:59] ⚠️ Row 4793: Unparsable date → 'peppeleppert'
[2025-08-20 14:14:59] ⚠️ Row 4794: Unparsable date → 'peppeleppert'
[2025-08-20 14:14:59] ⚠️ Row 4795: Unparsable date → 'peppeleppert'
[2025-08-20 14:14:59] ⚠️ Row 4796: Unparsable date → 'peppeleppert'
[2025-08-20 14:14:59] ⚠️ Row 4797: Unparsable date → 'peppeleppert'
[2025-08-20 14:14:59] ⚠️ Row 4798: Unparsable date → 'peppeleppert'
[2025-08-20 14:14:59] ⚠️ Row 4799: Unparsable date → 'peppeleppert'
[2025-08-20 14:14:59] ⚠️ Row 4800: Unparsable date → 'peppeleppert'
[2025-08-20 14:14:59] ⚠️ Row 4801: Unparsable date → 'peppeleppert'
[2025-08-20 14:14:59] ⚠️ Row 4802: Unparsable date → 'peppeleppert'
[2025-08-20 14:14:59] ⚠️ Row 4803: Unparsable date → 'peppeleppert'
[2025-08-20 14:14:59] ⚠️ Row 4804: Unparsable date → 'peppeleppert'
[2025-08-20 14:14:59] ⚠️ Row 4805: Unparsable date → 'peppeleppert'
[2025-08-20 14:14:59] ⚠️ Row 4806: Unparsable date → 'peppeleppert'
[2025-08-20 14:14:59] ⚠️ Row 4807: Unparsable date → 'peppeleppert'
[2025-08-20 14:14:59] ⚠️ Row 4808: Unparsable date → 'peppeleppert'
[2025-08-20 14:14:59] ⚠️ Row 4809: Unparsable date → 'peppeleppert'
[2025-08-20 14:14:59] ⚠️ Row 4810: Unparsable date → 'peppeleppert'
[2025-08-20 14:14:59] ⚠️ Row 4811: Unparsable date → 'peppeleppert'
[2025-08-20 14:14:59] ⚠️ Row 4812: Unparsable date → 'peppeleppert'
[2025-08-20 14:14:59] ⚠️ Row 4813: Unparsable date → 'peppeleppert'
[2025-08-20 14:14:59] ⚠️ Row 4814: Unparsable date → 'peppeleppert'
[2025-08-20 14:14:59] ⚠️ Row 4815: Unparsable date → 'peppeleppert'
[2025-08-20 14:14:59] ⚠️ Row 4816: Unparsable date → 'peppeleppert'
[2025-08-20 14:14:59] ⚠️ Row 4817: Unparsable date → 'peppeleppert'
[2025-08-20 14:14:59] ⚠️ Row 4818: Unparsable date → 'peppeleppert'
[2025-08-20 14:14:59] ⚠️ Row 4819: Unparsable date → 'peppeleppert'
[2025-08-20 14:14:59] ⚠️ Row 4820: Unparsable date → 'peppeleppert'
[2025-08-20 14:14:59] ⚠️ Row 4821: Unparsable date → 'peppeleppert'
[2025-08-20 14:14:59] ⚠️ Row 4822: Unparsable date → 'peppeleppert'
[2025-08-20 14:14:59] ⚠️ Row 4823: Unparsable date → 'peppeleppert'
[2025-08-20 14:14:59] ⚠️ Row 4824: Unparsable date → 'peppeleppert'
[2025-08-20 14:14:59] ⚠️ Row 4825: Unparsable date → 'peppeleppert'
[2025-08-20 14:14:59] ⚠️ Row 4826: Unparsable date → 'peppeleppert'
[2025-08-20 14:14:59] ⚠️ Row 4827: Unparsable date → 'peppeleppert'
[2025-08-20 14:14:59] ⚠️ Row 4828: Unparsable date → 'peppeleppert'
[2025-08-20 14:14:59] ⚠️ Row 4829: Unparsable date → 'peppeleppert'
[2025-08-20 14:14:59] ⚠️ Row 4830: Unparsable date → 'peppeleppert'
[2025-08-20 14:14:59] ⚠️ Row 4831: Unparsable date → 'peppeleppert'
[2025-08-20 14:14:59] ⚠️ Row 4832: Unparsable date → 'peppeleppert'
[2025-08-20 14:14:59] ⚠️ Row 4833: Unparsable date → 'peppeleppert'
[2025-08-20 14:14:59] ⚠️ Row 4834: Unparsable date → 'peppeleppert'
[2025-08-20 14:14:59] ⚠️ Row 4835: Unparsable date → 'peppeleppert'
[2025-08-20 14:14:59] ⚠️ Row 4836: Unparsable date → 'peppeleppert'
[2025-08-20 14:14:59] ⚠️ Row 4837: Unparsable date → 'peppeleppert'
[2025-08-20 14:14:59] ⚠️ Row 4838: Unparsable date → 'peppeleppert'
[2025-08-20 14:14:59] ⚠️ Row 4839: Unparsable date → 'peppeleppert'
[2025-08-20 14:14:59] ⚠️ Row 4840: Unparsable date → 'peppeleppert'
[2025-08-20 14:14:59] ⚠️ Row 4841: Unparsable date → 'peppeleppert'
[2025-08-20 14:14:59] ⚠️ Row 4842: Unparsable date → 'peppeleppert'
[2025-08-20 14:14:59] ⚠️ Row 4843: Unparsable date → 'peppeleppert'
[2025-08-20 14:14:59] ⚠️ Row 4844: Unparsable date → 'peppeleppert'
[2025-08-20 14:14:59] ⚠️ Row 4845: Unparsable date → 'peppeleppert'
[2025-08-20 14:14:59] ⚠️ Row 4846: Unparsable date → 'peppeleppert'
[2025-08-20 14:14:59] ⚠️ Row 4847: Unparsable date → 'peppeleppert'
[2025-08-20 14:14:59] ⚠️ Row 4848: Unparsable date → 'peppeleppert'
[2025-08-20 14:14:59] ⚠️ Row 4849: Unparsable date → 'peppeleppert'
[2025-08-20 14:14:59] ⚠️ Row 4850: Unparsable date → 'peppeleppert'
[2025-08-20 14:14:59] ⚠️ Row 4851: Unparsable date → 'peppeleppert'
[2025-08-20 14:14:59] ⚠️ Row 4852: Unparsable date → 'peppeleppert'
[2025-08-20 14:14:59] ⚠️ Row 4853: Unparsable date → 'peppeleppert'
[2025-08-20 14:14:59] ⚠️ Row 4854: Unparsable date → 'peppeleppert'
[2025-08-20 14:14:59] ⚠️ Row 4855: Unparsable date → 'peppeleppert'
[2025-08-20 14:14:59] ⚠️ Row 4856: Unparsable date → 'peppeleppert'
[2025-08-20 14:14:59] ⚠️ Row 4857: Unparsable date → 'peppeleppert'
[2025-08-20 14:14:59] ⚠️ Row 4858: Unparsable date → 'peppeleppert'
[2025-08-20 14:14:59] ⚠️ Row 4859: Unparsable date → 'peppeleppert'
[2025-08-20 14:14:59] ⚠️ Row 4860: Unparsable date → 'peppeleppert'
[2025-08-20 14:14:59] ⚠️ Row 4861: Unparsable date → 'peppeleppert'
[2025-08-20 14:14:59] ⚠️ Row 4862: Unparsable date → 'peppeleppert'
[2025-08-20 14:14:59] ⚠️ Row 4863: Unparsable date → 'peppeleppert'
[2025-08-20 14:14:59] ⚠️ Row 4864: Unparsable date → 'peppeleppert'
[2025-08-20 14:14:59] ⚠️ Row 4865: Unparsable date → 'peppeleppert'
[2025-08-20 14:14:59] ⚠️ Row 4866: Unparsable date → 'peppeleppert'
[2025-08-20 14:14:59] ⚠️ Row 4867: Unparsable date → 'peppeleppert'
[2025-08-20 14:14:59] ⚠️ Row 4868: Unparsable date → 'peppeleppert'
[2025-08-20 14:14:59] ⚠️ Row 4869: Unparsable date → 'peppeleppert'
[2025-08-20 14:14:59] ⚠️ Row 4870: Unparsable date → 'peppeleppert'
[2025-08-20 14:14:59] ⚠️ Row 4871: Unparsable date → 'peppeleppert'
[2025-08-20 14:14:59] ⚠️ Row 4872: Unparsable date → 'peppeleppert'
[2025-08-20 14:14:59] ⚠️ Row 4873: Unparsable date → 'peppeleppert'
[2025-08-20 14:14:59] ⚠️ Row 4874: Unparsable date → 'peppeleppert'
[2025-08-20 14:14:59] ⚠️ Row 4875: Unparsable date → 'peppeleppert'
[2025-08-20 14:14:59] ⚠️ Row 4876: Unparsable date → 'peppeleppert'
[2025-08-20 14:14:59] ⚠️ Row 4877: Unparsable date → 'peppeleppert'
[2025-08-20 14:14:59] ⚠️ Row 4878: Unparsable date → 'peppeleppert'
[2025-08-20 14:14:59] ⚠️ Row 4879: Unparsable date → 'peppeleppert'
[2025-08-20 14:14:59] ⚠️ Row 4880: Unparsable date → 'peppeleppert'
[2025-08-20 14:14:59] ⚠️ Row 4881: Unparsable date → 'peppeleppert'
[2025-08-20 14:14:59] ⚠️ Row 4882: Unparsable date → 'peppeleppert'
[2025-08-20 14:14:59] ⚠️ Row 4883: Unparsable date → 'peppeleppert'
[2025-08-20 14:14:59] ⚠️ Row 4884: Unparsable date → 'peppeleppert'
[2025-08-20 14:14:59] ⚠️ Row 4885: Unparsable date → 'peppeleppert'
[2025-08-20 14:14:59] ⚠️ Row 4886: Unparsable date → 'peppeleppert'
[2025-08-20 14:14:59] ⚠️ Row 4887: Unparsable date → 'peppeleppert'
[2025-08-20 14:14:59] ⚠️ Row 4888: Unparsable date → 'peppeleppert'
[2025-08-20 14:14:59] ⚠️ Row 4889: Unparsable date → 'peppeleppert'
[2025-08-20 14:14:59] ⚠️ Row 4890: Unparsable date → 'peppeleppert'
[2025-08-20 14:14:59] ⚠️ Row 4891: Unparsable date → 'peppeleppert'
[2025-08-20 14:14:59] ⚠️ Row 4892: Unparsable date → 'peppeleppert'
[2025-08-20 14:14:59] ⚠️ Row 4893: Unparsable date → 'peppeleppert'
[2025-08-20 14:14:59] ⚠️ Row 4894: Unparsable date → 'peppeleppert'
[2025-08-20 14:14:59] ⚠️ Row 4895: Unparsable date → 'peppeleppert'
[2025-08-20 14:14:59] ⚠️ Row 4896: Unparsable date → 'peppeleppert'
[2025-08-20 14:14:59] ⚠️ Row 4897: Unparsable date → 'peppeleppert'
[2025-08-20 14:14:59] ⚠️ Row 4898: Unparsable date → 'peppeleppert'
[2025-08-20 14:14:59] ⚠️ Row 4899: Unparsable date → 'peppeleppert'
[2025-08-20 14:14:59] ⚠️ Row 4900: Unparsable date → 'peppeleppert'
[2025-08-20 14:14:59] ⚠️ Row 4901: Unparsable date → 'peppeleppert'
[2025-08-20 14:14:59] ⚠️ Row 4902: Unparsable date → 'peppeleppert'
[2025-08-20 14:14:59] ⚠️ Row 4903: Unparsable date → 'peppeleppert'
[2025-08-20 14:14:59] ⚠️ Row 4904: Unparsable date → 'peppeleppert'
[2025-08-20 14:14:59] ⚠️ Row 4905: Unparsable date → 'peppeleppert'
[2025-08-20 14:14:59] ⚠️ Row 4906: Unparsable date → 'peppeleppert'
[2025-08-20 14:14:59] ⚠️ Row 4907: Unparsable date → 'peppeleppert'
[2025-08-20 14:14:59] ⚠️ Row 4908: Unparsable date → 'peppeleppert'
[2025-08-20 14:14:59] ⚠️ Row 4909: Unparsable date → 'peppeleppert'
[2025-08-20 14:14:59] ⚠️ Row 4910: Unparsable date → 'peppeleppert'
[2025-08-20 14:14:59] ⚠️ Row 4911: Unparsable date → 'peppeleppert'
[2025-08-20 14:14:59] ⚠️ Row 4912: Unparsable date → 'peppeleppert'
[2025-08-20 14:14:59] ⚠️ Row 4913: Unparsable date → 'peppeleppert'
[2025-08-20 14:14:59] ⚠️ Row 4914: Unparsable date → 'peppeleppert'
[2025-08-20 14:14:59] ⚠️ Row 4915: Unparsable date → 'peppeleppert'
[2025-08-20 14:14:59] ⚠️ Row 4916: Unparsable date → 'peppeleppert'
[2025-08-20 14:14:59] ⚠️ Row 4917: Unparsable date → 'peppeleppert'
[2025-08-20 14:14:59] ⚠️ Row 4918: Unparsable date → 'peppeleppert'
[2025-08-20 14:14:59] ⚠️ Row 4919: Unparsable date → 'peppeleppert'
[2025-08-20 14:14:59] ⚠️ Row 4920: Unparsable date → 'peppeleppert'
[2025-08-20 14:14:59] ⚠️ Row 4921: Unparsable date → 'peppeleppert'
[2025-08-20 14:14:59] ⚠️ Row 4922: Unparsable date → 'peppeleppert'
[2025-08-20 14:14:59] ⚠️ Row 4923: Unparsable date → 'peppeleppert'
[2025-08-20 14:14:59] ⚠️ Row 4924: Unparsable date → 'peppeleppert'
[2025-08-20 14:14:59] ⚠️ Row 4925: Unparsable date → 'peppeleppert'
[2025-08-20 14:14:59] ⚠️ Row 4926: Unparsable date → 'peppeleppert'
[2025-08-20 14:14:59] ⚠️ Row 4927: Unparsable date → 'peppeleppert'
[2025-08-20 14:14:59] ⚠️ Row 4928: Unparsable date → 'peppeleppert'
[2025-08-20 14:14:59] ⚠️ Row 4929: Unparsable date → 'peppeleppert'
[2025-08-20 14:14:59] ⚠️ Row 4930: Unparsable date → 'peppeleppert'
[2025-08-20 14:14:59] ⚠️ Row 4931: Unparsable date → 'peppeleppert'
[2025-08-20 14:14:59] ⚠️ Row 4932: Unparsable date → 'peppeleppert'
